observation_date,metric_value,unit
2020-02-01,100,Relative recruitment · 1 Feb 2020 = 100
2020-02-02,99.975007,Relative recruitment · 1 Feb 2020 = 100
2020-02-03,100.011661,Relative recruitment · 1 Feb 2020 = 100
2020-02-04,99.911746,Relative recruitment · 1 Feb 2020 = 100
2020-02-05,99.845248,Relative recruitment · 1 Feb 2020 = 100
2020-02-06,99.787305,Relative recruitment · 1 Feb 2020 = 100
2020-02-07,99.901853,Relative recruitment · 1 Feb 2020 = 100
2020-02-08,100.02328,Relative recruitment · 1 Feb 2020 = 100
2020-02-09,100.028274,Relative recruitment · 1 Feb 2020 = 100
2020-02-10,100.096397,Relative recruitment · 1 Feb 2020 = 100
2020-02-11,100.240872,Relative recruitment · 1 Feb 2020 = 100
2020-02-12,100.366939,Relative recruitment · 1 Feb 2020 = 100
2020-02-13,100.463147,Relative recruitment · 1 Feb 2020 = 100
2020-02-14,100.464114,Relative recruitment · 1 Feb 2020 = 100
2020-02-15,100.577804,Relative recruitment · 1 Feb 2020 = 100
2020-02-16,100.764145,Relative recruitment · 1 Feb 2020 = 100
2020-02-17,100.858198,Relative recruitment · 1 Feb 2020 = 100
2020-02-18,100.912877,Relative recruitment · 1 Feb 2020 = 100
2020-02-19,101.001001,Relative recruitment · 1 Feb 2020 = 100
2020-02-20,101.013999,Relative recruitment · 1 Feb 2020 = 100
2020-02-21,101.003311,Relative recruitment · 1 Feb 2020 = 100
2020-02-22,100.886525,Relative recruitment · 1 Feb 2020 = 100
2020-02-23,100.833166,Relative recruitment · 1 Feb 2020 = 100
2020-02-24,100.826474,Relative recruitment · 1 Feb 2020 = 100
2020-02-25,100.795641,Relative recruitment · 1 Feb 2020 = 100
2020-02-26,100.833667,Relative recruitment · 1 Feb 2020 = 100
2020-02-27,100.982062,Relative recruitment · 1 Feb 2020 = 100
2020-02-28,101.128585,Relative recruitment · 1 Feb 2020 = 100
2020-02-29,101.410988,Relative recruitment · 1 Feb 2020 = 100
2020-03-01,101.590795,Relative recruitment · 1 Feb 2020 = 100
2020-03-02,101.67,Relative recruitment · 1 Feb 2020 = 100
2020-03-03,101.832033,Relative recruitment · 1 Feb 2020 = 100
2020-03-04,101.864639,Relative recruitment · 1 Feb 2020 = 100
2020-03-05,101.903761,Relative recruitment · 1 Feb 2020 = 100
2020-03-06,101.912678,Relative recruitment · 1 Feb 2020 = 100
2020-03-07,102.038802,Relative recruitment · 1 Feb 2020 = 100
2020-03-08,102.054038,Relative recruitment · 1 Feb 2020 = 100
2020-03-09,102.115417,Relative recruitment · 1 Feb 2020 = 100
2020-03-10,102.137699,Relative recruitment · 1 Feb 2020 = 100
2020-03-11,102.151405,Relative recruitment · 1 Feb 2020 = 100
2020-03-12,102.048201,Relative recruitment · 1 Feb 2020 = 100
2020-03-13,101.975371,Relative recruitment · 1 Feb 2020 = 100
2020-03-14,101.812071,Relative recruitment · 1 Feb 2020 = 100
2020-03-15,101.763391,Relative recruitment · 1 Feb 2020 = 100
2020-03-16,101.687699,Relative recruitment · 1 Feb 2020 = 100
2020-03-17,101.700089,Relative recruitment · 1 Feb 2020 = 100
2020-03-18,101.669759,Relative recruitment · 1 Feb 2020 = 100
2020-03-19,101.636502,Relative recruitment · 1 Feb 2020 = 100
2020-03-20,101.565348,Relative recruitment · 1 Feb 2020 = 100
2020-03-21,101.3349,Relative recruitment · 1 Feb 2020 = 100
2020-03-22,101.138537,Relative recruitment · 1 Feb 2020 = 100
2020-03-23,101.01805,Relative recruitment · 1 Feb 2020 = 100
2020-03-24,100.632864,Relative recruitment · 1 Feb 2020 = 100
2020-03-25,100.255247,Relative recruitment · 1 Feb 2020 = 100
2020-03-26,99.844345,Relative recruitment · 1 Feb 2020 = 100
2020-03-27,99.281913,Relative recruitment · 1 Feb 2020 = 100
2020-03-28,98.721461,Relative recruitment · 1 Feb 2020 = 100
2020-03-29,98.122123,Relative recruitment · 1 Feb 2020 = 100
2020-03-30,97.378991,Relative recruitment · 1 Feb 2020 = 100
2020-03-31,96.804879,Relative recruitment · 1 Feb 2020 = 100
2020-04-01,96.233832,Relative recruitment · 1 Feb 2020 = 100
2020-04-02,95.740526,Relative recruitment · 1 Feb 2020 = 100
2020-04-03,95.445661,Relative recruitment · 1 Feb 2020 = 100
2020-04-04,95.23904,Relative recruitment · 1 Feb 2020 = 100
2020-04-05,94.954108,Relative recruitment · 1 Feb 2020 = 100
2020-04-06,94.490621,Relative recruitment · 1 Feb 2020 = 100
2020-04-07,94.1759,Relative recruitment · 1 Feb 2020 = 100
2020-04-08,93.742993,Relative recruitment · 1 Feb 2020 = 100
2020-04-09,93.402827,Relative recruitment · 1 Feb 2020 = 100
2020-04-10,93.176926,Relative recruitment · 1 Feb 2020 = 100
2020-04-11,93.068209,Relative recruitment · 1 Feb 2020 = 100
2020-04-12,92.893906,Relative recruitment · 1 Feb 2020 = 100
2020-04-13,92.943163,Relative recruitment · 1 Feb 2020 = 100
2020-04-14,92.777696,Relative recruitment · 1 Feb 2020 = 100
2020-04-15,92.676392,Relative recruitment · 1 Feb 2020 = 100
2020-04-16,92.537947,Relative recruitment · 1 Feb 2020 = 100
2020-04-17,92.342682,Relative recruitment · 1 Feb 2020 = 100
2020-04-18,92.049649,Relative recruitment · 1 Feb 2020 = 100
2020-04-19,91.819292,Relative recruitment · 1 Feb 2020 = 100
2020-04-20,91.68329,Relative recruitment · 1 Feb 2020 = 100
2020-04-21,91.617829,Relative recruitment · 1 Feb 2020 = 100
2020-04-22,91.651163,Relative recruitment · 1 Feb 2020 = 100
2020-04-23,91.770606,Relative recruitment · 1 Feb 2020 = 100
2020-04-24,91.776316,Relative recruitment · 1 Feb 2020 = 100
2020-04-25,91.799025,Relative recruitment · 1 Feb 2020 = 100
2020-04-26,91.833781,Relative recruitment · 1 Feb 2020 = 100
2020-04-27,91.742004,Relative recruitment · 1 Feb 2020 = 100
2020-04-28,91.739708,Relative recruitment · 1 Feb 2020 = 100
2020-04-29,91.586718,Relative recruitment · 1 Feb 2020 = 100
2020-04-30,91.338141,Relative recruitment · 1 Feb 2020 = 100
2020-05-01,91.177257,Relative recruitment · 1 Feb 2020 = 100
2020-05-02,91.049135,Relative recruitment · 1 Feb 2020 = 100
2020-05-03,90.900553,Relative recruitment · 1 Feb 2020 = 100
2020-05-04,90.877561,Relative recruitment · 1 Feb 2020 = 100
2020-05-05,90.794574,Relative recruitment · 1 Feb 2020 = 100
2020-05-06,90.826873,Relative recruitment · 1 Feb 2020 = 100
2020-05-07,90.988733,Relative recruitment · 1 Feb 2020 = 100
2020-05-08,90.965707,Relative recruitment · 1 Feb 2020 = 100
2020-05-09,90.942146,Relative recruitment · 1 Feb 2020 = 100
2020-05-10,90.928882,Relative recruitment · 1 Feb 2020 = 100
2020-05-11,90.913485,Relative recruitment · 1 Feb 2020 = 100
2020-05-12,90.898364,Relative recruitment · 1 Feb 2020 = 100
2020-05-13,90.864996,Relative recruitment · 1 Feb 2020 = 100
2020-05-14,90.438483,Relative recruitment · 1 Feb 2020 = 100
2020-05-15,90.232383,Relative recruitment · 1 Feb 2020 = 100
2020-05-16,89.790393,Relative recruitment · 1 Feb 2020 = 100
2020-05-17,89.397101,Relative recruitment · 1 Feb 2020 = 100
2020-05-18,89.065749,Relative recruitment · 1 Feb 2020 = 100
2020-05-19,88.798468,Relative recruitment · 1 Feb 2020 = 100
2020-05-20,88.706869,Relative recruitment · 1 Feb 2020 = 100
2020-05-21,88.890637,Relative recruitment · 1 Feb 2020 = 100
2020-05-22,88.847039,Relative recruitment · 1 Feb 2020 = 100
2020-05-23,88.992188,Relative recruitment · 1 Feb 2020 = 100
2020-05-24,89.091571,Relative recruitment · 1 Feb 2020 = 100
2020-05-25,89.05585,Relative recruitment · 1 Feb 2020 = 100
2020-05-26,88.986522,Relative recruitment · 1 Feb 2020 = 100
2020-05-27,88.717112,Relative recruitment · 1 Feb 2020 = 100
2020-05-28,88.514144,Relative recruitment · 1 Feb 2020 = 100
2020-05-29,88.360732,Relative recruitment · 1 Feb 2020 = 100
2020-05-30,88.390698,Relative recruitment · 1 Feb 2020 = 100
2020-05-31,88.335383,Relative recruitment · 1 Feb 2020 = 100
2020-06-01,88.193594,Relative recruitment · 1 Feb 2020 = 100
2020-06-02,88.07895,Relative recruitment · 1 Feb 2020 = 100
2020-06-03,88.10566,Relative recruitment · 1 Feb 2020 = 100
2020-06-04,87.885826,Relative recruitment · 1 Feb 2020 = 100
2020-06-05,87.890081,Relative recruitment · 1 Feb 2020 = 100
2020-06-06,87.828133,Relative recruitment · 1 Feb 2020 = 100
2020-06-07,87.929076,Relative recruitment · 1 Feb 2020 = 100
2020-06-08,88.033368,Relative recruitment · 1 Feb 2020 = 100
2020-06-09,88.102247,Relative recruitment · 1 Feb 2020 = 100
2020-06-10,88.098033,Relative recruitment · 1 Feb 2020 = 100
2020-06-11,88.211917,Relative recruitment · 1 Feb 2020 = 100
2020-06-12,88.167104,Relative recruitment · 1 Feb 2020 = 100
2020-06-13,87.886498,Relative recruitment · 1 Feb 2020 = 100
2020-06-14,87.563806,Relative recruitment · 1 Feb 2020 = 100
2020-06-15,87.445577,Relative recruitment · 1 Feb 2020 = 100
2020-06-16,87.229993,Relative recruitment · 1 Feb 2020 = 100
2020-06-17,86.999716,Relative recruitment · 1 Feb 2020 = 100
2020-06-18,86.822799,Relative recruitment · 1 Feb 2020 = 100
2020-06-19,86.657783,Relative recruitment · 1 Feb 2020 = 100
2020-06-20,86.633709,Relative recruitment · 1 Feb 2020 = 100
2020-06-21,86.524725,Relative recruitment · 1 Feb 2020 = 100
2020-06-22,86.256586,Relative recruitment · 1 Feb 2020 = 100
2020-06-23,86.351382,Relative recruitment · 1 Feb 2020 = 100
2020-06-24,86.435698,Relative recruitment · 1 Feb 2020 = 100
2020-06-25,86.588968,Relative recruitment · 1 Feb 2020 = 100
2020-06-26,86.677095,Relative recruitment · 1 Feb 2020 = 100
2020-06-27,86.89602,Relative recruitment · 1 Feb 2020 = 100
2020-06-28,87.194679,Relative recruitment · 1 Feb 2020 = 100
2020-06-29,87.224789,Relative recruitment · 1 Feb 2020 = 100
2020-06-30,87.035536,Relative recruitment · 1 Feb 2020 = 100
2020-07-01,86.870044,Relative recruitment · 1 Feb 2020 = 100
2020-07-02,86.792074,Relative recruitment · 1 Feb 2020 = 100
2020-07-03,86.714203,Relative recruitment · 1 Feb 2020 = 100
2020-07-04,86.621089,Relative recruitment · 1 Feb 2020 = 100
2020-07-05,86.431652,Relative recruitment · 1 Feb 2020 = 100
2020-07-06,86.554179,Relative recruitment · 1 Feb 2020 = 100
2020-07-07,86.842915,Relative recruitment · 1 Feb 2020 = 100
2020-07-08,86.971769,Relative recruitment · 1 Feb 2020 = 100
2020-07-09,86.984418,Relative recruitment · 1 Feb 2020 = 100
2020-07-10,87.077846,Relative recruitment · 1 Feb 2020 = 100
2020-07-11,87.138716,Relative recruitment · 1 Feb 2020 = 100
2020-07-12,87.176339,Relative recruitment · 1 Feb 2020 = 100
2020-07-13,87.245183,Relative recruitment · 1 Feb 2020 = 100
2020-07-14,87.105308,Relative recruitment · 1 Feb 2020 = 100
2020-07-15,87.176375,Relative recruitment · 1 Feb 2020 = 100
2020-07-16,87.139275,Relative recruitment · 1 Feb 2020 = 100
2020-07-17,87.065088,Relative recruitment · 1 Feb 2020 = 100
2020-07-18,86.806705,Relative recruitment · 1 Feb 2020 = 100
2020-07-19,86.682768,Relative recruitment · 1 Feb 2020 = 100
2020-07-20,86.597786,Relative recruitment · 1 Feb 2020 = 100
2020-07-21,86.433961,Relative recruitment · 1 Feb 2020 = 100
2020-07-22,86.231154,Relative recruitment · 1 Feb 2020 = 100
2020-07-23,86.003429,Relative recruitment · 1 Feb 2020 = 100
2020-07-24,85.863002,Relative recruitment · 1 Feb 2020 = 100
2020-07-25,85.81327,Relative recruitment · 1 Feb 2020 = 100
2020-07-26,85.702816,Relative recruitment · 1 Feb 2020 = 100
2020-07-27,85.497702,Relative recruitment · 1 Feb 2020 = 100
2020-07-28,85.399804,Relative recruitment · 1 Feb 2020 = 100
2020-07-29,85.314016,Relative recruitment · 1 Feb 2020 = 100
2020-07-30,85.364316,Relative recruitment · 1 Feb 2020 = 100
2020-07-31,85.358085,Relative recruitment · 1 Feb 2020 = 100
2020-08-01,85.595383,Relative recruitment · 1 Feb 2020 = 100
2020-08-02,85.664039,Relative recruitment · 1 Feb 2020 = 100
2020-08-03,85.774227,Relative recruitment · 1 Feb 2020 = 100
2020-08-04,85.953245,Relative recruitment · 1 Feb 2020 = 100
2020-08-05,86.030211,Relative recruitment · 1 Feb 2020 = 100
2020-08-06,86.191339,Relative recruitment · 1 Feb 2020 = 100
2020-08-07,86.40579,Relative recruitment · 1 Feb 2020 = 100
2020-08-08,86.431999,Relative recruitment · 1 Feb 2020 = 100
2020-08-09,86.627133,Relative recruitment · 1 Feb 2020 = 100
2020-08-10,86.817998,Relative recruitment · 1 Feb 2020 = 100
2020-08-11,86.878832,Relative recruitment · 1 Feb 2020 = 100
2020-08-12,87.031881,Relative recruitment · 1 Feb 2020 = 100
2020-08-13,87.079853,Relative recruitment · 1 Feb 2020 = 100
2020-08-14,87.126617,Relative recruitment · 1 Feb 2020 = 100
2020-08-15,87.073181,Relative recruitment · 1 Feb 2020 = 100
2020-08-16,87.144069,Relative recruitment · 1 Feb 2020 = 100
2020-08-17,87.224981,Relative recruitment · 1 Feb 2020 = 100
2020-08-18,87.390497,Relative recruitment · 1 Feb 2020 = 100
2020-08-19,87.484885,Relative recruitment · 1 Feb 2020 = 100
2020-08-20,87.543754,Relative recruitment · 1 Feb 2020 = 100
2020-08-21,87.538171,Relative recruitment · 1 Feb 2020 = 100
2020-08-22,87.631632,Relative recruitment · 1 Feb 2020 = 100
2020-08-23,87.633505,Relative recruitment · 1 Feb 2020 = 100
2020-08-24,87.601918,Relative recruitment · 1 Feb 2020 = 100
2020-08-25,87.547893,Relative recruitment · 1 Feb 2020 = 100
2020-08-26,87.541866,Relative recruitment · 1 Feb 2020 = 100
2020-08-27,87.542349,Relative recruitment · 1 Feb 2020 = 100
2020-08-28,87.590093,Relative recruitment · 1 Feb 2020 = 100
2020-08-29,87.611833,Relative recruitment · 1 Feb 2020 = 100
2020-08-30,87.583879,Relative recruitment · 1 Feb 2020 = 100
2020-08-31,87.614006,Relative recruitment · 1 Feb 2020 = 100
2020-09-01,87.61984,Relative recruitment · 1 Feb 2020 = 100
2020-09-02,87.659154,Relative recruitment · 1 Feb 2020 = 100
2020-09-03,87.774097,Relative recruitment · 1 Feb 2020 = 100
2020-09-04,87.852674,Relative recruitment · 1 Feb 2020 = 100
2020-09-05,87.929882,Relative recruitment · 1 Feb 2020 = 100
2020-09-06,88.059087,Relative recruitment · 1 Feb 2020 = 100
2020-09-07,88.226533,Relative recruitment · 1 Feb 2020 = 100
2020-09-08,88.336857,Relative recruitment · 1 Feb 2020 = 100
2020-09-09,88.567348,Relative recruitment · 1 Feb 2020 = 100
2020-09-10,88.731294,Relative recruitment · 1 Feb 2020 = 100
2020-09-11,89.025341,Relative recruitment · 1 Feb 2020 = 100
2020-09-12,89.429661,Relative recruitment · 1 Feb 2020 = 100
2020-09-13,89.76407,Relative recruitment · 1 Feb 2020 = 100
2020-09-14,90.024458,Relative recruitment · 1 Feb 2020 = 100
2020-09-15,90.381262,Relative recruitment · 1 Feb 2020 = 100
2020-09-16,90.566184,Relative recruitment · 1 Feb 2020 = 100
2020-09-17,90.780798,Relative recruitment · 1 Feb 2020 = 100
2020-09-18,90.781779,Relative recruitment · 1 Feb 2020 = 100
2020-09-19,90.732419,Relative recruitment · 1 Feb 2020 = 100
2020-09-20,90.73989,Relative recruitment · 1 Feb 2020 = 100
2020-09-21,90.745408,Relative recruitment · 1 Feb 2020 = 100
2020-09-22,90.778197,Relative recruitment · 1 Feb 2020 = 100
2020-09-23,90.75742,Relative recruitment · 1 Feb 2020 = 100
2020-09-24,90.753399,Relative recruitment · 1 Feb 2020 = 100
2020-09-25,90.838551,Relative recruitment · 1 Feb 2020 = 100
2020-09-26,90.924599,Relative recruitment · 1 Feb 2020 = 100
2020-09-27,90.984848,Relative recruitment · 1 Feb 2020 = 100
2020-09-28,91.046441,Relative recruitment · 1 Feb 2020 = 100
2020-09-29,91.054379,Relative recruitment · 1 Feb 2020 = 100
2020-09-30,91.161302,Relative recruitment · 1 Feb 2020 = 100
2020-10-01,91.293476,Relative recruitment · 1 Feb 2020 = 100
2020-10-02,91.348572,Relative recruitment · 1 Feb 2020 = 100
2020-10-03,91.398091,Relative recruitment · 1 Feb 2020 = 100
2020-10-04,91.46961,Relative recruitment · 1 Feb 2020 = 100
2020-10-05,91.496979,Relative recruitment · 1 Feb 2020 = 100
2020-10-06,91.54087,Relative recruitment · 1 Feb 2020 = 100
2020-10-07,91.630301,Relative recruitment · 1 Feb 2020 = 100
2020-10-08,91.57458,Relative recruitment · 1 Feb 2020 = 100
2020-10-09,91.596061,Relative recruitment · 1 Feb 2020 = 100
2020-10-10,91.557213,Relative recruitment · 1 Feb 2020 = 100
2020-10-11,91.562049,Relative recruitment · 1 Feb 2020 = 100
2020-10-12,91.524422,Relative recruitment · 1 Feb 2020 = 100
2020-10-13,91.561555,Relative recruitment · 1 Feb 2020 = 100
2020-10-14,91.496448,Relative recruitment · 1 Feb 2020 = 100
2020-10-15,91.629907,Relative recruitment · 1 Feb 2020 = 100
2020-10-16,91.813607,Relative recruitment · 1 Feb 2020 = 100
2020-10-17,92.004119,Relative recruitment · 1 Feb 2020 = 100
2020-10-18,92.255465,Relative recruitment · 1 Feb 2020 = 100
2020-10-19,92.551508,Relative recruitment · 1 Feb 2020 = 100
2020-10-20,92.784698,Relative recruitment · 1 Feb 2020 = 100
2020-10-21,93.048678,Relative recruitment · 1 Feb 2020 = 100
2020-10-22,93.217267,Relative recruitment · 1 Feb 2020 = 100
2020-10-23,93.300421,Relative recruitment · 1 Feb 2020 = 100
2020-10-24,93.438378,Relative recruitment · 1 Feb 2020 = 100
2020-10-25,93.502331,Relative recruitment · 1 Feb 2020 = 100
2020-10-26,93.597583,Relative recruitment · 1 Feb 2020 = 100
2020-10-27,93.727501,Relative recruitment · 1 Feb 2020 = 100
2020-10-28,93.9047,Relative recruitment · 1 Feb 2020 = 100
2020-10-29,94.143849,Relative recruitment · 1 Feb 2020 = 100
2020-10-30,94.35604,Relative recruitment · 1 Feb 2020 = 100
2020-10-31,94.641107,Relative recruitment · 1 Feb 2020 = 100
2020-11-01,94.884345,Relative recruitment · 1 Feb 2020 = 100
2020-11-02,95.030382,Relative recruitment · 1 Feb 2020 = 100
2020-11-03,95.195781,Relative recruitment · 1 Feb 2020 = 100
2020-11-04,95.261279,Relative recruitment · 1 Feb 2020 = 100
2020-11-05,95.267667,Relative recruitment · 1 Feb 2020 = 100
2020-11-06,95.28841,Relative recruitment · 1 Feb 2020 = 100
2020-11-07,95.317042,Relative recruitment · 1 Feb 2020 = 100
2020-11-08,95.235793,Relative recruitment · 1 Feb 2020 = 100
2020-11-09,95.216629,Relative recruitment · 1 Feb 2020 = 100
2020-11-10,95.169988,Relative recruitment · 1 Feb 2020 = 100
2020-11-11,95.168824,Relative recruitment · 1 Feb 2020 = 100
2020-11-12,95.292526,Relative recruitment · 1 Feb 2020 = 100
2020-11-13,95.240636,Relative recruitment · 1 Feb 2020 = 100
2020-11-14,95.061069,Relative recruitment · 1 Feb 2020 = 100
2020-11-15,95.164851,Relative recruitment · 1 Feb 2020 = 100
2020-11-16,95.360384,Relative recruitment · 1 Feb 2020 = 100
2020-11-17,95.564574,Relative recruitment · 1 Feb 2020 = 100
2020-11-18,95.76793,Relative recruitment · 1 Feb 2020 = 100
2020-11-19,96.009966,Relative recruitment · 1 Feb 2020 = 100
2020-11-20,96.416115,Relative recruitment · 1 Feb 2020 = 100
2020-11-21,96.89064,Relative recruitment · 1 Feb 2020 = 100
2020-11-22,97.164327,Relative recruitment · 1 Feb 2020 = 100
2020-11-23,97.481772,Relative recruitment · 1 Feb 2020 = 100
2020-11-24,97.689751,Relative recruitment · 1 Feb 2020 = 100
2020-11-25,97.919096,Relative recruitment · 1 Feb 2020 = 100
2020-11-26,98.387666,Relative recruitment · 1 Feb 2020 = 100
2020-11-27,98.87385,Relative recruitment · 1 Feb 2020 = 100
2020-11-28,99.356806,Relative recruitment · 1 Feb 2020 = 100
2020-11-29,99.918828,Relative recruitment · 1 Feb 2020 = 100
2020-11-30,100.385009,Relative recruitment · 1 Feb 2020 = 100
2020-12-01,100.944698,Relative recruitment · 1 Feb 2020 = 100
2020-12-02,101.458355,Relative recruitment · 1 Feb 2020 = 100
2020-12-03,101.604164,Relative recruitment · 1 Feb 2020 = 100
2020-12-04,101.785335,Relative recruitment · 1 Feb 2020 = 100
2020-12-05,101.953498,Relative recruitment · 1 Feb 2020 = 100
2020-12-06,102.125102,Relative recruitment · 1 Feb 2020 = 100
2020-12-07,102.321839,Relative recruitment · 1 Feb 2020 = 100
2020-12-08,102.372881,Relative recruitment · 1 Feb 2020 = 100
2020-12-09,102.498941,Relative recruitment · 1 Feb 2020 = 100
2020-12-10,102.585142,Relative recruitment · 1 Feb 2020 = 100
2020-12-11,102.624436,Relative recruitment · 1 Feb 2020 = 100
2020-12-12,102.506875,Relative recruitment · 1 Feb 2020 = 100
2020-12-13,102.470178,Relative recruitment · 1 Feb 2020 = 100
2020-12-14,102.441848,Relative recruitment · 1 Feb 2020 = 100
2020-12-15,102.427235,Relative recruitment · 1 Feb 2020 = 100
2020-12-16,102.480856,Relative recruitment · 1 Feb 2020 = 100
2020-12-17,101.801944,Relative recruitment · 1 Feb 2020 = 100
2020-12-18,101.09794,Relative recruitment · 1 Feb 2020 = 100
2020-12-19,100.573206,Relative recruitment · 1 Feb 2020 = 100
2020-12-20,99.942281,Relative recruitment · 1 Feb 2020 = 100
2020-12-21,99.257391,Relative recruitment · 1 Feb 2020 = 100
2020-12-22,98.529927,Relative recruitment · 1 Feb 2020 = 100
2020-12-23,97.747037,Relative recruitment · 1 Feb 2020 = 100
2020-12-24,97.714446,Relative recruitment · 1 Feb 2020 = 100
2020-12-25,97.736755,Relative recruitment · 1 Feb 2020 = 100
2020-12-26,97.711181,Relative recruitment · 1 Feb 2020 = 100
2020-12-27,97.671118,Relative recruitment · 1 Feb 2020 = 100
2020-12-28,97.619798,Relative recruitment · 1 Feb 2020 = 100
2020-12-29,97.685574,Relative recruitment · 1 Feb 2020 = 100
2020-12-30,97.691743,Relative recruitment · 1 Feb 2020 = 100
2020-12-31,97.740943,Relative recruitment · 1 Feb 2020 = 100
2021-01-01,97.822665,Relative recruitment · 1 Feb 2020 = 100
2021-01-02,97.822894,Relative recruitment · 1 Feb 2020 = 100
2021-01-03,97.799237,Relative recruitment · 1 Feb 2020 = 100
2021-01-04,97.728545,Relative recruitment · 1 Feb 2020 = 100
2021-01-05,97.496236,Relative recruitment · 1 Feb 2020 = 100
2021-01-06,97.430782,Relative recruitment · 1 Feb 2020 = 100
2021-01-07,97.369617,Relative recruitment · 1 Feb 2020 = 100
2021-01-08,98.089571,Relative recruitment · 1 Feb 2020 = 100
2021-01-09,98.772496,Relative recruitment · 1 Feb 2020 = 100
2021-01-10,99.52726,Relative recruitment · 1 Feb 2020 = 100
2021-01-11,100.341889,Relative recruitment · 1 Feb 2020 = 100
2021-01-12,100.481082,Relative recruitment · 1 Feb 2020 = 100
2021-01-13,100.483265,Relative recruitment · 1 Feb 2020 = 100
2021-01-14,100.433851,Relative recruitment · 1 Feb 2020 = 100
2021-01-15,99.610822,Relative recruitment · 1 Feb 2020 = 100
2021-01-16,98.670195,Relative recruitment · 1 Feb 2020 = 100
2021-01-17,97.689517,Relative recruitment · 1 Feb 2020 = 100
2021-01-18,96.652776,Relative recruitment · 1 Feb 2020 = 100
2021-01-19,96.418188,Relative recruitment · 1 Feb 2020 = 100
2021-01-20,96.141647,Relative recruitment · 1 Feb 2020 = 100
2021-01-21,95.830384,Relative recruitment · 1 Feb 2020 = 100
2021-01-22,95.6073,Relative recruitment · 1 Feb 2020 = 100
2021-01-23,95.412875,Relative recruitment · 1 Feb 2020 = 100
2021-01-24,95.521559,Relative recruitment · 1 Feb 2020 = 100
2021-01-25,95.702665,Relative recruitment · 1 Feb 2020 = 100
2021-01-26,95.92111,Relative recruitment · 1 Feb 2020 = 100
2021-01-27,96.194794,Relative recruitment · 1 Feb 2020 = 100
2021-01-28,96.434678,Relative recruitment · 1 Feb 2020 = 100
2021-01-29,96.467792,Relative recruitment · 1 Feb 2020 = 100
2021-01-30,96.809505,Relative recruitment · 1 Feb 2020 = 100
2021-01-31,96.900503,Relative recruitment · 1 Feb 2020 = 100
2021-02-01,97.042984,Relative recruitment · 1 Feb 2020 = 100
2021-02-02,96.941683,Relative recruitment · 1 Feb 2020 = 100
2021-02-03,96.834292,Relative recruitment · 1 Feb 2020 = 100
2021-02-04,97.126608,Relative recruitment · 1 Feb 2020 = 100
2021-02-05,97.43742,Relative recruitment · 1 Feb 2020 = 100
2021-02-06,97.552263,Relative recruitment · 1 Feb 2020 = 100
2021-02-07,97.810435,Relative recruitment · 1 Feb 2020 = 100
2021-02-08,97.937383,Relative recruitment · 1 Feb 2020 = 100
2021-02-09,98.230088,Relative recruitment · 1 Feb 2020 = 100
2021-02-10,98.472072,Relative recruitment · 1 Feb 2020 = 100
2021-02-11,98.369937,Relative recruitment · 1 Feb 2020 = 100
2021-02-12,98.411849,Relative recruitment · 1 Feb 2020 = 100
2021-02-13,98.570551,Relative recruitment · 1 Feb 2020 = 100
2021-02-14,98.74448,Relative recruitment · 1 Feb 2020 = 100
2021-02-15,98.999197,Relative recruitment · 1 Feb 2020 = 100
2021-02-16,99.245555,Relative recruitment · 1 Feb 2020 = 100
2021-02-17,99.579536,Relative recruitment · 1 Feb 2020 = 100
2021-02-18,99.899406,Relative recruitment · 1 Feb 2020 = 100
2021-02-19,100.200938,Relative recruitment · 1 Feb 2020 = 100
2021-02-20,100.287054,Relative recruitment · 1 Feb 2020 = 100
2021-02-21,100.310559,Relative recruitment · 1 Feb 2020 = 100
2021-02-22,100.350073,Relative recruitment · 1 Feb 2020 = 100
2021-02-23,100.434077,Relative recruitment · 1 Feb 2020 = 100
2021-02-24,100.469841,Relative recruitment · 1 Feb 2020 = 100
2021-02-25,100.449766,Relative recruitment · 1 Feb 2020 = 100
2021-02-26,100.352525,Relative recruitment · 1 Feb 2020 = 100
2021-02-27,100.342066,Relative recruitment · 1 Feb 2020 = 100
2021-02-28,100.288008,Relative recruitment · 1 Feb 2020 = 100
2021-03-01,100.305204,Relative recruitment · 1 Feb 2020 = 100
2021-03-02,100.22306,Relative recruitment · 1 Feb 2020 = 100
2021-03-03,100.17567,Relative recruitment · 1 Feb 2020 = 100
2021-03-04,100.132983,Relative recruitment · 1 Feb 2020 = 100
2021-03-05,100.159161,Relative recruitment · 1 Feb 2020 = 100
2021-03-06,100.146322,Relative recruitment · 1 Feb 2020 = 100
2021-03-07,100.313879,Relative recruitment · 1 Feb 2020 = 100
2021-03-08,100.280229,Relative recruitment · 1 Feb 2020 = 100
2021-03-09,100.288527,Relative recruitment · 1 Feb 2020 = 100
2021-03-10,100.286215,Relative recruitment · 1 Feb 2020 = 100
2021-03-11,100.310063,Relative recruitment · 1 Feb 2020 = 100
2021-03-12,100.393472,Relative recruitment · 1 Feb 2020 = 100
2021-03-13,100.516784,Relative recruitment · 1 Feb 2020 = 100
2021-03-14,100.457099,Relative recruitment · 1 Feb 2020 = 100
2021-03-15,100.490641,Relative recruitment · 1 Feb 2020 = 100
2021-03-16,100.567684,Relative recruitment · 1 Feb 2020 = 100
2021-03-17,100.677629,Relative recruitment · 1 Feb 2020 = 100
2021-03-18,100.767198,Relative recruitment · 1 Feb 2020 = 100
2021-03-19,100.850478,Relative recruitment · 1 Feb 2020 = 100
2021-03-20,100.987333,Relative recruitment · 1 Feb 2020 = 100
2021-03-21,101.082038,Relative recruitment · 1 Feb 2020 = 100
2021-03-22,101.139094,Relative recruitment · 1 Feb 2020 = 100
2021-03-23,101.097619,Relative recruitment · 1 Feb 2020 = 100
2021-03-24,100.995442,Relative recruitment · 1 Feb 2020 = 100
2021-03-25,100.959791,Relative recruitment · 1 Feb 2020 = 100
2021-03-26,100.868512,Relative recruitment · 1 Feb 2020 = 100
2021-03-27,100.707581,Relative recruitment · 1 Feb 2020 = 100
2021-03-28,100.558643,Relative recruitment · 1 Feb 2020 = 100
2021-03-29,100.475737,Relative recruitment · 1 Feb 2020 = 100
2021-03-30,100.377548,Relative recruitment · 1 Feb 2020 = 100
2021-03-31,100.230013,Relative recruitment · 1 Feb 2020 = 100
2021-04-01,100.122371,Relative recruitment · 1 Feb 2020 = 100
2021-04-02,100.065237,Relative recruitment · 1 Feb 2020 = 100
2021-04-03,99.997171,Relative recruitment · 1 Feb 2020 = 100
2021-04-04,99.837928,Relative recruitment · 1 Feb 2020 = 100
2021-04-05,99.628227,Relative recruitment · 1 Feb 2020 = 100
2021-04-06,99.53156,Relative recruitment · 1 Feb 2020 = 100
2021-04-07,99.65496,Relative recruitment · 1 Feb 2020 = 100
2021-04-08,99.601549,Relative recruitment · 1 Feb 2020 = 100
2021-04-09,99.551538,Relative recruitment · 1 Feb 2020 = 100
2021-04-10,99.470768,Relative recruitment · 1 Feb 2020 = 100
2021-04-11,99.462946,Relative recruitment · 1 Feb 2020 = 100
2021-04-12,99.467806,Relative recruitment · 1 Feb 2020 = 100
2021-04-13,99.438187,Relative recruitment · 1 Feb 2020 = 100
2021-04-14,99.247489,Relative recruitment · 1 Feb 2020 = 100
2021-04-15,99.146636,Relative recruitment · 1 Feb 2020 = 100
2021-04-16,99.055674,Relative recruitment · 1 Feb 2020 = 100
2021-04-17,99.007661,Relative recruitment · 1 Feb 2020 = 100
2021-04-18,99.007872,Relative recruitment · 1 Feb 2020 = 100
2021-04-19,99.038227,Relative recruitment · 1 Feb 2020 = 100
2021-04-20,99.112873,Relative recruitment · 1 Feb 2020 = 100
2021-04-21,99.199054,Relative recruitment · 1 Feb 2020 = 100
2021-04-22,99.32063,Relative recruitment · 1 Feb 2020 = 100
2021-04-23,99.429526,Relative recruitment · 1 Feb 2020 = 100
2021-04-24,99.570838,Relative recruitment · 1 Feb 2020 = 100
2021-04-25,99.640833,Relative recruitment · 1 Feb 2020 = 100
2021-04-26,99.741036,Relative recruitment · 1 Feb 2020 = 100
2021-04-27,99.805107,Relative recruitment · 1 Feb 2020 = 100
2021-04-28,99.886135,Relative recruitment · 1 Feb 2020 = 100
2021-04-29,99.981493,Relative recruitment · 1 Feb 2020 = 100
2021-04-30,100.063376,Relative recruitment · 1 Feb 2020 = 100
2021-05-01,100.056725,Relative recruitment · 1 Feb 2020 = 100
2021-05-02,100.097566,Relative recruitment · 1 Feb 2020 = 100
2021-05-03,100.130394,Relative recruitment · 1 Feb 2020 = 100
2021-05-04,100.234241,Relative recruitment · 1 Feb 2020 = 100
2021-05-05,100.30499,Relative recruitment · 1 Feb 2020 = 100
2021-05-06,100.342682,Relative recruitment · 1 Feb 2020 = 100
2021-05-07,100.487299,Relative recruitment · 1 Feb 2020 = 100
2021-05-08,100.66352,Relative recruitment · 1 Feb 2020 = 100
2021-05-09,100.739084,Relative recruitment · 1 Feb 2020 = 100
2021-05-10,100.844692,Relative recruitment · 1 Feb 2020 = 100
2021-05-11,100.923754,Relative recruitment · 1 Feb 2020 = 100
2021-05-12,100.994075,Relative recruitment · 1 Feb 2020 = 100
2021-05-13,101.091748,Relative recruitment · 1 Feb 2020 = 100
2021-05-14,101.086563,Relative recruitment · 1 Feb 2020 = 100
2021-05-15,101.096916,Relative recruitment · 1 Feb 2020 = 100
2021-05-16,101.197659,Relative recruitment · 1 Feb 2020 = 100
2021-05-17,101.242628,Relative recruitment · 1 Feb 2020 = 100
2021-05-18,101.305701,Relative recruitment · 1 Feb 2020 = 100
2021-05-19,101.410227,Relative recruitment · 1 Feb 2020 = 100
2021-05-20,101.554098,Relative recruitment · 1 Feb 2020 = 100
2021-05-21,101.626393,Relative recruitment · 1 Feb 2020 = 100
2021-05-22,101.589264,Relative recruitment · 1 Feb 2020 = 100
2021-05-23,101.623945,Relative recruitment · 1 Feb 2020 = 100
2021-05-24,101.666023,Relative recruitment · 1 Feb 2020 = 100
2021-05-25,101.662424,Relative recruitment · 1 Feb 2020 = 100
2021-05-26,101.589503,Relative recruitment · 1 Feb 2020 = 100
2021-05-27,101.46561,Relative recruitment · 1 Feb 2020 = 100
2021-05-28,101.411714,Relative recruitment · 1 Feb 2020 = 100
2021-05-29,101.533124,Relative recruitment · 1 Feb 2020 = 100
2021-05-30,101.565722,Relative recruitment · 1 Feb 2020 = 100
2021-05-31,101.617655,Relative recruitment · 1 Feb 2020 = 100
2021-06-01,101.652966,Relative recruitment · 1 Feb 2020 = 100
2021-06-02,101.764527,Relative recruitment · 1 Feb 2020 = 100
2021-06-03,101.890974,Relative recruitment · 1 Feb 2020 = 100
2021-06-04,102.03431,Relative recruitment · 1 Feb 2020 = 100
2021-06-05,102.164896,Relative recruitment · 1 Feb 2020 = 100
2021-06-06,102.324435,Relative recruitment · 1 Feb 2020 = 100
2021-06-07,102.578311,Relative recruitment · 1 Feb 2020 = 100
2021-06-08,102.72934,Relative recruitment · 1 Feb 2020 = 100
2021-06-09,102.890706,Relative recruitment · 1 Feb 2020 = 100
2021-06-10,103.024346,Relative recruitment · 1 Feb 2020 = 100
2021-06-11,103.174963,Relative recruitment · 1 Feb 2020 = 100
2021-06-12,103.261662,Relative recruitment · 1 Feb 2020 = 100
2021-06-13,103.32655,Relative recruitment · 1 Feb 2020 = 100
2021-06-14,103.295739,Relative recruitment · 1 Feb 2020 = 100
2021-06-15,103.419092,Relative recruitment · 1 Feb 2020 = 100
2021-06-16,103.428215,Relative recruitment · 1 Feb 2020 = 100
2021-06-17,103.350798,Relative recruitment · 1 Feb 2020 = 100
2021-06-18,103.224117,Relative recruitment · 1 Feb 2020 = 100
2021-06-19,103.215042,Relative recruitment · 1 Feb 2020 = 100
2021-06-20,103.191542,Relative recruitment · 1 Feb 2020 = 100
2021-06-21,103.114754,Relative recruitment · 1 Feb 2020 = 100
2021-06-22,103.04148,Relative recruitment · 1 Feb 2020 = 100
2021-06-23,103.041127,Relative recruitment · 1 Feb 2020 = 100
2021-06-24,103.114478,Relative recruitment · 1 Feb 2020 = 100
2021-06-25,103.204131,Relative recruitment · 1 Feb 2020 = 100
2021-06-26,103.213475,Relative recruitment · 1 Feb 2020 = 100
2021-06-27,103.211991,Relative recruitment · 1 Feb 2020 = 100
2021-06-28,103.246099,Relative recruitment · 1 Feb 2020 = 100
2021-06-29,103.231855,Relative recruitment · 1 Feb 2020 = 100
2021-06-30,103.209315,Relative recruitment · 1 Feb 2020 = 100
2021-07-01,103.180531,Relative recruitment · 1 Feb 2020 = 100
2021-07-02,103.257476,Relative recruitment · 1 Feb 2020 = 100
2021-07-03,103.290708,Relative recruitment · 1 Feb 2020 = 100
2021-07-04,103.352553,Relative recruitment · 1 Feb 2020 = 100
2021-07-05,103.390201,Relative recruitment · 1 Feb 2020 = 100
2021-07-06,103.520853,Relative recruitment · 1 Feb 2020 = 100
2021-07-07,103.688445,Relative recruitment · 1 Feb 2020 = 100
2021-07-08,103.759325,Relative recruitment · 1 Feb 2020 = 100
2021-07-09,103.767472,Relative recruitment · 1 Feb 2020 = 100
2021-07-10,103.850169,Relative recruitment · 1 Feb 2020 = 100
2021-07-11,103.899573,Relative recruitment · 1 Feb 2020 = 100
2021-07-12,103.992372,Relative recruitment · 1 Feb 2020 = 100
2021-07-13,104.023993,Relative recruitment · 1 Feb 2020 = 100
2021-07-14,104.000728,Relative recruitment · 1 Feb 2020 = 100
2021-07-15,104.065987,Relative recruitment · 1 Feb 2020 = 100
2021-07-16,104.070543,Relative recruitment · 1 Feb 2020 = 100
2021-07-17,104.013422,Relative recruitment · 1 Feb 2020 = 100
2021-07-18,103.993181,Relative recruitment · 1 Feb 2020 = 100
2021-07-19,103.916745,Relative recruitment · 1 Feb 2020 = 100
2021-07-20,103.896588,Relative recruitment · 1 Feb 2020 = 100
2021-07-21,104.022367,Relative recruitment · 1 Feb 2020 = 100
2021-07-22,104.206395,Relative recruitment · 1 Feb 2020 = 100
2021-07-23,104.416727,Relative recruitment · 1 Feb 2020 = 100
2021-07-24,104.685689,Relative recruitment · 1 Feb 2020 = 100
2021-07-25,104.906446,Relative recruitment · 1 Feb 2020 = 100
2021-07-26,105.181083,Relative recruitment · 1 Feb 2020 = 100
2021-07-27,105.356186,Relative recruitment · 1 Feb 2020 = 100
2021-07-28,105.445412,Relative recruitment · 1 Feb 2020 = 100
2021-07-29,105.495792,Relative recruitment · 1 Feb 2020 = 100
2021-07-30,105.560848,Relative recruitment · 1 Feb 2020 = 100
2021-07-31,105.530741,Relative recruitment · 1 Feb 2020 = 100
2021-08-01,105.538075,Relative recruitment · 1 Feb 2020 = 100
2021-08-02,105.508041,Relative recruitment · 1 Feb 2020 = 100
2021-08-03,105.521861,Relative recruitment · 1 Feb 2020 = 100
2021-08-04,105.687377,Relative recruitment · 1 Feb 2020 = 100
2021-08-05,105.831449,Relative recruitment · 1 Feb 2020 = 100
2021-08-06,105.962335,Relative recruitment · 1 Feb 2020 = 100
2021-08-07,106.053996,Relative recruitment · 1 Feb 2020 = 100
2021-08-08,106.25923,Relative recruitment · 1 Feb 2020 = 100
2021-08-09,106.519373,Relative recruitment · 1 Feb 2020 = 100
2021-08-10,106.75,Relative recruitment · 1 Feb 2020 = 100
2021-08-11,106.714941,Relative recruitment · 1 Feb 2020 = 100
2021-08-12,106.817798,Relative recruitment · 1 Feb 2020 = 100
2021-08-13,106.908631,Relative recruitment · 1 Feb 2020 = 100
2021-08-14,107.122086,Relative recruitment · 1 Feb 2020 = 100
2021-08-15,107.230983,Relative recruitment · 1 Feb 2020 = 100
2021-08-16,107.286721,Relative recruitment · 1 Feb 2020 = 100
2021-08-17,107.394636,Relative recruitment · 1 Feb 2020 = 100
2021-08-18,107.493364,Relative recruitment · 1 Feb 2020 = 100
2021-08-19,107.515942,Relative recruitment · 1 Feb 2020 = 100
2021-08-20,107.580095,Relative recruitment · 1 Feb 2020 = 100
2021-08-21,107.796909,Relative recruitment · 1 Feb 2020 = 100
2021-08-22,108.010741,Relative recruitment · 1 Feb 2020 = 100
2021-08-23,108.261591,Relative recruitment · 1 Feb 2020 = 100
2021-08-24,108.383078,Relative recruitment · 1 Feb 2020 = 100
2021-08-25,108.686195,Relative recruitment · 1 Feb 2020 = 100
2021-08-26,108.986349,Relative recruitment · 1 Feb 2020 = 100
2021-08-27,109.244312,Relative recruitment · 1 Feb 2020 = 100
2021-08-28,109.272234,Relative recruitment · 1 Feb 2020 = 100
2021-08-29,109.286371,Relative recruitment · 1 Feb 2020 = 100
2021-08-30,109.297998,Relative recruitment · 1 Feb 2020 = 100
2021-08-31,109.33065,Relative recruitment · 1 Feb 2020 = 100
2021-09-01,109.284235,Relative recruitment · 1 Feb 2020 = 100
2021-09-02,109.204893,Relative recruitment · 1 Feb 2020 = 100
2021-09-03,109.265134,Relative recruitment · 1 Feb 2020 = 100
2021-09-04,109.291235,Relative recruitment · 1 Feb 2020 = 100
2021-09-05,109.354831,Relative recruitment · 1 Feb 2020 = 100
2021-09-06,109.421869,Relative recruitment · 1 Feb 2020 = 100
2021-09-07,109.612321,Relative recruitment · 1 Feb 2020 = 100
2021-09-08,109.705752,Relative recruitment · 1 Feb 2020 = 100
2021-09-09,109.777731,Relative recruitment · 1 Feb 2020 = 100
2021-09-10,109.845668,Relative recruitment · 1 Feb 2020 = 100
2021-09-11,110.073414,Relative recruitment · 1 Feb 2020 = 100
2021-09-12,110.230676,Relative recruitment · 1 Feb 2020 = 100
2021-09-13,110.369095,Relative recruitment · 1 Feb 2020 = 100
2021-09-14,110.295631,Relative recruitment · 1 Feb 2020 = 100
2021-09-15,110.182264,Relative recruitment · 1 Feb 2020 = 100
2021-09-16,110.238179,Relative recruitment · 1 Feb 2020 = 100
2021-09-17,110.216971,Relative recruitment · 1 Feb 2020 = 100
2021-09-18,110.087444,Relative recruitment · 1 Feb 2020 = 100
2021-09-19,110.003713,Relative recruitment · 1 Feb 2020 = 100
2021-09-20,109.954138,Relative recruitment · 1 Feb 2020 = 100
2021-09-21,110.056713,Relative recruitment · 1 Feb 2020 = 100
2021-09-22,110.309255,Relative recruitment · 1 Feb 2020 = 100
2021-09-23,110.44483,Relative recruitment · 1 Feb 2020 = 100
2021-09-24,110.599866,Relative recruitment · 1 Feb 2020 = 100
2021-09-25,110.699603,Relative recruitment · 1 Feb 2020 = 100
2021-09-26,110.917071,Relative recruitment · 1 Feb 2020 = 100
2021-09-27,111.050674,Relative recruitment · 1 Feb 2020 = 100
2021-09-28,111.207653,Relative recruitment · 1 Feb 2020 = 100
2021-09-29,111.307958,Relative recruitment · 1 Feb 2020 = 100
2021-09-30,111.371126,Relative recruitment · 1 Feb 2020 = 100
2021-10-01,111.429854,Relative recruitment · 1 Feb 2020 = 100
2021-10-02,111.562048,Relative recruitment · 1 Feb 2020 = 100
2021-10-03,111.583884,Relative recruitment · 1 Feb 2020 = 100
2021-10-04,111.675139,Relative recruitment · 1 Feb 2020 = 100
2021-10-05,111.712423,Relative recruitment · 1 Feb 2020 = 100
2021-10-06,111.805175,Relative recruitment · 1 Feb 2020 = 100
2021-10-07,111.942122,Relative recruitment · 1 Feb 2020 = 100
2021-10-08,112.043504,Relative recruitment · 1 Feb 2020 = 100
2021-10-09,112.120383,Relative recruitment · 1 Feb 2020 = 100
2021-10-10,112.180144,Relative recruitment · 1 Feb 2020 = 100
2021-10-11,112.188681,Relative recruitment · 1 Feb 2020 = 100
2021-10-12,112.214409,Relative recruitment · 1 Feb 2020 = 100
2021-10-13,112.242553,Relative recruitment · 1 Feb 2020 = 100
2021-10-14,112.199477,Relative recruitment · 1 Feb 2020 = 100
2021-10-15,112.17822,Relative recruitment · 1 Feb 2020 = 100
2021-10-16,112.097746,Relative recruitment · 1 Feb 2020 = 100
2021-10-17,112.113982,Relative recruitment · 1 Feb 2020 = 100
2021-10-18,112.2404,Relative recruitment · 1 Feb 2020 = 100
2021-10-19,112.260706,Relative recruitment · 1 Feb 2020 = 100
2021-10-20,112.238451,Relative recruitment · 1 Feb 2020 = 100
2021-10-21,112.285521,Relative recruitment · 1 Feb 2020 = 100
2021-10-22,112.307849,Relative recruitment · 1 Feb 2020 = 100
2021-10-23,112.401504,Relative recruitment · 1 Feb 2020 = 100
2021-10-24,112.427187,Relative recruitment · 1 Feb 2020 = 100
2021-10-25,112.391378,Relative recruitment · 1 Feb 2020 = 100
2021-10-26,112.464656,Relative recruitment · 1 Feb 2020 = 100
2021-10-27,112.566965,Relative recruitment · 1 Feb 2020 = 100
2021-10-28,112.607527,Relative recruitment · 1 Feb 2020 = 100
2021-10-29,112.707479,Relative recruitment · 1 Feb 2020 = 100
2021-10-30,112.773527,Relative recruitment · 1 Feb 2020 = 100
2021-10-31,112.844242,Relative recruitment · 1 Feb 2020 = 100
2021-11-01,112.882135,Relative recruitment · 1 Feb 2020 = 100
2021-11-02,112.863057,Relative recruitment · 1 Feb 2020 = 100
2021-11-03,112.880403,Relative recruitment · 1 Feb 2020 = 100
2021-11-04,112.937955,Relative recruitment · 1 Feb 2020 = 100
2021-11-05,112.957432,Relative recruitment · 1 Feb 2020 = 100
2021-11-06,112.968,Relative recruitment · 1 Feb 2020 = 100
2021-11-07,113.047316,Relative recruitment · 1 Feb 2020 = 100
2021-11-08,113.058567,Relative recruitment · 1 Feb 2020 = 100
2021-11-09,113.143927,Relative recruitment · 1 Feb 2020 = 100
2021-11-10,113.233483,Relative recruitment · 1 Feb 2020 = 100
2021-11-11,113.507052,Relative recruitment · 1 Feb 2020 = 100
2021-11-12,113.760785,Relative recruitment · 1 Feb 2020 = 100
2021-11-13,114.053316,Relative recruitment · 1 Feb 2020 = 100
2021-11-14,114.261247,Relative recruitment · 1 Feb 2020 = 100
2021-11-15,114.472251,Relative recruitment · 1 Feb 2020 = 100
2021-11-16,114.719306,Relative recruitment · 1 Feb 2020 = 100
2021-11-17,114.940023,Relative recruitment · 1 Feb 2020 = 100
2021-11-18,114.864191,Relative recruitment · 1 Feb 2020 = 100
2021-11-19,114.826355,Relative recruitment · 1 Feb 2020 = 100
2021-11-20,114.686608,Relative recruitment · 1 Feb 2020 = 100
2021-11-21,114.655489,Relative recruitment · 1 Feb 2020 = 100
2021-11-22,114.676874,Relative recruitment · 1 Feb 2020 = 100
2021-11-23,114.642227,Relative recruitment · 1 Feb 2020 = 100
2021-11-24,114.594217,Relative recruitment · 1 Feb 2020 = 100
2021-11-25,114.57044,Relative recruitment · 1 Feb 2020 = 100
2021-11-26,114.603482,Relative recruitment · 1 Feb 2020 = 100
2021-11-27,114.755558,Relative recruitment · 1 Feb 2020 = 100
2021-11-28,114.767552,Relative recruitment · 1 Feb 2020 = 100
2021-11-29,114.788399,Relative recruitment · 1 Feb 2020 = 100
2021-11-30,114.845902,Relative recruitment · 1 Feb 2020 = 100
2021-12-01,114.924409,Relative recruitment · 1 Feb 2020 = 100
2021-12-02,115.068862,Relative recruitment · 1 Feb 2020 = 100
2021-12-03,115.149267,Relative recruitment · 1 Feb 2020 = 100
2021-12-04,115.181274,Relative recruitment · 1 Feb 2020 = 100
2021-12-05,115.237361,Relative recruitment · 1 Feb 2020 = 100
2021-12-06,115.329192,Relative recruitment · 1 Feb 2020 = 100
2021-12-07,115.295898,Relative recruitment · 1 Feb 2020 = 100
2021-12-08,115.235787,Relative recruitment · 1 Feb 2020 = 100
2021-12-09,115.25708,Relative recruitment · 1 Feb 2020 = 100
2021-12-10,115.240002,Relative recruitment · 1 Feb 2020 = 100
2021-12-11,115.189283,Relative recruitment · 1 Feb 2020 = 100
2021-12-12,115.242572,Relative recruitment · 1 Feb 2020 = 100
2021-12-13,115.283949,Relative recruitment · 1 Feb 2020 = 100
2021-12-14,115.316742,Relative recruitment · 1 Feb 2020 = 100
2021-12-15,115.373581,Relative recruitment · 1 Feb 2020 = 100
2021-12-16,115.412844,Relative recruitment · 1 Feb 2020 = 100
2021-12-17,115.4868,Relative recruitment · 1 Feb 2020 = 100
2021-12-18,115.556116,Relative recruitment · 1 Feb 2020 = 100
2021-12-19,115.562844,Relative recruitment · 1 Feb 2020 = 100
2021-12-20,115.552543,Relative recruitment · 1 Feb 2020 = 100
2021-12-21,115.297164,Relative recruitment · 1 Feb 2020 = 100
2021-12-22,115.044173,Relative recruitment · 1 Feb 2020 = 100
2021-12-23,114.739897,Relative recruitment · 1 Feb 2020 = 100
2021-12-24,114.370586,Relative recruitment · 1 Feb 2020 = 100
2021-12-25,114.072192,Relative recruitment · 1 Feb 2020 = 100
2021-12-26,113.705659,Relative recruitment · 1 Feb 2020 = 100
2021-12-27,113.279857,Relative recruitment · 1 Feb 2020 = 100
2021-12-28,113.406696,Relative recruitment · 1 Feb 2020 = 100
2021-12-29,113.413627,Relative recruitment · 1 Feb 2020 = 100
2021-12-30,113.397717,Relative recruitment · 1 Feb 2020 = 100
2021-12-31,113.383325,Relative recruitment · 1 Feb 2020 = 100
2022-01-01,113.400521,Relative recruitment · 1 Feb 2020 = 100
2022-01-02,113.421388,Relative recruitment · 1 Feb 2020 = 100
2022-01-03,113.443878,Relative recruitment · 1 Feb 2020 = 100
2022-01-04,113.254987,Relative recruitment · 1 Feb 2020 = 100
2022-01-05,113.167317,Relative recruitment · 1 Feb 2020 = 100
2022-01-06,113.069575,Relative recruitment · 1 Feb 2020 = 100
2022-01-07,113.176087,Relative recruitment · 1 Feb 2020 = 100
2022-01-08,113.070305,Relative recruitment · 1 Feb 2020 = 100
2022-01-09,113.038331,Relative recruitment · 1 Feb 2020 = 100
2022-01-10,113.083594,Relative recruitment · 1 Feb 2020 = 100
2022-01-11,113.168159,Relative recruitment · 1 Feb 2020 = 100
2022-01-12,113.267481,Relative recruitment · 1 Feb 2020 = 100
2022-01-13,113.436048,Relative recruitment · 1 Feb 2020 = 100
2022-01-14,113.577361,Relative recruitment · 1 Feb 2020 = 100
2022-01-15,113.811565,Relative recruitment · 1 Feb 2020 = 100
2022-01-16,114.031886,Relative recruitment · 1 Feb 2020 = 100
2022-01-17,114.184284,Relative recruitment · 1 Feb 2020 = 100
2022-01-18,114.350843,Relative recruitment · 1 Feb 2020 = 100
2022-01-19,114.501943,Relative recruitment · 1 Feb 2020 = 100
2022-01-20,114.625502,Relative recruitment · 1 Feb 2020 = 100
2022-01-21,114.598377,Relative recruitment · 1 Feb 2020 = 100
2022-01-22,114.65848,Relative recruitment · 1 Feb 2020 = 100
2022-01-23,114.724816,Relative recruitment · 1 Feb 2020 = 100
2022-01-24,114.860516,Relative recruitment · 1 Feb 2020 = 100
2022-01-25,114.964747,Relative recruitment · 1 Feb 2020 = 100
2022-01-26,115.097112,Relative recruitment · 1 Feb 2020 = 100
2022-01-27,115.239555,Relative recruitment · 1 Feb 2020 = 100
2022-01-28,115.406618,Relative recruitment · 1 Feb 2020 = 100
2022-01-29,115.651805,Relative recruitment · 1 Feb 2020 = 100
2022-01-30,115.877003,Relative recruitment · 1 Feb 2020 = 100
2022-01-31,116.040833,Relative recruitment · 1 Feb 2020 = 100
2022-02-01,116.280472,Relative recruitment · 1 Feb 2020 = 100
2022-02-02,116.503931,Relative recruitment · 1 Feb 2020 = 100
2022-02-03,116.654002,Relative recruitment · 1 Feb 2020 = 100
2022-02-04,116.706728,Relative recruitment · 1 Feb 2020 = 100
2022-02-05,116.726706,Relative recruitment · 1 Feb 2020 = 100
2022-02-06,116.665614,Relative recruitment · 1 Feb 2020 = 100
2022-02-07,116.816134,Relative recruitment · 1 Feb 2020 = 100
2022-02-08,116.696124,Relative recruitment · 1 Feb 2020 = 100
2022-02-09,116.686641,Relative recruitment · 1 Feb 2020 = 100
2022-02-10,116.710775,Relative recruitment · 1 Feb 2020 = 100
2022-02-11,116.810408,Relative recruitment · 1 Feb 2020 = 100
2022-02-12,116.890929,Relative recruitment · 1 Feb 2020 = 100
2022-02-13,117.006995,Relative recruitment · 1 Feb 2020 = 100
2022-02-14,116.969012,Relative recruitment · 1 Feb 2020 = 100
2022-02-15,117.054434,Relative recruitment · 1 Feb 2020 = 100
2022-02-16,117.112601,Relative recruitment · 1 Feb 2020 = 100
2022-02-17,117.15631,Relative recruitment · 1 Feb 2020 = 100
2022-02-18,117.211438,Relative recruitment · 1 Feb 2020 = 100
2022-02-19,117.157477,Relative recruitment · 1 Feb 2020 = 100
2022-02-20,117.259222,Relative recruitment · 1 Feb 2020 = 100
2022-02-21,117.325,Relative recruitment · 1 Feb 2020 = 100
2022-02-22,117.445882,Relative recruitment · 1 Feb 2020 = 100
2022-02-23,117.504324,Relative recruitment · 1 Feb 2020 = 100
2022-02-24,117.533887,Relative recruitment · 1 Feb 2020 = 100
2022-02-25,117.569817,Relative recruitment · 1 Feb 2020 = 100
2022-02-26,117.745788,Relative recruitment · 1 Feb 2020 = 100
2022-02-27,117.774939,Relative recruitment · 1 Feb 2020 = 100
2022-02-28,117.877182,Relative recruitment · 1 Feb 2020 = 100
2022-03-01,117.849127,Relative recruitment · 1 Feb 2020 = 100
2022-03-02,117.906276,Relative recruitment · 1 Feb 2020 = 100
2022-03-03,117.945359,Relative recruitment · 1 Feb 2020 = 100
2022-03-04,117.934963,Relative recruitment · 1 Feb 2020 = 100
2022-03-05,117.825852,Relative recruitment · 1 Feb 2020 = 100
2022-03-06,117.795464,Relative recruitment · 1 Feb 2020 = 100
2022-03-07,117.842267,Relative recruitment · 1 Feb 2020 = 100
2022-03-08,117.904048,Relative recruitment · 1 Feb 2020 = 100
2022-03-09,117.850308,Relative recruitment · 1 Feb 2020 = 100
2022-03-10,117.825273,Relative recruitment · 1 Feb 2020 = 100
2022-03-11,117.810641,Relative recruitment · 1 Feb 2020 = 100
2022-03-12,117.834872,Relative recruitment · 1 Feb 2020 = 100
2022-03-13,117.795377,Relative recruitment · 1 Feb 2020 = 100
2022-03-14,117.60442,Relative recruitment · 1 Feb 2020 = 100
2022-03-15,117.474861,Relative recruitment · 1 Feb 2020 = 100
2022-03-16,117.36466,Relative recruitment · 1 Feb 2020 = 100
2022-03-17,117.265649,Relative recruitment · 1 Feb 2020 = 100
2022-03-18,117.209795,Relative recruitment · 1 Feb 2020 = 100
2022-03-19,117.19877,Relative recruitment · 1 Feb 2020 = 100
2022-03-20,117.169953,Relative recruitment · 1 Feb 2020 = 100
2022-03-21,117.122347,Relative recruitment · 1 Feb 2020 = 100
2022-03-22,117.105537,Relative recruitment · 1 Feb 2020 = 100
2022-03-23,117.156036,Relative recruitment · 1 Feb 2020 = 100
2022-03-24,117.21955,Relative recruitment · 1 Feb 2020 = 100
2022-03-25,117.274278,Relative recruitment · 1 Feb 2020 = 100
2022-03-26,117.297696,Relative recruitment · 1 Feb 2020 = 100
2022-03-27,117.284489,Relative recruitment · 1 Feb 2020 = 100
2022-03-28,117.253865,Relative recruitment · 1 Feb 2020 = 100
2022-03-29,117.234118,Relative recruitment · 1 Feb 2020 = 100
2022-03-30,117.267081,Relative recruitment · 1 Feb 2020 = 100
2022-03-31,117.284104,Relative recruitment · 1 Feb 2020 = 100
2022-04-01,117.371154,Relative recruitment · 1 Feb 2020 = 100
2022-04-02,117.503829,Relative recruitment · 1 Feb 2020 = 100
2022-04-03,117.698427,Relative recruitment · 1 Feb 2020 = 100
2022-04-04,117.811839,Relative recruitment · 1 Feb 2020 = 100
2022-04-05,117.895861,Relative recruitment · 1 Feb 2020 = 100
2022-04-06,117.821566,Relative recruitment · 1 Feb 2020 = 100
2022-04-07,117.858257,Relative recruitment · 1 Feb 2020 = 100
2022-04-08,117.747472,Relative recruitment · 1 Feb 2020 = 100
2022-04-09,117.437036,Relative recruitment · 1 Feb 2020 = 100
2022-04-10,117.14226,Relative recruitment · 1 Feb 2020 = 100
2022-04-11,116.847997,Relative recruitment · 1 Feb 2020 = 100
2022-04-12,116.541638,Relative recruitment · 1 Feb 2020 = 100
2022-04-13,116.297092,Relative recruitment · 1 Feb 2020 = 100
2022-04-14,115.925809,Relative recruitment · 1 Feb 2020 = 100
2022-04-15,115.556681,Relative recruitment · 1 Feb 2020 = 100
2022-04-16,115.448414,Relative recruitment · 1 Feb 2020 = 100
2022-04-17,115.269102,Relative recruitment · 1 Feb 2020 = 100
2022-04-18,115.183856,Relative recruitment · 1 Feb 2020 = 100
2022-04-19,115.188164,Relative recruitment · 1 Feb 2020 = 100
2022-04-20,115.177265,Relative recruitment · 1 Feb 2020 = 100
2022-04-21,115.150851,Relative recruitment · 1 Feb 2020 = 100
2022-04-22,115.382775,Relative recruitment · 1 Feb 2020 = 100
2022-04-23,115.586006,Relative recruitment · 1 Feb 2020 = 100
2022-04-24,115.585372,Relative recruitment · 1 Feb 2020 = 100
2022-04-25,115.627528,Relative recruitment · 1 Feb 2020 = 100
2022-04-26,115.619622,Relative recruitment · 1 Feb 2020 = 100
2022-04-27,115.283666,Relative recruitment · 1 Feb 2020 = 100
2022-04-28,115.325599,Relative recruitment · 1 Feb 2020 = 100
2022-04-29,115.121702,Relative recruitment · 1 Feb 2020 = 100
2022-04-30,114.857226,Relative recruitment · 1 Feb 2020 = 100
2022-05-01,114.629352,Relative recruitment · 1 Feb 2020 = 100
2022-05-02,114.560451,Relative recruitment · 1 Feb 2020 = 100
2022-05-03,114.596079,Relative recruitment · 1 Feb 2020 = 100
2022-05-04,114.947181,Relative recruitment · 1 Feb 2020 = 100
2022-05-05,114.920694,Relative recruitment · 1 Feb 2020 = 100
2022-05-06,114.989309,Relative recruitment · 1 Feb 2020 = 100
2022-05-07,115.108355,Relative recruitment · 1 Feb 2020 = 100
2022-05-08,115.425887,Relative recruitment · 1 Feb 2020 = 100
2022-05-09,115.604233,Relative recruitment · 1 Feb 2020 = 100
2022-05-10,115.697239,Relative recruitment · 1 Feb 2020 = 100
2022-05-11,115.777028,Relative recruitment · 1 Feb 2020 = 100
2022-05-12,115.921159,Relative recruitment · 1 Feb 2020 = 100
2022-05-13,115.994834,Relative recruitment · 1 Feb 2020 = 100
2022-05-14,116.025681,Relative recruitment · 1 Feb 2020 = 100
2022-05-15,116.022881,Relative recruitment · 1 Feb 2020 = 100
2022-05-16,115.985737,Relative recruitment · 1 Feb 2020 = 100
2022-05-17,115.814311,Relative recruitment · 1 Feb 2020 = 100
2022-05-18,115.748064,Relative recruitment · 1 Feb 2020 = 100
2022-05-19,115.737052,Relative recruitment · 1 Feb 2020 = 100
2022-05-20,115.673715,Relative recruitment · 1 Feb 2020 = 100
2022-05-21,115.5568,Relative recruitment · 1 Feb 2020 = 100
2022-05-22,115.476635,Relative recruitment · 1 Feb 2020 = 100
2022-05-23,115.424077,Relative recruitment · 1 Feb 2020 = 100
2022-05-24,115.437125,Relative recruitment · 1 Feb 2020 = 100
2022-05-25,115.376164,Relative recruitment · 1 Feb 2020 = 100
2022-05-26,115.276221,Relative recruitment · 1 Feb 2020 = 100
2022-05-27,115.137358,Relative recruitment · 1 Feb 2020 = 100
2022-05-28,115.067015,Relative recruitment · 1 Feb 2020 = 100
2022-05-29,115.005192,Relative recruitment · 1 Feb 2020 = 100
2022-05-30,114.936832,Relative recruitment · 1 Feb 2020 = 100
2022-05-31,114.85747,Relative recruitment · 1 Feb 2020 = 100
2022-06-01,114.749677,Relative recruitment · 1 Feb 2020 = 100
2022-06-02,114.603641,Relative recruitment · 1 Feb 2020 = 100
2022-06-03,114.489264,Relative recruitment · 1 Feb 2020 = 100
2022-06-04,114.389862,Relative recruitment · 1 Feb 2020 = 100
2022-06-05,114.326881,Relative recruitment · 1 Feb 2020 = 100
2022-06-06,114.260026,Relative recruitment · 1 Feb 2020 = 100
2022-06-07,114.211903,Relative recruitment · 1 Feb 2020 = 100
2022-06-08,114.205128,Relative recruitment · 1 Feb 2020 = 100
2022-06-09,114.268502,Relative recruitment · 1 Feb 2020 = 100
2022-06-10,114.347133,Relative recruitment · 1 Feb 2020 = 100
2022-06-11,114.405677,Relative recruitment · 1 Feb 2020 = 100
2022-06-12,114.411604,Relative recruitment · 1 Feb 2020 = 100
2022-06-13,114.409416,Relative recruitment · 1 Feb 2020 = 100
2022-06-14,114.472052,Relative recruitment · 1 Feb 2020 = 100
2022-06-15,114.456501,Relative recruitment · 1 Feb 2020 = 100
2022-06-16,114.328242,Relative recruitment · 1 Feb 2020 = 100
2022-06-17,114.231004,Relative recruitment · 1 Feb 2020 = 100
2022-06-18,114.096898,Relative recruitment · 1 Feb 2020 = 100
2022-06-19,114.00585,Relative recruitment · 1 Feb 2020 = 100
2022-06-20,113.920628,Relative recruitment · 1 Feb 2020 = 100
2022-06-21,113.819058,Relative recruitment · 1 Feb 2020 = 100
2022-06-22,113.733729,Relative recruitment · 1 Feb 2020 = 100
2022-06-23,113.706722,Relative recruitment · 1 Feb 2020 = 100
2022-06-24,113.679563,Relative recruitment · 1 Feb 2020 = 100
2022-06-25,113.646632,Relative recruitment · 1 Feb 2020 = 100
2022-06-26,113.574766,Relative recruitment · 1 Feb 2020 = 100
2022-06-27,113.384159,Relative recruitment · 1 Feb 2020 = 100
2022-06-28,113.254009,Relative recruitment · 1 Feb 2020 = 100
2022-06-29,113.089938,Relative recruitment · 1 Feb 2020 = 100
2022-06-30,112.969323,Relative recruitment · 1 Feb 2020 = 100
2022-07-01,112.793039,Relative recruitment · 1 Feb 2020 = 100
2022-07-02,112.722808,Relative recruitment · 1 Feb 2020 = 100
2022-07-03,112.641525,Relative recruitment · 1 Feb 2020 = 100
2022-07-04,112.542857,Relative recruitment · 1 Feb 2020 = 100
2022-07-05,112.53385,Relative recruitment · 1 Feb 2020 = 100
2022-07-06,112.502916,Relative recruitment · 1 Feb 2020 = 100
2022-07-07,112.508506,Relative recruitment · 1 Feb 2020 = 100
2022-07-08,112.432392,Relative recruitment · 1 Feb 2020 = 100
2022-07-09,112.250886,Relative recruitment · 1 Feb 2020 = 100
2022-07-10,112.082078,Relative recruitment · 1 Feb 2020 = 100
2022-07-11,111.963538,Relative recruitment · 1 Feb 2020 = 100
2022-07-12,111.790444,Relative recruitment · 1 Feb 2020 = 100
2022-07-13,111.662706,Relative recruitment · 1 Feb 2020 = 100
2022-07-14,111.469039,Relative recruitment · 1 Feb 2020 = 100
2022-07-15,111.379029,Relative recruitment · 1 Feb 2020 = 100
2022-07-16,111.307686,Relative recruitment · 1 Feb 2020 = 100
2022-07-17,111.268513,Relative recruitment · 1 Feb 2020 = 100
2022-07-18,111.104662,Relative recruitment · 1 Feb 2020 = 100
2022-07-19,111.016111,Relative recruitment · 1 Feb 2020 = 100
2022-07-20,111.168862,Relative recruitment · 1 Feb 2020 = 100
2022-07-21,111.245019,Relative recruitment · 1 Feb 2020 = 100
2022-07-22,111.333333,Relative recruitment · 1 Feb 2020 = 100
2022-07-23,111.259863,Relative recruitment · 1 Feb 2020 = 100
2022-07-24,111.353298,Relative recruitment · 1 Feb 2020 = 100
2022-07-25,111.543601,Relative recruitment · 1 Feb 2020 = 100
2022-07-26,111.577098,Relative recruitment · 1 Feb 2020 = 100
2022-07-27,111.379853,Relative recruitment · 1 Feb 2020 = 100
2022-07-28,111.282399,Relative recruitment · 1 Feb 2020 = 100
2022-07-29,111.189444,Relative recruitment · 1 Feb 2020 = 100
2022-07-30,111.298175,Relative recruitment · 1 Feb 2020 = 100
2022-07-31,111.186536,Relative recruitment · 1 Feb 2020 = 100
2022-08-01,111.139846,Relative recruitment · 1 Feb 2020 = 100
2022-08-02,111.001531,Relative recruitment · 1 Feb 2020 = 100
2022-08-03,110.895197,Relative recruitment · 1 Feb 2020 = 100
2022-08-04,110.774422,Relative recruitment · 1 Feb 2020 = 100
2022-08-05,110.639169,Relative recruitment · 1 Feb 2020 = 100
2022-08-06,110.455045,Relative recruitment · 1 Feb 2020 = 100
2022-08-07,110.336953,Relative recruitment · 1 Feb 2020 = 100
2022-08-08,110.271744,Relative recruitment · 1 Feb 2020 = 100
2022-08-09,110.301188,Relative recruitment · 1 Feb 2020 = 100
2022-08-10,110.277328,Relative recruitment · 1 Feb 2020 = 100
2022-08-11,110.257906,Relative recruitment · 1 Feb 2020 = 100
2022-08-12,110.226388,Relative recruitment · 1 Feb 2020 = 100
2022-08-13,110.131271,Relative recruitment · 1 Feb 2020 = 100
2022-08-14,110.104329,Relative recruitment · 1 Feb 2020 = 100
2022-08-15,110.08272,Relative recruitment · 1 Feb 2020 = 100
2022-08-16,110.018257,Relative recruitment · 1 Feb 2020 = 100
2022-08-17,109.963674,Relative recruitment · 1 Feb 2020 = 100
2022-08-18,109.924653,Relative recruitment · 1 Feb 2020 = 100
2022-08-19,109.883366,Relative recruitment · 1 Feb 2020 = 100
2022-08-20,109.900332,Relative recruitment · 1 Feb 2020 = 100
2022-08-21,109.833006,Relative recruitment · 1 Feb 2020 = 100
2022-08-22,109.725135,Relative recruitment · 1 Feb 2020 = 100
2022-08-23,109.522404,Relative recruitment · 1 Feb 2020 = 100
2022-08-24,109.472556,Relative recruitment · 1 Feb 2020 = 100
2022-08-25,109.407067,Relative recruitment · 1 Feb 2020 = 100
2022-08-26,109.329657,Relative recruitment · 1 Feb 2020 = 100
2022-08-27,109.206985,Relative recruitment · 1 Feb 2020 = 100
2022-08-28,109.1347,Relative recruitment · 1 Feb 2020 = 100
2022-08-29,109.048777,Relative recruitment · 1 Feb 2020 = 100
2022-08-30,108.981609,Relative recruitment · 1 Feb 2020 = 100
2022-08-31,108.866741,Relative recruitment · 1 Feb 2020 = 100
2022-09-01,108.721019,Relative recruitment · 1 Feb 2020 = 100
2022-09-02,108.620879,Relative recruitment · 1 Feb 2020 = 100
2022-09-03,108.498024,Relative recruitment · 1 Feb 2020 = 100
2022-09-04,108.380532,Relative recruitment · 1 Feb 2020 = 100
2022-09-05,108.218637,Relative recruitment · 1 Feb 2020 = 100
2022-09-06,108.144975,Relative recruitment · 1 Feb 2020 = 100
2022-09-07,108.081375,Relative recruitment · 1 Feb 2020 = 100
2022-09-08,107.933518,Relative recruitment · 1 Feb 2020 = 100
2022-09-09,107.818046,Relative recruitment · 1 Feb 2020 = 100
2022-09-10,107.737189,Relative recruitment · 1 Feb 2020 = 100
2022-09-11,107.608792,Relative recruitment · 1 Feb 2020 = 100
2022-09-12,107.540288,Relative recruitment · 1 Feb 2020 = 100
2022-09-13,107.449043,Relative recruitment · 1 Feb 2020 = 100
2022-09-14,107.315294,Relative recruitment · 1 Feb 2020 = 100
2022-09-15,107.315724,Relative recruitment · 1 Feb 2020 = 100
2022-09-16,107.308058,Relative recruitment · 1 Feb 2020 = 100
2022-09-17,107.291113,Relative recruitment · 1 Feb 2020 = 100
2022-09-18,107.330098,Relative recruitment · 1 Feb 2020 = 100
2022-09-19,107.341719,Relative recruitment · 1 Feb 2020 = 100
2022-09-20,107.359509,Relative recruitment · 1 Feb 2020 = 100
2022-09-21,107.394311,Relative recruitment · 1 Feb 2020 = 100
2022-09-22,107.386009,Relative recruitment · 1 Feb 2020 = 100
2022-09-23,107.279066,Relative recruitment · 1 Feb 2020 = 100
2022-09-24,107.202238,Relative recruitment · 1 Feb 2020 = 100
2022-09-25,107.069119,Relative recruitment · 1 Feb 2020 = 100
2022-09-26,107.004928,Relative recruitment · 1 Feb 2020 = 100
2022-09-27,106.935624,Relative recruitment · 1 Feb 2020 = 100
2022-09-28,106.79033,Relative recruitment · 1 Feb 2020 = 100
2022-09-29,106.678033,Relative recruitment · 1 Feb 2020 = 100
2022-09-30,106.660867,Relative recruitment · 1 Feb 2020 = 100
2022-10-01,106.583646,Relative recruitment · 1 Feb 2020 = 100
2022-10-02,106.477575,Relative recruitment · 1 Feb 2020 = 100
2022-10-03,106.342242,Relative recruitment · 1 Feb 2020 = 100
2022-10-04,106.149703,Relative recruitment · 1 Feb 2020 = 100
2022-10-05,106.008272,Relative recruitment · 1 Feb 2020 = 100
2022-10-06,105.836519,Relative recruitment · 1 Feb 2020 = 100
2022-10-07,105.723047,Relative recruitment · 1 Feb 2020 = 100
2022-10-08,105.57645,Relative recruitment · 1 Feb 2020 = 100
2022-10-09,105.458824,Relative recruitment · 1 Feb 2020 = 100
2022-10-10,105.399345,Relative recruitment · 1 Feb 2020 = 100
2022-10-11,105.382528,Relative recruitment · 1 Feb 2020 = 100
2022-10-12,105.303183,Relative recruitment · 1 Feb 2020 = 100
2022-10-13,105.217655,Relative recruitment · 1 Feb 2020 = 100
2022-10-14,105.103733,Relative recruitment · 1 Feb 2020 = 100
2022-10-15,105.068029,Relative recruitment · 1 Feb 2020 = 100
2022-10-16,105.073487,Relative recruitment · 1 Feb 2020 = 100
2022-10-17,105.003474,Relative recruitment · 1 Feb 2020 = 100
2022-10-18,105.001457,Relative recruitment · 1 Feb 2020 = 100
2022-10-19,105.024444,Relative recruitment · 1 Feb 2020 = 100
2022-10-20,105.027043,Relative recruitment · 1 Feb 2020 = 100
2022-10-21,104.967333,Relative recruitment · 1 Feb 2020 = 100
2022-10-22,104.796446,Relative recruitment · 1 Feb 2020 = 100
2022-10-23,104.723948,Relative recruitment · 1 Feb 2020 = 100
2022-10-24,104.710243,Relative recruitment · 1 Feb 2020 = 100
2022-10-25,104.634828,Relative recruitment · 1 Feb 2020 = 100
2022-10-26,104.550787,Relative recruitment · 1 Feb 2020 = 100
2022-10-27,104.497032,Relative recruitment · 1 Feb 2020 = 100
2022-10-28,104.42246,Relative recruitment · 1 Feb 2020 = 100
2022-10-29,104.43008,Relative recruitment · 1 Feb 2020 = 100
2022-10-30,104.301184,Relative recruitment · 1 Feb 2020 = 100
2022-10-31,104.169487,Relative recruitment · 1 Feb 2020 = 100
2022-11-01,104.007311,Relative recruitment · 1 Feb 2020 = 100
2022-11-02,103.76486,Relative recruitment · 1 Feb 2020 = 100
2022-11-03,103.56458,Relative recruitment · 1 Feb 2020 = 100
2022-11-04,103.389028,Relative recruitment · 1 Feb 2020 = 100
2022-11-05,103.188612,Relative recruitment · 1 Feb 2020 = 100
2022-11-06,103.062168,Relative recruitment · 1 Feb 2020 = 100
2022-11-07,103.006111,Relative recruitment · 1 Feb 2020 = 100
2022-11-08,102.808381,Relative recruitment · 1 Feb 2020 = 100
2022-11-09,102.690714,Relative recruitment · 1 Feb 2020 = 100
2022-11-10,102.54714,Relative recruitment · 1 Feb 2020 = 100
2022-11-11,102.410208,Relative recruitment · 1 Feb 2020 = 100
2022-11-12,102.321971,Relative recruitment · 1 Feb 2020 = 100
2022-11-13,102.146328,Relative recruitment · 1 Feb 2020 = 100
2022-11-14,101.86959,Relative recruitment · 1 Feb 2020 = 100
2022-11-15,101.776998,Relative recruitment · 1 Feb 2020 = 100
2022-11-16,101.723362,Relative recruitment · 1 Feb 2020 = 100
2022-11-17,101.644048,Relative recruitment · 1 Feb 2020 = 100
2022-11-18,101.551278,Relative recruitment · 1 Feb 2020 = 100
2022-11-19,101.416689,Relative recruitment · 1 Feb 2020 = 100
2022-11-20,101.336265,Relative recruitment · 1 Feb 2020 = 100
2022-11-21,101.307566,Relative recruitment · 1 Feb 2020 = 100
2022-11-22,101.192975,Relative recruitment · 1 Feb 2020 = 100
2022-11-23,101.085508,Relative recruitment · 1 Feb 2020 = 100
2022-11-24,100.999548,Relative recruitment · 1 Feb 2020 = 100
2022-11-25,100.949374,Relative recruitment · 1 Feb 2020 = 100
2022-11-26,100.938377,Relative recruitment · 1 Feb 2020 = 100
2022-11-27,100.89836,Relative recruitment · 1 Feb 2020 = 100
2022-11-28,100.834581,Relative recruitment · 1 Feb 2020 = 100
2022-11-29,100.815279,Relative recruitment · 1 Feb 2020 = 100
2022-11-30,100.80691,Relative recruitment · 1 Feb 2020 = 100
2022-12-01,100.798798,Relative recruitment · 1 Feb 2020 = 100
2022-12-02,100.781873,Relative recruitment · 1 Feb 2020 = 100
2022-12-03,100.728061,Relative recruitment · 1 Feb 2020 = 100
2022-12-04,100.689253,Relative recruitment · 1 Feb 2020 = 100
2022-12-05,100.623556,Relative recruitment · 1 Feb 2020 = 100
2022-12-06,100.576253,Relative recruitment · 1 Feb 2020 = 100
2022-12-07,100.563024,Relative recruitment · 1 Feb 2020 = 100
2022-12-08,100.456984,Relative recruitment · 1 Feb 2020 = 100
2022-12-09,100.378866,Relative recruitment · 1 Feb 2020 = 100
2022-12-10,100.318295,Relative recruitment · 1 Feb 2020 = 100
2022-12-11,100.275816,Relative recruitment · 1 Feb 2020 = 100
2022-12-12,100.229893,Relative recruitment · 1 Feb 2020 = 100
2022-12-13,100.184916,Relative recruitment · 1 Feb 2020 = 100
2022-12-14,100.061147,Relative recruitment · 1 Feb 2020 = 100
2022-12-15,99.998847,Relative recruitment · 1 Feb 2020 = 100
2022-12-16,99.931949,Relative recruitment · 1 Feb 2020 = 100
2022-12-17,99.913519,Relative recruitment · 1 Feb 2020 = 100
2022-12-18,99.865052,Relative recruitment · 1 Feb 2020 = 100
2022-12-19,99.839622,Relative recruitment · 1 Feb 2020 = 100
2022-12-20,99.806027,Relative recruitment · 1 Feb 2020 = 100
2022-12-21,99.789629,Relative recruitment · 1 Feb 2020 = 100
2022-12-22,99.766285,Relative recruitment · 1 Feb 2020 = 100
2022-12-23,99.637329,Relative recruitment · 1 Feb 2020 = 100
2022-12-24,99.480363,Relative recruitment · 1 Feb 2020 = 100
2022-12-25,99.330036,Relative recruitment · 1 Feb 2020 = 100
2022-12-26,99.185433,Relative recruitment · 1 Feb 2020 = 100
2022-12-27,99.041905,Relative recruitment · 1 Feb 2020 = 100
2022-12-28,98.889277,Relative recruitment · 1 Feb 2020 = 100
2022-12-29,98.761159,Relative recruitment · 1 Feb 2020 = 100
2022-12-30,98.722164,Relative recruitment · 1 Feb 2020 = 100
2022-12-31,98.703133,Relative recruitment · 1 Feb 2020 = 100
2023-01-01,98.669659,Relative recruitment · 1 Feb 2020 = 100
2023-01-02,98.641941,Relative recruitment · 1 Feb 2020 = 100
2023-01-03,98.57163,Relative recruitment · 1 Feb 2020 = 100
2023-01-04,98.40822,Relative recruitment · 1 Feb 2020 = 100
2023-01-05,98.289027,Relative recruitment · 1 Feb 2020 = 100
2023-01-06,98.183428,Relative recruitment · 1 Feb 2020 = 100
2023-01-07,98.134876,Relative recruitment · 1 Feb 2020 = 100
2023-01-08,98.03852,Relative recruitment · 1 Feb 2020 = 100
2023-01-09,97.911042,Relative recruitment · 1 Feb 2020 = 100
2023-01-10,97.905263,Relative recruitment · 1 Feb 2020 = 100
2023-01-11,97.974093,Relative recruitment · 1 Feb 2020 = 100
2023-01-12,98.028076,Relative recruitment · 1 Feb 2020 = 100
2023-01-13,98.063997,Relative recruitment · 1 Feb 2020 = 100
2023-01-14,97.940035,Relative recruitment · 1 Feb 2020 = 100
2023-01-15,97.995878,Relative recruitment · 1 Feb 2020 = 100
2023-01-16,98.076786,Relative recruitment · 1 Feb 2020 = 100
2023-01-17,98.084632,Relative recruitment · 1 Feb 2020 = 100
2023-01-18,98.057791,Relative recruitment · 1 Feb 2020 = 100
2023-01-19,98.066187,Relative recruitment · 1 Feb 2020 = 100
2023-01-20,98.01341,Relative recruitment · 1 Feb 2020 = 100
2023-01-21,97.997098,Relative recruitment · 1 Feb 2020 = 100
2023-01-22,97.912206,Relative recruitment · 1 Feb 2020 = 100
2023-01-23,97.781269,Relative recruitment · 1 Feb 2020 = 100
2023-01-24,97.680124,Relative recruitment · 1 Feb 2020 = 100
2023-01-25,97.605261,Relative recruitment · 1 Feb 2020 = 100
2023-01-26,97.45791,Relative recruitment · 1 Feb 2020 = 100
2023-01-27,97.367793,Relative recruitment · 1 Feb 2020 = 100
2023-01-28,97.315909,Relative recruitment · 1 Feb 2020 = 100
2023-01-29,97.259259,Relative recruitment · 1 Feb 2020 = 100
2023-01-30,97.218435,Relative recruitment · 1 Feb 2020 = 100
2023-01-31,97.146824,Relative recruitment · 1 Feb 2020 = 100
2023-02-01,97.082285,Relative recruitment · 1 Feb 2020 = 100
2023-02-02,97.052122,Relative recruitment · 1 Feb 2020 = 100
2023-02-03,97.024924,Relative recruitment · 1 Feb 2020 = 100
2023-02-04,96.964672,Relative recruitment · 1 Feb 2020 = 100
2023-02-05,96.882667,Relative recruitment · 1 Feb 2020 = 100
2023-02-06,96.83113,Relative recruitment · 1 Feb 2020 = 100
2023-02-07,96.824478,Relative recruitment · 1 Feb 2020 = 100
2023-02-08,96.72645,Relative recruitment · 1 Feb 2020 = 100
2023-02-09,96.644856,Relative recruitment · 1 Feb 2020 = 100
2023-02-10,96.595988,Relative recruitment · 1 Feb 2020 = 100
2023-02-11,96.534931,Relative recruitment · 1 Feb 2020 = 100
2023-02-12,96.486988,Relative recruitment · 1 Feb 2020 = 100
2023-02-13,96.398082,Relative recruitment · 1 Feb 2020 = 100
2023-02-14,96.184178,Relative recruitment · 1 Feb 2020 = 100
2023-02-15,96.138689,Relative recruitment · 1 Feb 2020 = 100
2023-02-16,96.061564,Relative recruitment · 1 Feb 2020 = 100
2023-02-17,95.917617,Relative recruitment · 1 Feb 2020 = 100
2023-02-18,95.525694,Relative recruitment · 1 Feb 2020 = 100
2023-02-19,95.168243,Relative recruitment · 1 Feb 2020 = 100
2023-02-20,95.083906,Relative recruitment · 1 Feb 2020 = 100
2023-02-21,95.046344,Relative recruitment · 1 Feb 2020 = 100
2023-02-22,94.907956,Relative recruitment · 1 Feb 2020 = 100
2023-02-23,94.763914,Relative recruitment · 1 Feb 2020 = 100
2023-02-24,94.609877,Relative recruitment · 1 Feb 2020 = 100
2023-02-25,94.657993,Relative recruitment · 1 Feb 2020 = 100
2023-02-26,94.639996,Relative recruitment · 1 Feb 2020 = 100
2023-02-27,94.387264,Relative recruitment · 1 Feb 2020 = 100
2023-02-28,94.138664,Relative recruitment · 1 Feb 2020 = 100
2023-03-01,93.955989,Relative recruitment · 1 Feb 2020 = 100
2023-03-02,93.713909,Relative recruitment · 1 Feb 2020 = 100
2023-03-03,93.522257,Relative recruitment · 1 Feb 2020 = 100
2023-03-04,93.382738,Relative recruitment · 1 Feb 2020 = 100
2023-03-05,93.281905,Relative recruitment · 1 Feb 2020 = 100
2023-03-06,93.155989,Relative recruitment · 1 Feb 2020 = 100
2023-03-07,93.145131,Relative recruitment · 1 Feb 2020 = 100
2023-03-08,92.963158,Relative recruitment · 1 Feb 2020 = 100
2023-03-09,92.901211,Relative recruitment · 1 Feb 2020 = 100
2023-03-10,92.62883,Relative recruitment · 1 Feb 2020 = 100
2023-03-11,92.277637,Relative recruitment · 1 Feb 2020 = 100
2023-03-12,91.930321,Relative recruitment · 1 Feb 2020 = 100
2023-03-13,91.59798,Relative recruitment · 1 Feb 2020 = 100
2023-03-14,91.141596,Relative recruitment · 1 Feb 2020 = 100
2023-03-15,90.912658,Relative recruitment · 1 Feb 2020 = 100
2023-03-16,90.555352,Relative recruitment · 1 Feb 2020 = 100
2023-03-17,90.440602,Relative recruitment · 1 Feb 2020 = 100
2023-03-18,90.425896,Relative recruitment · 1 Feb 2020 = 100
2023-03-19,90.430558,Relative recruitment · 1 Feb 2020 = 100
2023-03-20,90.402037,Relative recruitment · 1 Feb 2020 = 100
2023-03-21,90.495605,Relative recruitment · 1 Feb 2020 = 100
2023-03-22,90.469014,Relative recruitment · 1 Feb 2020 = 100
2023-03-23,90.517559,Relative recruitment · 1 Feb 2020 = 100
2023-03-24,90.485661,Relative recruitment · 1 Feb 2020 = 100
2023-03-25,90.435285,Relative recruitment · 1 Feb 2020 = 100
2023-03-26,90.298874,Relative recruitment · 1 Feb 2020 = 100
2023-03-27,90.172863,Relative recruitment · 1 Feb 2020 = 100
2023-03-28,89.948847,Relative recruitment · 1 Feb 2020 = 100
2023-03-29,89.76375,Relative recruitment · 1 Feb 2020 = 100
2023-03-30,89.529394,Relative recruitment · 1 Feb 2020 = 100
2023-03-31,89.346762,Relative recruitment · 1 Feb 2020 = 100
2023-04-01,89.257347,Relative recruitment · 1 Feb 2020 = 100
2023-04-02,89.238903,Relative recruitment · 1 Feb 2020 = 100
2023-04-03,89.230599,Relative recruitment · 1 Feb 2020 = 100
2023-04-04,89.216989,Relative recruitment · 1 Feb 2020 = 100
2023-04-05,89.155664,Relative recruitment · 1 Feb 2020 = 100
2023-04-06,89.143314,Relative recruitment · 1 Feb 2020 = 100
2023-04-07,89.159292,Relative recruitment · 1 Feb 2020 = 100
2023-04-08,89.062039,Relative recruitment · 1 Feb 2020 = 100
2023-04-09,88.89707,Relative recruitment · 1 Feb 2020 = 100
2023-04-10,88.809681,Relative recruitment · 1 Feb 2020 = 100
2023-04-11,88.74532,Relative recruitment · 1 Feb 2020 = 100
2023-04-12,88.724663,Relative recruitment · 1 Feb 2020 = 100
2023-04-13,88.688905,Relative recruitment · 1 Feb 2020 = 100
2023-04-14,88.633199,Relative recruitment · 1 Feb 2020 = 100
2023-04-15,88.339084,Relative recruitment · 1 Feb 2020 = 100
2023-04-16,88.246593,Relative recruitment · 1 Feb 2020 = 100
2023-04-17,88.135095,Relative recruitment · 1 Feb 2020 = 100
2023-04-18,88.023549,Relative recruitment · 1 Feb 2020 = 100
2023-04-19,87.985636,Relative recruitment · 1 Feb 2020 = 100
2023-04-20,87.938645,Relative recruitment · 1 Feb 2020 = 100
2023-04-21,87.809153,Relative recruitment · 1 Feb 2020 = 100
2023-04-22,87.981851,Relative recruitment · 1 Feb 2020 = 100
2023-04-23,88.005236,Relative recruitment · 1 Feb 2020 = 100
2023-04-24,87.965546,Relative recruitment · 1 Feb 2020 = 100
2023-04-25,87.915504,Relative recruitment · 1 Feb 2020 = 100
2023-04-26,87.915138,Relative recruitment · 1 Feb 2020 = 100
2023-04-27,87.957257,Relative recruitment · 1 Feb 2020 = 100
2023-04-28,88.144317,Relative recruitment · 1 Feb 2020 = 100
2023-04-29,88.120229,Relative recruitment · 1 Feb 2020 = 100
2023-04-30,88.079851,Relative recruitment · 1 Feb 2020 = 100
2023-05-01,88.049945,Relative recruitment · 1 Feb 2020 = 100
2023-05-02,88.146135,Relative recruitment · 1 Feb 2020 = 100
2023-05-03,88.184894,Relative recruitment · 1 Feb 2020 = 100
2023-05-04,88.096467,Relative recruitment · 1 Feb 2020 = 100
2023-05-05,88.034472,Relative recruitment · 1 Feb 2020 = 100
2023-05-06,88.169385,Relative recruitment · 1 Feb 2020 = 100
2023-05-07,88.355861,Relative recruitment · 1 Feb 2020 = 100
2023-05-08,88.452724,Relative recruitment · 1 Feb 2020 = 100
2023-05-09,88.450909,Relative recruitment · 1 Feb 2020 = 100
2023-05-10,88.405529,Relative recruitment · 1 Feb 2020 = 100
2023-05-11,88.51383,Relative recruitment · 1 Feb 2020 = 100
2023-05-12,88.410218,Relative recruitment · 1 Feb 2020 = 100
2023-05-13,88.390462,Relative recruitment · 1 Feb 2020 = 100
2023-05-14,88.288725,Relative recruitment · 1 Feb 2020 = 100
2023-05-15,88.290171,Relative recruitment · 1 Feb 2020 = 100
2023-05-16,88.28125,Relative recruitment · 1 Feb 2020 = 100
2023-05-17,88.212416,Relative recruitment · 1 Feb 2020 = 100
2023-05-18,88.196574,Relative recruitment · 1 Feb 2020 = 100
2023-05-19,88.214472,Relative recruitment · 1 Feb 2020 = 100
2023-05-20,88.140644,Relative recruitment · 1 Feb 2020 = 100
2023-05-21,88.11509,Relative recruitment · 1 Feb 2020 = 100
2023-05-22,88.014132,Relative recruitment · 1 Feb 2020 = 100
2023-05-23,87.859761,Relative recruitment · 1 Feb 2020 = 100
2023-05-24,87.787602,Relative recruitment · 1 Feb 2020 = 100
2023-05-25,87.646753,Relative recruitment · 1 Feb 2020 = 100
2023-05-26,87.55141,Relative recruitment · 1 Feb 2020 = 100
2023-05-27,87.451359,Relative recruitment · 1 Feb 2020 = 100
2023-05-28,87.305545,Relative recruitment · 1 Feb 2020 = 100
2023-05-29,87.243872,Relative recruitment · 1 Feb 2020 = 100
2023-05-30,87.243719,Relative recruitment · 1 Feb 2020 = 100
2023-05-31,87.190114,Relative recruitment · 1 Feb 2020 = 100
2023-06-01,87.048118,Relative recruitment · 1 Feb 2020 = 100
2023-06-02,86.930967,Relative recruitment · 1 Feb 2020 = 100
2023-06-03,86.867361,Relative recruitment · 1 Feb 2020 = 100
2023-06-04,86.801592,Relative recruitment · 1 Feb 2020 = 100
2023-06-05,86.723822,Relative recruitment · 1 Feb 2020 = 100
2023-06-06,86.666667,Relative recruitment · 1 Feb 2020 = 100
2023-06-07,86.668427,Relative recruitment · 1 Feb 2020 = 100
2023-06-08,86.598989,Relative recruitment · 1 Feb 2020 = 100
2023-06-09,86.508716,Relative recruitment · 1 Feb 2020 = 100
2023-06-10,86.356642,Relative recruitment · 1 Feb 2020 = 100
2023-06-11,86.236714,Relative recruitment · 1 Feb 2020 = 100
2023-06-12,86.12754,Relative recruitment · 1 Feb 2020 = 100
2023-06-13,85.943745,Relative recruitment · 1 Feb 2020 = 100
2023-06-14,85.695329,Relative recruitment · 1 Feb 2020 = 100
2023-06-15,85.687375,Relative recruitment · 1 Feb 2020 = 100
2023-06-16,85.654441,Relative recruitment · 1 Feb 2020 = 100
2023-06-17,85.621312,Relative recruitment · 1 Feb 2020 = 100
2023-06-18,85.586373,Relative recruitment · 1 Feb 2020 = 100
2023-06-19,85.564424,Relative recruitment · 1 Feb 2020 = 100
2023-06-20,85.612687,Relative recruitment · 1 Feb 2020 = 100
2023-06-21,85.711746,Relative recruitment · 1 Feb 2020 = 100
2023-06-22,85.69922,Relative recruitment · 1 Feb 2020 = 100
2023-06-23,85.702664,Relative recruitment · 1 Feb 2020 = 100
2023-06-24,85.700114,Relative recruitment · 1 Feb 2020 = 100
2023-06-25,85.773414,Relative recruitment · 1 Feb 2020 = 100
2023-06-26,85.795527,Relative recruitment · 1 Feb 2020 = 100
2023-06-27,85.829184,Relative recruitment · 1 Feb 2020 = 100
2023-06-28,85.841194,Relative recruitment · 1 Feb 2020 = 100
2023-06-29,85.741139,Relative recruitment · 1 Feb 2020 = 100
2023-06-30,85.684499,Relative recruitment · 1 Feb 2020 = 100
2023-07-01,85.611179,Relative recruitment · 1 Feb 2020 = 100
2023-07-02,85.520553,Relative recruitment · 1 Feb 2020 = 100
2023-07-03,85.464073,Relative recruitment · 1 Feb 2020 = 100
2023-07-04,85.405925,Relative recruitment · 1 Feb 2020 = 100
2023-07-05,85.297436,Relative recruitment · 1 Feb 2020 = 100
2023-07-06,85.370242,Relative recruitment · 1 Feb 2020 = 100
2023-07-07,85.50719,Relative recruitment · 1 Feb 2020 = 100
2023-07-08,85.553664,Relative recruitment · 1 Feb 2020 = 100
2023-07-09,85.602601,Relative recruitment · 1 Feb 2020 = 100
2023-07-10,85.638106,Relative recruitment · 1 Feb 2020 = 100
2023-07-11,85.924147,Relative recruitment · 1 Feb 2020 = 100
2023-07-12,86.268888,Relative recruitment · 1 Feb 2020 = 100
2023-07-13,86.612995,Relative recruitment · 1 Feb 2020 = 100
2023-07-14,86.838108,Relative recruitment · 1 Feb 2020 = 100
2023-07-15,87.111266,Relative recruitment · 1 Feb 2020 = 100
2023-07-16,87.35366,Relative recruitment · 1 Feb 2020 = 100
2023-07-17,87.653702,Relative recruitment · 1 Feb 2020 = 100
2023-07-18,87.607431,Relative recruitment · 1 Feb 2020 = 100
2023-07-19,87.552449,Relative recruitment · 1 Feb 2020 = 100
2023-07-20,87.515133,Relative recruitment · 1 Feb 2020 = 100
2023-07-21,87.419122,Relative recruitment · 1 Feb 2020 = 100
2023-07-22,87.300111,Relative recruitment · 1 Feb 2020 = 100
2023-07-23,87.181574,Relative recruitment · 1 Feb 2020 = 100
2023-07-24,87.05469,Relative recruitment · 1 Feb 2020 = 100
2023-07-25,86.963875,Relative recruitment · 1 Feb 2020 = 100
2023-07-26,86.883469,Relative recruitment · 1 Feb 2020 = 100
2023-07-27,86.669505,Relative recruitment · 1 Feb 2020 = 100
2023-07-28,86.571458,Relative recruitment · 1 Feb 2020 = 100
2023-07-29,86.578866,Relative recruitment · 1 Feb 2020 = 100
2023-07-30,86.570354,Relative recruitment · 1 Feb 2020 = 100
2023-07-31,86.498738,Relative recruitment · 1 Feb 2020 = 100
2023-08-01,86.439739,Relative recruitment · 1 Feb 2020 = 100
2023-08-02,86.383198,Relative recruitment · 1 Feb 2020 = 100
2023-08-03,86.345475,Relative recruitment · 1 Feb 2020 = 100
2023-08-04,86.316061,Relative recruitment · 1 Feb 2020 = 100
2023-08-05,86.311596,Relative recruitment · 1 Feb 2020 = 100
2023-08-06,86.276862,Relative recruitment · 1 Feb 2020 = 100
2023-08-07,86.36575,Relative recruitment · 1 Feb 2020 = 100
2023-08-08,86.355297,Relative recruitment · 1 Feb 2020 = 100
2023-08-09,86.338967,Relative recruitment · 1 Feb 2020 = 100
2023-08-10,86.32134,Relative recruitment · 1 Feb 2020 = 100
2023-08-11,86.314836,Relative recruitment · 1 Feb 2020 = 100
2023-08-12,86.264832,Relative recruitment · 1 Feb 2020 = 100
2023-08-13,86.297304,Relative recruitment · 1 Feb 2020 = 100
2023-08-14,86.227716,Relative recruitment · 1 Feb 2020 = 100
2023-08-15,86.234251,Relative recruitment · 1 Feb 2020 = 100
2023-08-16,86.261384,Relative recruitment · 1 Feb 2020 = 100
2023-08-17,86.310405,Relative recruitment · 1 Feb 2020 = 100
2023-08-18,86.344865,Relative recruitment · 1 Feb 2020 = 100
2023-08-19,86.40778,Relative recruitment · 1 Feb 2020 = 100
2023-08-20,86.407679,Relative recruitment · 1 Feb 2020 = 100
2023-08-21,86.365643,Relative recruitment · 1 Feb 2020 = 100
2023-08-22,86.413397,Relative recruitment · 1 Feb 2020 = 100
2023-08-23,86.493557,Relative recruitment · 1 Feb 2020 = 100
2023-08-24,86.54292,Relative recruitment · 1 Feb 2020 = 100
2023-08-25,86.547787,Relative recruitment · 1 Feb 2020 = 100
2023-08-26,86.551607,Relative recruitment · 1 Feb 2020 = 100
2023-08-27,86.52124,Relative recruitment · 1 Feb 2020 = 100
2023-08-28,86.514344,Relative recruitment · 1 Feb 2020 = 100
2023-08-29,86.451234,Relative recruitment · 1 Feb 2020 = 100
2023-08-30,86.344423,Relative recruitment · 1 Feb 2020 = 100
2023-08-31,86.266531,Relative recruitment · 1 Feb 2020 = 100
2023-09-01,86.241584,Relative recruitment · 1 Feb 2020 = 100
2023-09-02,86.18325,Relative recruitment · 1 Feb 2020 = 100
2023-09-03,86.154789,Relative recruitment · 1 Feb 2020 = 100
2023-09-04,86.117193,Relative recruitment · 1 Feb 2020 = 100
2023-09-05,86.048755,Relative recruitment · 1 Feb 2020 = 100
2023-09-06,86.028741,Relative recruitment · 1 Feb 2020 = 100
2023-09-07,86.100668,Relative recruitment · 1 Feb 2020 = 100
2023-09-08,86.089578,Relative recruitment · 1 Feb 2020 = 100
2023-09-09,86.068912,Relative recruitment · 1 Feb 2020 = 100
2023-09-10,86.035472,Relative recruitment · 1 Feb 2020 = 100
2023-09-11,86.005059,Relative recruitment · 1 Feb 2020 = 100
2023-09-12,86.020959,Relative recruitment · 1 Feb 2020 = 100
2023-09-13,86.002971,Relative recruitment · 1 Feb 2020 = 100
2023-09-14,85.933594,Relative recruitment · 1 Feb 2020 = 100
2023-09-15,85.93461,Relative recruitment · 1 Feb 2020 = 100
2023-09-16,85.972255,Relative recruitment · 1 Feb 2020 = 100
2023-09-17,85.959683,Relative recruitment · 1 Feb 2020 = 100
2023-09-18,85.982166,Relative recruitment · 1 Feb 2020 = 100
2023-09-19,86.003051,Relative recruitment · 1 Feb 2020 = 100
2023-09-20,85.971574,Relative recruitment · 1 Feb 2020 = 100
2023-09-21,85.891442,Relative recruitment · 1 Feb 2020 = 100
2023-09-22,85.835848,Relative recruitment · 1 Feb 2020 = 100
2023-09-23,85.578096,Relative recruitment · 1 Feb 2020 = 100
2023-09-24,85.511974,Relative recruitment · 1 Feb 2020 = 100
2023-09-25,85.440354,Relative recruitment · 1 Feb 2020 = 100
2023-09-26,85.354579,Relative recruitment · 1 Feb 2020 = 100
2023-09-27,85.29996,Relative recruitment · 1 Feb 2020 = 100
2023-09-28,85.338316,Relative recruitment · 1 Feb 2020 = 100
2023-09-29,85.305187,Relative recruitment · 1 Feb 2020 = 100
2023-09-30,85.388818,Relative recruitment · 1 Feb 2020 = 100
2023-10-01,85.387473,Relative recruitment · 1 Feb 2020 = 100
2023-10-02,85.38529,Relative recruitment · 1 Feb 2020 = 100
2023-10-03,85.358529,Relative recruitment · 1 Feb 2020 = 100
2023-10-04,85.385597,Relative recruitment · 1 Feb 2020 = 100
2023-10-05,85.25549,Relative recruitment · 1 Feb 2020 = 100
2023-10-06,85.271905,Relative recruitment · 1 Feb 2020 = 100
2023-10-07,85.424148,Relative recruitment · 1 Feb 2020 = 100
2023-10-08,85.444267,Relative recruitment · 1 Feb 2020 = 100
2023-10-09,85.459408,Relative recruitment · 1 Feb 2020 = 100
2023-10-10,85.483871,Relative recruitment · 1 Feb 2020 = 100
2023-10-11,85.451109,Relative recruitment · 1 Feb 2020 = 100
2023-10-12,85.522356,Relative recruitment · 1 Feb 2020 = 100
2023-10-13,85.504756,Relative recruitment · 1 Feb 2020 = 100
2023-10-14,85.395024,Relative recruitment · 1 Feb 2020 = 100
2023-10-15,85.429317,Relative recruitment · 1 Feb 2020 = 100
2023-10-16,85.484086,Relative recruitment · 1 Feb 2020 = 100
2023-10-17,85.538765,Relative recruitment · 1 Feb 2020 = 100
2023-10-18,85.627952,Relative recruitment · 1 Feb 2020 = 100
2023-10-19,85.715239,Relative recruitment · 1 Feb 2020 = 100
2023-10-20,85.791146,Relative recruitment · 1 Feb 2020 = 100
2023-10-21,85.812076,Relative recruitment · 1 Feb 2020 = 100
2023-10-22,85.820696,Relative recruitment · 1 Feb 2020 = 100
2023-10-23,85.838754,Relative recruitment · 1 Feb 2020 = 100
2023-10-24,85.81566,Relative recruitment · 1 Feb 2020 = 100
2023-10-25,85.790615,Relative recruitment · 1 Feb 2020 = 100
2023-10-26,85.712946,Relative recruitment · 1 Feb 2020 = 100
2023-10-27,85.608193,Relative recruitment · 1 Feb 2020 = 100
2023-10-28,85.587613,Relative recruitment · 1 Feb 2020 = 100
2023-10-29,85.553141,Relative recruitment · 1 Feb 2020 = 100
2023-10-30,85.478203,Relative recruitment · 1 Feb 2020 = 100
2023-10-31,85.463477,Relative recruitment · 1 Feb 2020 = 100
2023-11-01,85.35585,Relative recruitment · 1 Feb 2020 = 100
2023-11-02,85.298925,Relative recruitment · 1 Feb 2020 = 100
2023-11-03,85.305625,Relative recruitment · 1 Feb 2020 = 100
2023-11-04,85.259658,Relative recruitment · 1 Feb 2020 = 100
2023-11-05,85.232695,Relative recruitment · 1 Feb 2020 = 100
2023-11-06,85.190848,Relative recruitment · 1 Feb 2020 = 100
2023-11-07,85.214577,Relative recruitment · 1 Feb 2020 = 100
2023-11-08,85.225713,Relative recruitment · 1 Feb 2020 = 100
2023-11-09,85.193867,Relative recruitment · 1 Feb 2020 = 100
2023-11-10,85.12694,Relative recruitment · 1 Feb 2020 = 100
2023-11-11,85.092188,Relative recruitment · 1 Feb 2020 = 100
2023-11-12,85.061099,Relative recruitment · 1 Feb 2020 = 100
2023-11-13,85.01201,Relative recruitment · 1 Feb 2020 = 100
2023-11-14,84.918387,Relative recruitment · 1 Feb 2020 = 100
2023-11-15,84.862967,Relative recruitment · 1 Feb 2020 = 100
2023-11-16,84.84345,Relative recruitment · 1 Feb 2020 = 100
2023-11-17,84.817759,Relative recruitment · 1 Feb 2020 = 100
2023-11-18,84.740049,Relative recruitment · 1 Feb 2020 = 100
2023-11-19,84.755982,Relative recruitment · 1 Feb 2020 = 100
2023-11-20,84.748658,Relative recruitment · 1 Feb 2020 = 100
2023-11-21,84.726178,Relative recruitment · 1 Feb 2020 = 100
2023-11-22,84.819464,Relative recruitment · 1 Feb 2020 = 100
2023-11-23,84.884828,Relative recruitment · 1 Feb 2020 = 100
2023-11-24,84.934641,Relative recruitment · 1 Feb 2020 = 100
2023-11-25,85.039381,Relative recruitment · 1 Feb 2020 = 100
2023-11-26,85.021287,Relative recruitment · 1 Feb 2020 = 100
2023-11-27,85.069814,Relative recruitment · 1 Feb 2020 = 100
2023-11-28,85.105423,Relative recruitment · 1 Feb 2020 = 100
2023-11-29,85.065574,Relative recruitment · 1 Feb 2020 = 100
2023-11-30,84.993028,Relative recruitment · 1 Feb 2020 = 100
2023-12-01,84.974426,Relative recruitment · 1 Feb 2020 = 100
2023-12-02,84.904809,Relative recruitment · 1 Feb 2020 = 100
2023-12-03,84.845378,Relative recruitment · 1 Feb 2020 = 100
2023-12-04,84.695105,Relative recruitment · 1 Feb 2020 = 100
2023-12-05,84.592459,Relative recruitment · 1 Feb 2020 = 100
2023-12-06,84.542272,Relative recruitment · 1 Feb 2020 = 100
2023-12-07,84.615806,Relative recruitment · 1 Feb 2020 = 100
2023-12-08,84.61107,Relative recruitment · 1 Feb 2020 = 100
2023-12-09,84.623179,Relative recruitment · 1 Feb 2020 = 100
2023-12-10,84.714806,Relative recruitment · 1 Feb 2020 = 100
2023-12-11,84.83841,Relative recruitment · 1 Feb 2020 = 100
2023-12-12,84.908449,Relative recruitment · 1 Feb 2020 = 100
2023-12-13,84.966327,Relative recruitment · 1 Feb 2020 = 100
2023-12-14,84.989198,Relative recruitment · 1 Feb 2020 = 100
2023-12-15,84.99179,Relative recruitment · 1 Feb 2020 = 100
2023-12-16,85.052139,Relative recruitment · 1 Feb 2020 = 100
2023-12-17,85.143853,Relative recruitment · 1 Feb 2020 = 100
2023-12-18,85.161645,Relative recruitment · 1 Feb 2020 = 100
2023-12-19,85.172936,Relative recruitment · 1 Feb 2020 = 100
2023-12-20,85.187945,Relative recruitment · 1 Feb 2020 = 100
2023-12-21,85.150786,Relative recruitment · 1 Feb 2020 = 100
2023-12-22,85.113215,Relative recruitment · 1 Feb 2020 = 100
2023-12-23,85.057089,Relative recruitment · 1 Feb 2020 = 100
2023-12-24,84.890384,Relative recruitment · 1 Feb 2020 = 100
2023-12-25,84.853263,Relative recruitment · 1 Feb 2020 = 100
2023-12-26,84.846726,Relative recruitment · 1 Feb 2020 = 100
2023-12-27,84.779666,Relative recruitment · 1 Feb 2020 = 100
2023-12-28,84.732582,Relative recruitment · 1 Feb 2020 = 100
2023-12-29,84.779067,Relative recruitment · 1 Feb 2020 = 100
2023-12-30,84.82313,Relative recruitment · 1 Feb 2020 = 100
2023-12-31,84.876134,Relative recruitment · 1 Feb 2020 = 100
2024-01-01,84.91747,Relative recruitment · 1 Feb 2020 = 100
2024-01-02,84.991397,Relative recruitment · 1 Feb 2020 = 100
2024-01-03,85.093789,Relative recruitment · 1 Feb 2020 = 100
2024-01-04,85.154295,Relative recruitment · 1 Feb 2020 = 100
2024-01-05,85.191517,Relative recruitment · 1 Feb 2020 = 100
2024-01-06,85.24679,Relative recruitment · 1 Feb 2020 = 100
2024-01-07,85.428484,Relative recruitment · 1 Feb 2020 = 100
2024-01-08,85.479387,Relative recruitment · 1 Feb 2020 = 100
2024-01-09,85.478135,Relative recruitment · 1 Feb 2020 = 100
2024-01-10,85.434897,Relative recruitment · 1 Feb 2020 = 100
2024-01-11,85.380531,Relative recruitment · 1 Feb 2020 = 100
2024-01-12,85.354927,Relative recruitment · 1 Feb 2020 = 100
2024-01-13,85.279449,Relative recruitment · 1 Feb 2020 = 100
2024-01-14,85.139875,Relative recruitment · 1 Feb 2020 = 100
2024-01-15,85.091456,Relative recruitment · 1 Feb 2020 = 100
2024-01-16,85.07679,Relative recruitment · 1 Feb 2020 = 100
2024-01-17,85.106739,Relative recruitment · 1 Feb 2020 = 100
2024-01-18,85.166401,Relative recruitment · 1 Feb 2020 = 100
2024-01-19,85.219994,Relative recruitment · 1 Feb 2020 = 100
2024-01-20,85.326786,Relative recruitment · 1 Feb 2020 = 100
2024-01-21,85.359093,Relative recruitment · 1 Feb 2020 = 100
2024-01-22,85.425249,Relative recruitment · 1 Feb 2020 = 100
2024-01-23,85.417017,Relative recruitment · 1 Feb 2020 = 100
2024-01-24,85.419997,Relative recruitment · 1 Feb 2020 = 100
2024-01-25,85.445258,Relative recruitment · 1 Feb 2020 = 100
2024-01-26,85.441953,Relative recruitment · 1 Feb 2020 = 100
2024-01-27,85.43037,Relative recruitment · 1 Feb 2020 = 100
2024-01-28,85.410864,Relative recruitment · 1 Feb 2020 = 100
2024-01-29,85.379722,Relative recruitment · 1 Feb 2020 = 100
2024-01-30,85.425118,Relative recruitment · 1 Feb 2020 = 100
2024-01-31,85.404689,Relative recruitment · 1 Feb 2020 = 100
2024-02-01,85.437824,Relative recruitment · 1 Feb 2020 = 100
2024-02-02,85.375416,Relative recruitment · 1 Feb 2020 = 100
2024-02-03,85.367848,Relative recruitment · 1 Feb 2020 = 100
2024-02-04,85.364134,Relative recruitment · 1 Feb 2020 = 100
2024-02-05,85.338356,Relative recruitment · 1 Feb 2020 = 100
2024-02-06,85.280671,Relative recruitment · 1 Feb 2020 = 100
2024-02-07,85.364063,Relative recruitment · 1 Feb 2020 = 100
2024-02-08,85.271712,Relative recruitment · 1 Feb 2020 = 100
2024-02-09,85.279352,Relative recruitment · 1 Feb 2020 = 100
2024-02-10,85.494611,Relative recruitment · 1 Feb 2020 = 100
2024-02-11,85.703804,Relative recruitment · 1 Feb 2020 = 100
2024-02-12,85.898629,Relative recruitment · 1 Feb 2020 = 100
2024-02-13,86.117926,Relative recruitment · 1 Feb 2020 = 100
2024-02-14,86.221847,Relative recruitment · 1 Feb 2020 = 100
2024-02-15,86.487171,Relative recruitment · 1 Feb 2020 = 100
2024-02-16,86.75643,Relative recruitment · 1 Feb 2020 = 100
2024-02-17,86.609988,Relative recruitment · 1 Feb 2020 = 100
2024-02-18,86.569689,Relative recruitment · 1 Feb 2020 = 100
2024-02-19,86.563821,Relative recruitment · 1 Feb 2020 = 100
2024-02-20,86.531204,Relative recruitment · 1 Feb 2020 = 100
2024-02-21,86.480511,Relative recruitment · 1 Feb 2020 = 100
2024-02-22,86.21239,Relative recruitment · 1 Feb 2020 = 100
2024-02-23,85.925769,Relative recruitment · 1 Feb 2020 = 100
2024-02-24,85.801008,Relative recruitment · 1 Feb 2020 = 100
2024-02-25,85.58768,Relative recruitment · 1 Feb 2020 = 100
2024-02-26,85.380711,Relative recruitment · 1 Feb 2020 = 100
2024-02-27,85.217968,Relative recruitment · 1 Feb 2020 = 100
2024-02-28,85.078275,Relative recruitment · 1 Feb 2020 = 100
2024-02-29,85.160243,Relative recruitment · 1 Feb 2020 = 100
2024-03-01,85.334407,Relative recruitment · 1 Feb 2020 = 100
2024-03-02,85.356618,Relative recruitment · 1 Feb 2020 = 100
2024-03-03,85.283147,Relative recruitment · 1 Feb 2020 = 100
2024-03-04,85.292705,Relative recruitment · 1 Feb 2020 = 100
2024-03-05,85.213415,Relative recruitment · 1 Feb 2020 = 100
2024-03-06,85.092914,Relative recruitment · 1 Feb 2020 = 100
2024-03-07,84.962512,Relative recruitment · 1 Feb 2020 = 100
2024-03-08,84.805743,Relative recruitment · 1 Feb 2020 = 100
2024-03-09,84.74612,Relative recruitment · 1 Feb 2020 = 100
2024-03-10,84.726553,Relative recruitment · 1 Feb 2020 = 100
2024-03-11,84.638267,Relative recruitment · 1 Feb 2020 = 100
2024-03-12,84.619593,Relative recruitment · 1 Feb 2020 = 100
2024-03-13,84.662628,Relative recruitment · 1 Feb 2020 = 100
2024-03-14,84.699086,Relative recruitment · 1 Feb 2020 = 100
2024-03-15,84.664537,Relative recruitment · 1 Feb 2020 = 100
2024-03-16,84.324446,Relative recruitment · 1 Feb 2020 = 100
2024-03-17,84.056813,Relative recruitment · 1 Feb 2020 = 100
2024-03-18,83.814656,Relative recruitment · 1 Feb 2020 = 100
2024-03-19,83.529858,Relative recruitment · 1 Feb 2020 = 100
2024-03-20,83.187295,Relative recruitment · 1 Feb 2020 = 100
2024-03-21,82.836114,Relative recruitment · 1 Feb 2020 = 100
2024-03-22,82.55193,Relative recruitment · 1 Feb 2020 = 100
2024-03-23,82.646092,Relative recruitment · 1 Feb 2020 = 100
2024-03-24,82.650193,Relative recruitment · 1 Feb 2020 = 100
2024-03-25,82.655987,Relative recruitment · 1 Feb 2020 = 100
2024-03-26,82.644918,Relative recruitment · 1 Feb 2020 = 100
2024-03-27,82.646497,Relative recruitment · 1 Feb 2020 = 100
2024-03-28,82.649421,Relative recruitment · 1 Feb 2020 = 100
2024-03-29,82.611869,Relative recruitment · 1 Feb 2020 = 100
2024-03-30,82.518649,Relative recruitment · 1 Feb 2020 = 100
2024-03-31,82.501191,Relative recruitment · 1 Feb 2020 = 100
2024-04-01,82.446928,Relative recruitment · 1 Feb 2020 = 100
2024-04-02,82.358871,Relative recruitment · 1 Feb 2020 = 100
2024-04-03,82.360271,Relative recruitment · 1 Feb 2020 = 100
2024-04-04,82.308984,Relative recruitment · 1 Feb 2020 = 100
2024-04-05,82.232665,Relative recruitment · 1 Feb 2020 = 100
2024-04-06,82.187815,Relative recruitment · 1 Feb 2020 = 100
2024-04-07,82.112286,Relative recruitment · 1 Feb 2020 = 100
2024-04-08,82.074627,Relative recruitment · 1 Feb 2020 = 100
2024-04-09,82.087737,Relative recruitment · 1 Feb 2020 = 100
2024-04-10,82.052357,Relative recruitment · 1 Feb 2020 = 100
2024-04-11,82.093075,Relative recruitment · 1 Feb 2020 = 100
2024-04-12,82.202655,Relative recruitment · 1 Feb 2020 = 100
2024-04-13,82.271557,Relative recruitment · 1 Feb 2020 = 100
2024-04-14,82.340837,Relative recruitment · 1 Feb 2020 = 100
2024-04-15,82.37395,Relative recruitment · 1 Feb 2020 = 100
2024-04-16,82.399383,Relative recruitment · 1 Feb 2020 = 100
2024-04-17,82.417706,Relative recruitment · 1 Feb 2020 = 100
2024-04-18,82.392246,Relative recruitment · 1 Feb 2020 = 100
2024-04-19,82.302667,Relative recruitment · 1 Feb 2020 = 100
2024-04-20,82.207646,Relative recruitment · 1 Feb 2020 = 100
2024-04-21,82.19331,Relative recruitment · 1 Feb 2020 = 100
2024-04-22,82.201664,Relative recruitment · 1 Feb 2020 = 100
2024-04-23,82.231943,Relative recruitment · 1 Feb 2020 = 100
2024-04-24,82.20805,Relative recruitment · 1 Feb 2020 = 100
2024-04-25,82.221655,Relative recruitment · 1 Feb 2020 = 100
2024-04-26,82.26594,Relative recruitment · 1 Feb 2020 = 100
2024-04-27,82.345763,Relative recruitment · 1 Feb 2020 = 100
2024-04-28,82.359621,Relative recruitment · 1 Feb 2020 = 100
2024-04-29,82.379411,Relative recruitment · 1 Feb 2020 = 100
2024-04-30,82.437001,Relative recruitment · 1 Feb 2020 = 100
2024-05-01,82.526079,Relative recruitment · 1 Feb 2020 = 100
2024-05-02,82.589464,Relative recruitment · 1 Feb 2020 = 100
2024-05-03,82.646239,Relative recruitment · 1 Feb 2020 = 100
2024-05-04,82.689899,Relative recruitment · 1 Feb 2020 = 100
2024-05-05,82.732245,Relative recruitment · 1 Feb 2020 = 100
2024-05-06,82.795745,Relative recruitment · 1 Feb 2020 = 100
2024-05-07,82.767226,Relative recruitment · 1 Feb 2020 = 100
2024-05-08,82.778396,Relative recruitment · 1 Feb 2020 = 100
2024-05-09,82.839485,Relative recruitment · 1 Feb 2020 = 100
2024-05-10,82.934807,Relative recruitment · 1 Feb 2020 = 100
2024-05-11,83.031784,Relative recruitment · 1 Feb 2020 = 100
2024-05-12,83.133116,Relative recruitment · 1 Feb 2020 = 100
2024-05-13,83.195971,Relative recruitment · 1 Feb 2020 = 100
2024-05-14,83.29754,Relative recruitment · 1 Feb 2020 = 100
2024-05-15,83.376303,Relative recruitment · 1 Feb 2020 = 100
2024-05-16,83.374875,Relative recruitment · 1 Feb 2020 = 100
2024-05-17,83.340498,Relative recruitment · 1 Feb 2020 = 100
2024-05-18,83.262919,Relative recruitment · 1 Feb 2020 = 100
2024-05-19,83.196189,Relative recruitment · 1 Feb 2020 = 100
2024-05-20,83.133177,Relative recruitment · 1 Feb 2020 = 100
2024-05-21,83.063717,Relative recruitment · 1 Feb 2020 = 100
2024-05-22,83.06207,Relative recruitment · 1 Feb 2020 = 100
2024-05-23,83.101223,Relative recruitment · 1 Feb 2020 = 100
2024-05-24,83.162341,Relative recruitment · 1 Feb 2020 = 100
2024-05-25,83.288079,Relative recruitment · 1 Feb 2020 = 100
2024-05-26,83.392997,Relative recruitment · 1 Feb 2020 = 100
2024-05-27,83.52337,Relative recruitment · 1 Feb 2020 = 100
2024-05-28,83.655933,Relative recruitment · 1 Feb 2020 = 100
2024-05-29,83.672464,Relative recruitment · 1 Feb 2020 = 100
2024-05-30,83.668407,Relative recruitment · 1 Feb 2020 = 100
2024-05-31,83.683217,Relative recruitment · 1 Feb 2020 = 100
2024-06-01,83.683217,Relative recruitment · 1 Feb 2020 = 100
2024-06-02,83.692053,Relative recruitment · 1 Feb 2020 = 100
2024-06-03,83.68337,Relative recruitment · 1 Feb 2020 = 100
2024-06-04,83.655802,Relative recruitment · 1 Feb 2020 = 100
2024-06-05,83.652702,Relative recruitment · 1 Feb 2020 = 100
2024-06-06,83.674566,Relative recruitment · 1 Feb 2020 = 100
2024-06-07,83.65125,Relative recruitment · 1 Feb 2020 = 100
2024-06-08,83.665796,Relative recruitment · 1 Feb 2020 = 100
2024-06-09,83.632378,Relative recruitment · 1 Feb 2020 = 100
2024-06-10,83.603415,Relative recruitment · 1 Feb 2020 = 100
2024-06-11,83.568586,Relative recruitment · 1 Feb 2020 = 100
2024-06-12,83.555614,Relative recruitment · 1 Feb 2020 = 100
2024-06-13,83.526675,Relative recruitment · 1 Feb 2020 = 100
2024-06-14,83.510855,Relative recruitment · 1 Feb 2020 = 100
2024-06-15,83.385818,Relative recruitment · 1 Feb 2020 = 100
2024-06-16,83.328957,Relative recruitment · 1 Feb 2020 = 100
2024-06-17,83.302677,Relative recruitment · 1 Feb 2020 = 100
2024-06-18,83.251541,Relative recruitment · 1 Feb 2020 = 100
2024-06-19,83.231021,Relative recruitment · 1 Feb 2020 = 100
2024-06-20,83.204701,Relative recruitment · 1 Feb 2020 = 100
2024-06-21,83.267475,Relative recruitment · 1 Feb 2020 = 100
2024-06-22,83.38603,Relative recruitment · 1 Feb 2020 = 100
2024-06-23,83.444689,Relative recruitment · 1 Feb 2020 = 100
2024-06-24,83.503461,Relative recruitment · 1 Feb 2020 = 100
2024-06-25,83.632919,Relative recruitment · 1 Feb 2020 = 100
2024-06-26,83.694885,Relative recruitment · 1 Feb 2020 = 100
2024-06-27,83.801242,Relative recruitment · 1 Feb 2020 = 100
2024-06-28,83.814527,Relative recruitment · 1 Feb 2020 = 100
2024-06-29,83.740842,Relative recruitment · 1 Feb 2020 = 100
2024-06-30,83.695077,Relative recruitment · 1 Feb 2020 = 100
2024-07-01,83.621348,Relative recruitment · 1 Feb 2020 = 100
2024-07-02,83.544806,Relative recruitment · 1 Feb 2020 = 100
2024-07-03,83.478605,Relative recruitment · 1 Feb 2020 = 100
2024-07-04,83.425706,Relative recruitment · 1 Feb 2020 = 100
2024-07-05,83.389011,Relative recruitment · 1 Feb 2020 = 100
2024-07-06,83.443281,Relative recruitment · 1 Feb 2020 = 100
2024-07-07,83.490289,Relative recruitment · 1 Feb 2020 = 100
2024-07-08,83.549135,Relative recruitment · 1 Feb 2020 = 100
2024-07-09,83.528617,Relative recruitment · 1 Feb 2020 = 100
2024-07-10,83.556613,Relative recruitment · 1 Feb 2020 = 100
2024-07-11,83.531694,Relative recruitment · 1 Feb 2020 = 100
2024-07-12,83.512592,Relative recruitment · 1 Feb 2020 = 100
2024-07-13,83.525731,Relative recruitment · 1 Feb 2020 = 100
2024-07-14,83.53895,Relative recruitment · 1 Feb 2020 = 100
2024-07-15,83.509622,Relative recruitment · 1 Feb 2020 = 100
2024-07-16,83.749118,Relative recruitment · 1 Feb 2020 = 100
2024-07-17,83.950345,Relative recruitment · 1 Feb 2020 = 100
2024-07-18,84.126984,Relative recruitment · 1 Feb 2020 = 100
2024-07-19,84.262117,Relative recruitment · 1 Feb 2020 = 100
2024-07-20,84.310609,Relative recruitment · 1 Feb 2020 = 100
2024-07-21,84.42905,Relative recruitment · 1 Feb 2020 = 100
2024-07-22,84.533357,Relative recruitment · 1 Feb 2020 = 100
2024-07-23,84.345301,Relative recruitment · 1 Feb 2020 = 100
2024-07-24,84.229958,Relative recruitment · 1 Feb 2020 = 100
2024-07-25,84.111657,Relative recruitment · 1 Feb 2020 = 100
2024-07-26,84.040812,Relative recruitment · 1 Feb 2020 = 100
2024-07-27,84.039326,Relative recruitment · 1 Feb 2020 = 100
2024-07-28,83.955964,Relative recruitment · 1 Feb 2020 = 100
2024-07-29,83.932738,Relative recruitment · 1 Feb 2020 = 100
2024-07-30,83.960448,Relative recruitment · 1 Feb 2020 = 100
2024-07-31,83.91227,Relative recruitment · 1 Feb 2020 = 100
2024-08-01,83.913677,Relative recruitment · 1 Feb 2020 = 100
2024-08-02,83.853802,Relative recruitment · 1 Feb 2020 = 100
2024-08-03,83.761805,Relative recruitment · 1 Feb 2020 = 100
2024-08-04,83.709438,Relative recruitment · 1 Feb 2020 = 100
2024-08-05,83.66725,Relative recruitment · 1 Feb 2020 = 100
2024-08-06,83.64711,Relative recruitment · 1 Feb 2020 = 100
2024-08-07,83.656065,Relative recruitment · 1 Feb 2020 = 100
2024-08-08,83.65483,Relative recruitment · 1 Feb 2020 = 100
2024-08-09,83.731308,Relative recruitment · 1 Feb 2020 = 100
2024-08-10,83.76121,Relative recruitment · 1 Feb 2020 = 100
2024-08-11,83.792062,Relative recruitment · 1 Feb 2020 = 100
2024-08-12,83.874468,Relative recruitment · 1 Feb 2020 = 100
2024-08-13,83.93182,Relative recruitment · 1 Feb 2020 = 100
2024-08-14,83.976279,Relative recruitment · 1 Feb 2020 = 100
2024-08-15,84.007461,Relative recruitment · 1 Feb 2020 = 100
2024-08-16,84.040021,Relative recruitment · 1 Feb 2020 = 100
2024-08-17,84.166299,Relative recruitment · 1 Feb 2020 = 100
2024-08-18,84.240393,Relative recruitment · 1 Feb 2020 = 100
2024-08-19,84.244056,Relative recruitment · 1 Feb 2020 = 100
2024-08-20,84.248291,Relative recruitment · 1 Feb 2020 = 100
2024-08-21,84.199192,Relative recruitment · 1 Feb 2020 = 100
2024-08-22,84.155959,Relative recruitment · 1 Feb 2020 = 100
2024-08-23,84.181592,Relative recruitment · 1 Feb 2020 = 100
2024-08-24,84.201882,Relative recruitment · 1 Feb 2020 = 100
2024-08-25,84.216532,Relative recruitment · 1 Feb 2020 = 100
2024-08-26,84.24113,Relative recruitment · 1 Feb 2020 = 100
2024-08-27,84.362854,Relative recruitment · 1 Feb 2020 = 100
2024-08-28,84.555704,Relative recruitment · 1 Feb 2020 = 100
2024-08-29,84.815309,Relative recruitment · 1 Feb 2020 = 100
2024-08-30,84.995696,Relative recruitment · 1 Feb 2020 = 100
2024-08-31,85.190298,Relative recruitment · 1 Feb 2020 = 100
2024-09-01,85.384958,Relative recruitment · 1 Feb 2020 = 100
2024-09-02,85.593522,Relative recruitment · 1 Feb 2020 = 100
2024-09-03,85.646047,Relative recruitment · 1 Feb 2020 = 100
2024-09-04,85.724676,Relative recruitment · 1 Feb 2020 = 100
2024-09-05,85.732323,Relative recruitment · 1 Feb 2020 = 100
2024-09-06,85.771198,Relative recruitment · 1 Feb 2020 = 100
2024-09-07,85.748039,Relative recruitment · 1 Feb 2020 = 100
2024-09-08,85.741038,Relative recruitment · 1 Feb 2020 = 100
2024-09-09,85.799001,Relative recruitment · 1 Feb 2020 = 100
2024-09-10,85.842917,Relative recruitment · 1 Feb 2020 = 100
2024-09-11,85.857236,Relative recruitment · 1 Feb 2020 = 100
2024-09-12,85.894696,Relative recruitment · 1 Feb 2020 = 100
2024-09-13,85.857283,Relative recruitment · 1 Feb 2020 = 100
2024-09-14,85.864923,Relative recruitment · 1 Feb 2020 = 100
2024-09-15,85.839934,Relative recruitment · 1 Feb 2020 = 100
2024-09-16,85.735896,Relative recruitment · 1 Feb 2020 = 100
2024-09-17,85.757064,Relative recruitment · 1 Feb 2020 = 100
2024-09-18,85.740313,Relative recruitment · 1 Feb 2020 = 100
2024-09-19,85.754455,Relative recruitment · 1 Feb 2020 = 100
2024-09-20,85.798362,Relative recruitment · 1 Feb 2020 = 100
2024-09-21,85.839321,Relative recruitment · 1 Feb 2020 = 100
2024-09-22,85.894594,Relative recruitment · 1 Feb 2020 = 100
2024-09-23,86.028369,Relative recruitment · 1 Feb 2020 = 100
2024-09-24,86.056171,Relative recruitment · 1 Feb 2020 = 100
2024-09-25,86.094342,Relative recruitment · 1 Feb 2020 = 100
2024-09-26,86.0514,Relative recruitment · 1 Feb 2020 = 100
2024-09-27,86.014048,Relative recruitment · 1 Feb 2020 = 100
2024-09-28,85.928694,Relative recruitment · 1 Feb 2020 = 100
2024-09-29,85.860698,Relative recruitment · 1 Feb 2020 = 100
2024-09-30,85.770223,Relative recruitment · 1 Feb 2020 = 100
2024-10-01,85.734426,Relative recruitment · 1 Feb 2020 = 100
2024-10-02,85.669102,Relative recruitment · 1 Feb 2020 = 100
2024-10-03,85.652691,Relative recruitment · 1 Feb 2020 = 100
2024-10-04,85.621877,Relative recruitment · 1 Feb 2020 = 100
2024-10-05,85.631209,Relative recruitment · 1 Feb 2020 = 100
2024-10-06,85.599023,Relative recruitment · 1 Feb 2020 = 100
2024-10-07,85.544324,Relative recruitment · 1 Feb 2020 = 100
2024-10-08,85.515162,Relative recruitment · 1 Feb 2020 = 100
2024-10-09,85.521795,Relative recruitment · 1 Feb 2020 = 100
2024-10-10,85.499118,Relative recruitment · 1 Feb 2020 = 100
2024-10-11,85.554155,Relative recruitment · 1 Feb 2020 = 100
2024-10-12,85.554453,Relative recruitment · 1 Feb 2020 = 100
2024-10-13,85.572229,Relative recruitment · 1 Feb 2020 = 100
2024-10-14,85.613542,Relative recruitment · 1 Feb 2020 = 100
2024-10-15,85.65895,Relative recruitment · 1 Feb 2020 = 100
2024-10-16,85.683741,Relative recruitment · 1 Feb 2020 = 100
2024-10-17,85.711899,Relative recruitment · 1 Feb 2020 = 100
2024-10-18,85.737765,Relative recruitment · 1 Feb 2020 = 100
2024-10-19,85.731085,Relative recruitment · 1 Feb 2020 = 100
2024-10-20,85.788636,Relative recruitment · 1 Feb 2020 = 100
2024-10-21,85.84706,Relative recruitment · 1 Feb 2020 = 100
2024-10-22,85.879246,Relative recruitment · 1 Feb 2020 = 100
2024-10-23,85.939662,Relative recruitment · 1 Feb 2020 = 100
2024-10-24,86.03791,Relative recruitment · 1 Feb 2020 = 100
2024-10-25,86.026625,Relative recruitment · 1 Feb 2020 = 100
2024-10-26,86.106238,Relative recruitment · 1 Feb 2020 = 100
2024-10-27,86.102649,Relative recruitment · 1 Feb 2020 = 100
2024-10-28,86.08471,Relative recruitment · 1 Feb 2020 = 100
2024-10-29,86.101883,Relative recruitment · 1 Feb 2020 = 100
2024-10-30,86.146747,Relative recruitment · 1 Feb 2020 = 100
2024-10-31,86.179461,Relative recruitment · 1 Feb 2020 = 100
2024-11-01,86.242899,Relative recruitment · 1 Feb 2020 = 100
2024-11-02,86.245285,Relative recruitment · 1 Feb 2020 = 100
2024-11-03,86.26766,Relative recruitment · 1 Feb 2020 = 100
2024-11-04,86.332996,Relative recruitment · 1 Feb 2020 = 100
2024-11-05,86.315757,Relative recruitment · 1 Feb 2020 = 100
2024-11-06,86.24545,Relative recruitment · 1 Feb 2020 = 100
2024-11-07,86.165368,Relative recruitment · 1 Feb 2020 = 100
2024-11-08,86.099914,Relative recruitment · 1 Feb 2020 = 100
2024-11-09,86.061244,Relative recruitment · 1 Feb 2020 = 100
2024-11-10,86.004821,Relative recruitment · 1 Feb 2020 = 100
2024-11-11,85.954166,Relative recruitment · 1 Feb 2020 = 100
2024-11-12,85.942307,Relative recruitment · 1 Feb 2020 = 100
2024-11-13,85.939355,Relative recruitment · 1 Feb 2020 = 100
2024-11-14,85.921429,Relative recruitment · 1 Feb 2020 = 100
2024-11-15,85.865037,Relative recruitment · 1 Feb 2020 = 100
2024-11-16,85.893693,Relative recruitment · 1 Feb 2020 = 100
2024-11-17,85.934982,Relative recruitment · 1 Feb 2020 = 100
2024-11-18,85.973236,Relative recruitment · 1 Feb 2020 = 100
2024-11-19,86.018856,Relative recruitment · 1 Feb 2020 = 100
2024-11-20,85.979319,Relative recruitment · 1 Feb 2020 = 100
2024-11-21,85.925858,Relative recruitment · 1 Feb 2020 = 100
2024-11-22,85.887501,Relative recruitment · 1 Feb 2020 = 100
2024-11-23,85.861116,Relative recruitment · 1 Feb 2020 = 100
2024-11-24,85.805952,Relative recruitment · 1 Feb 2020 = 100
2024-11-25,85.700861,Relative recruitment · 1 Feb 2020 = 100
2024-11-26,85.624716,Relative recruitment · 1 Feb 2020 = 100
2024-11-27,85.644703,Relative recruitment · 1 Feb 2020 = 100
2024-11-28,85.691838,Relative recruitment · 1 Feb 2020 = 100
2024-11-29,85.76263,Relative recruitment · 1 Feb 2020 = 100
2024-11-30,85.783781,Relative recruitment · 1 Feb 2020 = 100
2024-12-01,85.855472,Relative recruitment · 1 Feb 2020 = 100
2024-12-02,85.893019,Relative recruitment · 1 Feb 2020 = 100
2024-12-03,85.911385,Relative recruitment · 1 Feb 2020 = 100
2024-12-04,85.907785,Relative recruitment · 1 Feb 2020 = 100
2024-12-05,85.894527,Relative recruitment · 1 Feb 2020 = 100
2024-12-06,85.865324,Relative recruitment · 1 Feb 2020 = 100
2024-12-07,85.837189,Relative recruitment · 1 Feb 2020 = 100
2024-12-08,85.819204,Relative recruitment · 1 Feb 2020 = 100
2024-12-09,85.858174,Relative recruitment · 1 Feb 2020 = 100
2024-12-10,85.842391,Relative recruitment · 1 Feb 2020 = 100
2024-12-11,85.866183,Relative recruitment · 1 Feb 2020 = 100
2024-12-12,85.860736,Relative recruitment · 1 Feb 2020 = 100
2024-12-13,85.847376,Relative recruitment · 1 Feb 2020 = 100
2024-12-14,85.838701,Relative recruitment · 1 Feb 2020 = 100
2024-12-15,85.829855,Relative recruitment · 1 Feb 2020 = 100
2024-12-16,85.787562,Relative recruitment · 1 Feb 2020 = 100
2024-12-17,85.803198,Relative recruitment · 1 Feb 2020 = 100
2024-12-18,85.738519,Relative recruitment · 1 Feb 2020 = 100
2024-12-19,85.725765,Relative recruitment · 1 Feb 2020 = 100
2024-12-20,85.71797,Relative recruitment · 1 Feb 2020 = 100
2024-12-21,85.69654,Relative recruitment · 1 Feb 2020 = 100
2024-12-22,85.628371,Relative recruitment · 1 Feb 2020 = 100
2024-12-23,85.549903,Relative recruitment · 1 Feb 2020 = 100
2024-12-24,85.470745,Relative recruitment · 1 Feb 2020 = 100
2024-12-25,85.465591,Relative recruitment · 1 Feb 2020 = 100
2024-12-26,85.440058,Relative recruitment · 1 Feb 2020 = 100
2024-12-27,85.399511,Relative recruitment · 1 Feb 2020 = 100
2024-12-28,85.442675,Relative recruitment · 1 Feb 2020 = 100
2024-12-29,85.489558,Relative recruitment · 1 Feb 2020 = 100
2024-12-30,85.558669,Relative recruitment · 1 Feb 2020 = 100
2024-12-31,85.618523,Relative recruitment · 1 Feb 2020 = 100
2025-01-01,85.684591,Relative recruitment · 1 Feb 2020 = 100
2025-01-02,85.759494,Relative recruitment · 1 Feb 2020 = 100
2025-01-03,85.853607,Relative recruitment · 1 Feb 2020 = 100
2025-01-04,85.84826,Relative recruitment · 1 Feb 2020 = 100
2025-01-05,85.857397,Relative recruitment · 1 Feb 2020 = 100
2025-01-06,85.839826,Relative recruitment · 1 Feb 2020 = 100
2025-01-07,85.850254,Relative recruitment · 1 Feb 2020 = 100
2025-01-08,85.867791,Relative recruitment · 1 Feb 2020 = 100
2025-01-09,85.845722,Relative recruitment · 1 Feb 2020 = 100
2025-01-10,85.798665,Relative recruitment · 1 Feb 2020 = 100
2025-01-11,85.779068,Relative recruitment · 1 Feb 2020 = 100
2025-01-12,85.778221,Relative recruitment · 1 Feb 2020 = 100
2025-01-13,85.779955,Relative recruitment · 1 Feb 2020 = 100
2025-01-14,85.728326,Relative recruitment · 1 Feb 2020 = 100
2025-01-15,85.657262,Relative recruitment · 1 Feb 2020 = 100
2025-01-16,85.638443,Relative recruitment · 1 Feb 2020 = 100
2025-01-17,85.641677,Relative recruitment · 1 Feb 2020 = 100
2025-01-18,85.633227,Relative recruitment · 1 Feb 2020 = 100
2025-01-19,85.628688,Relative recruitment · 1 Feb 2020 = 100
2025-01-20,85.61961,Relative recruitment · 1 Feb 2020 = 100
2025-01-21,85.645962,Relative recruitment · 1 Feb 2020 = 100
2025-01-22,85.623202,Relative recruitment · 1 Feb 2020 = 100
2025-01-23,85.553232,Relative recruitment · 1 Feb 2020 = 100
2025-01-24,85.499864,Relative recruitment · 1 Feb 2020 = 100
2025-01-25,85.480154,Relative recruitment · 1 Feb 2020 = 100
2025-01-26,85.426716,Relative recruitment · 1 Feb 2020 = 100
2025-01-27,85.335458,Relative recruitment · 1 Feb 2020 = 100
2025-01-28,85.234318,Relative recruitment · 1 Feb 2020 = 100
2025-01-29,85.167624,Relative recruitment · 1 Feb 2020 = 100
2025-01-30,85.108517,Relative recruitment · 1 Feb 2020 = 100
2025-01-31,85.056265,Relative recruitment · 1 Feb 2020 = 100
2025-02-01,84.96744,Relative recruitment · 1 Feb 2020 = 100
2025-02-02,84.87643,Relative recruitment · 1 Feb 2020 = 100
2025-02-03,84.825234,Relative recruitment · 1 Feb 2020 = 100
2025-02-04,84.790087,Relative recruitment · 1 Feb 2020 = 100
2025-02-05,84.754073,Relative recruitment · 1 Feb 2020 = 100
2025-02-06,84.742535,Relative recruitment · 1 Feb 2020 = 100
2025-02-07,84.686291,Relative recruitment · 1 Feb 2020 = 100
2025-02-08,84.654295,Relative recruitment · 1 Feb 2020 = 100
2025-02-09,84.598153,Relative recruitment · 1 Feb 2020 = 100
2025-02-10,84.503566,Relative recruitment · 1 Feb 2020 = 100
2025-02-11,84.442109,Relative recruitment · 1 Feb 2020 = 100
2025-02-12,84.386894,Relative recruitment · 1 Feb 2020 = 100
2025-02-13,84.298326,Relative recruitment · 1 Feb 2020 = 100
2025-02-14,84.240239,Relative recruitment · 1 Feb 2020 = 100
2025-02-15,84.063071,Relative recruitment · 1 Feb 2020 = 100
2025-02-16,84.033869,Relative recruitment · 1 Feb 2020 = 100
2025-02-17,84.067172,Relative recruitment · 1 Feb 2020 = 100
2025-02-18,84.058832,Relative recruitment · 1 Feb 2020 = 100
2025-02-19,84.033626,Relative recruitment · 1 Feb 2020 = 100
2025-02-20,83.913628,Relative recruitment · 1 Feb 2020 = 100
2025-02-21,83.767465,Relative recruitment · 1 Feb 2020 = 100
2025-02-22,83.854071,Relative recruitment · 1 Feb 2020 = 100
2025-02-23,83.820877,Relative recruitment · 1 Feb 2020 = 100
2025-02-24,83.737114,Relative recruitment · 1 Feb 2020 = 100
2025-02-25,83.668196,Relative recruitment · 1 Feb 2020 = 100
2025-02-26,83.608638,Relative recruitment · 1 Feb 2020 = 100
2025-02-27,83.669817,Relative recruitment · 1 Feb 2020 = 100
2025-02-28,83.71869,Relative recruitment · 1 Feb 2020 = 100
2025-03-01,83.665717,Relative recruitment · 1 Feb 2020 = 100
2025-03-02,83.635166,Relative recruitment · 1 Feb 2020 = 100
2025-03-03,83.665992,Relative recruitment · 1 Feb 2020 = 100
2025-03-04,83.715505,Relative recruitment · 1 Feb 2020 = 100
2025-03-05,83.692847,Relative recruitment · 1 Feb 2020 = 100
2025-03-06,83.725219,Relative recruitment · 1 Feb 2020 = 100
2025-03-07,83.790144,Relative recruitment · 1 Feb 2020 = 100
2025-03-08,83.88248,Relative recruitment · 1 Feb 2020 = 100
2025-03-09,83.942977,Relative recruitment · 1 Feb 2020 = 100
2025-03-10,83.923563,Relative recruitment · 1 Feb 2020 = 100
2025-03-11,83.907089,Relative recruitment · 1 Feb 2020 = 100
2025-03-12,84.013763,Relative recruitment · 1 Feb 2020 = 100
2025-03-13,84.062539,Relative recruitment · 1 Feb 2020 = 100
2025-03-14,84.12345,Relative recruitment · 1 Feb 2020 = 100
2025-03-15,84.12993,Relative recruitment · 1 Feb 2020 = 100
2025-03-16,84.151737,Relative recruitment · 1 Feb 2020 = 100
2025-03-17,84.269663,Relative recruitment · 1 Feb 2020 = 100
2025-03-18,84.345498,Relative recruitment · 1 Feb 2020 = 100
2025-03-19,84.387774,Relative recruitment · 1 Feb 2020 = 100
2025-03-20,84.441036,Relative recruitment · 1 Feb 2020 = 100
2025-03-21,84.503658,Relative recruitment · 1 Feb 2020 = 100
2025-03-22,84.582092,Relative recruitment · 1 Feb 2020 = 100
2025-03-23,84.661881,Relative recruitment · 1 Feb 2020 = 100
2025-03-24,84.668843,Relative recruitment · 1 Feb 2020 = 100
2025-03-25,84.687208,Relative recruitment · 1 Feb 2020 = 100
2025-03-26,84.661249,Relative recruitment · 1 Feb 2020 = 100
2025-03-27,84.264972,Relative recruitment · 1 Feb 2020 = 100
2025-03-28,83.582788,Relative recruitment · 1 Feb 2020 = 100
2025-03-29,82.905743,Relative recruitment · 1 Feb 2020 = 100
2025-03-30,82.194239,Relative recruitment · 1 Feb 2020 = 100
2025-03-31,81.500734,Relative recruitment · 1 Feb 2020 = 100
2025-04-01,80.83107,Relative recruitment · 1 Feb 2020 = 100
2025-04-02,80.24084,Relative recruitment · 1 Feb 2020 = 100
2025-04-03,80.017795,Relative recruitment · 1 Feb 2020 = 100
2025-04-04,80.080768,Relative recruitment · 1 Feb 2020 = 100
2025-04-05,80.109336,Relative recruitment · 1 Feb 2020 = 100
2025-04-06,80.169407,Relative recruitment · 1 Feb 2020 = 100
2025-04-07,80.246568,Relative recruitment · 1 Feb 2020 = 100
2025-04-08,80.252676,Relative recruitment · 1 Feb 2020 = 100
2025-04-09,80.193665,Relative recruitment · 1 Feb 2020 = 100
2025-04-10,80.156138,Relative recruitment · 1 Feb 2020 = 100
2025-04-11,80.03923,Relative recruitment · 1 Feb 2020 = 100
2025-04-12,79.940838,Relative recruitment · 1 Feb 2020 = 100
2025-04-13,79.87201,Relative recruitment · 1 Feb 2020 = 100
2025-04-14,79.768021,Relative recruitment · 1 Feb 2020 = 100
2025-04-15,79.684142,Relative recruitment · 1 Feb 2020 = 100
2025-04-16,79.669285,Relative recruitment · 1 Feb 2020 = 100
2025-04-17,79.660964,Relative recruitment · 1 Feb 2020 = 100
2025-04-18,79.761905,Relative recruitment · 1 Feb 2020 = 100
2025-04-19,79.869624,Relative recruitment · 1 Feb 2020 = 100
2025-04-20,79.995631,Relative recruitment · 1 Feb 2020 = 100
2025-04-21,80.158358,Relative recruitment · 1 Feb 2020 = 100
2025-04-22,80.346369,Relative recruitment · 1 Feb 2020 = 100
2025-04-23,80.466404,Relative recruitment · 1 Feb 2020 = 100
2025-04-24,80.498919,Relative recruitment · 1 Feb 2020 = 100
2025-04-25,80.493885,Relative recruitment · 1 Feb 2020 = 100
2025-04-26,80.460365,Relative recruitment · 1 Feb 2020 = 100
2025-04-27,80.402223,Relative recruitment · 1 Feb 2020 = 100
2025-04-28,80.345867,Relative recruitment · 1 Feb 2020 = 100
2025-04-29,80.252035,Relative recruitment · 1 Feb 2020 = 100
2025-04-30,80.146758,Relative recruitment · 1 Feb 2020 = 100
2025-05-01,80.074004,Relative recruitment · 1 Feb 2020 = 100
2025-05-02,80.034296,Relative recruitment · 1 Feb 2020 = 100
2025-05-03,80.086131,Relative recruitment · 1 Feb 2020 = 100
2025-05-04,80.145788,Relative recruitment · 1 Feb 2020 = 100
2025-05-05,80.099079,Relative recruitment · 1 Feb 2020 = 100
2025-05-06,80.156102,Relative recruitment · 1 Feb 2020 = 100
2025-05-07,80.202718,Relative recruitment · 1 Feb 2020 = 100
2025-05-08,80.272847,Relative recruitment · 1 Feb 2020 = 100
2025-05-09,80.337521,Relative recruitment · 1 Feb 2020 = 100
2025-05-10,80.343698,Relative recruitment · 1 Feb 2020 = 100
2025-05-11,80.234538,Relative recruitment · 1 Feb 2020 = 100
2025-05-12,80.242087,Relative recruitment · 1 Feb 2020 = 100
2025-05-13,80.194489,Relative recruitment · 1 Feb 2020 = 100
2025-05-14,80.164197,Relative recruitment · 1 Feb 2020 = 100
2025-05-15,80.133346,Relative recruitment · 1 Feb 2020 = 100
2025-05-16,80.107578,Relative recruitment · 1 Feb 2020 = 100
2025-05-17,79.931941,Relative recruitment · 1 Feb 2020 = 100
2025-05-18,80.023931,Relative recruitment · 1 Feb 2020 = 100
2025-05-19,80.202039,Relative recruitment · 1 Feb 2020 = 100
2025-05-20,80.364952,Relative recruitment · 1 Feb 2020 = 100
2025-05-21,80.539045,Relative recruitment · 1 Feb 2020 = 100
2025-05-22,80.599057,Relative recruitment · 1 Feb 2020 = 100
2025-05-23,80.69472,Relative recruitment · 1 Feb 2020 = 100
2025-05-24,80.943408,Relative recruitment · 1 Feb 2020 = 100
2025-05-25,81.021095,Relative recruitment · 1 Feb 2020 = 100
2025-05-26,81.003618,Relative recruitment · 1 Feb 2020 = 100
2025-05-27,80.996693,Relative recruitment · 1 Feb 2020 = 100
2025-05-28,80.96206,Relative recruitment · 1 Feb 2020 = 100
2025-05-29,81.099234,Relative recruitment · 1 Feb 2020 = 100
2025-05-30,81.177548,Relative recruitment · 1 Feb 2020 = 100
2025-05-31,81.24921,Relative recruitment · 1 Feb 2020 = 100
2025-06-01,81.319306,Relative recruitment · 1 Feb 2020 = 100
2025-06-02,81.398471,Relative recruitment · 1 Feb 2020 = 100
2025-06-03,81.507974,Relative recruitment · 1 Feb 2020 = 100
2025-06-04,81.655778,Relative recruitment · 1 Feb 2020 = 100
2025-06-05,81.800114,Relative recruitment · 1 Feb 2020 = 100
2025-06-06,81.942344,Relative recruitment · 1 Feb 2020 = 100
2025-06-07,81.998929,Relative recruitment · 1 Feb 2020 = 100
2025-06-08,82.068748,Relative recruitment · 1 Feb 2020 = 100
2025-06-09,82.118171,Relative recruitment · 1 Feb 2020 = 100
2025-06-10,82.164408,Relative recruitment · 1 Feb 2020 = 100
2025-06-11,82.264795,Relative recruitment · 1 Feb 2020 = 100
2025-06-12,82.314604,Relative recruitment · 1 Feb 2020 = 100
2025-06-13,82.345773,Relative recruitment · 1 Feb 2020 = 100
2025-06-14,82.353967,Relative recruitment · 1 Feb 2020 = 100
2025-06-15,82.490494,Relative recruitment · 1 Feb 2020 = 100
2025-06-16,82.579214,Relative recruitment · 1 Feb 2020 = 100
2025-06-17,82.628461,Relative recruitment · 1 Feb 2020 = 100
2025-06-18,82.634598,Relative recruitment · 1 Feb 2020 = 100
2025-06-19,82.645493,Relative recruitment · 1 Feb 2020 = 100
2025-06-20,82.659564,Relative recruitment · 1 Feb 2020 = 100
2025-06-21,82.749066,Relative recruitment · 1 Feb 2020 = 100
2025-06-22,82.693465,Relative recruitment · 1 Feb 2020 = 100
2025-06-23,82.715463,Relative recruitment · 1 Feb 2020 = 100
2025-06-24,82.704313,Relative recruitment · 1 Feb 2020 = 100
2025-06-25,82.711881,Relative recruitment · 1 Feb 2020 = 100
2025-06-26,82.711348,Relative recruitment · 1 Feb 2020 = 100
2025-06-27,82.72046,Relative recruitment · 1 Feb 2020 = 100
2025-06-28,82.716285,Relative recruitment · 1 Feb 2020 = 100
2025-06-29,82.649426,Relative recruitment · 1 Feb 2020 = 100
2025-06-30,82.54468,Relative recruitment · 1 Feb 2020 = 100
2025-07-01,82.412707,Relative recruitment · 1 Feb 2020 = 100
2025-07-02,82.300716,Relative recruitment · 1 Feb 2020 = 100
2025-07-03,82.18934,Relative recruitment · 1 Feb 2020 = 100
2025-07-04,82.136491,Relative recruitment · 1 Feb 2020 = 100
2025-07-05,82.092875,Relative recruitment · 1 Feb 2020 = 100
2025-07-06,82.158212,Relative recruitment · 1 Feb 2020 = 100
2025-07-07,82.249322,Relative recruitment · 1 Feb 2020 = 100
2025-07-08,82.454543,Relative recruitment · 1 Feb 2020 = 100
2025-07-09,82.650614,Relative recruitment · 1 Feb 2020 = 100
2025-07-10,82.878599,Relative recruitment · 1 Feb 2020 = 100
2025-07-11,83.001698,Relative recruitment · 1 Feb 2020 = 100
2025-07-12,83.344563,Relative recruitment · 1 Feb 2020 = 100
2025-07-13,83.680254,Relative recruitment · 1 Feb 2020 = 100
2025-07-14,83.960323,Relative recruitment · 1 Feb 2020 = 100
2025-07-15,84.330443,Relative recruitment · 1 Feb 2020 = 100
2025-07-16,84.585018,Relative recruitment · 1 Feb 2020 = 100
2025-07-17,84.843965,Relative recruitment · 1 Feb 2020 = 100
2025-07-18,85.032868,Relative recruitment · 1 Feb 2020 = 100
2025-07-19,84.950273,Relative recruitment · 1 Feb 2020 = 100
2025-07-20,85.031561,Relative recruitment · 1 Feb 2020 = 100
2025-07-21,85.049632,Relative recruitment · 1 Feb 2020 = 100
2025-07-22,84.937252,Relative recruitment · 1 Feb 2020 = 100
2025-07-23,84.793946,Relative recruitment · 1 Feb 2020 = 100
2025-07-24,84.738744,Relative recruitment · 1 Feb 2020 = 100
2025-07-25,84.734337,Relative recruitment · 1 Feb 2020 = 100
2025-07-26,84.807907,Relative recruitment · 1 Feb 2020 = 100
2025-07-27,84.724746,Relative recruitment · 1 Feb 2020 = 100
2025-07-28,84.73483,Relative recruitment · 1 Feb 2020 = 100
2025-07-29,84.71957,Relative recruitment · 1 Feb 2020 = 100
2025-07-30,84.800738,Relative recruitment · 1 Feb 2020 = 100
2025-07-31,84.762132,Relative recruitment · 1 Feb 2020 = 100
2025-08-01,84.863962,Relative recruitment · 1 Feb 2020 = 100
2025-08-02,84.883647,Relative recruitment · 1 Feb 2020 = 100
2025-08-03,84.904339,Relative recruitment · 1 Feb 2020 = 100
2025-08-04,84.91275,Relative recruitment · 1 Feb 2020 = 100
2025-08-05,84.935959,Relative recruitment · 1 Feb 2020 = 100
2025-08-06,84.921166,Relative recruitment · 1 Feb 2020 = 100
2025-08-07,84.926927,Relative recruitment · 1 Feb 2020 = 100
2025-08-08,84.84588,Relative recruitment · 1 Feb 2020 = 100
2025-08-09,84.778733,Relative recruitment · 1 Feb 2020 = 100
2025-08-10,84.779634,Relative recruitment · 1 Feb 2020 = 100
2025-08-11,84.798867,Relative recruitment · 1 Feb 2020 = 100
2025-08-12,84.759996,Relative recruitment · 1 Feb 2020 = 100
2025-08-13,84.767949,Relative recruitment · 1 Feb 2020 = 100
2025-08-14,84.780672,Relative recruitment · 1 Feb 2020 = 100
2025-08-15,84.836196,Relative recruitment · 1 Feb 2020 = 100
2025-08-16,84.931986,Relative recruitment · 1 Feb 2020 = 100
2025-08-17,84.986173,Relative recruitment · 1 Feb 2020 = 100
2025-08-18,85.062893,Relative recruitment · 1 Feb 2020 = 100
2025-08-19,85.167016,Relative recruitment · 1 Feb 2020 = 100
2025-08-20,85.313908,Relative recruitment · 1 Feb 2020 = 100
2025-08-21,85.470818,Relative recruitment · 1 Feb 2020 = 100
2025-08-22,85.552066,Relative recruitment · 1 Feb 2020 = 100
2025-08-23,85.617895,Relative recruitment · 1 Feb 2020 = 100
2025-08-24,85.713378,Relative recruitment · 1 Feb 2020 = 100
2025-08-25,85.76647,Relative recruitment · 1 Feb 2020 = 100
2025-08-26,85.864074,Relative recruitment · 1 Feb 2020 = 100
2025-08-27,85.975125,Relative recruitment · 1 Feb 2020 = 100
2025-08-28,86.086167,Relative recruitment · 1 Feb 2020 = 100
2025-08-29,86.092493,Relative recruitment · 1 Feb 2020 = 100
2025-08-30,86.153723,Relative recruitment · 1 Feb 2020 = 100
2025-08-31,86.165033,Relative recruitment · 1 Feb 2020 = 100
2025-09-01,86.153353,Relative recruitment · 1 Feb 2020 = 100
2025-09-02,86.137372,Relative recruitment · 1 Feb 2020 = 100
2025-09-03,85.994722,Relative recruitment · 1 Feb 2020 = 100
2025-09-04,85.907715,Relative recruitment · 1 Feb 2020 = 100
2025-09-05,85.917737,Relative recruitment · 1 Feb 2020 = 100
2025-09-06,85.929107,Relative recruitment · 1 Feb 2020 = 100
2025-09-07,85.91882,Relative recruitment · 1 Feb 2020 = 100
2025-09-08,85.994276,Relative recruitment · 1 Feb 2020 = 100
2025-09-09,85.997492,Relative recruitment · 1 Feb 2020 = 100
2025-09-10,86.096894,Relative recruitment · 1 Feb 2020 = 100
2025-09-11,86.133398,Relative recruitment · 1 Feb 2020 = 100
2025-09-12,86.186099,Relative recruitment · 1 Feb 2020 = 100
2025-09-13,86.217141,Relative recruitment · 1 Feb 2020 = 100
2025-09-14,86.282599,Relative recruitment · 1 Feb 2020 = 100
2025-09-15,86.273843,Relative recruitment · 1 Feb 2020 = 100
2025-09-16,86.329898,Relative recruitment · 1 Feb 2020 = 100
2025-09-17,86.374542,Relative recruitment · 1 Feb 2020 = 100
2025-09-18,86.440183,Relative recruitment · 1 Feb 2020 = 100
2025-09-19,86.543836,Relative recruitment · 1 Feb 2020 = 100
2025-09-20,86.646498,Relative recruitment · 1 Feb 2020 = 100
2025-09-21,86.716155,Relative recruitment · 1 Feb 2020 = 100
2025-09-22,86.801956,Relative recruitment · 1 Feb 2020 = 100
2025-09-23,86.867104,Relative recruitment · 1 Feb 2020 = 100
2025-09-24,86.907914,Relative recruitment · 1 Feb 2020 = 100
2025-09-25,86.931762,Relative recruitment · 1 Feb 2020 = 100
2025-09-26,86.964783,Relative recruitment · 1 Feb 2020 = 100
2025-09-27,87.073323,Relative recruitment · 1 Feb 2020 = 100
2025-09-28,87.23219,Relative recruitment · 1 Feb 2020 = 100
2025-09-29,87.343,Relative recruitment · 1 Feb 2020 = 100
2025-09-30,87.483148,Relative recruitment · 1 Feb 2020 = 100
2025-10-01,87.550994,Relative recruitment · 1 Feb 2020 = 100
2025-10-02,87.625066,Relative recruitment · 1 Feb 2020 = 100
2025-10-03,87.66285,Relative recruitment · 1 Feb 2020 = 100
2025-10-04,87.64586,Relative recruitment · 1 Feb 2020 = 100
2025-10-05,87.631864,Relative recruitment · 1 Feb 2020 = 100
2025-10-06,87.631017,Relative recruitment · 1 Feb 2020 = 100
2025-10-07,87.627782,Relative recruitment · 1 Feb 2020 = 100
2025-10-08,87.694028,Relative recruitment · 1 Feb 2020 = 100
2025-10-09,87.761985,Relative recruitment · 1 Feb 2020 = 100
2025-10-10,87.81532,Relative recruitment · 1 Feb 2020 = 100
2025-10-11,87.850929,Relative recruitment · 1 Feb 2020 = 100
2025-10-12,87.844921,Relative recruitment · 1 Feb 2020 = 100
2025-10-13,87.881487,Relative recruitment · 1 Feb 2020 = 100
2025-10-14,87.882838,Relative recruitment · 1 Feb 2020 = 100
2025-10-15,87.892584,Relative recruitment · 1 Feb 2020 = 100
2025-10-16,87.859736,Relative recruitment · 1 Feb 2020 = 100
2025-10-17,87.825211,Relative recruitment · 1 Feb 2020 = 100
2025-10-18,87.782409,Relative recruitment · 1 Feb 2020 = 100
2025-10-19,87.808428,Relative recruitment · 1 Feb 2020 = 100
2025-10-20,87.790678,Relative recruitment · 1 Feb 2020 = 100
2025-10-21,87.796672,Relative recruitment · 1 Feb 2020 = 100
2025-10-22,87.760546,Relative recruitment · 1 Feb 2020 = 100
2025-10-23,87.771919,Relative recruitment · 1 Feb 2020 = 100
2025-10-24,87.812479,Relative recruitment · 1 Feb 2020 = 100
2025-10-25,87.873969,Relative recruitment · 1 Feb 2020 = 100
2025-10-26,87.937266,Relative recruitment · 1 Feb 2020 = 100
2025-10-27,88.013994,Relative recruitment · 1 Feb 2020 = 100
2025-10-28,88.131413,Relative recruitment · 1 Feb 2020 = 100
2025-10-29,88.255467,Relative recruitment · 1 Feb 2020 = 100
2025-10-30,88.319923,Relative recruitment · 1 Feb 2020 = 100
2025-10-31,88.375754,Relative recruitment · 1 Feb 2020 = 100
2025-11-01,88.323701,Relative recruitment · 1 Feb 2020 = 100
2025-11-02,88.204745,Relative recruitment · 1 Feb 2020 = 100
2025-11-03,88.104243,Relative recruitment · 1 Feb 2020 = 100
2025-11-04,88.092629,Relative recruitment · 1 Feb 2020 = 100
2025-11-05,88.058265,Relative recruitment · 1 Feb 2020 = 100
2025-11-06,88.063735,Relative recruitment · 1 Feb 2020 = 100
2025-11-07,88.028332,Relative recruitment · 1 Feb 2020 = 100
2025-11-08,88.092411,Relative recruitment · 1 Feb 2020 = 100
2025-11-09,88.153385,Relative recruitment · 1 Feb 2020 = 100
2025-11-10,88.153207,Relative recruitment · 1 Feb 2020 = 100
2025-11-11,88.044159,Relative recruitment · 1 Feb 2020 = 100
2025-11-12,87.957287,Relative recruitment · 1 Feb 2020 = 100
2025-11-13,87.847772,Relative recruitment · 1 Feb 2020 = 100
2025-11-14,87.732673,Relative recruitment · 1 Feb 2020 = 100
2025-11-15,87.607049,Relative recruitment · 1 Feb 2020 = 100
2025-11-16,87.51399,Relative recruitment · 1 Feb 2020 = 100
2025-11-17,87.459316,Relative recruitment · 1 Feb 2020 = 100
2025-11-18,87.341481,Relative recruitment · 1 Feb 2020 = 100
2025-11-19,87.267173,Relative recruitment · 1 Feb 2020 = 100
2025-11-20,87.216207,Relative recruitment · 1 Feb 2020 = 100
2025-11-21,87.209988,Relative recruitment · 1 Feb 2020 = 100
2025-11-22,87.242091,Relative recruitment · 1 Feb 2020 = 100
2025-11-23,87.265495,Relative recruitment · 1 Feb 2020 = 100
2025-11-24,87.25394,Relative recruitment · 1 Feb 2020 = 100
2025-11-25,87.312555,Relative recruitment · 1 Feb 2020 = 100
2025-11-26,87.344683,Relative recruitment · 1 Feb 2020 = 100
2025-11-27,87.423843,Relative recruitment · 1 Feb 2020 = 100
2025-11-28,87.477214,Relative recruitment · 1 Feb 2020 = 100
2025-11-29,87.511402,Relative recruitment · 1 Feb 2020 = 100
2025-11-30,87.522804,Relative recruitment · 1 Feb 2020 = 100
2025-12-01,87.60596,Relative recruitment · 1 Feb 2020 = 100
2025-12-02,87.631202,Relative recruitment · 1 Feb 2020 = 100
2025-12-03,87.628883,Relative recruitment · 1 Feb 2020 = 100
2025-12-04,87.614664,Relative recruitment · 1 Feb 2020 = 100
2025-12-05,87.618394,Relative recruitment · 1 Feb 2020 = 100
2025-12-06,87.704784,Relative recruitment · 1 Feb 2020 = 100
2025-12-07,87.766357,Relative recruitment · 1 Feb 2020 = 100
2025-12-08,87.739201,Relative recruitment · 1 Feb 2020 = 100
2025-12-09,87.761895,Relative recruitment · 1 Feb 2020 = 100
2025-12-10,87.822583,Relative recruitment · 1 Feb 2020 = 100
2025-12-11,87.823589,Relative recruitment · 1 Feb 2020 = 100
2025-12-12,87.844673,Relative recruitment · 1 Feb 2020 = 100
2025-12-13,87.824342,Relative recruitment · 1 Feb 2020 = 100
2025-12-14,87.869446,Relative recruitment · 1 Feb 2020 = 100
2025-12-15,87.896592,Relative recruitment · 1 Feb 2020 = 100
2025-12-16,87.89865,Relative recruitment · 1 Feb 2020 = 100
2025-12-17,87.934341,Relative recruitment · 1 Feb 2020 = 100
2025-12-18,87.967638,Relative recruitment · 1 Feb 2020 = 100
2025-12-19,87.995225,Relative recruitment · 1 Feb 2020 = 100
2025-12-20,87.990409,Relative recruitment · 1 Feb 2020 = 100
2025-12-21,87.933751,Relative recruitment · 1 Feb 2020 = 100
2025-12-22,87.944354,Relative recruitment · 1 Feb 2020 = 100
2025-12-23,87.971487,Relative recruitment · 1 Feb 2020 = 100
2025-12-24,87.959236,Relative recruitment · 1 Feb 2020 = 100
2025-12-25,87.993863,Relative recruitment · 1 Feb 2020 = 100
2025-12-26,87.943569,Relative recruitment · 1 Feb 2020 = 100
2025-12-27,87.926332,Relative recruitment · 1 Feb 2020 = 100
2025-12-28,87.89862,Relative recruitment · 1 Feb 2020 = 100
2025-12-29,87.883026,Relative recruitment · 1 Feb 2020 = 100
2025-12-30,87.900734,Relative recruitment · 1 Feb 2020 = 100
2025-12-31,87.905462,Relative recruitment · 1 Feb 2020 = 100
2026-01-01,87.911253,Relative recruitment · 1 Feb 2020 = 100
2026-01-02,87.993788,Relative recruitment · 1 Feb 2020 = 100
2026-01-03,88.034146,Relative recruitment · 1 Feb 2020 = 100
2026-01-04,88.083877,Relative recruitment · 1 Feb 2020 = 100
2026-01-05,88.092221,Relative recruitment · 1 Feb 2020 = 100
2026-01-06,88.10314,Relative recruitment · 1 Feb 2020 = 100
2026-01-07,88.156867,Relative recruitment · 1 Feb 2020 = 100
2026-01-08,88.216426,Relative recruitment · 1 Feb 2020 = 100
2026-01-09,88.2827,Relative recruitment · 1 Feb 2020 = 100
2026-01-10,88.347809,Relative recruitment · 1 Feb 2020 = 100
2026-01-11,88.418574,Relative recruitment · 1 Feb 2020 = 100
2026-01-12,88.478268,Relative recruitment · 1 Feb 2020 = 100
2026-01-13,88.530518,Relative recruitment · 1 Feb 2020 = 100
2026-01-14,88.605277,Relative recruitment · 1 Feb 2020 = 100
2026-01-15,88.636952,Relative recruitment · 1 Feb 2020 = 100
2026-01-16,88.671774,Relative recruitment · 1 Feb 2020 = 100
2026-01-17,88.766783,Relative recruitment · 1 Feb 2020 = 100
2026-01-18,88.831399,Relative recruitment · 1 Feb 2020 = 100
2026-01-19,88.941967,Relative recruitment · 1 Feb 2020 = 100
2026-01-20,89.00781,Relative recruitment · 1 Feb 2020 = 100
2026-01-21,89.017304,Relative recruitment · 1 Feb 2020 = 100
2026-01-22,89.081345,Relative recruitment · 1 Feb 2020 = 100
2026-01-23,89.120548,Relative recruitment · 1 Feb 2020 = 100
2026-01-24,89.153541,Relative recruitment · 1 Feb 2020 = 100
2026-01-25,89.246744,Relative recruitment · 1 Feb 2020 = 100
2026-01-26,89.30138,Relative recruitment · 1 Feb 2020 = 100
2026-01-27,89.35363,Relative recruitment · 1 Feb 2020 = 100
2026-01-28,89.388697,Relative recruitment · 1 Feb 2020 = 100
2026-01-29,89.385341,Relative recruitment · 1 Feb 2020 = 100
2026-01-30,89.402697,Relative recruitment · 1 Feb 2020 = 100
2026-01-31,89.400951,Relative recruitment · 1 Feb 2020 = 100
2026-02-01,89.354756,Relative recruitment · 1 Feb 2020 = 100
2026-02-02,89.319826,Relative recruitment · 1 Feb 2020 = 100
2026-02-03,89.301226,Relative recruitment · 1 Feb 2020 = 100
2026-02-04,89.314795,Relative recruitment · 1 Feb 2020 = 100
2026-02-05,89.294804,Relative recruitment · 1 Feb 2020 = 100
2026-02-06,89.309147,Relative recruitment · 1 Feb 2020 = 100
2026-02-07,89.305114,Relative recruitment · 1 Feb 2020 = 100
2026-02-08,89.321386,Relative recruitment · 1 Feb 2020 = 100
2026-02-09,89.318955,Relative recruitment · 1 Feb 2020 = 100
2026-02-10,89.281479,Relative recruitment · 1 Feb 2020 = 100
2026-02-11,89.226042,Relative recruitment · 1 Feb 2020 = 100
2026-02-12,89.214935,Relative recruitment · 1 Feb 2020 = 100
2026-02-13,89.166826,Relative recruitment · 1 Feb 2020 = 100
2026-02-14,89.101156,Relative recruitment · 1 Feb 2020 = 100
2026-02-15,89.035589,Relative recruitment · 1 Feb 2020 = 100
2026-02-16,88.947569,Relative recruitment · 1 Feb 2020 = 100
2026-02-17,88.881489,Relative recruitment · 1 Feb 2020 = 100
2026-02-18,88.906314,Relative recruitment · 1 Feb 2020 = 100
2026-02-19,88.884664,Relative recruitment · 1 Feb 2020 = 100
2026-02-20,88.922137,Relative recruitment · 1 Feb 2020 = 100
2026-02-21,88.96221,Relative recruitment · 1 Feb 2020 = 100
2026-02-22,88.984902,Relative recruitment · 1 Feb 2020 = 100
2026-02-23,89.004057,Relative recruitment · 1 Feb 2020 = 100
2026-02-24,89.01616,Relative recruitment · 1 Feb 2020 = 100
2026-02-25,88.948535,Relative recruitment · 1 Feb 2020 = 100
2026-02-26,88.877293,Relative recruitment · 1 Feb 2020 = 100
2026-02-27,88.752963,Relative recruitment · 1 Feb 2020 = 100
2026-02-28,88.639165,Relative recruitment · 1 Feb 2020 = 100
2026-03-01,88.585255,Relative recruitment · 1 Feb 2020 = 100
2026-03-02,88.610795,Relative recruitment · 1 Feb 2020 = 100
2026-03-03,88.59466,Relative recruitment · 1 Feb 2020 = 100
2026-03-04,88.57319,Relative recruitment · 1 Feb 2020 = 100
2026-03-05,88.555703,Relative recruitment · 1 Feb 2020 = 100
2026-03-06,88.596075,Relative recruitment · 1 Feb 2020 = 100
2026-03-07,88.667047,Relative recruitment · 1 Feb 2020 = 100
2026-03-08,88.698576,Relative recruitment · 1 Feb 2020 = 100
2026-03-09,88.73226,Relative recruitment · 1 Feb 2020 = 100
2026-03-10,88.770494,Relative recruitment · 1 Feb 2020 = 100
2026-03-11,88.742774,Relative recruitment · 1 Feb 2020 = 100
2026-03-12,88.834719,Relative recruitment · 1 Feb 2020 = 100
2026-03-13,88.893677,Relative recruitment · 1 Feb 2020 = 100
2026-03-14,88.962927,Relative recruitment · 1 Feb 2020 = 100
2026-03-15,89.013259,Relative recruitment · 1 Feb 2020 = 100
2026-03-16,89.07201,Relative recruitment · 1 Feb 2020 = 100
2026-03-17,89.186623,Relative recruitment · 1 Feb 2020 = 100
2026-03-18,89.375322,Relative recruitment · 1 Feb 2020 = 100
2026-03-19,89.500016,Relative recruitment · 1 Feb 2020 = 100
2026-03-20,89.597467,Relative recruitment · 1 Feb 2020 = 100
2026-03-21,89.727158,Relative recruitment · 1 Feb 2020 = 100
2026-03-22,89.85458,Relative recruitment · 1 Feb 2020 = 100
2026-03-23,89.959761,Relative recruitment · 1 Feb 2020 = 100
2026-03-24,89.969797,Relative recruitment · 1 Feb 2020 = 100
2026-03-25,90.018529,Relative recruitment · 1 Feb 2020 = 100
2026-03-26,90.026016,Relative recruitment · 1 Feb 2020 = 100
2026-03-27,89.914939,Relative recruitment · 1 Feb 2020 = 100
2026-03-28,89.534012,Relative recruitment · 1 Feb 2020 = 100
2026-03-29,89.207717,Relative recruitment · 1 Feb 2020 = 100
2026-03-30,88.875286,Relative recruitment · 1 Feb 2020 = 100
2026-03-31,88.549817,Relative recruitment · 1 Feb 2020 = 100
2026-04-01,88.108046,Relative recruitment · 1 Feb 2020 = 100
2026-04-02,87.661998,Relative recruitment · 1 Feb 2020 = 100
2026-04-03,87.353286,Relative recruitment · 1 Feb 2020 = 100
2026-04-04,87.212826,Relative recruitment · 1 Feb 2020 = 100
2026-04-05,86.988932,Relative recruitment · 1 Feb 2020 = 100
2026-04-06,86.802708,Relative recruitment · 1 Feb 2020 = 100
2026-04-07,86.661139,Relative recruitment · 1 Feb 2020 = 100
2026-04-08,86.641308,Relative recruitment · 1 Feb 2020 = 100
2026-04-09,86.466226,Relative recruitment · 1 Feb 2020 = 100
2026-04-10,86.506087,Relative recruitment · 1 Feb 2020 = 100
2026-04-11,86.364372,Relative recruitment · 1 Feb 2020 = 100
2026-04-12,86.238354,Relative recruitment · 1 Feb 2020 = 100
2026-04-13,86.067114,Relative recruitment · 1 Feb 2020 = 100
2026-04-14,85.858439,Relative recruitment · 1 Feb 2020 = 100
2026-04-15,85.685151,Relative recruitment · 1 Feb 2020 = 100
2026-04-16,85.586681,Relative recruitment · 1 Feb 2020 = 100
2026-04-17,85.388683,Relative recruitment · 1 Feb 2020 = 100
2026-04-18,85.43776,Relative recruitment · 1 Feb 2020 = 100
2026-04-19,85.499838,Relative recruitment · 1 Feb 2020 = 100
2026-04-20,85.615572,Relative recruitment · 1 Feb 2020 = 100
2026-04-21,85.801569,Relative recruitment · 1 Feb 2020 = 100
2026-04-22,85.979735,Relative recruitment · 1 Feb 2020 = 100
2026-04-23,86.148911,Relative recruitment · 1 Feb 2020 = 100
2026-04-24,86.112191,Relative recruitment · 1 Feb 2020 = 100
2026-04-25,86.074903,Relative recruitment · 1 Feb 2020 = 100
2026-04-26,86.08055,Relative recruitment · 1 Feb 2020 = 100
2026-04-27,86.019988,Relative recruitment · 1 Feb 2020 = 100
2026-04-28,85.959951,Relative recruitment · 1 Feb 2020 = 100
2026-04-29,85.894055,Relative recruitment · 1 Feb 2020 = 100
2026-04-30,85.966797,Relative recruitment · 1 Feb 2020 = 100
2026-05-01,86.095935,Relative recruitment · 1 Feb 2020 = 100
2026-05-02,86.249756,Relative recruitment · 1 Feb 2020 = 100
2026-05-03,86.378252,Relative recruitment · 1 Feb 2020 = 100
2026-05-04,86.577999,Relative recruitment · 1 Feb 2020 = 100
2026-05-05,86.77501,Relative recruitment · 1 Feb 2020 = 100
2026-05-06,86.904182,Relative recruitment · 1 Feb 2020 = 100
2026-05-07,86.983632,Relative recruitment · 1 Feb 2020 = 100
2026-05-08,87.109006,Relative recruitment · 1 Feb 2020 = 100
2026-05-09,87.233731,Relative recruitment · 1 Feb 2020 = 100
2026-05-10,87.303451,Relative recruitment · 1 Feb 2020 = 100
2026-05-11,87.386594,Relative recruitment · 1 Feb 2020 = 100
2026-05-12,87.424005,Relative recruitment · 1 Feb 2020 = 100
2026-05-13,87.453754,Relative recruitment · 1 Feb 2020 = 100
2026-05-14,87.42992,Relative recruitment · 1 Feb 2020 = 100
2026-05-15,87.4229,Relative recruitment · 1 Feb 2020 = 100
2026-05-16,87.347776,Relative recruitment · 1 Feb 2020 = 100
2026-05-17,87.296748,Relative recruitment · 1 Feb 2020 = 100
2026-05-18,87.253648,Relative recruitment · 1 Feb 2020 = 100
2026-05-19,87.291769,Relative recruitment · 1 Feb 2020 = 100
2026-05-20,87.317065,Relative recruitment · 1 Feb 2020 = 100
2026-05-21,87.314579,Relative recruitment · 1 Feb 2020 = 100
2026-05-22,87.162912,Relative recruitment · 1 Feb 2020 = 100
2026-05-23,87.077259,Relative recruitment · 1 Feb 2020 = 100
2026-05-24,87.001891,Relative recruitment · 1 Feb 2020 = 100
2026-05-25,86.89789,Relative recruitment · 1 Feb 2020 = 100
2026-05-26,86.640459,Relative recruitment · 1 Feb 2020 = 100
2026-05-27,86.44065,Relative recruitment · 1 Feb 2020 = 100
2026-05-28,86.33218,Relative recruitment · 1 Feb 2020 = 100
2026-05-29,86.378062,Relative recruitment · 1 Feb 2020 = 100
2026-05-30,86.428098,Relative recruitment · 1 Feb 2020 = 100
2026-05-31,86.470784,Relative recruitment · 1 Feb 2020 = 100
2026-06-01,86.451151,Relative recruitment · 1 Feb 2020 = 100
2026-06-02,86.43562,Relative recruitment · 1 Feb 2020 = 100
2026-06-03,86.426168,Relative recruitment · 1 Feb 2020 = 100
2026-06-04,86.378317,Relative recruitment · 1 Feb 2020 = 100
2026-06-05,86.337625,Relative recruitment · 1 Feb 2020 = 100
2026-06-06,86.311364,Relative recruitment · 1 Feb 2020 = 100
2026-06-07,86.251162,Relative recruitment · 1 Feb 2020 = 100
2026-06-08,86.174205,Relative recruitment · 1 Feb 2020 = 100
2026-06-09,86.199057,Relative recruitment · 1 Feb 2020 = 100
2026-06-10,86.212619,Relative recruitment · 1 Feb 2020 = 100
2026-06-11,86.221204,Relative recruitment · 1 Feb 2020 = 100
2026-06-12,86.194079,Relative recruitment · 1 Feb 2020 = 100
2026-06-13,86.136839,Relative recruitment · 1 Feb 2020 = 100
2026-06-14,86.088429,Relative recruitment · 1 Feb 2020 = 100
2026-06-15,86.128241,Relative recruitment · 1 Feb 2020 = 100
2026-06-16,86.074921,Relative recruitment · 1 Feb 2020 = 100
2026-06-17,86.01862,Relative recruitment · 1 Feb 2020 = 100
2026-06-18,85.954648,Relative recruitment · 1 Feb 2020 = 100
2026-06-19,85.94852,Relative recruitment · 1 Feb 2020 = 100
2026-06-20,85.943359,Relative recruitment · 1 Feb 2020 = 100
2026-06-21,85.956015,Relative recruitment · 1 Feb 2020 = 100
2026-06-22,85.948355,Relative recruitment · 1 Feb 2020 = 100
2026-06-23,85.979824,Relative recruitment · 1 Feb 2020 = 100
2026-06-24,86.060338,Relative recruitment · 1 Feb 2020 = 100
2026-06-25,86.177262,Relative recruitment · 1 Feb 2020 = 100
2026-06-26,86.214946,Relative recruitment · 1 Feb 2020 = 100
2026-06-27,86.312463,Relative recruitment · 1 Feb 2020 = 100
2026-06-28,86.430197,Relative recruitment · 1 Feb 2020 = 100
2026-06-29,86.391862,Relative recruitment · 1 Feb 2020 = 100
2026-06-30,86.403856,Relative recruitment · 1 Feb 2020 = 100
2026-07-01,86.39065,Relative recruitment · 1 Feb 2020 = 100
2026-07-02,86.489298,Relative recruitment · 1 Feb 2020 = 100
2026-07-03,86.663699,Relative recruitment · 1 Feb 2020 = 100
2026-07-04,86.811465,Relative recruitment · 1 Feb 2020 = 100
2026-07-05,86.913592,Relative recruitment · 1 Feb 2020 = 100
2026-07-06,87.183419,Relative recruitment · 1 Feb 2020 = 100
2026-07-07,87.373488,Relative recruitment · 1 Feb 2020 = 100
2026-07-08,87.55024,Relative recruitment · 1 Feb 2020 = 100
2026-07-09,87.532912,Relative recruitment · 1 Feb 2020 = 100
2026-07-10,87.557247,Relative recruitment · 1 Feb 2020 = 100
2026-07-11,87.565406,Relative recruitment · 1 Feb 2020 = 100
2026-07-12,87.583054,Relative recruitment · 1 Feb 2020 = 100
2026-07-13,87.570287,Relative recruitment · 1 Feb 2020 = 100
2026-07-14,87.590365,Relative recruitment · 1 Feb 2020 = 100
2026-07-15,87.57516,Relative recruitment · 1 Feb 2020 = 100
2026-07-16,87.575937,Relative recruitment · 1 Feb 2020 = 100
2026-07-17,87.481124,Relative recruitment · 1 Feb 2020 = 100
2026-07-18,87.333399,Relative recruitment · 1 Feb 2020 = 100
2026-07-19,87.203846,Relative recruitment · 1 Feb 2020 = 100
2026-07-20,87.148101,Relative recruitment · 1 Feb 2020 = 100
2026-07-21,86.962999,Relative recruitment · 1 Feb 2020 = 100
2026-07-22,86.874039,Relative recruitment · 1 Feb 2020 = 100
2026-07-23,86.759804,Relative recruitment · 1 Feb 2020 = 100
2026-07-24,86.743723,Relative recruitment · 1 Feb 2020 = 100
2026-07-25,86.74854,Relative recruitment · 1 Feb 2020 = 100
2026-07-26,86.72043,Relative recruitment · 1 Feb 2020 = 100
2026-07-27,86.654613,Relative recruitment · 1 Feb 2020 = 100
2026-07-28,86.703479,Relative recruitment · 1 Feb 2020 = 100
2026-07-29,86.691421,Relative recruitment · 1 Feb 2020 = 100
2026-07-30,86.632437,Relative recruitment · 1 Feb 2020 = 100
2026-07-31,86.498531,Relative recruitment · 1 Feb 2020 = 100
2026-08-01,86.340459,Relative recruitment · 1 Feb 2020 = 100
2026-08-02,86.177664,Relative recruitment · 1 Feb 2020 = 100
2026-08-03,85.938012,Relative recruitment · 1 Feb 2020 = 100
2026-08-04,85.696028,Relative recruitment · 1 Feb 2020 = 100
2026-08-05,85.50746,Relative recruitment · 1 Feb 2020 = 100
2026-08-06,85.389206,Relative recruitment · 1 Feb 2020 = 100
2026-08-07,85.282066,Relative recruitment · 1 Feb 2020 = 100
2026-08-08,85.250549,Relative recruitment · 1 Feb 2020 = 100
2026-08-09,85.239967,Relative recruitment · 1 Feb 2020 = 100
2026-08-10,85.277068,Relative recruitment · 1 Feb 2020 = 100
2026-08-11,85.527824,Relative recruitment · 1 Feb 2020 = 100
2026-08-12,85.810235,Relative recruitment · 1 Feb 2020 = 100
2026-08-13,86.063614,Relative recruitment · 1 Feb 2020 = 100
2026-08-14,86.361106,Relative recruitment · 1 Feb 2020 = 100
2026-08-15,86.648332,Relative recruitment · 1 Feb 2020 = 100
2026-08-16,86.944281,Relative recruitment · 1 Feb 2020 = 100
2026-08-17,87.243344,Relative recruitment · 1 Feb 2020 = 100
2026-08-18,87.399653,Relative recruitment · 1 Feb 2020 = 100
2026-08-19,87.468475,Relative recruitment · 1 Feb 2020 = 100
2026-08-20,87.569983,Relative recruitment · 1 Feb 2020 = 100
2026-08-21,87.621851,Relative recruitment · 1 Feb 2020 = 100
2026-08-22,87.589487,Relative recruitment · 1 Feb 2020 = 100
2026-08-23,87.533477,Relative recruitment · 1 Feb 2020 = 100
2026-08-24,87.480017,Relative recruitment · 1 Feb 2020 = 100
2026-08-25,87.353737,Relative recruitment · 1 Feb 2020 = 100
2026-08-26,87.164189,Relative recruitment · 1 Feb 2020 = 100
2026-08-27,86.913846,Relative recruitment · 1 Feb 2020 = 100
2026-08-28,86.722804,Relative recruitment · 1 Feb 2020 = 100
2026-08-29,86.612798,Relative recruitment · 1 Feb 2020 = 100
2026-08-30,86.457925,Relative recruitment · 1 Feb 2020 = 100
2026-08-31,86.374338,Relative recruitment · 1 Feb 2020 = 100
2026-09-01,86.296442,Relative recruitment · 1 Feb 2020 = 100
2026-09-02,86.551026,Relative recruitment · 1 Feb 2020 = 100
2026-09-03,86.8148,Relative recruitment · 1 Feb 2020 = 100
2026-09-04,87.209908,Relative recruitment · 1 Feb 2020 = 100
2026-09-05,87.495532,Relative recruitment · 1 Feb 2020 = 100
2026-09-06,87.82644,Relative recruitment · 1 Feb 2020 = 100
2026-09-07,88.093623,Relative recruitment · 1 Feb 2020 = 100
2026-09-08,88.31477,Relative recruitment · 1 Feb 2020 = 100
2026-09-09,88.248692,Relative recruitment · 1 Feb 2020 = 100
2026-09-10,88.278246,Relative recruitment · 1 Feb 2020 = 100
2026-09-11,88.124091,Relative recruitment · 1 Feb 2020 = 100
2026-09-12,88.020227,Relative recruitment · 1 Feb 2020 = 100
2026-09-13,87.906248,Relative recruitment · 1 Feb 2020 = 100
2026-09-14,87.813725,Relative recruitment · 1 Feb 2020 = 100
2026-09-15,87.843347,Relative recruitment · 1 Feb 2020 = 100
2026-09-16,87.875412,Relative recruitment · 1 Feb 2020 = 100
2026-09-17,87.893888,Relative recruitment · 1 Feb 2020 = 100
2026-09-18,87.9942,Relative recruitment · 1 Feb 2020 = 100
2026-09-19,88.119146,Relative recruitment · 1 Feb 2020 = 100
2026-09-20,88.242857,Relative recruitment · 1 Feb 2020 = 100
2026-09-21,88.302038,Relative recruitment · 1 Feb 2020 = 100
2026-09-22,88.358846,Relative recruitment · 1 Feb 2020 = 100
2026-09-23,88.406006,Relative recruitment · 1 Feb 2020 = 100
2026-09-24,88.419194,Relative recruitment · 1 Feb 2020 = 100
2026-09-25,88.371869,Relative recruitment · 1 Feb 2020 = 100
