date,Software Development,Accounting,Marketing,Administrative Assistance,Customer Service,Banking & Finance,"All US postings, seasonally adjusted"
2020-02-01,100.0,100.0,100.0,100.0,100.0,100.0,100.0
2020-02-02,99.84,100.3,99.97,99.94,100.06,99.92,100.03
2020-02-03,99.73,100.56,99.99,100.03,100.2,99.86,100.05
2020-02-04,99.55,100.57,99.99,100.01,100.25,99.64,100.09
2020-02-05,99.46,100.57,100.03,100.03,100.36,99.58,100.16
2020-02-06,99.46,100.7,100.09,100.11,100.6,99.56,100.3
2020-02-07,99.44,100.69,100.13,100.18,100.54,99.57,100.19
2020-02-08,99.51,101.27,100.17,100.31,100.6,99.66,100.23
2020-02-09,99.54,101.22,100.19,100.39,100.52,99.57,100.21
2020-02-10,99.61,101.25,100.33,100.49,100.43,100.15,100.28
2020-02-11,99.65,101.49,100.46,100.63,100.45,100.75,100.33
2020-02-12,99.65,101.68,100.56,100.65,100.47,101.48,100.38
2020-02-13,99.62,101.72,100.68,100.65,100.47,102.05,100.4
2020-02-14,99.63,101.88,100.77,100.72,100.46,102.64,100.55
2020-02-15,99.6,101.59,100.82,100.56,100.1,103.09,100.38
2020-02-16,99.69,101.67,100.99,100.56,99.85,103.82,100.33
2020-02-17,99.71,101.66,101.0,100.59,99.55,103.91,100.21
2020-02-18,99.68,101.59,100.94,100.52,99.2,103.85,100.05
2020-02-19,99.68,101.58,100.93,100.51,98.9,103.8,99.9
2020-02-20,99.73,101.32,100.86,100.36,98.6,103.82,99.77
2020-02-21,99.74,100.98,100.92,100.25,98.32,103.81,99.67
2020-02-22,99.59,100.71,100.8,100.15,98.26,103.63,99.64
2020-02-23,99.59,100.37,100.82,100.03,98.24,103.65,99.62
2020-02-24,99.54,100.33,100.81,99.97,98.3,103.71,99.62
2020-02-25,99.63,100.1,100.95,100.01,98.37,103.96,99.71
2020-02-26,99.65,100.38,100.97,100.15,98.31,104.09,99.76
2020-02-27,99.66,101.0,101.06,100.4,98.21,104.29,99.79
2020-02-28,99.72,101.69,101.06,100.61,98.2,104.46,99.83
2020-02-29,99.97,102.47,101.23,101.0,98.41,104.96,99.93
2020-03-01,100.1,103.27,101.27,100.86,98.53,105.21,99.95
2020-03-02,100.29,103.74,101.33,100.59,98.58,105.49,100.0
2020-03-03,100.42,104.4,101.33,100.29,98.63,105.8,99.98
2020-03-04,100.56,104.46,101.29,99.81,98.72,105.92,99.93
2020-03-05,100.63,104.39,101.24,99.49,98.82,106.18,99.89
2020-03-06,100.76,104.34,101.11,99.13,98.74,106.54,99.86
2020-03-07,100.78,104.25,101.05,98.69,98.49,106.83,99.65
2020-03-08,100.69,104.03,100.93,98.67,98.34,106.97,99.56
2020-03-09,100.51,103.71,100.75,98.6,98.09,107.05,99.35
2020-03-10,100.47,103.35,100.67,98.63,97.9,107.21,99.25
2020-03-11,100.38,103.05,100.49,98.66,97.75,107.43,99.16
2020-03-12,100.37,102.04,100.34,98.58,97.62,107.4,99.03
2020-03-13,100.24,100.95,100.22,98.46,97.57,107.07,98.8
2020-03-14,100.22,99.88,100.0,98.21,97.81,106.75,98.69
2020-03-15,100.19,98.68,99.7,97.92,97.84,106.42,98.39
2020-03-16,100.27,97.72,99.48,97.75,98.09,106.2,98.26
2020-03-17,100.12,96.59,98.91,97.23,97.8,105.76,97.74
2020-03-18,99.96,95.26,98.19,96.32,96.85,105.26,97.02
2020-03-19,99.68,94.29,96.86,95.07,95.74,104.64,96.14
2020-03-20,99.32,93.07,95.17,93.57,94.16,104.12,95.08
2020-03-21,98.72,91.27,93.02,91.7,91.49,103.14,93.64
2020-03-22,98.21,89.75,90.92,89.86,89.46,102.33,92.37
2020-03-23,97.53,88.07,88.74,87.85,87.17,101.35,90.86
2020-03-24,97.03,86.53,86.53,85.82,85.08,99.65,89.54
2020-03-25,96.35,84.79,84.22,83.86,83.41,97.62,88.15
2020-03-26,95.36,83.09,82.12,81.92,81.83,95.25,86.73
2020-03-27,93.94,81.06,79.79,79.83,80.47,92.32,85.18
2020-03-28,92.59,79.48,77.76,78.05,79.69,89.69,83.95
2020-03-29,91.1,77.6,75.66,76.23,78.4,86.95,82.54
2020-03-30,89.73,75.8,73.65,74.57,77.23,84.21,81.33
2020-03-31,88.23,73.85,71.63,73.07,76.17,82.12,80.07
2020-04-01,86.78,72.02,69.61,71.59,75.15,80.19,78.86
2020-04-02,85.56,70.3,67.53,70.16,74.01,78.61,77.67
2020-04-03,84.84,69.12,65.81,68.98,73.04,77.68,76.74
2020-04-04,84.03,67.85,64.09,67.73,71.82,76.37,75.58
2020-04-05,83.24,66.58,62.31,66.42,70.59,75.02,74.45
2020-04-06,82.37,65.18,60.43,65.08,69.39,73.63,73.39
2020-04-07,81.41,63.91,58.63,63.65,68.12,72.25,72.2
2020-04-08,80.65,62.92,57.17,62.5,67.01,71.12,71.36
2020-04-09,79.86,61.96,55.88,61.44,66.02,69.99,70.51
2020-04-10,79.12,61.1,54.9,60.47,65.03,68.99,69.69
2020-04-11,78.65,60.59,54.09,59.56,64.63,68.62,69.15
2020-04-12,78.19,60.07,53.37,58.74,64.18,68.08,68.65
2020-04-13,77.81,59.8,52.75,57.93,63.7,67.72,68.09
2020-04-14,77.48,59.55,52.17,57.2,63.36,67.27,67.73
2020-04-15,77.04,59.07,51.49,56.46,63.06,66.44,67.18
2020-04-16,76.66,58.81,50.92,55.8,62.64,65.84,66.76
2020-04-17,76.22,58.55,50.31,55.13,62.09,65.15,66.32
2020-04-18,75.73,58.16,49.79,54.68,61.42,64.35,65.93
2020-04-19,75.18,58.03,49.22,54.19,60.72,63.62,65.52
2020-04-20,74.73,57.96,48.72,53.94,60.16,62.99,65.17
2020-04-21,74.36,57.94,48.32,53.72,59.62,62.47,64.84
2020-04-22,73.96,57.99,47.97,53.42,59.05,62.3,64.5
2020-04-23,73.68,58.01,47.65,53.23,58.57,62.03,64.14
2020-04-24,73.34,57.95,47.34,53.08,58.23,61.6,63.84
2020-04-25,72.92,58.15,47.02,52.94,57.95,61.27,63.59
2020-04-26,72.6,58.11,46.73,52.87,57.72,60.92,63.33
2020-04-27,72.18,57.92,46.46,52.58,57.49,60.43,63.05
2020-04-28,71.75,57.79,46.21,52.34,57.31,60.0,62.75
2020-04-29,71.28,57.76,45.97,52.23,57.09,59.34,62.54
2020-04-30,70.77,57.7,45.78,52.03,56.83,58.86,62.4
2020-05-01,70.28,58.04,45.53,51.93,56.57,58.58,62.32
2020-05-02,69.89,58.29,45.34,51.92,56.37,58.04,62.21
2020-05-03,69.47,58.52,45.09,51.87,56.18,57.62,62.11
2020-05-04,69.05,58.86,44.84,51.94,55.93,57.39,61.99
2020-05-05,68.7,59.07,44.69,52.01,55.65,57.2,61.92
2020-05-06,68.5,59.31,44.66,52.11,55.52,57.34,61.92
2020-05-07,68.27,59.58,44.61,52.31,55.51,57.27,61.83
2020-05-08,68.02,59.5,44.65,52.44,55.62,57.18,61.82
2020-05-09,67.82,59.41,44.69,52.54,55.77,57.42,61.88
2020-05-10,67.74,59.58,44.89,52.7,55.94,57.46,62.01
2020-05-11,67.58,59.66,45.01,52.76,56.04,57.53,62.07
2020-05-12,67.29,59.9,44.89,52.9,56.43,57.55,62.15
2020-05-13,66.67,59.74,44.61,52.69,56.44,57.05,61.85
2020-05-14,66.25,59.7,44.34,52.56,56.49,56.44,61.88
2020-05-15,66.05,60.03,44.36,52.79,56.69,56.34,62.11
2020-05-16,65.61,60.11,44.14,52.92,56.58,55.63,62.18
2020-05-17,65.15,60.11,43.94,53.03,56.63,55.36,62.31
2020-05-18,64.87,60.14,43.89,53.23,56.81,55.11,62.51
2020-05-19,64.69,60.18,43.94,53.49,56.77,54.83,62.67
2020-05-20,64.86,60.69,44.28,54.11,57.27,55.06,63.18
2020-05-21,65.05,61.12,44.71,54.76,57.8,55.5,63.55
2020-05-22,65.1,61.19,44.73,55.1,58.19,55.37,63.72
2020-05-23,65.22,61.46,44.91,55.55,58.94,55.65,64.0
2020-05-24,65.35,61.58,44.99,55.94,59.42,55.58,64.14
2020-05-25,65.32,61.56,44.98,56.23,59.79,55.27,64.22
2020-05-26,65.3,61.49,45.0,56.39,60.11,55.02,64.3
2020-05-27,65.18,61.27,44.85,56.47,60.24,54.58,64.36
2020-05-28,64.9,61.04,44.62,56.49,60.37,54.28,64.34
2020-05-29,64.74,61.0,44.65,56.69,60.64,54.13,64.48
2020-05-30,64.98,61.2,44.94,57.06,60.96,54.47,64.79
2020-05-31,64.92,61.32,45.15,57.42,61.33,54.58,65.04
2020-06-01,64.82,61.55,45.22,57.87,61.68,54.72,65.36
2020-06-02,64.87,61.88,45.4,58.43,62.08,54.97,65.78
2020-06-03,65.04,62.37,45.7,59.25,62.59,55.27,66.25
2020-06-04,65.11,62.75,45.86,59.93,63.01,55.27,66.74
2020-06-05,65.16,63.09,46.09,60.55,63.39,55.46,67.08
2020-06-06,65.08,63.27,46.3,61.03,63.65,55.32,67.3
2020-06-07,65.18,63.51,46.55,61.58,63.96,55.28,67.49
2020-06-08,65.33,63.65,47.01,62.0,64.32,55.44,67.73
2020-06-09,65.27,63.77,47.4,62.42,64.74,55.54,67.94
2020-06-10,65.21,63.85,47.68,62.66,65.04,55.74,68.14
2020-06-11,65.22,64.07,48.08,62.95,65.39,56.1,68.36
2020-06-12,65.2,64.21,48.27,63.17,65.66,56.28,68.58
2020-06-13,64.99,64.24,48.03,63.4,65.82,56.21,68.78
2020-06-14,64.91,64.43,47.91,63.69,66.13,56.6,69.22
2020-06-15,64.94,64.88,48.03,64.16,66.42,57.11,69.67
2020-06-16,65.01,65.15,47.87,64.54,66.61,57.5,70.06
2020-06-17,65.0,65.37,47.75,64.93,66.96,57.79,70.46
2020-06-18,65.09,65.57,47.67,65.41,67.23,58.27,70.88
2020-06-19,65.11,65.72,47.65,65.88,67.68,58.63,71.29
2020-06-20,65.35,65.96,47.95,66.36,68.28,59.37,71.81
2020-06-21,65.55,66.16,48.16,66.8,68.88,59.95,72.33
2020-06-22,65.56,66.1,48.09,67.1,69.49,60.17,72.75
2020-06-23,65.59,66.21,48.22,67.42,69.98,60.54,72.95
2020-06-24,65.58,66.39,48.25,67.74,70.39,61.12,73.17
2020-06-25,65.61,66.64,48.43,68.03,70.91,61.51,73.36
2020-06-26,65.61,66.84,48.71,68.29,71.27,61.63,73.52
2020-06-27,65.52,67.12,48.93,68.49,71.64,61.72,73.54
2020-06-28,65.4,67.29,49.14,68.67,71.82,61.79,73.42
2020-06-29,65.38,67.55,49.31,68.93,72.02,61.89,73.58
2020-06-30,65.35,67.84,49.59,69.29,72.43,61.99,74.01
2020-07-01,65.35,68.02,50.0,69.59,72.9,61.98,74.41
2020-07-02,65.38,68.15,50.34,69.85,73.35,61.88,74.69
2020-07-03,65.41,68.37,50.61,70.12,73.6,62.26,75.03
2020-07-04,65.45,68.51,50.97,70.38,73.71,62.49,75.33
2020-07-05,65.5,68.69,51.39,70.66,73.87,62.67,75.74
2020-07-06,65.52,68.89,51.78,70.87,74.08,62.82,75.86
2020-07-07,65.64,69.08,52.17,71.05,74.21,63.02,75.84
2020-07-08,65.94,69.41,52.53,71.3,74.33,63.29,76.04
2020-07-09,66.11,69.65,52.83,71.64,74.59,63.76,76.37
2020-07-10,66.38,69.95,53.08,72.03,75.0,64.24,76.69
2020-07-11,66.66,70.27,53.21,72.47,75.52,64.66,77.04
2020-07-12,66.93,70.58,53.32,72.86,75.99,65.01,77.37
2020-07-13,67.29,70.81,53.47,73.22,76.4,65.39,77.67
2020-07-14,67.6,70.93,53.56,73.52,76.84,65.83,78.12
2020-07-15,67.74,70.97,53.62,73.81,77.14,66.17,78.28
2020-07-16,67.89,71.03,53.49,74.05,77.31,66.29,78.43
2020-07-17,67.99,71.01,53.46,74.21,77.45,66.27,78.56
2020-07-18,67.84,70.58,53.15,74.18,77.35,66.02,78.55
2020-07-19,67.91,70.17,52.95,74.28,77.55,66.3,78.67
2020-07-20,68.0,69.84,53.04,74.46,77.84,66.67,78.88
2020-07-21,68.09,69.42,53.07,74.62,78.04,66.82,79.07
2020-07-22,68.21,69.07,53.18,74.88,78.3,67.01,79.37
2020-07-23,68.31,68.8,53.42,75.12,78.54,67.13,79.71
2020-07-24,68.41,68.61,53.71,75.35,78.86,67.46,80.05
2020-07-25,68.72,68.87,54.18,75.74,79.29,68.09,80.58
2020-07-26,68.78,69.09,54.61,75.98,79.54,68.31,80.96
2020-07-27,68.76,69.16,54.69,76.11,79.65,68.38,81.24
2020-07-28,68.78,69.51,54.87,76.32,79.8,68.53,81.54
2020-07-29,68.77,69.78,55.15,76.46,79.95,68.56,81.79
2020-07-30,68.82,70.05,55.46,76.65,80.09,68.82,81.98
2020-07-31,68.85,70.26,55.62,76.87,80.27,68.86,82.15
2020-08-01,69.1,70.63,56.11,77.14,80.51,69.18,82.3
2020-08-02,69.27,70.91,56.38,77.36,80.66,69.2,82.45
2020-08-03,69.46,71.28,56.66,77.62,80.91,69.27,82.62
2020-08-04,69.56,71.8,56.83,77.81,81.04,69.46,82.7
2020-08-05,69.61,72.15,56.84,77.79,81.16,69.59,82.75
2020-08-06,69.67,72.48,56.91,77.75,81.3,69.83,82.75
2020-08-07,69.59,72.78,56.98,77.76,81.33,70.15,82.67
2020-08-08,69.53,72.92,56.92,77.71,81.39,70.25,82.67
2020-08-09,69.62,73.11,57.05,77.71,81.37,70.62,82.63
2020-08-10,69.71,73.36,57.16,77.77,81.32,70.95,82.6
2020-08-11,69.88,73.25,57.35,77.81,81.35,71.14,82.64
2020-08-12,69.94,73.23,57.5,77.91,81.33,71.42,82.6
2020-08-13,70.05,73.04,57.66,77.99,81.25,71.63,82.61
2020-08-14,70.27,73.16,57.8,78.05,81.3,71.69,82.69
2020-08-15,70.05,72.96,57.71,77.94,80.94,71.36,82.49
2020-08-16,70.06,73.12,57.82,78.03,81.04,71.45,82.53
2020-08-17,70.06,73.26,57.98,78.08,81.12,71.63,82.57
2020-08-18,70.11,73.48,58.26,78.16,81.25,71.69,82.57
2020-08-19,70.18,73.72,58.55,78.37,81.45,71.83,82.7
2020-08-20,70.2,74.1,58.79,78.58,81.74,71.77,82.85
2020-08-21,70.21,74.04,59.03,78.75,81.97,71.73,82.96
2020-08-22,70.44,74.26,59.4,79.02,82.5,72.1,83.25
2020-08-23,70.47,74.1,59.65,79.17,82.67,72.09,83.33
2020-08-24,70.45,73.93,59.81,79.28,82.85,72.04,83.4
2020-08-25,70.37,73.95,59.88,79.41,83.05,72.06,83.52
2020-08-26,70.44,74.03,60.02,79.52,83.23,71.87,83.6
2020-08-27,70.54,73.91,60.12,79.56,83.29,71.85,83.63
2020-08-28,70.66,73.96,60.29,79.66,83.39,71.97,83.71
2020-08-29,70.74,73.96,60.52,79.84,83.6,72.01,83.83
2020-08-30,70.78,73.94,60.69,79.9,83.76,72.09,83.95
2020-08-31,70.89,73.97,60.87,80.04,83.96,72.16,84.06
2020-09-01,70.98,73.81,61.04,80.22,84.11,72.18,84.14
2020-09-02,71.14,73.61,61.28,80.45,84.31,72.59,84.3
2020-09-03,71.26,73.34,62.38,80.72,84.6,72.82,84.52
2020-09-04,71.47,73.08,62.88,80.94,84.88,73.27,84.71
2020-09-05,71.67,72.8,63.35,81.09,85.02,73.51,84.81
2020-09-06,71.9,72.64,63.82,81.42,85.27,73.84,84.96
2020-09-07,72.11,72.4,64.31,81.76,85.52,74.12,85.05
2020-09-08,72.31,72.09,64.8,81.85,85.68,74.53,85.14
2020-09-09,72.36,72.59,65.18,81.9,85.83,74.79,85.18
2020-09-10,72.5,73.55,64.76,82.17,85.97,75.23,85.31
2020-09-11,72.59,74.82,64.96,82.51,86.22,75.6,85.5
2020-09-12,72.72,76.43,65.09,82.78,86.53,76.19,85.68
2020-09-13,72.77,77.91,65.17,82.93,86.6,76.51,85.76
2020-09-14,72.79,79.38,65.31,82.99,86.59,76.71,85.86
2020-09-15,72.88,81.02,65.49,83.25,86.69,77.2,86.03
2020-09-16,73.06,81.89,65.69,83.7,86.76,77.58,86.25
2020-09-17,73.26,82.66,65.93,84.01,86.89,78.13,86.45
2020-09-18,73.35,83.05,66.05,84.22,86.96,78.29,86.64
2020-09-19,73.42,83.03,66.25,84.46,86.9,78.42,86.79
2020-09-20,73.56,83.22,66.48,84.75,87.14,78.73,87.04
2020-09-21,73.65,83.36,66.64,85.01,87.39,79.22,87.29
2020-09-22,73.71,83.49,66.86,85.35,87.74,79.49,87.51
2020-09-23,73.72,83.51,67.1,85.44,88.02,79.83,87.71
2020-09-24,73.72,83.46,67.22,85.48,88.2,79.9,87.78
2020-09-25,73.85,83.48,67.53,85.55,88.23,80.17,87.85
2020-09-26,73.95,83.56,67.82,85.67,88.31,80.39,87.93
2020-09-27,74.03,83.63,68.15,85.78,88.26,80.55,88.0
2020-09-28,74.24,83.76,68.5,85.97,88.36,80.66,88.14
2020-09-29,74.47,83.97,68.82,86.14,88.3,80.87,88.33
2020-09-30,74.78,84.35,69.14,86.44,88.39,81.24,88.55
2020-10-01,74.99,84.64,69.42,86.58,88.39,81.57,88.65
2020-10-02,75.22,84.92,69.57,86.78,88.47,81.8,88.81
2020-10-03,75.51,85.31,69.71,87.04,88.63,82.14,89.05
2020-10-04,75.8,85.64,69.84,87.23,88.84,82.36,89.23
2020-10-05,75.99,85.88,69.89,87.39,88.9,82.63,89.38
2020-10-06,76.13,85.98,69.94,87.51,88.94,82.69,89.43
2020-10-07,76.19,86.03,70.0,87.56,88.92,82.64,89.37
2020-10-08,76.35,86.19,70.27,87.75,89.02,82.67,89.59
2020-10-09,76.44,86.25,70.53,87.88,89.04,82.83,89.7
2020-10-10,76.45,86.28,70.72,87.97,89.24,82.87,89.84
2020-10-11,76.55,86.36,71.01,88.11,89.38,83.08,90.01
2020-10-12,76.73,86.46,71.34,88.26,89.44,83.21,90.22
2020-10-13,76.89,86.57,71.6,88.34,89.56,83.56,90.38
2020-10-14,77.13,86.67,71.8,88.34,89.66,83.61,90.57
2020-10-15,77.44,86.89,72.03,88.45,89.85,83.88,90.68
2020-10-16,77.58,87.8,72.17,88.39,89.91,84.02,90.74
2020-10-17,77.8,88.51,72.37,88.09,89.64,83.89,90.63
2020-10-18,78.0,89.33,72.56,87.99,89.67,83.84,90.58
2020-10-19,78.32,90.36,72.82,87.89,89.91,83.81,90.6
2020-10-20,78.68,91.33,73.12,87.85,90.13,83.88,90.71
2020-10-21,79.0,92.3,73.41,87.96,90.41,84.24,90.87
2020-10-22,79.01,93.28,73.65,88.06,90.62,84.57,91.04
2020-10-23,79.26,93.39,73.86,88.1,90.9,84.75,91.15
2020-10-24,79.52,93.71,74.06,88.43,91.38,85.26,91.39
2020-10-25,79.71,93.78,74.17,88.53,91.52,85.73,91.52
2020-10-26,79.75,93.67,74.23,88.62,91.64,86.39,91.58
2020-10-27,79.86,93.69,74.3,88.96,91.78,86.93,91.67
2020-10-28,79.99,93.77,74.47,89.28,91.85,87.36,91.71
2020-10-29,80.25,93.98,74.63,89.49,91.88,87.58,91.67
2020-10-30,80.29,94.63,74.82,89.9,91.91,87.88,91.75
2020-10-31,80.48,95.28,75.12,90.28,91.9,88.28,91.81
2020-11-01,80.75,96.12,75.58,90.46,91.92,88.59,91.94
2020-11-02,80.96,97.0,76.02,90.77,91.93,88.8,92.16
2020-11-03,81.06,97.77,76.55,90.81,92.03,88.86,92.28
2020-11-04,81.17,98.5,76.78,90.84,92.1,88.91,92.43
2020-11-05,81.28,99.04,76.88,90.82,92.14,89.09,92.59
2020-11-06,81.53,99.57,77.0,90.69,92.2,89.29,92.75
2020-11-07,81.62,100.12,77.16,90.67,92.32,89.35,92.89
2020-11-08,81.67,100.51,77.11,90.83,92.46,89.35,93.09
2020-11-09,81.72,100.88,77.04,90.86,92.49,89.29,93.17
2020-11-10,81.88,101.45,76.93,90.9,92.52,89.31,93.34
2020-11-11,81.93,102.12,77.04,90.83,92.56,89.36,93.49
2020-11-12,82.09,103.26,77.34,90.72,92.54,89.27,93.61
2020-11-13,82.23,103.66,77.64,90.65,92.59,88.73,93.71
2020-11-14,82.25,103.48,77.71,90.18,92.3,88.0,93.61
2020-11-15,82.53,103.77,78.13,90.16,92.29,87.68,93.62
2020-11-16,82.99,104.07,78.65,90.24,92.4,87.48,93.65
2020-11-17,83.33,104.58,79.19,90.22,92.4,87.2,93.64
2020-11-18,83.83,104.65,79.71,90.61,92.45,86.87,93.65
2020-11-19,84.24,104.77,80.1,91.05,92.48,86.84,93.65
2020-11-20,84.67,105.38,80.54,91.44,92.49,87.3,93.66
2020-11-21,85.17,106.57,81.07,92.22,92.83,88.08,93.91
2020-11-22,85.4,107.35,81.36,92.65,92.94,88.54,94.04
2020-11-23,85.73,108.23,81.68,93.12,93.0,89.09,94.18
2020-11-24,86.03,108.69,81.9,93.48,93.06,89.51,94.29
2020-11-25,86.32,109.46,82.15,93.49,93.06,89.84,94.35
2020-11-26,86.65,111.89,82.39,93.55,93.13,90.13,94.48
2020-11-27,86.87,114.26,82.54,93.65,93.17,90.54,94.57
2020-11-28,87.16,116.48,82.68,93.58,93.16,90.77,94.58
2020-11-29,87.53,118.6,82.74,93.34,93.01,91.02,94.45
2020-11-30,87.81,120.77,82.74,93.07,92.83,91.18,94.37
2020-12-01,87.85,122.95,82.73,92.95,92.67,91.45,94.21
2020-12-02,88.03,125.2,82.84,92.8,92.6,91.79,94.17
2020-12-03,88.25,125.23,82.98,92.67,92.73,91.98,94.13
2020-12-04,88.6,125.34,83.23,92.55,92.82,92.14,94.1
2020-12-05,88.94,125.61,83.55,92.56,92.94,92.58,94.19
2020-12-06,89.04,126.0,83.91,92.66,93.0,93.03,94.27
2020-12-07,89.04,126.23,84.22,92.74,93.1,93.3,94.25
2020-12-08,89.34,126.45,84.53,92.84,93.14,93.54,94.4
2020-12-09,89.53,126.6,84.78,92.89,93.12,93.88,94.44
2020-12-10,89.5,126.78,84.95,92.96,92.93,94.23,94.45
2020-12-11,89.62,127.05,85.16,93.06,92.76,94.6,94.56
2020-12-12,89.46,127.0,85.03,92.94,92.43,94.6,94.54
2020-12-13,89.67,127.22,85.12,93.08,92.42,94.91,94.73
2020-12-14,90.01,127.58,85.29,93.2,92.4,95.5,95.01
2020-12-15,90.2,127.91,85.47,93.33,91.93,96.04,95.17
2020-12-16,90.28,128.23,85.54,93.49,92.0,96.63,95.33
2020-12-17,90.4,124.27,85.54,93.44,91.96,96.86,95.36
2020-12-18,90.38,120.15,85.49,93.38,91.73,97.13,95.33
2020-12-19,90.59,116.33,85.71,93.49,91.82,97.56,95.37
2020-12-20,90.59,112.29,85.74,93.38,91.79,97.62,95.29
2020-12-21,90.5,107.97,85.67,93.36,91.85,97.37,95.16
2020-12-22,90.55,103.62,85.63,93.12,92.29,97.12,95.12
2020-12-23,90.57,99.34,85.7,93.03,92.11,96.76,95.06
2020-12-24,90.7,99.25,85.89,93.0,91.97,96.69,95.09
2020-12-25,90.76,99.25,86.02,92.98,91.96,96.54,95.07
2020-12-26,90.89,99.16,86.13,92.95,91.95,96.46,95.1
2020-12-27,90.95,99.05,86.29,92.93,91.77,96.38,95.11
2020-12-28,91.05,99.18,86.56,92.9,91.21,96.47,95.16
2020-12-29,91.16,99.45,86.85,93.1,90.81,96.61,95.2
2020-12-30,91.23,99.71,87.01,93.21,90.8,96.7,95.31
2020-12-31,91.27,99.91,87.12,93.34,90.58,96.78,95.32
2021-01-01,91.25,100.05,87.29,93.47,90.54,96.75,95.3
2021-01-02,91.17,100.21,87.48,93.56,90.37,96.62,95.31
2021-01-03,91.08,100.27,87.47,93.57,90.19,96.46,95.27
2021-01-04,90.89,100.21,87.2,93.46,90.43,96.27,95.24
2021-01-05,90.58,100.12,86.84,93.36,89.94,96.0,95.19
2021-01-06,90.52,100.18,86.67,93.31,90.06,95.96,95.23
2021-01-07,90.59,100.3,86.69,93.55,90.1,95.88,95.36
2021-01-08,90.79,105.77,86.7,93.89,90.53,96.08,95.79
2021-01-09,90.83,110.98,86.66,94.23,90.86,96.14,96.13
2021-01-10,91.09,116.23,86.93,94.67,91.53,96.41,96.6
2021-01-11,91.48,121.37,87.33,95.11,91.99,96.77,97.01
2021-01-12,92.0,121.21,87.83,95.53,93.3,97.04,97.35
2021-01-13,92.42,120.85,88.3,95.99,93.65,97.22,97.6
2021-01-14,92.74,120.66,88.68,96.24,94.47,97.52,97.96
2021-01-15,93.16,115.18,89.06,96.58,94.81,97.34,98.07
2021-01-16,93.82,108.74,89.64,97.01,95.31,97.2,98.26
2021-01-17,94.24,102.34,90.03,97.37,95.53,96.78,98.32
2021-01-18,94.54,95.97,90.36,97.75,95.79,96.17,98.39
2021-01-19,94.78,94.96,90.75,98.14,95.98,95.8,98.6
2021-01-20,94.91,93.94,91.01,98.46,96.26,95.29,98.79
2021-01-21,95.02,92.78,91.13,98.86,96.34,94.47,98.89
2021-01-22,95.08,91.65,91.37,99.12,96.43,94.2,98.99
2021-01-23,94.71,91.47,91.04,98.98,96.35,93.63,98.9
2021-01-24,94.8,91.73,91.21,99.28,96.55,94.0,99.03
2021-01-25,95.01,92.12,91.5,99.62,96.74,94.46,99.17
2021-01-26,95.28,92.52,91.72,99.84,96.8,94.82,99.21
2021-01-27,95.63,93.01,91.99,100.15,96.84,95.22,99.25
2021-01-28,96.07,93.53,92.4,100.38,97.01,95.92,99.43
2021-01-29,96.51,94.11,92.7,100.61,95.97,96.36,99.56
2021-01-30,97.2,94.97,93.41,101.15,96.21,97.22,99.88
2021-01-31,97.6,95.49,93.72,101.38,96.21,97.41,100.07
2021-02-01,98.0,96.09,94.05,101.63,96.38,97.68,100.27
2021-02-02,98.37,95.66,94.29,102.2,96.74,97.88,100.6
2021-02-03,98.67,95.16,94.47,102.67,96.69,98.11,100.82
2021-02-04,98.88,95.52,94.7,103.13,96.9,98.35,100.81
2021-02-05,99.21,95.92,94.95,103.66,98.46,98.68,101.07
2021-02-06,99.53,96.14,95.15,104.13,98.77,98.91,101.25
2021-02-07,99.91,96.58,95.42,104.7,99.16,99.25,101.39
2021-02-08,100.23,96.84,95.64,105.13,99.53,99.48,101.57
2021-02-09,100.51,98.02,95.86,105.36,99.74,99.91,101.7
2021-02-10,100.87,99.25,96.14,105.67,100.38,100.28,101.99
2021-02-11,101.32,99.67,96.36,106.05,100.72,100.56,102.45
2021-02-12,101.71,100.06,96.59,106.41,100.94,100.94,102.74
2021-02-13,102.23,100.84,96.9,106.85,101.27,101.49,103.07
2021-02-14,102.59,102.64,97.07,107.1,101.53,101.74,103.41
2021-02-15,102.98,104.57,97.32,107.47,101.78,102.15,103.75
2021-02-16,103.38,106.46,97.58,107.72,102.05,102.4,104.05
2021-02-17,103.78,108.23,97.92,107.92,102.24,102.78,104.25
2021-02-18,104.1,109.86,98.19,108.02,102.41,103.07,104.38
2021-02-19,104.38,111.57,98.45,108.09,102.6,103.23,104.51
2021-02-20,104.41,112.58,98.4,107.91,102.59,102.97,104.51
2021-02-21,104.7,112.57,98.73,108.0,102.65,103.2,104.65
2021-02-22,105.04,112.62,99.02,108.04,102.71,103.21,104.74
2021-02-23,105.38,112.65,99.36,108.13,102.76,103.37,104.82
2021-02-24,105.78,112.85,99.63,108.33,102.93,103.44,105.0
2021-02-25,106.22,113.17,99.93,108.62,102.64,103.7,105.24
2021-02-26,106.66,112.39,100.25,108.86,102.85,103.8,105.43
2021-02-27,107.21,111.89,100.78,109.32,103.18,104.17,105.73
2021-02-28,107.59,111.16,101.07,109.6,103.45,104.36,105.9
2021-03-01,107.84,110.38,101.26,109.99,103.63,104.48,105.94
2021-03-02,108.14,109.66,101.47,110.38,103.82,104.55,106.1
2021-03-03,108.36,109.04,101.76,110.82,104.02,104.68,106.26
2021-03-04,108.56,108.46,102.13,111.3,104.75,104.83,106.53
2021-03-05,108.73,108.85,102.43,111.79,104.97,105.11,106.81
2021-03-06,108.65,109.37,102.42,112.23,105.25,105.44,107.07
2021-03-07,108.88,109.99,102.71,112.8,105.68,105.52,107.26
2021-03-08,109.23,110.54,103.09,113.22,105.98,105.65,107.65
2021-03-09,109.54,111.1,103.45,113.75,106.31,105.84,108.02
2021-03-10,109.85,111.43,103.84,114.01,106.56,106.03,108.31
2021-03-11,110.14,111.81,104.21,114.28,106.92,106.14,108.58
2021-03-12,110.48,112.34,104.69,114.61,107.33,106.28,108.86
2021-03-13,111.22,113.01,105.64,115.12,107.89,106.49,109.33
2021-03-14,111.54,113.57,106.18,115.41,108.18,106.63,109.75
2021-03-15,111.78,114.05,106.7,115.73,108.47,106.87,110.06
2021-03-16,112.1,114.59,107.32,115.96,108.97,107.16,110.39
2021-03-17,112.39,115.21,108.0,116.33,109.39,107.26,110.68
2021-03-18,112.8,115.66,108.69,116.6,109.95,107.47,111.01
2021-03-19,113.22,115.92,109.2,116.97,110.54,107.69,111.31
2021-03-20,113.58,116.09,109.68,117.88,110.94,107.92,111.58
2021-03-21,114.04,116.15,110.16,118.85,111.43,108.52,111.98
2021-03-22,114.5,116.29,110.6,119.25,112.15,109.11,112.37
2021-03-23,114.89,116.37,111.01,119.67,112.8,109.61,112.82
2021-03-24,115.36,116.38,111.35,120.0,113.55,110.23,113.35
2021-03-25,115.65,116.51,111.64,120.47,114.05,110.67,113.74
2021-03-26,115.87,116.66,112.04,120.87,114.54,111.05,114.18
2021-03-27,116.12,116.94,112.51,120.86,115.12,111.58,114.71
2021-03-28,116.27,117.24,112.96,120.86,115.67,111.82,115.16
2021-03-29,116.44,117.5,113.41,121.46,116.14,112.01,115.61
2021-03-30,116.61,117.82,113.88,122.13,116.65,112.14,116.1
2021-03-31,116.7,118.24,114.33,122.97,117.17,112.16,116.66
2021-04-01,116.89,118.52,114.77,123.66,117.54,112.26,117.13
2021-04-02,117.09,118.77,115.19,124.27,117.9,112.36,117.52
2021-04-03,117.26,118.94,115.42,124.79,118.26,112.17,117.81
2021-04-04,117.5,119.19,115.74,125.3,118.64,112.04,118.26
2021-04-05,117.82,119.46,116.09,125.83,119.02,111.93,118.8
2021-04-06,118.05,119.73,116.36,126.33,119.29,112.03,119.19
2021-04-07,118.28,119.96,116.63,126.78,119.54,112.2,119.31
2021-04-08,118.48,120.17,116.93,127.21,119.77,112.36,119.63
2021-04-09,118.77,120.51,117.33,127.71,120.13,112.56,120.04
2021-04-10,118.73,120.5,117.66,127.96,120.46,112.67,120.3
2021-04-11,118.76,120.51,117.96,127.87,120.64,112.84,120.41
2021-04-12,118.8,120.55,118.37,127.82,120.95,113.08,120.57
2021-04-13,118.95,120.62,118.73,127.57,121.25,113.25,120.74
2021-04-14,119.18,120.71,119.04,127.38,121.69,113.43,121.15
2021-04-15,119.37,120.75,119.28,127.31,122.3,113.65,121.48
2021-04-16,119.55,120.85,119.39,127.29,122.72,113.98,121.78
2021-04-17,120.13,121.3,119.72,127.51,123.19,114.49,122.27
2021-04-18,120.64,121.75,120.08,128.08,123.98,114.96,122.8
2021-04-19,121.07,122.39,120.27,128.56,124.51,115.35,123.21
2021-04-20,121.51,122.99,120.57,129.29,125.03,115.75,123.62
2021-04-21,121.92,123.63,120.9,129.96,125.53,116.22,124.02
2021-04-22,122.35,124.35,121.34,130.52,126.11,116.54,124.38
2021-04-23,122.79,124.91,121.99,131.08,126.75,116.71,124.75
2021-04-24,123.22,125.53,122.58,131.58,127.36,116.81,125.05
2021-04-25,123.45,126.18,123.02,131.96,127.68,116.75,125.29
2021-04-26,123.71,126.59,123.51,132.37,128.11,116.76,125.5
2021-04-27,123.97,126.99,123.96,132.68,128.51,116.68,125.71
2021-04-28,124.25,127.41,124.32,133.0,128.81,116.63,125.88
2021-04-29,124.8,127.89,124.73,133.33,128.83,116.76,126.08
2021-04-30,125.27,128.37,125.02,133.58,128.82,116.8,126.23
2021-05-01,125.62,128.04,125.22,133.85,128.77,116.97,126.34
2021-05-02,126.18,127.63,125.46,134.17,128.69,117.07,126.41
2021-05-03,126.72,127.24,125.78,134.53,128.76,117.2,126.54
2021-05-04,127.32,126.96,126.14,134.95,128.81,117.5,126.65
2021-05-05,127.9,126.53,126.65,135.32,128.84,117.76,126.78
2021-05-06,128.28,126.12,127.14,135.75,129.04,117.92,126.94
2021-05-07,128.67,125.76,127.53,136.19,128.81,118.09,126.89
2021-05-08,129.15,126.21,128.22,136.63,129.08,118.37,127.1
2021-05-09,129.48,126.65,128.86,137.12,129.42,118.58,127.41
2021-05-10,129.84,127.26,129.49,137.48,129.57,118.79,127.66
2021-05-11,130.17,127.77,130.08,137.85,129.86,118.88,127.92
2021-05-12,130.64,128.35,130.55,138.24,130.34,119.09,128.26
2021-05-13,131.11,128.82,131.16,138.6,130.6,119.37,128.54
2021-05-14,131.57,129.23,131.76,138.87,131.26,119.72,129.0
2021-05-15,131.89,129.41,132.01,138.99,131.37,119.73,129.15
2021-05-16,132.38,129.69,132.19,139.09,131.5,120.12,129.28
2021-05-17,132.81,129.77,132.35,139.14,131.72,120.44,129.43
2021-05-18,133.24,129.97,132.5,139.16,131.82,120.82,129.56
2021-05-19,133.45,130.21,132.53,139.15,131.8,121.0,129.53
2021-05-20,133.7,130.56,132.6,139.25,132.01,121.26,129.55
2021-05-21,133.93,130.91,132.68,139.37,131.44,121.49,129.53
2021-05-22,133.79,131.03,132.28,139.25,131.1,121.35,129.41
2021-05-23,133.92,131.38,132.38,139.38,131.18,121.5,129.52
2021-05-24,133.92,131.69,132.41,139.59,131.04,121.6,129.55
2021-05-25,133.79,131.83,132.61,139.83,131.13,121.52,129.63
2021-05-26,133.65,131.98,132.85,140.14,131.05,121.57,129.81
2021-05-27,133.51,132.07,132.87,140.31,131.11,121.44,129.98
2021-05-28,133.37,132.23,132.92,140.54,131.99,121.3,130.22
2021-05-29,133.73,132.84,133.63,141.15,132.72,121.97,130.67
2021-05-30,133.78,133.12,134.02,141.6,133.15,122.21,130.93
2021-05-31,133.98,133.52,134.5,142.09,133.73,122.48,131.26
2021-06-01,134.02,133.79,134.56,142.41,133.84,122.69,131.38
2021-06-02,134.35,134.04,134.82,142.61,134.03,122.95,131.48
2021-06-03,134.56,134.3,135.14,142.93,134.26,123.28,131.59
2021-06-04,134.92,134.55,135.47,143.19,134.5,123.89,131.74
2021-06-05,135.16,134.76,135.74,143.3,134.76,124.2,131.8
2021-06-06,135.47,134.97,136.16,143.34,134.99,124.62,131.86
2021-06-07,135.75,135.07,136.5,143.29,135.16,125.05,131.74
2021-06-08,136.06,135.27,137.22,143.42,135.55,125.48,131.9
2021-06-09,136.27,135.5,137.95,143.66,136.04,126.03,132.09
2021-06-10,136.57,135.75,138.62,143.85,136.32,126.45,132.26
2021-06-11,136.75,136.01,139.36,144.15,136.75,126.54,132.39
2021-06-12,136.93,136.2,139.81,144.5,137.16,126.64,132.55
2021-06-13,137.17,136.39,139.96,144.86,137.51,126.61,132.67
2021-06-14,137.5,136.65,140.19,145.29,137.96,126.71,133.0
2021-06-15,138.0,137.2,140.6,145.84,138.5,127.13,133.32
2021-06-16,138.26,137.56,140.49,146.21,138.86,127.08,133.5
2021-06-17,138.52,137.87,140.27,146.49,138.19,127.12,133.6
2021-06-18,138.54,138.16,139.91,146.71,137.35,127.27,133.68
2021-06-19,138.72,138.47,139.85,146.98,137.44,127.46,133.85
2021-06-20,138.67,138.8,139.89,147.24,137.48,127.58,134.0
2021-06-21,138.66,139.17,139.9,147.54,137.62,127.39,134.2
2021-06-22,138.54,139.22,139.65,147.63,137.65,127.0,134.2
2021-06-23,138.63,139.52,139.9,147.97,137.85,126.93,134.38
2021-06-24,138.73,139.79,140.22,148.32,139.02,126.92,134.64
2021-06-25,139.08,140.05,140.6,148.68,140.17,126.94,134.93
2021-06-26,139.35,140.31,140.95,149.02,140.39,127.0,135.16
2021-06-27,139.72,140.52,141.29,149.37,140.66,127.12,135.43
2021-06-28,140.02,140.68,141.65,149.68,140.84,127.45,135.65
2021-06-29,140.47,140.93,141.94,150.06,141.05,127.86,135.99
2021-06-30,140.84,141.08,142.13,150.35,141.21,128.25,136.27
2021-07-01,141.22,141.24,142.33,150.63,141.37,128.63,136.56
2021-07-02,141.52,141.43,142.52,150.84,141.41,128.95,136.66
2021-07-03,141.83,141.69,142.76,151.12,141.5,129.22,136.85
2021-07-04,142.16,141.97,143.15,151.37,141.4,129.57,137.01
2021-07-05,142.51,142.29,143.44,151.62,141.24,129.76,137.16
2021-07-06,142.9,142.69,143.81,151.81,141.05,130.11,137.23
2021-07-07,143.23,143.01,144.06,151.82,140.78,130.29,137.14
2021-07-08,143.51,143.34,144.26,151.85,140.61,130.39,137.17
2021-07-09,143.86,143.55,144.62,152.07,140.54,130.57,137.36
2021-07-10,144.08,143.61,144.83,152.12,140.3,130.64,137.31
2021-07-11,144.26,143.73,144.89,152.21,140.22,130.49,137.28
2021-07-12,144.34,143.84,145.02,152.23,140.16,130.6,137.22
2021-07-13,144.54,143.86,145.17,152.38,140.13,130.62,137.26
2021-07-14,144.79,143.82,145.34,152.62,140.04,130.46,137.35
2021-07-15,145.07,143.87,145.65,152.97,139.97,130.39,137.4
2021-07-16,145.22,143.94,145.65,153.15,139.89,130.17,137.41
2021-07-17,145.39,144.05,145.67,153.45,139.84,130.21,137.58
2021-07-18,145.81,144.16,145.8,153.86,139.97,130.59,137.86
2021-07-19,146.32,144.11,145.93,154.37,140.12,130.89,138.21
2021-07-20,146.69,144.09,146.41,154.85,140.33,131.26,138.54
2021-07-21,146.96,144.72,146.39,155.03,140.14,131.81,138.6
2021-07-22,147.27,145.13,146.21,155.06,139.56,132.35,138.44
2021-07-23,147.76,145.53,146.08,155.11,139.16,132.81,138.3
2021-07-24,148.33,145.89,146.11,155.0,138.83,133.14,138.08
2021-07-25,148.73,146.21,145.95,154.76,137.9,133.25,137.71
2021-07-26,149.05,146.57,145.74,154.36,137.04,133.28,137.23
2021-07-27,149.37,146.93,145.18,154.02,136.21,133.18,136.82
2021-07-28,149.79,146.59,145.28,154.04,135.81,133.29,136.69
2021-07-29,150.17,146.48,145.39,154.06,135.6,133.26,136.65
2021-07-30,150.42,146.24,145.48,153.87,135.0,133.28,136.46
2021-07-31,150.8,146.25,145.62,154.06,134.65,133.36,136.57
2021-08-01,151.04,146.21,145.9,154.22,134.69,133.31,136.66
2021-08-02,151.28,146.25,146.18,154.48,134.63,133.19,136.8
2021-08-03,151.46,146.25,146.45,154.64,134.37,133.27,136.85
2021-08-04,151.67,147.94,146.7,154.8,134.23,133.22,136.97
2021-08-05,151.9,149.54,146.89,155.05,134.22,133.16,137.13
2021-08-06,152.2,151.48,147.35,155.6,134.5,133.25,137.53
2021-08-07,151.76,153.05,147.3,155.74,134.41,132.94,137.54
2021-08-08,151.97,154.8,147.52,156.06,134.46,133.04,137.69
2021-08-09,152.28,156.56,147.84,156.35,134.51,133.29,137.82
2021-08-10,152.68,158.35,148.09,156.65,134.65,133.47,138.0
2021-08-11,153.17,157.14,148.29,156.93,134.79,133.92,138.1
2021-08-12,153.7,157.19,148.65,157.24,134.96,134.57,138.29
2021-08-13,154.3,157.06,148.92,157.62,135.08,135.11,138.45
2021-08-14,155.54,157.13,149.48,158.04,135.32,135.96,138.7
2021-08-15,156.18,157.1,149.71,158.35,135.48,136.65,138.87
2021-08-16,156.74,156.98,149.81,158.57,135.66,137.14,139.02
2021-08-17,157.39,156.97,150.03,158.88,135.99,137.7,139.2
2021-08-18,157.53,158.34,150.06,159.17,136.12,137.79,139.39
2021-08-19,157.98,158.5,150.2,159.45,136.27,137.96,139.57
2021-08-20,158.48,158.69,150.4,159.63,136.4,138.33,139.73
2021-08-21,159.77,159.27,150.9,159.79,136.53,139.04,139.97
2021-08-22,161.14,159.88,151.46,160.08,136.68,139.8,140.27
2021-08-23,162.62,160.44,152.14,160.41,136.79,140.57,140.55
2021-08-24,163.83,160.87,152.62,160.58,136.65,140.55,140.72
2021-08-25,165.61,161.54,153.3,160.85,136.86,141.26,140.99
2021-08-26,167.15,162.04,153.82,161.0,136.96,141.97,141.14
2021-08-27,168.42,162.3,154.24,161.17,137.05,142.6,141.24
2021-08-28,168.82,162.02,154.38,161.25,137.18,142.76,141.3
2021-08-29,169.17,161.73,154.63,161.37,137.35,142.87,141.39
2021-08-30,169.51,161.49,154.84,161.48,137.46,143.16,141.5
2021-08-31,169.75,161.2,155.02,161.63,137.65,143.82,141.63
2021-09-01,169.73,160.69,155.06,161.64,137.63,143.86,141.62
2021-09-02,169.72,160.55,155.12,161.71,137.62,143.74,141.7
2021-09-03,169.97,161.46,155.21,161.75,137.66,143.84,141.84
2021-09-04,170.0,162.29,155.01,161.79,137.6,143.75,141.89
2021-09-05,170.31,163.32,155.01,161.89,137.53,143.84,142.03
2021-09-06,170.63,164.44,155.03,162.14,137.66,143.95,142.24
2021-09-07,171.16,165.5,155.05,162.25,137.72,144.19,142.3
2021-09-08,171.72,166.57,155.12,162.37,137.86,144.41,142.51
2021-09-09,172.02,167.31,155.09,162.36,137.99,144.62,142.62
2021-09-10,172.11,167.26,155.15,162.5,138.11,144.38,142.55
2021-09-11,172.56,167.49,155.58,162.79,138.38,144.79,142.57
2021-09-12,172.72,167.52,155.73,162.88,138.6,144.89,142.48
2021-09-13,172.8,167.45,155.85,162.88,138.62,144.93,142.33
2021-09-14,172.89,167.55,156.04,163.01,138.79,144.88,142.52
2021-09-15,173.09,166.34,156.41,163.27,138.9,145.04,142.65
2021-09-16,173.31,166.5,156.81,163.52,138.91,145.14,142.75
2021-09-17,173.7,166.76,157.14,163.67,138.98,145.61,143.03
2021-09-18,174.0,166.69,157.49,163.86,139.01,145.68,143.33
2021-09-19,174.33,166.72,157.84,164.14,139.07,145.89,143.63
2021-09-20,174.68,166.76,158.26,164.39,139.22,146.1,143.91
2021-09-21,175.02,166.76,158.61,164.62,139.29,146.59,144.0
2021-09-22,175.3,168.24,158.91,164.86,139.48,147.01,144.11
2021-09-23,175.78,168.77,159.18,165.19,139.42,147.56,144.25
2021-09-24,176.16,169.18,159.46,165.45,139.28,148.11,144.31
2021-09-25,176.52,169.85,159.62,165.65,138.11,148.82,144.32
2021-09-26,176.9,170.46,159.93,165.82,137.72,149.49,144.3
2021-09-27,177.28,171.18,160.17,166.05,136.73,150.2,144.32
2021-09-28,177.76,171.92,160.6,166.35,136.36,150.78,144.44
2021-09-29,178.29,172.6,160.97,166.57,135.16,151.45,144.5
2021-09-30,178.59,172.92,161.31,166.77,135.03,151.97,144.65
2021-10-01,178.97,173.55,161.78,166.88,134.99,152.2,144.84
2021-10-02,179.38,174.31,162.38,167.02,135.95,152.42,145.13
2021-10-03,179.74,174.92,162.8,167.02,136.14,152.57,145.36
2021-10-04,180.04,175.56,163.23,166.99,136.93,152.71,145.58
2021-10-05,180.36,176.07,163.49,166.82,137.06,152.79,145.7
2021-10-06,180.61,176.55,163.72,166.66,138.1,152.7,145.84
2021-10-07,181.14,177.1,164.1,166.57,138.48,152.82,145.94
2021-10-08,181.46,177.41,164.26,166.63,138.86,153.15,146.04
2021-10-09,182.13,177.66,164.44,166.67,139.15,153.47,146.2
2021-10-10,182.82,177.94,164.6,166.73,138.82,153.74,146.29
2021-10-11,183.46,178.15,164.74,166.78,138.57,153.9,146.42
2021-10-12,184.17,178.41,164.82,166.93,137.72,154.18,146.48
2021-10-13,184.76,178.57,164.96,166.97,136.65,154.5,146.47
2021-10-14,185.51,178.76,165.03,167.09,135.59,154.59,146.55
2021-10-15,186.47,178.97,165.15,167.25,134.92,154.7,146.71
2021-10-16,186.89,178.83,164.9,167.16,133.77,154.26,146.57
2021-10-17,187.5,179.01,164.97,167.32,133.69,154.27,146.69
2021-10-18,188.2,179.18,165.13,167.46,133.58,154.39,146.7
2021-10-19,188.8,179.53,165.33,167.59,134.18,154.44,146.96
2021-10-20,189.42,180.09,165.43,167.85,133.93,154.57,147.2
2021-10-21,189.74,180.53,165.54,167.96,134.87,154.75,147.45
2021-10-22,189.86,181.02,165.77,168.15,135.34,154.93,147.67
2021-10-23,190.41,181.68,166.17,168.51,136.34,155.42,148.06
2021-10-24,190.68,181.99,166.12,168.61,136.82,155.55,148.21
2021-10-25,190.94,182.3,166.07,168.74,137.28,155.74,148.45
2021-10-26,191.15,182.56,166.01,168.94,137.7,155.97,148.54
2021-10-27,191.38,182.74,166.06,169.02,138.99,156.2,148.71
2021-10-28,191.68,183.07,166.13,169.17,139.08,156.23,148.8
2021-10-29,192.29,183.17,166.16,169.12,139.18,156.4,148.81
2021-10-30,192.77,183.51,166.42,169.22,139.37,156.77,148.98
2021-10-31,193.26,183.85,166.68,169.19,139.47,157.19,149.12
2021-11-01,193.76,184.28,167.05,169.47,139.61,157.57,149.38
2021-11-02,194.19,184.74,167.59,170.0,139.72,157.97,149.77
2021-11-03,194.6,185.04,168.06,170.56,139.84,158.23,150.06
2021-11-04,194.97,185.31,168.56,171.1,139.84,158.83,150.32
2021-11-05,195.17,185.69,169.05,171.8,139.93,159.45,150.66
2021-11-06,195.34,185.65,169.29,172.12,139.69,159.57,150.73
2021-11-07,195.88,186.01,169.9,173.03,139.75,159.91,151.04
2021-11-08,196.37,186.16,170.36,173.56,139.83,159.93,151.28
2021-11-09,196.81,186.22,170.76,173.78,139.81,160.08,151.35
2021-11-10,197.48,186.59,171.28,174.13,139.92,160.3,151.56
2021-11-11,198.78,188.08,171.92,174.49,140.21,161.5,151.97
2021-11-12,199.7,189.55,172.22,174.61,140.33,162.59,152.22
2021-11-13,200.96,191.3,172.82,174.92,139.94,163.99,152.55
2021-11-14,201.98,192.8,173.23,174.96,139.36,165.08,152.78
2021-11-15,202.82,194.41,173.54,175.06,139.45,165.85,153.04
2021-11-16,204.0,196.17,173.91,175.29,139.7,166.6,153.37
2021-11-17,205.05,197.71,174.15,175.4,139.88,167.58,153.67
2021-11-18,205.39,198.01,174.14,175.47,139.88,166.87,153.77
2021-11-19,206.32,198.18,174.51,175.94,139.79,166.6,154.05
2021-11-20,206.43,197.75,173.84,176.03,140.54,165.94,154.12
2021-11-21,206.95,197.9,173.87,176.46,141.59,165.88,154.47
2021-11-22,207.71,197.97,174.08,176.92,141.94,166.43,154.79
2021-11-23,208.16,197.93,174.13,177.1,141.44,167.0,154.94
2021-11-24,208.66,197.88,174.19,177.18,140.89,167.27,155.05
2021-11-25,208.84,197.75,174.17,177.21,140.37,167.99,155.12
2021-11-26,209.13,197.9,174.24,176.94,139.98,168.31,155.1
2021-11-27,209.79,198.51,175.09,177.07,139.59,169.38,155.32
2021-11-28,209.79,198.41,175.09,176.67,138.92,169.56,155.16
2021-11-29,209.71,198.29,174.92,176.27,138.24,169.62,154.93
2021-11-30,209.94,198.27,174.92,176.05,138.35,169.71,154.88
2021-12-01,209.84,198.11,174.72,175.91,139.0,169.7,154.78
2021-12-02,210.35,198.42,174.72,175.92,139.81,170.23,154.9
2021-12-03,210.57,198.53,174.45,175.97,140.52,170.71,154.98
2021-12-04,210.9,198.89,174.41,176.18,141.42,171.39,155.29
2021-12-05,211.43,199.53,174.45,176.44,142.28,172.21,155.67
2021-12-06,212.05,200.42,174.61,176.71,143.12,173.54,156.14
2021-12-07,212.1,200.91,174.6,177.02,143.57,173.46,156.36
2021-12-08,212.44,201.57,174.75,177.32,143.7,174.22,156.78
2021-12-09,212.73,202.01,175.03,177.44,143.8,174.85,157.02
2021-12-10,212.94,202.5,175.44,177.59,144.04,175.54,157.36
2021-12-11,212.79,202.38,175.23,177.36,143.78,175.34,157.26
2021-12-12,213.04,202.72,175.57,177.49,143.46,176.14,157.41
2021-12-13,213.35,202.89,175.83,177.65,143.34,176.65,157.54
2021-12-14,214.04,202.26,176.11,177.79,143.72,178.66,157.91
2021-12-15,214.77,201.51,176.57,177.75,143.16,180.12,158.02
2021-12-16,215.26,200.76,176.9,177.76,142.41,181.37,158.05
2021-12-17,215.95,200.03,177.39,177.82,142.15,182.93,158.21
2021-12-18,216.9,199.0,178.29,178.08,141.76,184.77,158.48
2021-12-19,217.54,197.58,178.71,178.05,141.44,185.96,158.54
2021-12-20,217.98,196.25,179.06,177.96,141.06,187.08,158.57
2021-12-21,217.45,195.09,178.95,177.88,140.65,185.28,158.33
2021-12-22,216.85,193.91,178.56,177.72,140.7,183.5,158.09
2021-12-23,216.31,192.66,178.09,177.68,140.71,181.94,157.95
2021-12-24,215.54,191.32,177.38,177.52,140.26,179.88,157.66
2021-12-25,214.86,190.73,176.62,177.42,139.93,178.08,157.45
2021-12-26,214.02,189.91,175.78,177.28,139.6,175.95,157.21
2021-12-27,213.14,189.03,174.98,177.26,139.59,173.64,157.08
2021-12-28,213.72,189.28,175.48,177.28,139.66,174.3,157.21
2021-12-29,213.75,189.46,175.51,177.46,139.77,174.72,157.34
2021-12-30,213.6,189.53,175.51,177.43,139.95,174.84,157.39
2021-12-31,213.4,189.59,175.4,177.31,140.1,174.72,157.36
2022-01-01,213.01,189.63,175.38,177.13,140.41,174.51,157.27
2022-01-02,212.45,189.46,175.36,176.8,140.61,174.43,157.1
2022-01-03,211.92,189.18,175.25,176.34,140.33,174.26,156.8
2022-01-04,210.87,188.81,174.36,176.0,139.97,173.93,156.57
2022-01-05,210.4,188.65,174.13,175.7,139.37,173.78,156.41
2022-01-06,210.07,188.55,173.84,175.58,138.97,173.56,156.33
2022-01-07,210.0,188.6,174.01,175.63,138.85,173.8,156.23
2022-01-08,209.75,188.27,173.76,175.5,138.61,173.33,156.13
2022-01-09,210.39,188.46,173.83,175.65,138.22,173.32,156.27
2022-01-10,211.18,188.53,174.14,175.79,138.08,173.66,156.43
2022-01-11,211.89,188.28,174.3,175.75,137.94,173.81,156.4
2022-01-12,212.64,188.05,174.43,175.79,138.11,173.95,156.41
2022-01-13,213.64,187.93,174.74,175.82,138.15,174.34,156.42
2022-01-14,214.11,187.66,174.41,175.55,137.85,174.39,156.13
2022-01-15,215.49,187.98,174.79,175.86,137.76,175.24,156.27
2022-01-16,216.15,187.98,174.85,175.95,137.93,175.71,156.18
2022-01-17,216.64,188.23,174.75,176.06,137.71,176.06,156.1
2022-01-18,217.37,188.52,174.81,176.19,137.56,176.56,156.1
2022-01-19,218.04,188.96,174.92,176.29,137.55,176.94,156.14
2022-01-20,218.55,189.3,175.15,176.34,137.32,177.06,156.12
2022-01-21,219.36,189.93,175.84,176.69,137.24,176.95,156.49
2022-01-22,219.36,189.9,176.19,176.61,137.11,176.51,156.36
2022-01-23,219.63,190.26,176.44,176.75,137.07,176.29,156.38
2022-01-24,220.08,190.7,176.9,176.94,137.17,176.13,156.41
2022-01-25,220.55,191.23,177.45,177.13,137.24,175.85,156.49
2022-01-26,220.96,191.61,177.98,177.32,137.41,175.62,156.52
2022-01-27,221.46,192.08,178.42,177.59,137.78,175.53,156.61
2022-01-28,222.15,192.53,178.78,177.92,138.1,175.85,156.74
2022-01-29,223.25,193.65,179.24,178.44,138.44,176.42,157.0
2022-01-30,224.06,194.55,180.02,178.93,138.75,176.92,157.24
2022-01-31,224.51,195.25,180.34,179.37,139.07,177.28,157.39
2022-02-01,225.18,196.14,180.91,179.78,139.24,177.74,157.52
2022-02-02,225.89,197.31,181.46,180.25,139.32,178.27,157.72
2022-02-03,226.5,198.12,181.97,180.69,139.38,178.66,157.92
2022-02-04,226.87,198.56,182.3,181.03,139.45,178.8,158.09
2022-02-05,227.13,199.01,182.56,181.29,139.45,178.74,158.23
2022-02-06,227.34,199.23,182.69,181.41,139.42,178.07,158.31
2022-02-07,227.96,199.59,183.18,181.63,139.39,178.05,158.34
2022-02-08,227.57,199.66,182.88,181.81,139.41,177.89,158.42
2022-02-09,227.81,199.63,183.01,182.06,139.49,177.97,158.54
2022-02-10,227.95,200.01,183.14,182.34,139.64,178.24,158.7
2022-02-11,228.13,200.65,183.43,182.71,139.69,178.71,158.85
2022-02-12,228.32,201.05,183.68,183.06,139.81,179.5,159.04
2022-02-13,228.51,201.37,183.7,183.31,139.83,180.65,159.16
2022-02-14,228.56,201.59,183.58,183.38,139.79,181.16,159.31
2022-02-15,228.62,201.87,183.66,183.5,140.54,181.74,159.46
2022-02-16,228.72,202.11,183.61,183.54,141.32,182.1,159.59
2022-02-17,228.98,202.22,183.69,183.51,141.25,182.52,159.64
2022-02-18,229.39,202.3,183.77,183.38,141.35,182.93,159.7
2022-02-19,229.29,202.1,183.42,183.04,141.15,182.9,159.6
2022-02-20,229.85,202.38,183.66,183.11,141.2,183.8,159.76
2022-02-21,230.39,202.67,184.02,183.34,141.27,184.63,160.0
2022-02-22,231.33,202.79,184.42,183.3,140.48,185.09,159.99
2022-02-23,231.88,202.89,184.71,183.22,139.6,185.53,159.97
2022-02-24,232.32,203.12,184.82,183.29,139.6,185.81,160.09
2022-02-25,232.61,203.31,184.95,183.36,139.56,186.15,160.18
2022-02-26,233.4,204.08,185.67,183.73,139.82,186.98,160.47
2022-02-27,233.53,204.45,185.82,183.66,139.78,186.65,160.46
2022-02-28,233.85,204.87,185.96,183.5,139.77,186.5,160.4
2022-03-01,233.55,205.3,185.64,183.68,139.75,186.26,160.4
2022-03-02,233.41,205.7,185.63,183.9,139.76,186.33,160.4
2022-03-03,233.07,205.94,185.58,183.94,139.7,186.31,160.32
2022-03-04,232.84,206.22,185.51,184.06,139.63,186.18,160.32
2022-03-05,232.26,206.02,185.08,184.0,139.39,185.58,160.17
2022-03-06,231.99,206.16,184.98,184.16,139.41,185.55,160.2
2022-03-07,231.45,206.27,184.88,184.32,139.46,185.33,160.06
2022-03-08,231.8,206.6,185.24,184.35,139.61,185.34,160.15
2022-03-09,231.91,206.8,185.23,184.41,139.76,184.95,160.24
2022-03-10,232.08,206.89,185.2,184.26,139.81,184.65,160.25
2022-03-11,232.19,207.22,185.06,184.06,139.8,184.49,160.26
2022-03-12,232.6,207.88,185.15,183.95,139.95,184.23,160.36
2022-03-13,232.63,208.28,184.95,183.7,140.01,183.81,160.36
2022-03-14,232.69,208.53,184.79,183.46,139.92,183.07,160.49
2022-03-15,231.68,208.84,184.61,183.25,139.79,182.69,160.44
2022-03-16,230.49,209.44,184.46,183.12,139.82,182.61,160.46
2022-03-17,229.24,210.15,184.48,183.27,139.97,182.51,160.55
2022-03-18,227.78,210.63,184.5,183.29,140.19,182.27,160.49
2022-03-19,226.4,210.8,184.52,183.23,140.33,182.43,160.37
2022-03-20,225.27,210.91,184.48,183.27,140.33,182.54,160.28
2022-03-21,223.68,211.15,184.21,183.37,140.44,182.93,160.2
2022-03-22,223.11,211.47,184.11,183.46,140.76,183.13,160.26
2022-03-23,222.97,211.46,183.88,183.17,140.75,182.96,160.07
2022-03-24,223.11,211.71,183.78,183.13,140.85,183.22,160.07
2022-03-25,223.68,212.03,183.79,183.28,140.8,183.59,160.19
2022-03-26,224.24,212.38,183.79,183.42,140.65,183.83,160.32
2022-03-27,224.62,212.79,183.98,183.69,140.69,183.75,160.51
2022-03-28,225.03,213.01,184.0,183.81,140.69,183.67,160.65
2022-03-29,225.04,212.91,184.01,183.94,140.49,183.7,160.66
2022-03-30,225.37,213.22,184.29,184.42,140.57,184.93,161.0
2022-03-31,225.58,213.29,184.22,184.58,140.42,185.93,161.15
2022-04-01,225.63,213.33,184.12,184.73,140.33,186.44,161.11
2022-04-02,225.36,213.52,183.94,184.9,140.36,187.43,161.06
2022-04-03,225.17,213.59,183.68,184.91,140.26,188.58,160.89
2022-04-04,224.93,213.72,183.56,184.88,140.21,189.49,160.82
2022-04-05,225.54,213.68,183.59,184.8,140.08,189.84,160.81
2022-04-06,225.42,213.23,183.25,184.71,139.78,189.08,160.62
2022-04-07,225.22,212.87,182.95,184.54,139.53,188.38,160.29
2022-04-08,225.06,212.48,182.57,184.29,139.27,188.26,160.22
2022-04-09,224.79,210.24,181.83,183.66,139.01,187.02,159.88
2022-04-10,224.36,208.05,181.06,182.84,138.76,185.63,159.45
2022-04-11,223.99,205.67,180.33,182.07,138.5,184.24,159.01
2022-04-12,223.71,202.94,179.6,180.98,138.25,183.74,158.63
2022-04-13,223.52,200.5,179.07,179.94,137.99,183.5,158.29
2022-04-14,223.47,197.94,178.62,179.05,137.74,183.2,158.15
2022-04-15,223.22,195.33,178.08,178.22,137.6,182.75,157.96
2022-04-16,223.42,194.83,178.24,178.06,137.51,183.43,158.15
2022-04-17,223.86,194.3,178.33,178.07,137.41,184.17,158.49
2022-04-18,224.56,193.97,178.49,178.16,137.34,185.09,158.82
2022-04-19,224.9,194.64,178.68,178.68,137.36,185.81,159.17
2022-04-20,225.26,195.12,178.78,179.17,137.33,186.31,159.46
2022-04-21,225.52,195.71,178.67,179.7,137.47,186.72,159.76
2022-04-22,225.9,197.54,178.81,180.52,137.99,188.23,160.19
2022-04-23,226.28,199.24,178.74,181.19,138.57,189.42,160.55
2022-04-24,226.26,199.65,178.45,181.4,138.58,189.51,160.61
2022-04-25,226.49,200.27,178.23,181.56,138.54,189.86,160.71
2022-04-26,226.44,200.55,177.83,181.74,138.53,190.2,160.77
2022-04-27,224.21,200.16,175.78,181.49,138.29,189.56,160.4
2022-04-28,224.14,200.28,175.59,181.52,138.21,189.6,160.32
2022-04-29,223.82,199.19,175.29,181.23,137.65,188.61,160.09
2022-04-30,223.51,197.84,174.83,180.86,136.93,187.35,159.81
2022-05-01,223.48,198.28,174.7,181.09,136.97,187.71,160.26
2022-05-02,223.16,198.52,174.4,181.24,136.86,187.25,160.24
2022-05-03,223.18,198.81,174.39,181.42,136.74,186.82,160.18
2022-05-04,225.34,199.92,175.95,181.9,137.01,187.58,160.61
2022-05-05,225.42,200.16,175.88,181.96,136.77,186.91,160.56
2022-05-06,225.93,200.51,175.9,182.05,136.64,186.8,160.57
2022-05-07,226.21,200.77,175.86,182.0,136.62,186.55,160.43
2022-05-08,226.56,200.69,175.99,181.92,136.43,186.36,159.98
2022-05-09,227.34,200.83,176.28,181.97,136.47,186.98,160.01
2022-05-10,227.9,201.08,176.41,181.94,136.42,187.36,160.06
2022-05-11,228.19,201.2,176.39,181.92,136.32,187.37,159.99
2022-05-12,228.37,201.75,176.43,182.03,136.59,188.16,160.07
2022-05-13,228.27,202.02,176.4,182.02,136.59,188.32,160.01
2022-05-14,228.36,202.5,176.62,182.25,136.52,188.78,160.17
2022-05-15,228.39,202.82,176.64,182.41,136.5,188.8,160.25
2022-05-16,228.31,203.01,176.58,182.57,136.45,188.77,160.32
2022-05-17,227.6,202.85,176.32,182.6,136.39,188.42,160.34
2022-05-18,227.5,203.07,176.64,182.78,136.51,188.64,160.57
2022-05-19,227.47,203.15,176.7,182.95,136.48,188.77,160.64
2022-05-20,227.41,203.33,176.82,183.04,136.61,188.81,160.8
2022-05-21,226.98,202.95,176.42,182.74,136.52,188.45,160.68
2022-05-22,226.95,202.99,176.22,182.72,136.61,188.49,160.78
2022-05-23,226.74,203.04,176.06,182.65,136.77,188.49,160.82
2022-05-24,227.17,203.26,176.0,182.62,136.87,188.51,160.9
2022-05-25,227.05,203.16,175.39,182.44,136.77,188.27,160.79
2022-05-26,226.87,202.78,174.74,182.08,136.53,187.94,160.62
2022-05-27,226.63,202.4,174.0,181.97,136.35,187.63,160.53
2022-05-28,226.66,202.58,173.57,182.16,136.46,187.77,160.66
2022-05-29,226.23,202.38,172.99,182.05,136.42,187.43,160.5
2022-05-30,225.95,202.27,172.51,182.02,136.3,187.24,160.42
2022-05-31,225.4,201.92,171.75,181.92,136.16,186.86,160.2
2022-06-01,224.87,201.61,171.15,181.78,136.01,186.59,160.06
2022-06-02,224.05,201.53,170.85,181.86,136.0,186.18,160.04
2022-06-03,223.26,201.39,170.53,181.78,136.0,185.45,159.9
2022-06-04,222.51,201.26,170.2,181.69,135.95,185.16,159.8
2022-06-05,221.67,201.2,169.85,181.53,135.83,184.92,159.63
2022-06-06,220.79,201.03,169.56,181.28,135.69,184.57,159.42
2022-06-07,219.99,201.14,169.44,181.21,135.67,184.53,159.35
2022-06-08,219.31,201.16,169.46,181.19,135.7,184.41,159.25
2022-06-09,218.95,201.11,169.35,180.97,135.64,184.65,159.08
2022-06-10,218.5,201.22,169.24,180.77,135.46,185.27,158.94
2022-06-11,218.09,201.35,169.11,180.6,135.25,185.52,158.78
2022-06-12,217.75,201.4,168.83,180.47,135.03,185.81,158.68
2022-06-13,217.49,201.51,168.36,180.36,134.8,186.2,158.6
2022-06-14,217.4,201.61,168.1,180.28,134.73,186.99,158.57
2022-06-15,217.28,201.74,167.74,180.16,134.52,187.11,158.51
2022-06-16,216.98,201.67,167.11,180.07,134.3,186.72,158.44
2022-06-17,216.88,201.66,166.5,179.98,134.2,186.5,158.41
2022-06-18,216.67,201.48,165.91,179.85,134.14,186.19,158.38
2022-06-19,216.64,201.38,165.57,179.79,134.16,186.04,158.41
2022-06-20,216.61,201.17,165.3,179.69,134.14,185.86,158.41
2022-06-21,216.56,201.0,164.81,179.44,133.98,185.4,158.32
2022-06-22,216.47,200.77,164.25,179.18,133.9,185.4,158.26
2022-06-23,216.57,200.83,163.93,179.06,133.83,185.63,158.28
2022-06-24,216.39,200.83,163.58,178.73,133.67,185.71,158.18
2022-06-25,216.0,200.56,163.23,178.16,133.33,185.34,157.89
2022-06-26,215.61,200.41,162.99,177.71,133.11,184.61,157.67
2022-06-27,214.88,200.07,162.32,177.3,132.86,183.37,157.4
2022-06-28,213.94,199.74,161.73,177.04,132.77,182.72,157.16
2022-06-29,212.97,199.95,161.52,177.03,132.75,182.58,157.22
2022-06-30,212.02,200.14,161.29,176.83,132.72,182.73,157.23
2022-07-01,211.28,200.05,161.14,176.66,132.62,182.52,157.26
2022-07-02,210.84,200.43,161.23,176.85,132.67,182.94,157.46
2022-07-03,210.1,200.53,161.12,176.79,132.56,183.43,157.51
2022-07-04,209.28,200.6,160.99,176.67,132.43,183.56,157.5
2022-07-05,209.07,200.93,161.28,176.47,132.11,183.99,157.56
2022-07-06,208.39,200.58,160.94,175.9,131.73,183.52,157.19
2022-07-07,207.7,200.2,160.58,175.52,131.4,182.81,156.76
2022-07-08,206.98,199.96,160.13,175.3,131.2,182.44,156.54
2022-07-09,206.05,199.3,159.37,174.89,130.86,181.68,156.22
2022-07-10,205.26,198.95,158.63,174.68,130.58,181.19,156.03
2022-07-11,204.87,198.84,158.31,174.53,130.36,180.8,155.96
2022-07-12,204.04,198.5,157.56,174.37,130.18,180.3,155.79
2022-07-13,203.55,198.3,156.96,174.39,130.0,180.02,155.71
2022-07-14,202.99,198.04,156.31,174.36,129.76,179.75,155.68
2022-07-15,202.41,197.8,155.85,174.32,129.53,179.39,155.52
2022-07-16,201.98,197.76,155.3,174.34,129.48,179.24,155.44
2022-07-17,201.6,197.55,154.86,174.2,129.44,179.15,155.3
2022-07-18,200.86,196.84,153.76,173.98,129.37,178.93,155.07
2022-07-19,200.01,198.39,152.72,173.81,129.38,177.94,154.97
2022-07-20,199.63,200.01,152.65,173.6,129.3,177.88,154.88
2022-07-21,198.88,201.46,152.4,173.29,129.22,177.66,154.75
2022-07-22,198.41,202.95,152.12,173.14,129.33,177.78,154.75
2022-07-23,197.48,204.05,151.82,172.77,129.25,176.81,154.62
2022-07-24,196.85,205.65,151.77,172.63,129.3,176.78,154.61
2022-07-25,196.31,207.63,152.14,172.45,129.34,177.21,154.66
2022-07-26,195.88,207.36,152.66,172.26,129.31,177.72,154.63
2022-07-27,195.08,207.1,152.29,172.1,129.42,177.37,154.63
2022-07-28,194.79,207.17,152.14,172.0,129.57,177.32,154.71
2022-07-29,194.36,207.14,151.91,171.72,129.43,176.9,154.61
2022-07-30,194.53,207.78,151.99,171.79,129.55,177.63,154.73
2022-07-31,194.28,207.77,151.61,171.64,129.46,177.14,154.68
2022-08-01,194.18,207.89,151.45,171.63,129.47,176.78,154.67
2022-08-02,193.88,207.86,150.98,171.58,129.44,176.11,154.63
2022-08-03,193.67,207.87,150.63,171.58,129.4,175.78,154.64
2022-08-04,193.3,207.77,150.22,171.62,129.32,175.38,154.61
2022-08-05,192.93,207.95,149.81,171.73,129.38,175.02,154.68
2022-08-06,192.35,208.0,149.21,171.77,129.36,174.62,154.71
2022-08-07,191.79,208.26,148.76,171.87,129.3,174.3,154.72
2022-08-08,191.43,208.47,148.33,171.87,129.15,174.16,154.68
2022-08-09,191.21,208.7,148.02,171.88,128.92,174.49,154.61
2022-08-10,190.81,208.76,147.52,171.79,128.76,174.3,154.45
2022-08-11,190.38,208.81,147.21,171.73,128.59,174.18,154.32
2022-08-12,189.79,208.76,146.85,171.64,128.38,174.13,154.16
2022-08-13,189.02,208.35,146.44,171.31,128.03,173.67,153.88
2022-08-14,188.46,208.26,146.2,171.12,127.87,173.34,153.68
2022-08-15,187.82,208.2,146.05,171.01,127.74,173.24,153.53
2022-08-16,187.15,208.15,145.8,170.9,127.63,172.78,153.37
2022-08-17,186.49,208.13,145.54,170.88,127.42,172.59,153.24
2022-08-18,185.85,208.14,145.31,170.72,127.18,172.37,153.07
2022-08-19,185.33,208.01,145.13,170.61,127.05,171.94,152.9
2022-08-20,184.99,208.1,145.15,170.66,127.13,171.8,152.84
2022-08-21,184.55,207.69,144.89,170.59,127.12,171.45,152.7
2022-08-22,184.04,207.24,144.6,170.51,127.1,170.89,152.56
2022-08-23,183.25,206.64,144.17,170.38,127.11,170.12,152.43
2022-08-24,182.98,206.57,144.0,170.25,127.24,169.78,152.37
2022-08-25,182.83,206.61,143.84,170.15,127.45,169.21,152.35
2022-08-26,182.53,206.75,143.6,170.03,127.52,168.69,152.31
2022-08-27,182.31,206.77,143.25,169.94,127.52,168.34,152.33
2022-08-28,181.96,206.77,142.92,169.7,127.47,168.06,152.24
2022-08-29,181.5,206.67,142.56,169.45,127.45,167.68,152.12
2022-08-30,181.27,206.59,142.29,169.26,127.51,167.45,152.07
2022-08-31,180.82,206.26,142.11,169.12,127.46,167.16,152.01
2022-09-01,180.31,205.77,141.82,169.01,127.35,167.08,151.97
2022-09-02,179.86,205.06,141.55,168.88,127.26,167.1,151.86
2022-09-03,179.45,204.37,141.33,168.87,127.23,166.95,151.8
2022-09-04,179.12,203.81,141.24,169.03,127.22,166.97,151.84
2022-09-05,178.72,203.09,141.01,169.16,127.19,166.81,151.85
2022-09-06,178.39,202.42,140.94,169.1,127.06,166.75,151.75
2022-09-07,177.79,201.55,140.65,168.93,126.9,166.51,151.48
2022-09-08,177.2,200.77,140.4,168.8,126.83,165.95,151.32
2022-09-09,176.71,200.18,140.3,168.63,126.87,165.5,151.21
2022-09-10,176.15,199.86,140.18,168.5,126.91,165.21,151.11
2022-09-11,175.47,199.37,139.82,168.21,126.93,164.49,150.9
2022-09-12,174.98,199.15,139.66,168.03,127.02,164.12,150.79
2022-09-13,174.56,199.03,139.49,168.0,127.07,163.92,150.78
2022-09-14,174.2,198.78,139.24,167.94,127.25,163.45,150.78
2022-09-15,173.94,198.54,139.03,167.91,127.43,163.37,150.68
2022-09-16,173.65,198.5,138.77,168.01,127.51,163.26,150.61
2022-09-17,173.21,198.4,138.61,168.01,127.57,162.91,150.48
2022-09-18,172.92,198.5,138.51,168.06,127.69,163.06,150.43
2022-09-19,172.47,198.47,138.19,167.99,127.72,162.91,150.26
2022-09-20,171.85,198.39,137.83,167.85,127.8,162.58,150.01
2022-09-21,171.46,198.51,137.75,167.88,127.86,162.38,149.89
2022-09-22,170.99,198.6,137.45,167.82,127.82,161.99,149.72
2022-09-23,170.48,198.43,137.11,167.71,127.75,161.65,149.63
2022-09-24,170.14,198.26,136.75,167.69,127.69,161.46,149.56
2022-09-25,169.71,198.07,136.41,167.68,127.59,160.95,149.5
2022-09-26,169.46,198.14,136.24,167.74,127.48,160.71,149.49
2022-09-27,169.43,198.39,136.21,167.88,127.37,160.51,149.59
2022-09-28,169.1,198.37,135.84,167.86,127.24,160.14,149.6
2022-09-29,168.75,198.3,135.64,167.77,127.13,159.76,149.57
2022-09-30,168.4,198.32,135.45,167.72,127.05,159.36,149.43
2022-10-01,168.1,198.33,135.21,167.61,127.0,158.91,149.36
2022-10-02,167.76,198.26,135.0,167.51,126.97,158.39,149.31
2022-10-03,167.4,198.07,134.77,167.38,127.05,157.88,149.29
2022-10-04,166.71,197.36,134.34,167.13,127.07,157.26,149.14
2022-10-05,166.17,197.09,134.09,167.02,127.1,156.88,149.1
2022-10-06,165.53,196.86,133.77,166.97,127.11,156.51,149.09
2022-10-07,164.73,196.47,133.39,166.89,127.14,156.1,148.93
2022-10-08,163.95,196.3,133.12,166.83,127.15,155.87,148.9
2022-10-09,163.16,196.09,132.74,166.66,127.08,155.49,148.75
2022-10-10,162.52,196.22,132.45,166.67,126.95,155.31,148.66
2022-10-11,162.09,196.76,132.29,166.76,126.89,155.18,148.66
2022-10-12,161.58,196.89,131.93,166.79,126.69,154.94,148.59
2022-10-13,161.19,197.09,131.67,166.87,126.68,154.81,148.63
2022-10-14,161.03,197.33,131.46,166.88,126.64,154.9,148.78
2022-10-15,160.67,197.29,131.18,166.83,126.72,154.79,148.71
2022-10-16,160.5,197.43,131.07,166.95,126.85,155.17,148.78
2022-10-17,160.14,197.2,130.85,166.86,126.94,155.04,148.73
2022-10-18,159.83,197.07,130.66,166.8,127.13,155.27,148.69
2022-10-19,159.55,196.97,130.62,166.68,127.4,155.43,148.64
2022-10-20,159.17,196.66,130.52,166.54,127.57,155.52,148.53
2022-10-21,158.75,196.14,130.46,166.44,127.76,155.52,148.47
2022-10-22,157.8,195.56,130.01,166.08,127.54,154.86,148.2
2022-10-23,157.28,195.32,129.82,165.92,127.51,154.35,148.04
2022-10-24,156.86,195.1,129.69,165.86,127.56,154.38,147.94
2022-10-25,156.45,194.77,129.52,165.74,127.52,154.09,147.83
2022-10-26,155.98,194.5,129.35,165.7,127.43,153.82,147.74
2022-10-27,155.75,194.42,129.2,165.68,127.4,153.54,147.69
2022-10-28,155.39,194.53,128.94,165.69,127.26,152.83,147.58
2022-10-29,155.73,194.75,129.05,165.98,127.4,152.8,147.74
2022-10-30,155.51,194.62,128.85,165.94,127.37,152.34,147.75
2022-10-31,155.38,194.54,128.63,165.85,127.3,151.7,147.74
2022-11-01,155.08,194.46,128.39,165.93,127.11,150.93,147.73
2022-11-02,154.47,194.3,128.05,166.21,127.05,149.92,147.77
2022-11-03,153.59,194.16,127.68,166.44,126.95,149.28,147.75
2022-11-04,152.9,194.08,127.41,166.69,126.94,149.02,147.83
2022-11-05,152.04,194.0,127.13,166.97,126.88,148.49,147.87
2022-11-06,151.29,193.88,126.85,167.24,126.76,148.43,147.88
2022-11-07,150.46,193.8,126.64,167.65,126.69,148.28,147.81
2022-11-08,149.7,193.65,126.49,167.78,126.68,148.33,147.95
2022-11-09,149.23,193.65,126.29,167.71,126.62,148.64,148.04
2022-11-10,148.77,193.71,126.21,167.69,126.46,148.64,148.14
2022-11-11,148.19,193.79,125.98,167.46,126.23,148.49,148.12
2022-11-12,147.82,193.88,125.84,167.18,126.03,148.79,148.15
2022-11-13,147.31,193.85,125.64,166.91,125.86,148.47,148.16
2022-11-14,146.75,193.75,125.42,166.52,125.72,147.97,148.25
2022-11-15,146.28,193.73,125.18,166.35,125.64,147.76,148.19
2022-11-16,145.95,193.64,125.09,166.24,125.6,147.76,148.16
2022-11-17,145.68,193.46,124.87,166.05,125.54,147.67,148.11
2022-11-18,145.4,193.14,124.73,165.95,125.52,147.34,148.05
2022-11-19,144.92,192.63,124.38,165.75,125.41,146.76,147.88
2022-11-20,144.6,192.18,124.22,165.66,125.38,146.61,147.8
2022-11-21,144.27,192.05,124.04,165.63,125.33,146.65,147.73
2022-11-22,143.9,191.89,123.83,165.52,125.19,146.26,147.67
2022-11-23,143.63,191.7,123.53,165.3,125.01,145.74,147.55
2022-11-24,143.31,191.47,123.3,165.03,124.86,145.27,147.4
2022-11-25,143.17,191.36,123.09,164.81,124.68,145.02,147.29
2022-11-26,143.14,191.48,123.0,164.67,124.57,144.87,147.24
2022-11-27,142.95,191.64,122.73,164.51,124.35,144.47,147.12
2022-11-28,142.75,191.52,122.49,164.28,124.08,144.12,146.98
2022-11-29,142.66,191.18,122.3,164.01,123.95,143.76,146.78
2022-11-30,142.51,191.12,122.16,163.82,123.89,143.5,146.65
2022-12-01,142.36,190.99,121.92,163.63,123.86,143.08,146.47
2022-12-02,141.94,190.85,121.7,163.39,123.74,142.62,146.23
2022-12-03,141.49,190.7,121.52,163.29,123.35,142.33,146.05
2022-12-04,140.93,190.47,121.31,163.09,123.12,141.97,145.81
2022-12-05,140.53,190.27,121.09,162.95,122.94,141.69,145.67
2022-12-06,139.82,190.3,120.77,162.83,122.68,141.51,145.48
2022-12-07,138.94,189.99,120.38,162.6,122.28,141.01,145.05
2022-12-08,138.15,189.71,119.99,162.34,121.74,140.78,144.79
2022-12-09,137.56,189.56,119.76,162.35,121.65,140.79,144.73
2022-12-10,136.83,189.27,119.43,162.14,121.68,140.53,144.52
2022-12-11,136.33,189.19,119.16,162.16,121.66,140.41,144.42
2022-12-12,135.65,189.12,118.85,162.1,121.53,140.36,144.27
2022-12-13,135.19,189.1,118.65,162.14,121.54,140.24,144.21
2022-12-14,135.14,189.21,118.55,162.29,121.76,140.34,144.46
2022-12-15,134.85,189.3,118.44,162.54,122.24,140.04,144.57
2022-12-16,134.54,189.2,118.07,162.56,122.36,139.68,144.5
2022-12-17,134.31,189.24,117.72,162.66,122.89,139.67,144.54
2022-12-18,134.01,189.01,117.43,162.59,123.35,139.44,144.5
2022-12-19,133.75,188.82,117.17,162.62,123.9,139.05,144.45
2022-12-20,133.5,188.55,116.78,162.59,124.27,138.73,144.35
2022-12-21,133.02,188.22,116.42,162.65,124.51,138.5,144.19
2022-12-22,132.66,187.84,116.18,162.48,124.61,138.51,144.05
2022-12-23,132.23,187.41,116.03,162.13,123.82,138.29,143.84
2022-12-24,131.99,187.07,115.98,161.92,122.69,138.01,143.69
2022-12-25,131.71,186.79,115.87,161.71,121.56,137.83,143.54
2022-12-26,131.52,186.53,115.77,161.54,120.48,137.73,143.43
2022-12-27,131.37,186.3,115.85,161.35,119.32,137.61,143.34
2022-12-28,131.09,186.05,115.82,160.9,118.16,137.34,143.15
2022-12-29,130.87,185.92,115.75,160.69,117.09,137.11,143.01
2022-12-30,130.74,185.82,115.66,160.6,116.94,136.98,142.95
2022-12-31,130.53,185.58,115.53,160.36,116.79,136.78,142.78
2023-01-01,130.29,185.23,115.39,160.0,116.58,136.55,142.57
2023-01-02,129.98,184.89,115.29,159.62,116.43,136.35,142.36
2023-01-03,129.59,184.45,115.04,159.17,116.29,136.0,142.12
2023-01-04,128.96,183.52,114.56,158.65,115.95,135.44,141.77
2023-01-05,128.55,182.58,114.11,158.15,115.69,135.04,141.44
2023-01-06,128.25,181.84,113.72,157.8,115.5,134.7,141.2
2023-01-07,127.89,181.03,113.47,157.58,115.45,134.33,140.92
2023-01-08,127.69,180.59,113.28,157.52,115.57,134.05,140.88
2023-01-09,127.43,179.93,112.98,157.29,115.44,133.73,140.74
2023-01-10,127.36,179.76,112.85,157.27,115.43,133.67,140.67
2023-01-11,127.56,180.03,112.9,157.39,115.64,133.93,140.76
2023-01-12,127.6,180.27,113.03,157.48,115.74,134.08,140.81
2023-01-13,127.51,180.41,113.14,157.54,115.83,134.25,140.84
2023-01-14,127.23,180.36,113.0,157.38,115.77,134.01,140.86
2023-01-15,127.14,180.37,112.85,157.22,115.62,134.14,140.71
2023-01-16,127.09,180.63,112.79,157.19,115.69,134.28,140.65
2023-01-17,126.95,180.48,112.65,157.01,115.64,134.3,140.53
2023-01-18,126.65,180.3,112.53,156.81,115.61,134.08,140.39
2023-01-19,126.54,180.18,112.44,156.75,115.68,133.99,140.31
2023-01-20,126.15,180.01,112.26,156.59,115.72,133.7,140.19
2023-01-21,125.89,180.04,112.15,156.47,115.75,133.64,140.13
2023-01-22,125.47,179.95,112.08,156.44,115.83,133.28,140.1
2023-01-23,124.99,179.7,111.79,156.31,115.8,132.89,140.02
2023-01-24,124.51,179.4,111.59,156.26,115.87,132.59,139.95
2023-01-25,124.07,179.15,111.54,156.25,115.82,132.41,139.89
2023-01-26,123.41,178.82,111.34,156.08,115.59,132.12,139.78
2023-01-27,123.04,178.53,111.16,155.99,115.33,131.97,139.68
2023-01-28,122.73,178.4,110.99,156.04,115.24,132.01,139.65
2023-01-29,122.31,178.16,110.74,155.91,114.99,131.95,139.5
2023-01-30,121.9,177.94,110.63,155.81,114.8,131.88,139.37
2023-01-31,121.49,177.78,110.39,155.73,114.61,131.72,139.26
2023-02-01,121.17,177.79,110.04,155.61,114.41,131.52,139.15
2023-02-02,120.76,177.92,109.56,155.43,114.25,131.32,138.97
2023-02-03,120.29,178.04,109.24,155.27,114.13,131.17,138.82
2023-02-04,119.83,178.02,109.01,155.15,113.93,131.0,138.7
2023-02-05,119.26,177.95,108.74,155.07,113.8,130.74,138.58
2023-02-06,118.78,177.84,108.5,154.97,113.65,130.52,138.43
2023-02-07,118.17,177.67,108.26,154.73,113.48,130.21,138.14
2023-02-08,117.46,176.96,107.77,154.22,113.09,129.77,137.72
2023-02-09,116.99,176.53,107.6,154.08,112.89,129.52,137.55
2023-02-10,116.53,176.24,107.26,153.97,112.68,128.73,137.24
2023-02-11,116.03,176.0,106.9,153.71,112.4,127.84,136.89
2023-02-12,115.6,175.73,106.51,153.45,112.1,127.07,136.54
2023-02-13,115.15,175.51,106.1,153.2,111.8,126.41,136.27
2023-02-14,114.64,175.3,105.57,152.94,111.54,125.45,136.1
2023-02-15,114.24,175.64,105.49,153.11,111.82,125.23,136.18
2023-02-16,113.68,175.58,105.14,152.92,111.94,124.66,136.01
2023-02-17,113.08,175.14,104.92,152.64,112.0,124.62,135.95
2023-02-18,111.99,172.79,104.2,151.74,111.87,123.69,135.44
2023-02-19,111.43,170.86,103.86,151.08,112.0,123.46,135.32
2023-02-20,110.97,170.7,103.54,150.93,112.11,123.47,135.27
2023-02-21,110.56,170.47,103.39,150.85,112.2,123.66,135.22
2023-02-22,110.07,170.11,103.07,150.66,112.02,123.28,135.08
2023-02-23,109.55,169.99,102.96,150.75,111.97,123.05,135.12
2023-02-24,108.93,169.87,102.57,150.55,111.7,122.72,135.0
2023-02-25,108.87,170.62,102.67,151.01,111.74,123.41,135.28
2023-02-26,108.27,171.1,102.34,151.33,111.47,123.38,135.23
2023-02-27,107.55,169.82,102.0,151.13,111.32,123.0,135.05
2023-02-28,106.83,168.61,101.56,150.82,110.96,122.67,134.81
2023-03-01,105.97,167.05,100.73,150.26,110.4,122.18,134.21
2023-03-02,105.43,165.59,100.18,149.81,110.11,121.89,133.92
2023-03-03,105.06,164.27,99.84,149.64,110.02,121.63,133.74
2023-03-04,104.64,163.93,99.5,149.43,109.91,121.09,133.59
2023-03-05,104.36,163.64,99.35,149.28,109.84,120.83,133.52
2023-03-06,104.14,163.3,99.1,149.07,109.73,120.56,133.45
2023-03-07,103.88,162.94,98.84,148.9,109.75,120.05,133.19
2023-03-08,103.69,162.7,98.84,148.83,109.24,119.55,133.18
2023-03-09,103.4,162.49,98.64,148.61,108.49,119.22,132.91
2023-03-10,103.27,162.81,98.84,148.95,108.22,119.2,133.38
2023-03-11,103.16,162.45,99.1,149.41,107.99,119.47,133.94
2023-03-12,102.93,162.0,99.21,149.7,107.77,119.33,134.33
2023-03-13,102.54,161.36,99.63,150.02,107.48,119.1,134.67
2023-03-14,102.35,160.77,100.2,149.65,107.25,119.23,135.22
2023-03-15,102.37,160.7,100.92,150.2,107.81,119.52,135.94
2023-03-16,102.3,160.08,101.33,150.54,108.23,119.44,136.55
2023-03-17,102.12,159.0,101.68,150.4,108.29,119.11,136.48
2023-03-18,101.95,158.65,101.91,150.15,108.35,118.71,136.34
2023-03-19,101.88,158.2,102.11,149.89,108.4,118.41,136.18
2023-03-20,101.99,157.92,102.14,149.75,108.33,118.31,136.14
2023-03-21,102.07,157.74,102.07,150.41,108.35,118.51,136.13
2023-03-22,102.03,157.14,101.89,150.24,108.44,118.65,136.03
2023-03-23,101.87,156.79,101.83,150.07,108.49,118.65,135.83
2023-03-24,101.74,156.57,101.42,149.97,108.48,118.88,135.76
2023-03-25,101.58,156.19,101.0,149.9,108.27,118.95,135.62
2023-03-26,101.29,155.89,100.72,149.89,108.12,118.87,135.62
2023-03-27,100.93,155.62,100.39,149.88,108.06,118.55,135.56
2023-03-28,100.5,155.19,100.06,149.84,107.91,118.0,135.54
2023-03-29,100.13,154.71,99.76,149.77,107.64,117.5,135.45
2023-03-30,99.89,154.37,99.53,149.81,107.54,117.11,135.57
2023-03-31,99.65,153.95,99.25,149.73,107.44,116.53,135.53
2023-04-01,99.53,153.69,99.14,149.67,107.82,116.08,135.55
2023-04-02,99.41,153.42,99.13,149.62,108.2,116.0,135.55
2023-04-03,99.23,153.06,99.07,149.39,108.41,115.91,135.43
2023-04-04,99.1,152.86,99.18,149.23,108.82,115.93,135.46
2023-04-05,98.98,152.82,99.28,149.12,109.26,115.75,135.57
2023-04-06,98.92,152.7,99.4,149.06,109.62,115.57,135.6
2023-04-07,98.74,152.52,99.66,149.09,110.02,115.37,135.6
2023-04-08,98.54,152.48,99.76,149.11,110.05,115.31,135.72
2023-04-09,98.34,152.33,99.72,149.09,110.06,114.9,135.82
2023-04-10,98.4,152.45,99.93,149.18,110.21,114.89,136.07
2023-04-11,98.44,152.5,99.89,149.31,110.25,114.89,136.21
2023-04-12,98.44,152.55,100.08,149.5,110.28,114.9,136.33
2023-04-13,98.28,152.7,100.24,149.5,110.23,114.88,136.4
2023-04-14,98.21,152.82,100.25,149.4,110.06,114.9,136.45
2023-04-15,97.75,151.87,100.03,148.46,109.82,114.03,136.21
2023-04-16,97.73,151.78,99.93,147.98,109.79,114.1,136.23
2023-04-17,97.55,151.55,99.98,147.45,109.79,113.92,136.2
2023-04-18,97.37,151.43,100.12,146.94,109.71,113.6,136.17
2023-04-19,97.25,151.43,99.88,146.37,109.6,113.38,135.99
2023-04-20,97.25,151.32,99.65,146.07,109.57,113.35,135.93
2023-04-21,97.15,151.1,99.57,145.79,109.62,113.24,135.99
2023-04-22,97.45,151.93,99.86,146.43,109.83,113.91,136.28
2023-04-23,97.36,151.89,100.04,146.57,109.79,113.74,136.24
2023-04-24,97.26,151.82,99.94,146.75,109.71,113.48,136.22
2023-04-25,97.09,151.8,99.8,146.84,109.64,113.17,136.18
2023-04-26,97.47,151.67,99.83,146.99,109.53,113.48,136.3
2023-04-27,97.83,151.63,99.85,146.98,109.48,113.65,136.32
2023-04-28,99.06,151.77,99.83,147.0,109.37,113.92,136.32
2023-04-29,98.79,151.74,99.66,146.87,109.21,114.06,136.24
2023-04-30,98.48,151.73,99.41,146.75,109.05,114.21,136.17
2023-05-01,98.22,151.98,99.12,146.59,108.86,114.51,136.15
2023-05-02,98.09,152.13,98.87,146.54,108.86,115.47,136.13
2023-05-03,98.24,152.21,98.63,146.3,108.72,115.33,135.97
2023-05-04,98.04,151.82,98.15,145.92,108.43,114.71,135.66
2023-05-05,97.42,151.71,97.92,145.7,108.64,114.7,135.57
2023-05-06,98.15,151.75,97.81,145.57,108.83,114.76,135.51
2023-05-07,98.88,151.77,97.73,145.49,109.03,114.85,135.39
2023-05-08,99.42,151.42,97.67,145.35,109.27,114.77,135.27
2023-05-09,99.87,151.01,97.59,145.08,109.35,114.03,135.09
2023-05-10,99.55,150.76,97.56,144.96,109.62,113.9,135.05
2023-05-11,99.49,150.89,97.79,145.0,109.95,114.32,135.09
2023-05-12,98.7,149.93,97.21,144.16,109.48,113.46,134.4
2023-05-13,98.28,149.73,97.19,143.96,109.42,113.14,134.2
2023-05-14,97.94,149.56,97.02,143.79,109.38,112.84,134.13
2023-05-15,97.74,149.54,96.87,143.63,109.34,112.68,133.99
2023-05-16,97.54,149.35,96.51,143.45,109.33,112.33,133.76
2023-05-17,97.08,149.19,96.25,143.46,109.38,112.28,133.7
2023-05-18,96.87,149.22,96.09,143.5,109.51,112.27,133.69
2023-05-19,97.05,149.97,96.31,144.21,109.91,112.8,134.19
2023-05-20,96.84,149.9,96.02,144.35,109.94,112.87,134.24
2023-05-21,96.74,149.93,95.99,144.54,110.02,112.97,134.33
2023-05-22,96.57,149.92,95.71,144.75,110.11,112.95,134.45
2023-05-23,96.34,149.86,95.52,144.79,110.06,112.88,134.58
2023-05-24,96.4,149.89,95.35,144.75,109.9,112.63,134.59
2023-05-25,96.29,149.73,95.06,144.68,109.74,112.23,134.58
2023-05-26,96.17,149.57,94.88,144.61,109.67,111.85,134.54
2023-05-27,95.97,149.46,94.65,144.51,109.56,111.53,134.49
2023-05-28,95.58,149.23,94.29,144.26,109.4,111.01,134.35
2023-05-29,95.28,149.07,94.23,144.05,109.31,110.6,134.21
2023-05-30,95.05,149.08,94.33,143.95,109.28,110.43,134.13
2023-05-31,94.59,148.78,94.27,143.64,109.21,110.1,133.92
2023-06-01,94.06,148.39,94.04,143.23,109.03,109.55,133.7
2023-06-02,93.55,148.14,93.93,142.91,108.94,109.16,133.56
2023-06-03,93.33,147.89,93.72,142.56,108.78,108.85,133.37
2023-06-04,93.09,147.64,93.47,142.21,108.61,108.49,133.16
2023-06-05,92.81,147.36,93.22,141.87,108.44,108.2,132.97
2023-06-06,92.51,147.15,93.08,141.61,108.23,107.98,132.8
2023-06-07,92.22,146.96,92.91,141.43,108.04,107.87,132.58
2023-06-08,91.34,146.88,92.94,141.3,107.89,108.06,132.49
2023-06-09,90.35,146.66,92.87,141.08,107.64,108.21,132.32
2023-06-10,89.07,146.38,92.83,140.8,107.4,108.19,132.14
2023-06-11,87.91,146.19,92.93,140.59,107.22,108.31,132.03
2023-06-12,86.77,146.04,92.86,140.38,107.04,108.42,131.88
2023-06-13,85.63,145.91,92.49,140.12,106.93,108.46,131.78
2023-06-14,84.66,145.78,92.19,140.0,106.91,108.55,131.88
2023-06-15,84.44,145.84,91.98,139.94,106.87,108.7,131.83
2023-06-16,84.18,145.8,91.53,139.81,106.78,108.69,131.69
2023-06-17,84.17,145.78,91.17,139.73,106.72,108.65,131.63
2023-06-18,84.18,145.76,90.79,139.68,106.64,108.74,131.6
2023-06-19,84.17,145.7,90.52,139.63,106.52,108.82,131.55
2023-06-20,84.23,145.65,90.46,139.63,106.46,108.9,131.47
2023-06-21,84.23,145.63,90.31,139.56,106.35,108.9,131.25
2023-06-22,84.23,145.49,90.25,139.49,106.3,108.71,131.17
2023-06-23,84.15,145.47,90.27,139.49,106.27,108.59,131.12
2023-06-24,84.01,145.34,90.21,139.38,106.29,108.63,131.05
2023-06-25,83.82,145.26,90.31,139.2,106.35,108.57,130.87
2023-06-26,83.56,145.11,90.47,138.98,106.39,108.35,130.71
2023-06-27,83.36,144.94,90.51,138.78,106.43,108.28,130.55
2023-06-28,83.13,144.73,90.58,138.51,106.4,108.22,130.39
2023-06-29,82.85,144.5,90.33,138.29,106.37,108.19,130.34
2023-06-30,82.75,144.32,90.22,138.09,106.3,108.15,130.29
2023-07-01,82.62,144.2,90.06,137.91,106.25,107.96,130.24
2023-07-02,82.54,143.99,89.77,137.75,106.06,107.72,130.15
2023-07-03,82.5,143.84,89.47,137.62,105.91,107.69,130.08
2023-07-04,82.42,143.65,89.29,137.44,105.7,107.41,129.95
2023-07-05,82.45,143.6,89.16,137.25,105.66,107.2,130.0
2023-07-06,82.36,143.44,89.06,136.96,105.46,107.02,129.69
2023-07-07,82.31,143.28,88.99,136.75,105.38,106.86,129.34
2023-07-08,82.4,143.28,89.0,136.73,105.3,106.81,129.26
2023-07-09,82.45,143.62,88.98,136.63,105.16,106.7,129.19
2023-07-10,82.53,143.83,88.87,136.5,104.99,106.53,129.08
2023-07-11,82.58,146.45,88.69,136.44,104.83,106.63,129.11
2023-07-12,82.61,149.02,88.56,136.46,104.58,106.75,129.05
2023-07-13,83.18,151.7,88.54,136.48,104.5,106.92,129.18
2023-07-14,83.71,154.35,88.51,136.46,104.43,107.22,129.49
2023-07-15,84.1,156.14,88.51,136.34,104.29,107.37,129.48
2023-07-16,84.52,157.75,88.41,136.29,104.37,107.66,129.55
2023-07-17,84.95,159.51,88.43,136.25,104.43,107.92,129.58
2023-07-18,85.32,158.84,88.22,136.17,104.46,107.91,129.54
2023-07-19,85.69,158.08,88.0,136.08,104.5,107.88,129.49
2023-07-20,85.6,157.24,88.2,136.06,104.56,107.86,129.41
2023-07-21,85.47,156.3,88.2,136.01,104.58,107.69,129.31
2023-07-22,85.07,155.63,87.94,135.7,104.31,107.21,129.03
2023-07-23,84.87,155.22,87.98,135.71,104.19,106.92,129.02
2023-07-24,84.63,154.78,88.04,135.71,104.12,106.68,129.03
2023-07-25,84.45,154.45,88.32,135.72,104.04,106.59,129.09
2023-07-26,84.23,154.24,88.66,135.73,103.96,106.44,129.15
2023-07-27,83.66,153.91,88.53,135.64,103.86,106.21,129.19
2023-07-28,83.19,153.85,88.65,135.57,103.76,106.03,129.19
2023-07-29,82.94,154.37,88.99,135.83,103.98,106.4,129.46
2023-07-30,82.49,154.51,89.12,135.81,103.92,106.49,129.44
2023-07-31,82.03,154.53,89.03,135.75,103.86,106.48,129.42
2023-08-01,81.53,154.44,89.13,135.69,103.88,106.5,129.41
2023-08-02,80.98,154.46,89.06,135.64,103.88,106.4,129.35
2023-08-03,80.72,154.56,88.9,135.58,103.89,106.27,129.31
2023-08-04,80.46,154.72,88.77,135.51,103.99,106.19,129.3
2023-08-05,80.29,154.85,88.72,135.39,104.07,106.13,129.27
2023-08-06,80.07,154.87,88.63,135.22,104.15,105.93,129.21
2023-08-07,79.89,155.06,88.67,135.1,104.21,105.8,129.05
2023-08-08,79.75,155.24,88.55,135.0,104.25,105.6,129.0
2023-08-09,79.66,155.25,88.53,134.85,104.34,105.53,128.98
2023-08-10,79.57,155.26,88.53,134.77,104.44,105.35,128.96
2023-08-11,79.46,155.18,88.51,134.68,104.46,105.01,128.85
2023-08-12,79.27,155.06,88.34,134.45,104.47,104.34,128.66
2023-08-13,79.26,155.12,88.37,134.42,104.58,104.12,128.6
2023-08-14,79.18,155.17,88.32,134.34,104.66,103.87,128.64
2023-08-15,79.06,155.26,88.36,134.29,104.76,103.55,128.58
2023-08-16,78.96,155.35,88.39,134.18,104.84,103.2,128.47
2023-08-17,78.96,155.52,88.4,134.01,104.88,103.01,128.37
2023-08-18,79.08,155.6,88.44,133.96,104.88,102.93,128.34
2023-08-19,79.13,155.71,88.53,134.04,104.98,103.14,128.37
2023-08-20,79.04,155.62,88.46,133.98,105.12,103.05,128.32
2023-08-21,79.05,155.42,88.39,133.99,105.3,102.9,128.34
2023-08-22,79.09,155.16,88.23,133.91,105.43,102.82,128.19
2023-08-23,79.15,154.92,88.16,133.85,105.5,102.95,128.05
2023-08-24,79.12,154.6,88.1,133.93,105.61,103.03,127.95
2023-08-25,78.91,154.22,87.99,134.04,105.74,103.06,127.86
2023-08-26,78.82,153.9,87.88,134.11,105.77,102.99,127.76
2023-08-27,78.77,153.4,87.77,134.17,105.71,102.95,127.67
2023-08-28,78.67,153.0,87.72,134.21,105.63,103.02,127.58
2023-08-29,78.67,152.63,87.74,134.31,105.56,103.22,127.65
2023-08-30,78.62,152.19,87.75,134.45,105.53,103.29,127.75
2023-08-31,78.59,151.86,87.77,134.48,105.46,103.28,127.79
2023-09-01,78.66,151.51,87.8,134.34,105.39,103.29,127.74
2023-09-02,78.79,151.12,87.88,134.32,105.4,103.55,127.84
2023-09-03,78.87,150.59,87.93,134.29,105.34,103.77,127.83
2023-09-04,78.95,150.12,88.05,134.31,105.37,103.96,127.88
2023-09-05,78.91,149.51,88.11,134.21,105.38,103.96,127.85
2023-09-06,78.84,149.49,88.1,134.11,105.34,103.84,127.81
2023-09-07,78.79,149.44,88.16,134.11,105.34,103.76,127.68
2023-09-08,78.71,149.53,88.15,134.17,105.35,103.76,127.71
2023-09-09,78.6,149.68,88.17,134.16,105.27,103.58,127.7
2023-09-10,78.48,150.2,88.21,134.18,105.28,103.37,127.8
2023-09-11,78.34,150.62,88.2,134.08,105.26,103.09,127.82
2023-09-12,78.22,151.19,88.2,134.13,105.36,102.87,127.87
2023-09-13,78.2,151.31,88.21,134.16,105.35,102.86,127.92
2023-09-14,78.12,151.37,88.14,134.06,105.32,102.96,128.0
2023-09-15,77.94,151.36,88.19,133.93,105.3,103.0,127.95
2023-09-16,77.76,151.34,88.19,133.83,105.28,102.99,127.83
2023-09-17,77.46,150.86,87.93,133.45,105.09,102.75,127.49
2023-09-18,77.15,150.49,87.66,133.1,104.87,102.43,127.1
2023-09-19,76.85,150.15,87.45,132.76,104.54,102.2,126.73
2023-09-20,76.51,149.73,87.11,132.44,104.36,101.91,126.41
2023-09-21,76.15,149.41,86.83,132.19,104.21,101.58,126.2
2023-09-22,75.9,148.98,86.5,131.9,104.04,101.29,125.94
2023-09-23,75.61,147.28,86.21,131.52,103.85,100.96,125.7
2023-09-24,75.46,147.1,86.18,131.45,103.83,100.86,125.69
2023-09-25,75.37,146.99,86.19,131.45,103.86,100.89,125.77
2023-09-26,75.29,146.78,86.18,131.4,103.94,100.82,125.83
2023-09-27,75.23,146.66,86.26,131.33,103.92,100.7,125.85
2023-09-28,75.28,146.51,86.36,131.25,103.93,100.65,125.77
2023-09-29,75.22,146.48,86.39,131.21,103.86,100.57,125.77
2023-09-30,75.13,147.29,86.27,131.04,103.73,100.44,125.68
2023-10-01,75.12,147.22,86.2,130.84,103.7,100.4,125.6
2023-10-02,75.1,147.04,86.1,130.61,103.64,100.41,125.49
2023-10-03,75.08,146.96,85.99,130.38,103.48,100.45,125.42
2023-10-04,75.09,147.01,85.95,130.26,103.49,100.59,125.39
2023-10-05,75.03,146.39,85.85,130.08,103.41,100.6,125.38
2023-10-06,75.06,146.35,85.85,129.93,103.44,100.7,125.35
2023-10-07,75.19,146.6,86.0,129.98,103.58,100.92,125.31
2023-10-08,75.22,146.63,86.07,129.93,103.53,100.99,125.3
2023-10-09,75.22,146.67,86.15,129.87,103.45,100.97,125.27
2023-10-10,75.23,146.67,86.17,129.87,103.48,100.94,125.24
2023-10-11,75.21,146.52,86.19,129.76,103.45,100.83,125.21
2023-10-12,75.26,146.98,86.29,129.7,103.35,100.71,125.17
2023-10-13,75.29,146.9,86.34,129.59,103.16,100.57,125.11
2023-10-14,75.36,146.83,86.33,129.41,102.93,100.32,125.14
2023-10-15,75.49,146.93,86.52,129.4,102.86,100.34,125.16
2023-10-16,75.55,147.16,86.69,129.41,102.75,100.34,125.15
2023-10-17,75.63,147.42,86.77,129.28,102.51,100.29,125.07
2023-10-18,75.69,147.58,86.82,129.15,102.33,100.28,124.93
2023-10-19,75.75,147.84,86.82,129.06,102.36,100.52,124.9
2023-10-20,75.74,148.08,86.76,128.95,102.43,100.65,124.84
2023-10-21,75.51,148.05,86.59,128.68,102.39,100.62,124.66
2023-10-22,75.3,148.21,86.44,128.6,102.36,100.84,124.63
2023-10-23,75.23,148.08,86.28,128.39,102.39,101.0,124.53
2023-10-24,75.1,147.9,86.18,128.26,102.41,101.09,124.48
2023-10-25,75.0,147.77,86.14,128.14,102.43,101.17,124.46
2023-10-26,74.81,147.49,86.05,127.96,102.39,101.01,124.39
2023-10-27,74.67,147.12,86.0,127.68,102.36,100.79,124.33
2023-10-28,74.66,147.15,86.05,127.72,102.48,100.92,124.43
2023-10-29,74.6,146.83,85.95,127.4,102.48,100.59,124.26
2023-10-30,74.45,146.65,85.92,127.22,102.54,100.46,124.25
2023-10-31,74.28,146.51,85.86,127.04,102.64,100.39,124.17
2023-11-01,74.19,146.51,85.81,127.21,102.67,100.45,124.35
2023-11-02,74.01,146.41,85.75,127.45,102.58,100.42,124.39
2023-11-03,73.85,146.41,85.7,127.76,102.51,100.44,124.39
2023-11-04,73.74,145.76,85.74,128.02,102.43,100.33,124.33
2023-11-05,73.62,145.75,85.69,128.3,102.32,100.19,124.34
2023-11-06,73.5,145.7,85.57,128.46,102.09,99.88,124.27
2023-11-07,73.42,145.54,85.49,128.73,101.91,99.52,124.12
2023-11-08,73.23,145.24,85.34,128.62,101.71,99.07,123.83
2023-11-09,73.19,145.12,85.24,128.47,101.65,98.69,123.71
2023-11-10,73.13,145.06,85.15,128.4,101.53,98.44,123.68
2023-11-11,73.03,145.63,85.03,128.11,101.38,98.17,123.66
2023-11-12,72.97,145.72,84.92,127.82,101.29,97.94,123.57
2023-11-13,72.89,145.75,84.83,127.58,101.24,97.7,123.51
2023-11-14,72.79,145.96,84.82,127.31,101.23,97.39,123.55
2023-11-15,72.66,146.11,84.85,127.1,101.19,96.67,123.45
2023-11-16,72.62,146.37,84.93,126.95,101.1,96.16,123.39
2023-11-17,72.64,146.59,84.94,126.67,101.13,95.41,123.28
2023-11-18,72.56,146.48,84.91,126.39,101.08,94.47,123.1
2023-11-19,72.58,146.61,85.02,126.28,101.14,93.92,123.01
2023-11-20,72.61,146.68,85.14,126.17,101.16,93.38,122.94
2023-11-21,72.68,146.66,85.22,126.01,101.12,93.03,122.89
2023-11-22,72.71,146.77,85.26,125.71,101.0,92.94,122.69
2023-11-23,72.73,146.89,85.34,125.48,100.93,92.89,122.57
2023-11-24,72.71,146.83,85.37,125.14,100.82,92.89,122.4
2023-11-25,72.79,146.97,85.42,125.0,100.82,93.07,122.31
2023-11-26,72.73,146.74,85.33,124.72,100.72,92.83,122.14
2023-11-27,72.68,146.7,85.26,124.52,100.69,92.81,121.99
2023-11-28,72.63,146.65,85.2,124.39,100.76,92.78,121.89
2023-11-29,72.66,146.58,85.12,124.44,100.95,92.93,122.0
2023-11-30,72.56,146.06,84.92,124.25,101.06,92.84,121.91
2023-12-01,72.46,145.72,84.85,124.29,101.17,92.86,121.87
2023-12-02,72.37,145.32,84.68,124.3,101.29,92.83,121.86
2023-12-03,72.35,145.05,84.55,124.38,101.41,92.87,121.91
2023-12-04,72.3,144.11,84.43,124.33,101.5,92.79,121.9
2023-12-05,72.19,143.76,84.31,124.3,101.51,92.69,121.91
2023-12-06,72.28,143.32,84.26,124.2,101.45,92.68,121.87
2023-12-07,72.38,143.38,84.27,124.27,101.38,92.54,121.77
2023-12-08,72.5,143.47,84.28,124.26,101.48,92.5,121.83
2023-12-09,72.48,143.38,84.29,124.05,101.48,92.34,121.72
2023-12-10,72.55,143.49,84.46,124.0,101.62,92.62,121.73
2023-12-11,72.65,144.18,84.56,124.04,101.79,92.83,121.81
2023-12-12,72.68,144.23,84.62,123.95,101.87,93.11,121.79
2023-12-13,72.57,144.35,84.66,123.89,102.03,93.23,121.76
2023-12-14,72.59,144.38,84.72,123.87,102.32,93.68,121.89
2023-12-15,72.51,144.18,84.66,123.72,102.2,93.85,121.8
2023-12-16,72.54,144.25,84.69,123.74,102.2,94.09,121.79
2023-12-17,72.47,143.94,84.51,123.41,101.87,94.09,121.42
2023-12-18,72.44,143.52,84.38,123.05,101.56,94.09,121.15
2023-12-19,72.52,143.26,84.28,122.74,101.3,94.0,120.95
2023-12-20,72.56,143.06,84.16,122.47,101.05,94.04,120.78
2023-12-21,72.54,142.69,84.0,122.19,100.76,93.92,120.59
2023-12-22,72.52,142.36,83.87,121.84,100.59,93.78,120.42
2023-12-23,72.48,142.06,83.72,121.6,100.16,93.82,120.28
2023-12-24,72.47,141.93,83.65,121.59,100.05,93.66,120.42
2023-12-25,72.47,142.05,83.65,121.76,100.0,93.61,120.51
2023-12-26,72.5,142.14,83.68,121.91,100.07,93.6,120.59
2023-12-27,72.53,142.07,83.72,121.96,99.96,93.48,120.65
2023-12-28,72.53,142.13,83.74,121.95,99.72,93.36,120.66
2023-12-29,72.63,142.34,83.77,122.2,99.55,93.48,120.7
2023-12-30,72.67,142.46,83.8,122.33,99.56,93.52,120.71
2023-12-31,72.64,142.49,83.76,122.25,99.31,93.51,120.56
2024-01-01,72.6,142.39,83.73,122.04,98.9,93.58,120.36
2024-01-02,72.53,142.29,83.73,121.84,98.45,93.71,120.12
2024-01-03,72.48,142.29,83.68,121.92,98.18,93.87,119.95
2024-01-04,72.44,142.33,83.53,122.14,98.11,94.05,119.9
2024-01-05,72.34,142.41,83.41,122.38,98.2,94.23,119.92
2024-01-06,72.29,142.53,83.41,122.71,98.25,94.28,119.94
2024-01-07,72.3,142.67,83.52,123.11,98.37,94.5,119.88
2024-01-08,72.23,142.83,83.5,123.4,98.56,94.47,119.91
2024-01-09,72.09,142.88,83.43,123.73,98.8,94.41,119.98
2024-01-10,71.99,142.78,83.43,123.78,98.95,94.15,119.99
2024-01-11,71.9,142.48,83.52,123.71,98.99,93.73,119.92
2024-01-12,71.81,142.17,83.59,123.57,98.89,93.45,119.79
2024-01-13,71.71,141.66,83.51,123.34,98.77,93.18,119.64
2024-01-14,71.67,141.33,83.45,123.28,98.82,93.18,119.75
2024-01-15,71.72,140.87,83.39,123.23,98.87,93.2,119.73
2024-01-16,71.77,140.46,83.33,123.02,98.74,93.14,119.59
2024-01-17,71.76,140.15,83.22,122.85,98.77,93.21,119.45
2024-01-18,71.74,139.96,83.08,122.61,98.73,93.45,119.29
2024-01-19,71.78,139.82,83.03,122.42,98.7,93.59,119.17
2024-01-20,71.88,139.9,83.09,122.34,98.76,93.98,119.14
2024-01-21,71.82,139.89,83.01,122.19,98.73,94.08,119.05
2024-01-22,71.74,139.91,82.99,122.09,98.72,94.23,118.95
2024-01-23,71.64,139.88,82.85,122.07,98.78,94.35,118.94
2024-01-24,71.6,139.88,82.77,122.01,98.53,94.34,118.85
2024-01-25,71.52,139.93,82.77,122.03,98.32,94.33,118.77
2024-01-26,71.34,139.88,82.64,121.95,98.21,94.19,118.64
2024-01-27,71.25,139.83,82.47,121.94,98.27,94.06,118.58
2024-01-28,71.23,139.67,82.34,121.86,98.3,93.82,118.49
2024-01-29,71.2,139.66,82.16,121.74,98.28,93.6,118.42
2024-01-30,71.19,139.74,82.1,121.66,98.25,93.51,118.32
2024-01-31,71.08,139.74,81.97,121.63,98.24,93.44,118.28
2024-02-01,71.11,139.72,81.86,121.54,98.22,93.27,118.16
2024-02-02,71.25,139.39,81.85,121.52,98.17,93.2,118.18
2024-02-03,71.31,139.53,81.9,121.6,98.0,93.14,118.21
2024-02-04,71.32,139.53,81.92,121.63,97.79,93.11,118.18
2024-02-05,71.24,139.37,81.93,121.66,97.57,93.04,118.12
2024-02-06,71.22,139.17,81.92,121.67,97.4,92.97,118.11
2024-02-07,71.28,139.15,81.9,121.76,97.41,92.98,118.02
2024-02-08,71.24,139.08,81.76,121.86,97.45,93.05,118.14
2024-02-09,71.25,139.34,81.63,121.97,97.41,93.15,118.19
2024-02-10,71.19,138.99,81.41,121.88,97.28,95.27,118.14
2024-02-11,71.13,138.77,81.2,121.83,97.17,97.3,118.12
2024-02-12,71.15,138.65,81.01,121.82,97.12,99.34,118.18
2024-02-13,71.15,138.56,80.85,121.85,97.07,101.32,118.21
2024-02-14,71.14,138.38,80.71,121.82,97.1,103.37,118.4
2024-02-15,71.18,138.2,80.79,121.85,97.17,105.63,118.48
2024-02-16,71.12,137.96,80.8,121.84,97.19,107.72,118.46
2024-02-17,70.93,137.32,80.6,121.59,96.92,106.93,118.21
2024-02-18,70.96,137.17,80.6,121.62,96.93,106.88,118.24
2024-02-19,71.04,137.15,80.64,121.68,96.93,106.99,118.3
2024-02-20,71.13,136.96,80.64,121.69,96.94,107.15,118.36
2024-02-21,71.18,136.58,80.67,121.69,96.82,107.21,118.36
2024-02-22,71.15,136.33,80.58,121.63,96.71,105.07,118.21
2024-02-23,71.07,136.13,80.53,121.57,96.64,102.93,118.1
2024-02-24,71.25,136.57,80.73,121.93,96.99,101.7,118.33
2024-02-25,71.22,136.58,80.72,122.05,97.08,99.8,118.29
2024-02-26,71.13,136.59,80.7,122.15,97.14,97.81,118.2
2024-02-27,71.01,136.77,80.71,122.22,97.13,95.81,118.06
2024-02-28,70.92,137.12,80.75,122.32,97.17,93.87,117.96
2024-02-29,70.84,137.44,80.77,122.58,97.27,94.29,118.05
2024-03-01,70.86,137.8,80.84,122.81,97.21,94.75,118.02
2024-03-02,70.73,137.76,80.79,122.81,97.11,94.92,117.96
2024-03-03,70.66,137.35,80.78,122.81,96.98,95.02,117.96
2024-03-04,70.65,137.29,80.8,122.88,96.91,95.24,117.98
2024-03-05,70.63,137.18,80.83,122.99,96.9,95.19,118.08
2024-03-06,70.7,137.09,80.78,123.0,96.91,95.05,118.21
2024-03-07,70.7,136.93,80.71,122.89,96.85,94.78,118.26
2024-03-08,70.69,136.84,80.63,122.83,96.98,94.49,118.4
2024-03-09,70.8,136.98,80.72,122.88,97.1,94.37,118.56
2024-03-10,70.82,137.4,80.73,122.76,97.13,94.43,118.67
2024-03-11,70.81,137.56,80.74,122.57,97.23,94.29,118.78
2024-03-12,70.78,137.83,80.72,122.31,97.18,94.45,118.82
2024-03-13,70.7,138.16,80.75,122.2,97.2,94.77,118.86
2024-03-14,70.69,138.45,80.81,122.07,97.17,94.85,118.86
2024-03-15,70.71,138.59,80.88,121.94,97.12,94.96,118.94
2024-03-16,70.67,136.25,80.84,121.76,97.02,94.98,118.89
2024-03-17,70.72,134.0,80.98,121.77,97.05,94.99,118.87
2024-03-18,70.76,131.56,81.1,121.74,97.09,95.03,118.77
2024-03-19,70.87,128.93,81.16,121.8,97.26,95.03,118.73
2024-03-20,70.92,126.22,81.22,121.81,97.25,94.99,118.69
2024-03-21,70.95,123.55,81.21,121.78,97.29,94.98,118.66
2024-03-22,70.96,120.99,81.25,121.71,97.41,95.07,118.59
2024-03-23,71.01,120.97,81.33,121.73,97.56,95.46,118.59
2024-03-24,70.99,120.88,81.24,121.55,97.63,95.7,118.57
2024-03-25,71.01,120.84,81.2,121.56,97.58,95.99,118.6
2024-03-26,70.92,120.86,81.22,121.56,97.46,96.23,118.63
2024-03-27,70.85,120.82,81.2,121.64,97.41,96.49,118.66
2024-03-28,70.77,120.69,81.15,121.74,97.36,96.82,118.68
2024-03-29,70.79,120.56,81.1,121.98,97.28,96.85,118.74
2024-03-30,70.79,120.43,81.03,122.21,97.33,96.7,118.86
2024-03-31,70.82,120.33,81.01,122.59,97.34,96.82,118.97
2024-04-01,70.73,120.13,80.96,122.81,97.31,96.83,119.02
2024-04-02,70.72,119.61,80.96,123.01,97.35,96.59,119.04
2024-04-03,70.77,119.58,80.98,123.17,97.37,96.38,119.04
2024-04-04,70.78,119.62,81.09,123.27,97.32,96.1,119.1
2024-04-05,70.66,119.63,81.11,123.24,97.19,96.15,119.17
2024-04-06,70.54,119.62,81.2,123.2,96.91,96.14,119.16
2024-04-07,70.43,119.65,81.28,123.12,96.67,95.92,119.16
2024-04-08,70.42,119.74,81.32,123.06,96.5,95.81,119.17
2024-04-09,70.38,120.15,81.29,123.0,96.35,96.02,119.22
2024-04-10,70.4,120.26,81.32,122.89,96.26,96.25,119.31
2024-04-11,70.51,120.38,81.32,122.84,96.21,96.51,119.33
2024-04-12,70.65,120.48,81.36,122.8,96.18,96.69,119.25
2024-04-13,70.74,120.23,81.31,122.69,96.2,96.94,119.14
2024-04-14,70.83,120.0,81.27,122.64,96.26,97.21,119.06
2024-04-15,70.92,119.71,81.2,122.64,96.33,97.35,119.0
2024-04-16,70.98,119.34,81.22,122.21,96.3,97.54,118.85
2024-04-17,70.96,118.89,81.23,121.81,96.26,97.73,118.68
2024-04-18,70.87,118.35,81.25,121.3,96.22,97.72,118.48
2024-04-19,70.78,117.9,81.28,120.82,96.17,97.58,118.37
2024-04-20,70.54,117.64,81.22,120.25,96.03,97.09,118.15
2024-04-21,70.43,117.58,81.29,119.78,95.95,96.8,117.98
2024-04-22,70.28,117.54,81.39,119.27,95.96,96.66,117.82
2024-04-23,70.2,117.62,81.43,119.19,95.96,96.47,117.73
2024-04-24,70.0,117.59,81.38,119.04,95.89,96.16,117.6
2024-04-25,69.85,117.75,81.26,119.15,95.85,96.0,117.54
2024-04-26,69.64,117.84,81.13,119.24,95.86,95.87,117.42
2024-04-27,69.68,118.06,81.12,119.43,95.96,96.09,117.46
2024-04-28,69.58,118.05,81.03,119.49,96.01,96.08,117.42
2024-04-29,69.46,118.11,80.95,119.62,96.0,96.19,117.41
2024-04-30,69.32,118.15,80.86,119.69,96.0,96.32,117.33
2024-05-01,69.24,118.4,80.78,119.76,96.04,96.45,117.27
2024-05-02,69.13,118.6,80.76,119.72,96.04,96.42,117.18
2024-05-03,69.08,118.83,80.74,119.71,96.02,96.59,117.16
2024-05-04,68.95,119.14,80.61,119.73,95.99,96.46,117.08
2024-05-05,68.91,119.3,80.63,119.75,95.8,96.44,117.01
2024-05-06,68.88,119.44,80.66,119.72,95.67,96.26,116.88
2024-05-07,68.87,119.59,80.72,119.7,95.56,95.99,116.88
2024-05-08,68.85,119.58,80.92,119.73,95.45,95.73,116.83
2024-05-09,68.91,119.59,81.07,119.69,95.37,95.76,116.77
2024-05-10,69.02,119.63,81.32,119.63,95.3,95.71,116.68
2024-05-11,69.13,119.54,81.63,119.53,95.13,96.03,116.62
2024-05-12,69.09,119.65,81.69,119.45,95.23,96.19,116.54
2024-05-13,69.09,119.69,81.88,119.35,95.11,96.32,116.48
2024-05-14,69.11,119.74,82.07,119.29,95.08,96.51,116.41
2024-05-15,69.21,119.87,82.02,119.23,94.99,96.78,116.36
2024-05-16,69.24,119.96,81.85,119.15,94.91,96.93,116.35
2024-05-17,69.15,119.87,81.65,119.08,94.73,97.12,116.31
2024-05-18,69.01,119.53,81.24,118.71,94.39,96.53,115.98
2024-05-19,68.85,119.0,80.74,118.22,93.85,95.64,115.45
2024-05-20,68.62,118.48,80.19,117.7,93.38,94.8,114.91
2024-05-21,68.39,117.9,79.6,117.18,92.85,94.03,114.36
2024-05-22,68.51,117.8,79.39,117.07,92.68,94.09,114.28
2024-05-23,68.59,117.73,79.27,117.0,92.58,94.09,114.17
2024-05-24,68.8,117.71,79.17,116.86,92.51,93.98,114.04
2024-05-25,69.1,117.94,79.32,117.02,92.63,94.53,114.17
2024-05-26,69.52,118.34,79.64,117.3,92.83,95.43,114.53
2024-05-27,69.95,118.76,79.89,117.65,93.12,96.39,114.89
2024-05-28,70.34,119.24,80.1,117.94,93.41,97.25,115.21
2024-05-29,70.28,119.03,80.02,117.68,93.18,97.15,115.0
2024-05-30,70.28,118.8,80.03,117.52,93.06,97.12,114.9
2024-05-31,70.2,118.71,80.0,117.41,93.0,97.09,114.8
2024-06-01,70.19,118.86,79.86,117.38,93.01,97.11,114.8
2024-06-02,70.12,118.96,79.79,117.33,92.97,97.1,114.76
2024-06-03,70.12,119.08,79.69,117.27,92.98,97.02,114.75
2024-06-04,70.09,119.19,79.63,117.27,92.92,96.82,114.74
2024-06-05,70.15,119.39,79.62,117.43,93.06,96.6,114.81
2024-06-06,70.22,119.56,79.63,117.5,93.02,96.32,114.78
2024-06-07,70.25,119.59,79.64,117.63,93.0,96.13,114.81
2024-06-08,70.23,119.52,79.91,117.69,93.0,95.94,114.8
2024-06-09,70.2,119.44,80.15,117.75,93.06,95.51,114.81
2024-06-10,70.12,119.35,80.37,117.74,93.06,95.12,114.78
2024-06-11,70.03,119.29,80.59,117.67,93.1,94.79,114.77
2024-06-12,69.93,119.21,80.76,117.61,93.06,94.56,114.72
2024-06-13,69.81,119.15,80.71,117.54,93.03,94.34,114.65
2024-06-14,69.73,119.06,80.7,117.35,92.95,94.13,114.54
2024-06-15,69.49,118.65,80.5,117.0,92.88,93.44,114.32
2024-06-16,69.43,118.51,80.23,116.84,92.91,93.3,114.25
2024-06-17,69.4,118.38,79.96,116.74,92.95,93.21,114.17
2024-06-18,69.39,118.17,79.68,116.71,92.99,93.05,114.11
2024-06-19,69.38,118.01,79.48,116.63,93.09,92.86,114.03
2024-06-20,69.46,117.81,79.42,116.55,93.17,92.81,114.02
2024-06-21,69.56,117.66,79.35,116.46,93.22,92.7,113.88
2024-06-22,69.77,117.72,79.31,116.51,93.23,93.12,113.86
2024-06-23,69.84,117.57,79.32,116.43,93.15,93.2,113.75
2024-06-24,69.89,117.48,79.29,116.37,93.09,93.24,113.64
2024-06-25,69.99,117.4,79.41,116.24,93.02,93.43,113.49
2024-06-26,70.05,117.24,79.61,116.11,92.96,93.49,113.4
2024-06-27,70.11,117.23,79.67,116.0,92.95,93.57,113.27
2024-06-28,70.09,117.19,79.73,115.98,92.93,93.65,113.26
2024-06-29,70.06,117.1,79.72,115.98,92.82,93.54,113.29
2024-06-30,70.08,117.04,79.71,115.99,92.78,93.56,113.34
2024-07-01,70.11,116.98,79.72,115.93,92.77,93.55,113.42
2024-07-02,70.15,116.92,79.66,115.85,92.82,93.49,113.49
2024-07-03,70.16,116.93,79.54,115.81,92.94,93.51,113.58
2024-07-04,70.15,116.89,79.6,115.74,93.16,93.44,113.67
2024-07-05,70.18,116.82,79.67,115.65,93.45,93.36,113.75
2024-07-06,70.19,116.77,79.69,115.48,93.82,93.25,113.69
2024-07-07,70.21,116.72,79.73,115.3,94.1,93.11,113.62
2024-07-08,70.27,116.57,79.75,115.17,94.35,93.01,113.53
2024-07-09,70.3,116.3,79.79,115.13,94.47,92.89,113.51
2024-07-10,70.39,116.11,79.8,115.08,94.53,92.91,113.46
2024-07-11,70.44,115.89,79.78,115.04,94.48,92.87,113.43
2024-07-12,70.57,115.75,79.79,115.02,94.41,92.83,113.43
2024-07-13,70.75,115.69,79.93,115.05,94.35,92.94,113.48
2024-07-14,70.84,115.57,80.09,115.05,94.28,92.97,113.48
2024-07-15,70.86,115.2,80.27,115.05,94.18,92.89,113.45
2024-07-16,70.79,116.74,80.24,114.99,94.27,93.0,113.44
2024-07-17,70.68,118.22,80.23,114.95,94.37,93.0,113.45
2024-07-18,70.52,119.67,79.93,114.91,94.45,92.92,113.4
2024-07-19,70.33,121.08,79.6,114.88,94.62,92.86,113.41
2024-07-20,69.91,122.09,79.36,114.69,94.57,92.22,113.24
2024-07-21,69.78,123.36,79.24,114.72,94.76,92.19,113.32
2024-07-22,69.69,124.86,79.08,114.75,94.87,92.27,113.47
2024-07-23,69.63,124.61,79.08,114.84,94.98,91.96,113.64
2024-07-24,69.59,124.4,79.15,114.87,95.09,91.82,113.76
2024-07-25,69.57,124.17,79.4,114.89,95.19,91.7,113.92
2024-07-26,69.54,123.98,79.68,114.88,95.19,91.67,114.02
2024-07-27,69.76,124.13,79.75,115.01,95.36,92.13,114.26
2024-07-28,69.72,124.1,79.68,114.94,95.28,92.05,114.3
2024-07-29,69.66,124.13,79.68,114.89,95.29,91.86,114.28
2024-07-30,69.69,124.25,79.74,114.87,95.18,91.97,114.28
2024-07-31,69.7,124.22,79.65,114.85,95.09,91.91,114.29
2024-08-01,69.75,124.3,79.72,114.79,94.91,92.01,114.3
2024-08-02,69.7,124.26,79.73,114.78,94.73,91.97,114.32
2024-08-03,69.56,124.16,79.71,114.8,94.55,91.96,114.36
2024-08-04,69.43,124.04,79.7,114.81,94.33,91.92,114.33
2024-08-05,69.26,124.04,79.67,114.76,94.13,91.93,114.3
2024-08-06,69.08,123.96,79.54,114.66,93.97,91.94,114.2
2024-08-07,68.91,124.05,79.51,114.57,93.8,92.02,114.13
2024-08-08,68.74,124.06,79.43,114.54,93.68,92.0,114.05
2024-08-09,68.63,124.18,79.35,114.48,93.52,92.11,113.91
2024-08-10,68.5,124.22,79.22,114.29,93.33,92.06,113.74
2024-08-11,68.42,124.38,79.2,114.18,93.26,92.29,113.72
2024-08-12,68.45,124.47,79.19,114.11,93.16,92.56,113.65
2024-08-13,68.47,124.52,79.24,114.08,93.05,92.82,113.62
2024-08-14,68.43,124.56,79.19,113.97,92.95,92.98,113.54
2024-08-15,68.34,124.63,79.11,113.84,92.87,93.2,113.48
2024-08-16,68.25,124.66,79.11,113.73,92.88,93.38,113.44
2024-08-17,68.28,124.87,79.28,113.78,92.93,93.78,113.45
2024-08-18,68.29,124.92,79.34,113.74,92.9,93.83,113.37
2024-08-19,68.14,124.86,79.3,113.65,92.85,93.79,113.28
2024-08-20,68.02,124.77,79.24,113.54,92.55,93.69,113.12
2024-08-21,67.92,124.5,79.18,113.46,92.24,93.52,112.99
2024-08-22,67.9,124.19,79.13,113.37,91.93,93.3,112.85
2024-08-23,67.97,124.54,79.14,113.29,91.63,93.07,112.78
2024-08-24,67.94,124.85,79.06,113.1,91.29,92.83,112.64
2024-08-25,67.8,125.12,78.93,112.91,90.97,92.58,112.47
2024-08-26,67.77,125.46,78.92,112.75,90.67,92.35,112.36
2024-08-27,67.78,126.69,78.96,112.58,90.61,92.07,112.35
2024-08-28,67.89,128.05,79.07,112.52,90.54,91.92,112.35
2024-08-29,68.06,129.54,79.31,112.47,90.43,91.93,112.35
2024-08-30,68.15,130.29,79.5,112.41,90.34,91.96,112.29
2024-08-31,68.32,131.26,79.67,112.4,90.31,91.95,112.28
2024-09-01,68.57,132.28,79.92,112.43,90.29,92.09,112.35
2024-09-02,68.79,133.17,80.17,112.47,90.27,92.27,112.38
2024-09-03,68.85,132.9,80.35,112.46,90.29,92.49,112.35
2024-09-04,68.89,132.72,80.48,112.36,90.24,92.82,112.28
2024-09-05,68.87,132.37,80.51,112.23,90.16,93.01,112.2
2024-09-06,68.85,132.19,80.5,112.18,90.1,93.18,112.12
2024-09-07,68.91,131.93,80.57,112.2,90.02,93.42,112.16
2024-09-08,68.91,131.64,80.63,112.17,89.92,93.63,112.14
2024-09-09,68.94,131.5,80.63,112.62,89.77,93.83,112.14
2024-09-10,69.07,131.73,80.67,112.6,89.6,94.07,112.17
2024-09-11,69.18,131.95,80.78,112.65,89.59,94.15,112.26
2024-09-12,69.25,132.23,80.87,112.73,89.48,94.25,112.31
2024-09-13,69.32,132.39,80.86,112.71,89.42,94.27,112.39
2024-09-14,69.37,132.42,80.86,112.72,89.35,94.25,112.38
2024-09-15,69.42,132.42,80.78,112.7,89.26,94.17,112.37
2024-09-16,69.47,132.39,80.72,112.2,89.22,94.1,112.38
2024-09-17,69.57,132.43,80.76,112.3,89.28,94.16,112.43
2024-09-18,69.66,132.48,80.83,112.35,89.29,94.24,112.52
2024-09-19,69.79,132.63,80.86,112.39,89.44,94.35,112.62
2024-09-20,69.92,132.83,80.99,112.46,89.52,94.5,112.71
2024-09-21,69.99,133.03,81.04,112.39,89.55,94.6,112.73
2024-09-22,70.03,133.22,81.18,112.39,89.64,94.72,112.77
2024-09-23,70.07,133.4,81.52,112.6,89.81,94.84,112.8
2024-09-24,70.05,133.39,81.55,112.52,89.82,94.84,112.75
2024-09-25,70.04,133.3,81.54,112.43,89.76,94.79,112.64
2024-09-26,69.96,132.99,81.52,112.39,89.76,94.64,112.58
2024-09-27,69.74,132.62,81.46,112.3,89.8,94.52,112.47
2024-09-28,69.49,132.16,81.35,112.21,89.93,94.26,112.38
2024-09-29,69.36,131.86,81.3,112.19,90.03,94.15,112.37
2024-09-30,69.32,131.61,81.13,112.01,90.11,94.1,112.37
2024-10-01,69.19,131.4,80.99,111.89,90.22,94.04,112.31
2024-10-02,69.03,131.14,80.77,111.73,90.29,93.97,112.24
2024-10-03,68.88,130.91,80.57,111.53,90.36,93.85,112.1
2024-10-04,68.99,130.8,80.43,111.39,90.41,93.77,112.08
2024-10-05,69.14,130.77,80.3,111.3,90.45,93.79,112.06
2024-10-06,69.16,130.59,80.09,111.09,90.48,93.61,111.96
2024-10-07,69.13,130.33,79.8,110.78,90.43,93.31,111.79
2024-10-08,69.19,130.1,79.67,110.57,90.44,93.05,111.68
2024-10-09,69.25,129.9,79.51,110.4,90.48,92.96,111.57
2024-10-10,69.18,129.66,79.29,110.1,90.45,92.95,111.43
2024-10-11,68.98,129.36,78.97,109.76,90.25,92.83,111.07
2024-10-12,68.8,129.12,78.75,109.45,90.02,92.78,110.83
2024-10-13,68.65,128.94,78.51,109.2,89.8,92.86,110.62
2024-10-14,68.51,128.78,78.25,108.92,89.58,92.91,110.37
2024-10-15,68.41,128.69,78.01,108.69,89.43,92.89,110.15
2024-10-16,68.25,128.52,77.83,108.44,89.21,92.8,109.91
2024-10-17,68.25,128.41,77.73,108.29,89.08,92.55,109.73
2024-10-18,68.33,128.16,77.62,107.98,88.96,92.35,109.52
2024-10-19,68.29,127.74,77.3,107.47,88.8,91.75,109.13
2024-10-20,68.37,127.51,77.18,107.19,88.71,91.48,108.88
2024-10-21,68.42,127.3,77.1,106.94,88.67,91.31,108.67
2024-10-22,68.34,127.14,77.07,106.79,88.59,91.35,108.54
2024-10-23,68.39,126.96,77.1,106.6,88.56,91.29,108.39
2024-10-24,68.38,126.82,77.01,106.35,88.44,91.3,108.15
2024-10-25,68.32,126.79,77.03,106.43,88.45,91.31,108.17
2024-10-26,68.41,126.98,77.2,106.75,88.5,91.73,108.31
2024-10-27,68.39,126.98,77.21,106.82,88.47,91.78,108.33
2024-10-28,68.36,126.77,77.23,106.97,88.45,91.96,108.37
2024-10-29,68.42,126.76,77.19,107.08,88.41,91.94,108.36
2024-10-30,68.38,127.0,77.08,107.2,88.36,92.02,108.35
2024-10-31,68.47,127.33,77.18,107.49,88.43,92.18,108.51
2024-11-01,68.58,127.71,77.35,107.25,88.38,92.43,108.55
2024-11-02,68.56,128.02,77.54,107.23,88.41,92.68,108.69
2024-11-03,68.5,128.26,77.7,107.2,88.47,92.87,108.77
2024-11-04,68.47,128.72,77.84,107.12,88.49,92.89,108.79
2024-11-05,68.36,128.92,77.99,107.01,88.53,92.97,108.86
2024-11-06,68.27,128.96,78.21,106.91,88.58,92.96,108.97
2024-11-07,68.08,128.9,78.28,106.82,88.59,93.11,109.05
2024-11-08,67.86,128.82,78.24,107.08,88.7,93.22,109.16
2024-11-09,67.66,128.74,78.25,107.09,88.73,93.3,109.18
2024-11-10,67.53,128.59,78.26,107.12,88.82,93.39,109.24
2024-11-11,67.38,128.51,78.26,107.54,88.91,93.5,109.38
2024-11-12,67.26,128.46,78.19,107.9,88.97,93.5,109.43
2024-11-13,67.15,128.38,78.08,108.32,89.05,93.59,109.49
2024-11-14,67.03,128.29,78.06,108.7,89.07,93.56,109.54
2024-11-15,66.92,128.29,77.99,109.04,89.09,93.37,109.61
2024-11-16,66.89,128.34,77.89,109.41,89.12,93.29,109.62
2024-11-17,66.78,128.51,77.83,109.74,89.1,93.2,109.61
2024-11-18,66.72,128.59,77.81,109.71,89.08,93.45,109.6
2024-11-19,66.69,128.62,77.81,109.71,89.06,93.77,109.6
2024-11-20,66.64,128.7,77.75,109.7,89.02,93.59,109.6
2024-11-21,66.56,128.84,77.63,109.66,89.02,93.39,109.61
2024-11-22,66.54,128.95,77.59,109.75,89.08,93.35,109.69
2024-11-23,66.58,129.06,77.63,109.84,89.08,93.36,109.78
2024-11-24,66.64,129.11,77.64,109.89,89.06,93.31,109.87
2024-11-25,66.66,129.2,77.65,109.96,89.08,92.87,109.96
2024-11-26,66.71,129.36,77.68,110.05,89.12,92.46,110.05
2024-11-27,66.85,129.53,77.79,110.22,89.2,92.59,110.18
2024-11-28,67.04,129.71,77.96,110.41,89.26,92.78,110.31
2024-11-29,67.24,129.77,78.1,110.47,89.24,92.86,110.32
2024-11-30,67.36,129.85,78.15,110.46,89.24,92.76,110.32
2024-12-01,67.45,129.97,78.18,110.5,89.24,92.8,110.29
2024-12-02,67.56,130.06,78.24,110.45,89.2,92.93,110.3
2024-12-03,67.64,130.01,78.31,110.39,89.13,93.03,110.29
2024-12-04,67.66,129.88,78.37,110.26,89.07,93.04,110.25
2024-12-05,67.7,129.63,78.34,110.11,88.97,93.03,110.17
2024-12-06,67.63,129.56,78.35,110.07,88.97,93.11,110.19
2024-12-07,67.55,129.47,78.38,110.1,89.0,93.21,110.23
2024-12-08,67.49,129.41,78.48,110.25,89.02,93.25,110.29
2024-12-09,67.49,129.44,78.67,110.52,89.16,93.29,110.37
2024-12-10,67.44,129.35,78.69,110.61,89.19,93.34,110.4
2024-12-11,67.4,129.29,78.72,110.64,89.03,93.44,110.35
2024-12-12,67.32,129.29,78.82,110.67,89.06,93.53,110.39
2024-12-13,67.31,129.15,78.92,110.67,88.99,93.51,110.38
2024-12-14,67.22,128.91,78.91,110.53,88.88,93.27,110.23
2024-12-15,67.3,128.83,78.99,110.46,88.77,93.26,110.22
2024-12-16,67.28,128.68,78.92,110.28,88.59,93.22,110.15
2024-12-17,67.3,128.53,79.02,110.16,88.5,93.1,110.06
2024-12-18,67.3,128.36,79.08,110.02,88.37,92.95,110.04
2024-12-19,67.27,128.14,79.14,109.91,88.19,92.78,109.93
2024-12-20,67.29,127.99,79.2,109.86,88.08,92.65,109.87
2024-12-21,67.37,127.96,79.41,109.99,88.03,92.94,110.02
2024-12-22,67.34,127.69,79.49,109.82,87.95,92.96,110.02
2024-12-23,67.32,127.48,79.56,109.78,87.88,93.02,110.08
2024-12-24,67.32,127.41,79.66,109.81,87.74,93.09,110.18
2024-12-25,67.36,127.42,79.8,109.92,87.84,93.22,110.29
2024-12-26,67.44,127.54,79.93,110.0,87.91,93.34,110.44
2024-12-27,67.45,127.55,80.05,109.98,87.8,93.42,110.51
2024-12-28,67.49,127.61,80.5,109.93,87.72,93.44,110.54
2024-12-29,67.5,127.74,80.92,110.04,87.7,93.46,110.61
2024-12-30,67.53,127.8,81.43,110.01,87.61,93.49,110.62
2024-12-31,67.52,127.87,81.88,110.0,87.59,93.51,110.64
2025-01-01,67.52,127.95,82.38,109.93,87.49,93.59,110.65
2025-01-02,67.49,127.92,82.88,109.79,87.35,93.67,110.6
2025-01-03,67.47,127.93,83.28,109.7,87.33,93.86,110.57
2025-01-04,67.4,127.98,83.18,109.62,87.3,93.9,110.54
2025-01-05,67.34,127.95,83.02,109.48,87.34,93.95,110.47
2025-01-06,67.29,127.87,82.83,109.29,87.33,93.89,110.38
2025-01-07,67.28,127.86,82.72,109.12,87.31,93.97,110.32
2025-01-08,67.25,127.9,82.61,109.05,87.45,93.91,110.28
2025-01-09,67.23,127.94,82.49,109.09,87.58,93.9,110.32
2025-01-10,67.25,127.76,82.47,109.05,87.67,93.77,110.33
2025-01-11,67.31,127.38,82.45,108.88,87.71,93.75,110.26
2025-01-12,67.4,127.06,82.55,108.81,87.69,93.81,110.23
2025-01-13,67.5,126.72,82.65,108.76,87.73,93.92,110.22
2025-01-14,67.6,126.38,82.51,108.74,87.75,94.01,110.23
2025-01-15,67.72,125.93,82.37,108.72,87.69,94.09,110.23
2025-01-16,67.86,125.62,82.24,108.67,87.59,94.21,110.19
2025-01-17,67.99,125.43,82.16,108.66,87.49,94.43,110.18
2025-01-18,68.01,125.37,82.09,108.64,87.34,94.5,110.15
2025-01-19,68.02,125.33,82.05,108.65,87.23,94.64,110.15
2025-01-20,67.97,125.3,81.94,108.7,87.1,94.85,110.15
2025-01-21,67.9,125.25,81.97,108.72,87.03,95.01,110.12
2025-01-22,67.76,125.21,81.9,108.49,86.9,95.11,110.05
2025-01-23,67.6,125.13,81.72,108.23,86.74,95.18,109.99
2025-01-24,67.43,125.08,81.56,107.97,86.63,95.27,109.93
2025-01-25,67.38,125.04,81.52,107.76,86.61,95.5,109.93
2025-01-26,67.27,124.94,81.37,107.47,86.48,95.62,109.87
2025-01-27,67.16,124.62,81.22,107.21,86.31,95.67,109.8
2025-01-28,67.06,124.22,81.07,106.82,86.08,95.66,109.68
2025-01-29,67.01,123.99,80.99,106.73,85.95,95.75,109.67
2025-01-30,66.96,123.72,81.05,106.65,85.82,95.78,109.66
2025-01-31,66.89,123.51,80.97,106.54,85.66,95.76,109.6
2025-02-01,66.78,123.32,80.82,106.38,85.49,95.65,109.54
2025-02-02,66.67,123.23,80.64,106.27,85.37,95.56,109.52
2025-02-03,66.56,123.37,80.5,106.09,85.26,95.42,109.48
2025-02-04,66.47,123.44,80.5,106.0,85.26,95.35,109.49
2025-02-05,66.34,123.36,80.46,105.84,85.26,95.32,109.45
2025-02-06,66.21,123.35,80.42,105.67,85.28,95.32,109.4
2025-02-07,66.03,123.21,80.43,105.55,85.34,95.27,109.39
2025-02-08,65.87,123.07,80.47,105.47,85.41,95.33,109.39
2025-02-09,65.71,122.78,80.57,105.35,85.49,95.25,109.37
2025-02-10,65.57,122.46,80.57,105.28,85.53,95.17,109.38
2025-02-11,65.44,122.34,80.48,105.29,85.62,95.26,109.43
2025-02-12,65.34,122.24,80.37,105.33,85.66,95.33,109.47
2025-02-13,65.21,121.99,80.2,105.36,85.71,95.37,109.5
2025-02-14,65.1,121.89,80.01,105.4,85.72,95.49,109.53
2025-02-15,64.8,121.44,79.64,105.24,85.58,95.09,109.4
2025-02-16,64.74,121.39,79.48,105.29,85.64,95.26,109.44
2025-02-17,64.66,121.37,79.44,105.39,85.73,95.58,109.47
2025-02-18,64.47,121.24,79.33,105.29,85.71,95.47,109.35
2025-02-19,64.21,121.19,79.19,105.13,85.67,95.4,109.24
2025-02-20,64.0,120.69,79.02,104.74,85.6,95.45,109.14
2025-02-21,63.72,120.01,78.93,104.35,85.55,95.43,109.03
2025-02-22,63.76,120.25,79.09,104.38,85.67,95.96,109.14
2025-02-23,63.55,120.11,79.04,104.14,85.57,96.03,109.05
2025-02-24,63.24,120.0,78.9,103.92,85.46,95.97,108.97
2025-02-25,63.03,119.9,78.85,103.81,85.48,96.12,109.0
2025-02-26,62.9,119.83,78.82,103.63,85.38,96.09,108.97
2025-02-27,62.8,120.42,78.85,103.75,85.35,95.88,108.97
2025-02-28,62.77,121.08,78.78,103.89,85.32,95.63,108.99
2025-03-01,62.58,121.19,78.52,103.79,85.15,94.99,108.81
2025-03-02,62.54,121.39,78.39,103.85,85.05,94.65,108.78
2025-03-03,62.59,121.6,78.32,103.86,84.94,94.46,108.72
2025-03-04,62.66,121.86,78.19,103.89,84.67,94.17,108.59
2025-03-05,62.65,121.75,78.02,103.85,84.47,94.0,108.48
2025-03-06,62.72,121.85,77.92,103.9,84.31,94.1,108.45
2025-03-07,62.69,121.99,77.84,103.9,84.17,94.18,108.36
2025-03-08,62.71,122.2,77.86,103.9,84.1,94.55,108.35
2025-03-09,62.59,122.3,77.78,103.85,84.04,94.7,108.26
2025-03-10,62.42,122.24,77.65,103.6,83.95,94.72,108.15
2025-03-11,62.23,122.32,77.58,103.31,83.76,94.82,108.06
2025-03-12,62.11,122.87,77.53,103.25,83.76,94.99,108.02
2025-03-13,61.83,123.13,77.42,103.02,83.78,94.94,107.88
2025-03-14,61.71,123.39,77.34,102.84,83.76,95.02,107.79
2025-03-15,61.63,123.51,77.31,102.64,83.77,95.04,107.75
2025-03-16,61.61,123.76,77.31,102.45,83.76,95.05,107.73
2025-03-17,61.6,124.12,77.4,102.45,83.84,95.09,107.69
2025-03-18,61.61,124.29,77.42,102.39,84.14,95.14,107.69
2025-03-19,61.67,124.16,77.37,102.35,84.3,95.16,107.64
2025-03-20,61.85,124.02,77.32,102.37,84.27,95.22,107.58
2025-03-21,62.11,123.86,77.28,102.38,84.23,95.29,107.52
2025-03-22,62.27,123.75,77.25,102.36,84.27,95.35,107.44
2025-03-23,62.4,123.52,77.13,102.26,84.23,95.31,107.26
2025-03-24,62.53,123.37,76.96,102.19,84.18,95.36,107.2
2025-03-25,62.71,123.15,76.76,102.16,84.04,95.38,107.1
2025-03-26,62.78,123.07,76.67,102.13,83.86,95.32,107.06
2025-03-27,62.74,120.96,76.58,101.59,83.81,95.2,106.98
2025-03-28,62.64,117.13,76.55,101.1,83.75,94.93,106.9
2025-03-29,62.57,113.16,76.49,100.66,83.59,94.79,106.8
2025-03-30,62.53,109.22,76.47,100.26,83.56,94.71,106.81
2025-03-31,62.56,105.21,76.42,99.88,83.48,94.56,106.77
2025-04-01,62.59,101.34,76.42,99.51,83.39,94.57,106.77
2025-04-02,62.68,97.49,76.43,99.07,83.34,94.74,106.71
2025-04-03,62.83,95.58,76.44,99.28,83.48,95.0,106.77
2025-04-04,63.07,95.49,76.4,99.43,83.66,95.54,106.89
2025-04-05,63.33,95.57,76.34,99.48,83.67,95.96,107.01
2025-04-06,63.6,95.62,76.26,99.51,83.57,96.32,107.04
2025-04-07,63.85,95.73,76.27,99.5,83.49,96.68,107.07
2025-04-08,63.99,95.76,76.26,99.47,83.47,96.85,107.12
2025-04-09,64.13,95.73,76.26,99.45,83.5,96.88,107.23
2025-04-10,64.2,95.89,76.19,99.1,83.26,96.78,107.17
2025-04-11,64.12,95.92,76.06,98.73,83.03,96.28,107.06
2025-04-12,64.05,95.98,76.01,98.52,83.01,95.89,107.05
2025-04-13,63.92,96.22,76.0,98.32,83.02,95.49,107.04
2025-04-14,63.7,96.43,75.96,98.15,83.06,95.05,107.05
2025-04-15,63.6,96.53,75.87,98.03,83.13,94.46,107.01
2025-04-16,63.47,96.83,75.73,98.01,83.1,94.05,106.94
2025-04-17,63.46,97.07,75.7,98.17,83.2,93.68,106.97
2025-04-18,63.48,97.35,75.69,98.49,83.25,93.62,106.96
2025-04-19,63.41,97.62,75.56,98.75,83.29,93.51,106.87
2025-04-20,63.46,97.7,75.45,99.09,83.39,93.57,106.81
2025-04-21,63.6,97.81,75.33,99.39,83.45,93.69,106.72
2025-04-22,63.68,98.0,75.27,99.63,83.52,93.94,106.63
2025-04-23,63.76,97.98,75.23,99.83,83.66,94.01,106.56
2025-04-24,63.7,97.82,75.12,99.89,83.58,93.94,106.43
2025-04-25,63.62,97.7,74.96,99.76,83.49,93.86,106.3
2025-04-26,63.63,97.59,74.88,99.65,83.37,93.67,106.22
2025-04-27,63.57,97.65,74.8,99.47,83.31,93.33,106.16
2025-04-28,63.48,97.69,74.75,99.31,83.25,93.05,106.11
2025-04-29,63.32,97.73,74.64,99.24,83.05,92.76,106.07
2025-04-30,63.26,97.76,74.53,99.21,82.87,92.44,106.07
2025-05-01,63.21,97.66,74.22,98.92,82.53,92.01,105.85
2025-05-02,63.24,97.95,74.24,99.05,82.52,91.73,105.94
2025-05-03,63.27,98.26,74.32,99.26,82.6,91.83,106.04
2025-05-04,63.21,98.57,74.3,99.49,82.57,92.02,106.09
2025-05-05,63.05,98.0,73.94,99.09,82.0,91.62,105.64
2025-05-06,63.13,98.09,74.13,99.22,81.98,91.8,105.7
2025-05-07,63.09,98.21,74.29,99.25,81.93,92.02,105.73
2025-05-08,62.95,98.42,74.69,99.55,82.03,92.51,105.92
2025-05-09,62.83,98.32,74.83,99.53,81.91,92.9,105.87
2025-05-10,62.75,98.28,74.86,99.44,81.72,93.02,105.81
2025-05-11,62.61,97.86,74.9,99.29,81.51,92.87,105.74
2025-05-12,62.49,98.4,75.15,99.78,82.01,93.28,106.16
2025-05-13,62.21,98.28,75.09,99.71,81.94,93.24,106.09
2025-05-14,61.9,98.15,74.98,99.66,81.87,93.14,105.97
2025-05-15,61.76,98.19,74.88,99.68,81.95,93.14,105.99
2025-05-16,61.58,98.24,74.7,99.72,82.02,93.08,105.97
2025-05-17,61.12,97.79,74.44,99.53,81.94,92.54,105.79
2025-05-18,61.19,98.08,74.55,99.62,82.04,92.8,105.86
2025-05-19,61.37,98.37,74.73,99.75,82.06,93.42,105.92
2025-05-20,61.53,98.67,74.86,99.79,82.15,93.88,105.95
2025-05-21,61.85,98.94,75.01,99.81,82.22,94.35,105.99
2025-05-22,62.17,99.05,74.81,99.79,82.16,94.63,106.0
2025-05-23,62.43,99.26,74.77,99.72,82.12,94.87,105.99
2025-05-24,63.01,99.89,74.89,99.85,82.19,95.65,106.14
2025-05-25,63.21,99.96,74.69,99.71,82.06,95.81,106.03
2025-05-26,63.43,100.01,74.52,99.55,81.9,95.53,105.95
2025-05-27,63.63,100.0,74.3,99.41,81.72,95.35,105.85
2025-05-28,63.64,100.07,74.04,99.31,81.57,95.22,105.78
2025-05-29,63.72,100.3,74.38,99.3,81.53,95.15,105.71
2025-05-30,63.88,100.22,74.39,99.18,81.29,95.04,105.53
2025-05-31,63.97,100.34,74.42,99.19,81.31,94.98,105.48
2025-06-01,64.1,100.65,74.38,99.27,81.39,95.01,105.51
2025-06-02,64.2,100.9,74.4,99.34,81.41,95.1,105.52
2025-06-03,64.38,101.17,74.49,99.46,81.49,95.2,105.55
2025-06-04,64.67,101.48,74.63,99.54,81.7,95.4,105.61
2025-06-05,64.92,101.82,74.55,99.6,81.9,95.79,105.66
2025-06-06,65.09,102.18,74.81,99.7,82.27,96.12,105.8
2025-06-07,65.29,101.98,74.99,99.65,82.34,96.23,105.79
2025-06-08,65.41,101.65,75.28,99.52,82.32,96.3,105.7
2025-06-09,65.47,101.32,75.53,99.38,82.33,96.32,105.61
2025-06-10,65.49,101.0,75.71,99.29,82.24,96.42,105.51
2025-06-11,65.56,100.92,75.95,99.23,82.17,96.61,105.44
2025-06-12,65.53,100.82,76.03,99.09,82.35,96.54,105.36
2025-06-13,65.52,100.8,75.88,99.01,82.49,96.61,105.31
2025-06-14,65.34,100.84,75.61,98.83,82.63,96.42,105.17
2025-06-15,65.36,101.32,75.67,98.89,82.92,96.52,105.2
2025-06-16,65.42,101.67,75.46,98.87,83.2,96.62,105.2
2025-06-17,65.4,102.02,75.18,98.78,83.54,96.73,105.22
2025-06-18,65.46,102.09,74.91,98.66,83.74,96.68,105.19
2025-06-19,65.54,102.11,74.76,98.61,83.66,96.78,105.16
2025-06-20,65.61,102.08,74.74,98.53,83.6,96.84,105.13
2025-06-21,65.81,102.4,74.86,98.65,83.62,97.27,105.26
2025-06-22,65.81,102.25,74.65,98.54,83.54,97.32,105.23
2025-06-23,65.84,102.2,74.65,98.46,83.51,97.44,105.2
2025-06-24,65.91,102.2,74.62,98.36,83.5,97.39,105.19
2025-06-25,65.86,102.1,74.64,98.27,83.51,97.35,105.13
2025-06-26,65.76,101.94,74.71,98.18,83.5,97.19,105.04
2025-06-27,65.72,101.76,74.67,98.11,83.58,97.15,104.97
2025-06-28,65.67,101.4,74.63,97.79,83.56,97.07,104.8
2025-06-29,65.65,101.16,74.57,97.57,83.63,97.07,104.79
2025-06-30,65.55,100.91,74.51,97.4,83.69,97.08,104.82
2025-07-01,65.37,100.6,74.48,97.11,83.77,96.98,104.82
2025-07-02,65.18,100.27,74.34,96.81,83.79,96.87,104.75
2025-07-03,65.02,100.08,74.21,96.56,83.83,96.86,104.75
2025-07-04,64.86,99.99,74.27,96.31,83.83,96.82,104.72
2025-07-05,64.75,100.02,74.35,96.33,83.9,96.85,104.8
2025-07-06,64.58,99.99,74.44,96.27,83.91,96.78,104.67
2025-07-07,64.51,100.03,74.52,96.24,83.91,96.74,104.55
2025-07-08,64.55,100.0,74.68,96.22,83.73,96.87,104.31
2025-07-09,64.61,99.94,74.9,96.34,84.1,97.04,104.24
2025-07-10,64.75,99.86,75.01,96.35,84.44,97.2,104.09
2025-07-11,64.9,99.74,75.05,96.36,84.74,97.29,104.03
2025-07-12,64.97,100.74,75.0,96.34,85.06,97.41,103.89
2025-07-13,65.11,101.73,75.02,96.22,85.35,97.58,103.77
2025-07-14,65.18,102.63,75.0,96.15,85.66,97.63,103.67
2025-07-15,65.3,104.66,74.99,96.34,86.18,97.74,103.8
2025-07-16,65.47,106.78,74.86,96.46,85.75,97.78,103.86
2025-07-17,65.59,108.86,74.87,96.6,85.35,97.8,103.93
2025-07-18,65.69,110.78,74.58,96.7,84.96,97.64,103.95
2025-07-19,65.68,111.35,74.2,96.66,84.5,97.19,103.9
2025-07-20,65.86,112.1,74.32,96.92,84.19,97.36,104.03
2025-07-21,66.01,112.73,74.28,97.02,83.81,97.37,104.1
2025-07-22,66.14,112.31,74.23,97.04,83.41,97.49,104.12
2025-07-23,66.17,111.83,74.23,96.99,83.47,97.34,104.18
2025-07-24,66.2,111.51,74.32,96.96,83.53,97.47,104.24
2025-07-25,66.15,111.28,74.62,97.04,83.64,97.69,104.33
2025-07-26,66.19,111.35,75.2,97.28,83.84,98.14,104.55
2025-07-27,66.11,111.19,75.19,97.29,83.87,97.93,104.57
2025-07-28,66.12,111.3,75.4,97.39,83.91,97.93,104.65
2025-07-29,66.1,111.36,75.62,97.48,83.97,97.78,104.72
2025-07-30,66.08,111.53,75.84,97.59,83.96,97.82,104.72
2025-07-31,66.03,111.48,75.91,97.71,84.0,97.6,104.75
2025-08-01,66.21,111.83,76.12,97.67,84.0,97.54,104.75
2025-08-02,66.27,112.04,76.13,97.54,83.94,97.37,104.71
2025-08-03,66.28,112.34,76.11,97.5,83.93,97.26,104.71
2025-08-04,66.23,112.54,76.11,97.39,83.92,97.13,104.68
2025-08-05,66.21,112.73,76.13,97.25,83.82,97.02,104.62
2025-08-06,66.21,112.89,76.22,97.12,83.8,96.98,104.65
2025-08-07,66.21,113.17,76.4,97.04,83.71,96.93,104.69
2025-08-08,66.05,113.03,76.46,96.99,83.65,96.72,104.68
2025-08-09,66.0,112.92,76.53,96.95,83.62,96.56,104.7
2025-08-10,66.08,112.86,76.8,96.96,83.57,96.57,104.75
2025-08-11,66.16,112.79,77.01,96.9,83.5,96.55,104.74
2025-08-12,66.04,112.79,77.16,96.91,83.53,96.49,104.79
2025-08-13,66.02,112.76,77.31,96.88,83.64,96.36,104.79
2025-08-14,66.03,112.76,77.36,96.86,83.84,96.2,104.79
2025-08-15,66.08,112.8,77.47,96.81,84.11,96.18,104.8
2025-08-16,66.21,112.93,77.72,96.79,84.47,96.34,104.88
2025-08-17,66.21,112.93,77.75,96.62,84.9,96.34,104.87
2025-08-18,66.27,112.98,77.86,96.61,85.49,96.38,104.94
2025-08-19,66.45,113.05,78.02,96.47,86.08,96.38,104.98
2025-08-20,66.53,113.27,78.12,96.44,86.67,96.55,105.02
2025-08-21,66.6,113.4,78.23,96.4,87.26,96.73,105.03
2025-08-22,66.58,113.51,78.3,96.43,87.75,96.87,105.09
2025-08-23,66.48,113.32,78.24,96.33,88.1,96.82,104.98
2025-08-24,66.44,113.37,78.22,96.35,88.37,97.09,104.97
2025-08-25,66.27,113.37,78.15,96.32,88.57,97.34,104.94
2025-08-26,66.18,113.51,78.08,96.34,88.69,97.68,104.91
2025-08-27,66.11,113.4,78.04,96.31,88.75,97.95,104.79
2025-08-28,66.07,113.33,78.03,96.33,88.69,98.24,104.68
2025-08-29,65.73,112.99,77.77,96.11,88.68,98.21,104.44
2025-08-30,65.52,112.88,77.66,96.03,88.71,98.35,104.3
2025-08-31,65.24,112.63,77.45,95.87,88.73,98.06,104.06
2025-09-01,65.05,112.43,77.3,95.72,88.74,97.84,103.9
2025-09-02,64.79,112.09,77.14,95.53,88.68,97.51,103.66
2025-09-03,64.54,111.76,77.03,95.36,88.67,97.08,103.58
2025-09-04,64.43,111.55,77.0,95.2,88.72,96.69,103.52
2025-09-05,64.58,111.54,77.18,95.27,88.78,96.56,103.57
2025-09-06,64.72,111.53,77.33,95.39,88.88,96.44,103.63
2025-09-07,64.9,111.44,77.51,95.5,88.98,96.36,103.72
2025-09-08,65.06,111.33,77.67,95.62,88.88,96.29,103.66
2025-09-09,65.24,110.87,77.81,95.66,88.99,96.3,103.66
2025-09-10,65.42,110.57,77.83,95.71,89.02,96.37,103.55
2025-09-11,65.44,110.16,77.77,95.72,89.1,96.44,103.45
2025-09-12,65.5,109.8,77.77,95.7,89.16,96.51,103.35
2025-09-13,65.44,109.56,77.75,95.65,89.11,96.45,103.22
2025-09-14,65.29,109.3,77.77,95.52,89.03,96.42,103.02
2025-09-15,65.14,109.04,77.75,95.41,89.14,96.33,102.93
2025-09-16,65.04,109.13,77.82,95.35,89.07,96.28,102.84
2025-09-17,64.95,109.28,77.92,95.32,89.09,96.25,102.81
2025-09-18,64.87,109.49,77.94,95.26,89.03,96.21,102.73
2025-09-19,64.71,109.7,77.94,95.21,88.96,96.14,102.58
2025-09-20,64.7,109.85,77.93,95.13,89.0,96.11,102.47
2025-09-21,64.66,109.98,77.9,95.1,89.03,96.01,102.38
2025-09-22,64.58,110.07,77.92,95.01,89.07,95.88,102.25
2025-09-23,64.45,110.07,77.85,94.99,89.11,95.73,102.11
2025-09-24,64.33,109.99,77.81,94.94,89.12,95.53,101.97
2025-09-25,64.23,109.85,77.86,94.85,89.09,95.36,101.85
2025-09-26,64.17,109.72,77.91,94.76,89.03,95.33,101.75
2025-09-27,64.08,109.77,77.95,94.61,88.89,95.29,101.56
2025-09-28,64.11,109.92,78.05,94.58,88.86,95.41,101.44
2025-09-29,64.16,110.12,78.11,94.57,88.77,95.56,101.38
2025-09-30,64.28,110.45,78.26,94.66,88.8,95.64,101.37
2025-10-01,64.29,110.53,78.32,94.68,88.76,95.66,101.32
2025-10-02,64.29,110.66,78.36,94.7,88.72,95.75,101.28
2025-10-03,64.34,110.87,78.37,94.77,88.75,95.82,101.32
2025-10-04,64.38,110.92,78.45,94.87,88.8,95.87,101.41
2025-10-05,64.36,110.9,78.49,94.93,88.77,95.86,101.43
2025-10-06,64.37,110.84,78.56,95.01,88.78,95.85,101.45
2025-10-07,64.3,110.86,78.52,94.97,88.7,95.83,101.41
2025-10-08,64.28,111.07,78.46,94.98,88.65,95.88,101.36
2025-10-09,64.3,111.24,78.42,95.04,88.61,95.86,101.31
2025-10-10,64.37,111.28,78.4,95.0,88.53,95.74,101.22
2025-10-11,64.4,111.2,78.29,95.05,88.54,95.74,101.16
2025-10-12,64.48,111.13,78.16,95.07,88.46,95.62,101.11
2025-10-13,64.55,111.13,78.03,95.05,88.32,95.64,101.03
2025-10-14,64.71,111.04,77.94,95.07,88.21,95.6,101.0
2025-10-15,64.92,110.98,77.95,95.12,88.15,95.72,101.04
2025-10-16,65.04,110.81,77.87,95.03,87.97,95.71,101.0
2025-10-17,65.15,110.7,77.77,94.98,87.73,95.68,100.96
2025-10-18,65.12,110.58,77.62,94.82,87.5,95.11,100.77
2025-10-19,65.25,110.7,77.65,94.8,87.48,95.08,100.78
2025-10-20,65.34,110.71,77.62,94.72,87.46,94.95,100.77
2025-10-21,65.33,110.49,77.45,94.38,87.26,94.82,100.56
2025-10-22,65.27,110.54,77.48,94.4,87.2,94.78,100.59
2025-10-23,65.29,110.62,77.23,94.33,87.15,94.75,100.52
2025-10-24,65.33,110.76,77.19,94.34,87.27,94.83,100.54
2025-10-25,65.47,110.92,77.24,94.36,87.16,95.31,100.61
2025-10-26,65.47,111.03,77.2,94.24,86.92,95.56,100.53
2025-10-27,65.48,111.24,77.2,94.2,86.88,95.83,100.52
2025-10-28,65.61,111.7,77.39,94.45,87.02,96.32,100.7
2025-10-29,65.77,111.75,77.36,94.28,86.98,96.57,100.6
2025-10-30,65.92,111.72,77.7,94.32,87.12,96.69,100.67
2025-10-31,65.89,111.55,77.82,94.18,87.11,96.78,100.58
2025-11-01,65.79,111.23,77.81,93.4,86.95,96.67,100.36
2025-11-02,65.84,111.0,77.94,93.12,87.12,96.59,100.45
2025-11-03,65.9,110.69,78.08,92.84,87.16,96.44,100.47
2025-11-04,65.87,110.24,78.16,93.11,87.15,96.14,100.4
2025-11-05,65.88,110.01,78.25,93.45,87.18,96.01,100.46
2025-11-06,65.89,109.89,78.3,93.72,87.16,96.17,100.52
2025-11-07,66.04,109.87,78.41,94.14,87.24,96.22,100.71
2025-11-08,66.32,109.99,78.64,95.23,87.63,96.4,101.07
2025-11-09,66.32,109.89,78.67,95.86,87.72,96.49,101.14
2025-11-10,66.28,109.67,78.38,96.14,87.59,96.36,101.04
2025-11-11,66.32,109.75,78.3,95.9,87.62,96.45,101.15
2025-11-12,66.3,109.74,78.19,95.59,87.59,96.35,101.14
2025-11-13,66.23,109.7,78.09,95.33,87.58,96.06,101.12
2025-11-14,66.11,109.47,77.82,94.93,87.45,95.88,101.0
2025-11-15,66.16,109.66,77.81,94.88,87.52,95.92,101.2
2025-11-16,66.24,109.71,77.76,94.75,87.55,95.69,101.26
2025-11-17,66.27,109.79,77.92,94.73,87.67,95.67,101.39
2025-11-18,66.3,109.63,77.95,94.76,87.69,95.37,101.46
2025-11-19,66.26,109.5,77.94,94.77,87.67,95.16,101.47
2025-11-20,66.31,109.5,78.04,94.84,87.78,95.2,101.6
2025-11-21,66.34,109.54,78.28,94.93,87.92,95.25,101.72
2025-11-22,66.35,109.47,78.53,94.99,88.04,95.39,101.78
2025-11-23,66.35,109.38,78.72,95.01,88.09,95.52,101.81
2025-11-24,66.36,109.38,78.97,95.15,88.22,95.6,101.94
2025-11-25,66.34,109.49,79.22,95.24,88.34,95.88,102.03
2025-11-26,66.45,109.59,79.52,95.43,88.51,96.15,102.21
2025-11-27,66.51,109.72,79.79,95.62,88.67,96.35,102.31
2025-11-28,66.59,109.89,79.94,95.82,88.79,96.43,102.4
2025-11-29,66.58,109.88,79.91,95.77,88.75,96.36,102.32
2025-11-30,66.61,109.97,79.93,95.77,88.75,96.29,102.32
2025-12-01,66.65,110.04,79.88,95.76,88.76,96.32,102.24
2025-12-02,66.66,110.05,79.94,95.82,88.81,96.39,102.26
2025-12-03,66.57,109.94,79.84,95.71,88.76,96.31,102.16
2025-12-04,66.53,109.84,79.79,95.6,88.68,96.34,102.11
2025-12-05,66.5,109.64,79.76,95.46,88.77,96.41,102.06
2025-12-06,66.49,109.8,79.88,95.51,89.01,96.8,102.14
2025-12-07,66.53,109.82,79.86,95.49,89.15,97.07,102.15
2025-12-08,66.49,109.81,79.81,95.49,89.29,97.39,102.25
2025-12-09,66.51,109.78,79.55,95.26,89.23,97.51,102.14
2025-12-10,66.6,109.89,79.5,95.27,89.31,97.8,102.17
2025-12-11,66.64,109.88,79.29,95.13,89.25,97.87,102.11
2025-12-12,66.71,110.1,79.2,95.15,89.17,98.07,102.15
2025-12-13,66.83,110.04,79.06,95.11,89.08,98.05,102.13
2025-12-14,66.92,110.13,79.1,95.13,89.13,98.3,102.18
2025-12-15,67.0,110.16,79.08,95.05,88.99,98.28,102.12
2025-12-16,67.07,110.21,79.18,95.15,89.11,98.38,102.22
2025-12-17,67.08,110.93,79.33,95.3,89.95,98.47,102.55
2025-12-18,67.14,111.76,79.6,95.67,90.81,98.66,103.0
2025-12-19,67.18,112.4,79.75,95.87,91.47,98.83,103.32
2025-12-20,67.17,112.96,79.83,96.04,91.83,98.96,103.57
2025-12-21,67.08,113.31,79.76,96.1,91.92,98.69,103.65
2025-12-22,67.17,113.9,79.9,96.32,92.57,98.86,103.99
2025-12-23,67.22,114.46,79.92,96.58,93.26,98.98,104.28
2025-12-24,67.35,114.43,79.92,96.74,93.05,99.17,104.34
2025-12-25,67.37,114.3,79.86,96.84,92.9,99.29,104.28
2025-12-26,67.36,113.75,79.72,96.74,92.44,99.18,104.08
2025-12-27,67.33,113.23,79.61,96.62,92.17,99.12,103.89
2025-12-28,67.34,112.9,79.62,96.67,92.16,99.27,103.9
2025-12-29,67.28,112.44,79.47,96.6,91.71,99.15,103.67
2025-12-30,67.32,112.19,79.5,96.65,91.27,99.25,103.56
2025-12-31,67.3,111.81,79.44,96.56,90.95,99.2,103.38
2026-01-01,67.23,111.43,79.37,96.3,90.49,99.21,103.14
2026-01-02,67.2,111.53,79.31,96.17,90.47,99.28,103.03
2026-01-03,67.1,111.56,79.16,95.98,90.45,99.22,102.89
2026-01-04,67.02,111.55,78.87,95.67,90.35,99.26,102.69
2026-01-05,66.97,111.55,78.63,95.37,90.43,99.24,102.58
2026-01-06,66.93,111.53,78.38,95.03,90.43,99.27,102.45
2026-01-07,66.97,111.64,78.26,94.89,90.4,99.37,102.38
2026-01-08,67.08,111.86,78.18,94.91,90.41,99.35,102.36
2026-01-09,67.14,112.07,78.11,95.04,90.46,99.43,102.37
2026-01-10,67.3,112.29,78.19,95.27,90.55,99.58,102.47
2026-01-11,67.54,112.48,78.43,95.56,90.71,99.85,102.65
2026-01-12,67.65,112.51,78.58,95.71,90.75,99.95,102.69
2026-01-13,67.77,112.47,78.76,95.92,90.86,100.17,102.78
2026-01-14,67.82,112.4,79.0,96.05,91.07,100.39,102.84
2026-01-15,67.97,112.25,79.23,96.21,91.38,100.63,102.98
2026-01-16,68.19,112.2,79.58,96.31,91.55,100.8,103.12
2026-01-17,68.41,112.36,79.79,96.51,91.9,101.1,103.28
2026-01-18,68.52,112.54,79.97,96.7,92.16,101.22,103.4
2026-01-19,68.7,112.87,80.27,97.07,92.47,101.59,103.62
2026-01-20,68.74,113.12,80.43,97.23,92.65,101.69,103.71
2026-01-21,68.83,113.35,80.38,97.44,92.82,101.74,103.83
2026-01-22,68.85,113.62,80.34,97.65,92.99,101.99,103.92
2026-01-23,68.92,113.92,80.25,97.98,93.13,102.34,104.08
2026-01-24,68.95,114.02,80.12,98.14,93.1,102.63,104.12
2026-01-25,69.06,114.15,80.06,98.34,93.15,103.05,104.17
2026-01-26,69.12,114.16,79.9,98.35,93.08,103.22,104.11
2026-01-27,69.22,114.24,79.7,98.54,93.06,103.45,104.12
2026-01-28,69.29,114.25,79.52,98.57,92.94,103.43,104.04
2026-01-29,69.31,114.34,79.27,98.53,92.75,103.35,103.96
2026-01-30,69.32,114.35,79.02,98.36,92.59,103.16,103.8
2026-01-31,69.39,114.47,78.77,98.27,92.52,102.94,103.72
2026-02-01,69.43,114.6,78.43,98.11,92.42,102.6,103.63
2026-02-02,69.56,114.89,78.06,98.14,92.39,102.44,103.65
2026-02-03,69.67,115.08,77.77,98.03,92.31,102.29,103.61
2026-02-04,69.74,115.24,77.48,97.95,92.24,102.37,103.57
2026-02-05,69.73,115.28,77.16,97.84,92.18,102.17,103.47
2026-02-06,69.91,115.57,77.1,97.98,92.36,102.44,103.64
2026-02-07,69.88,115.78,77.05,98.06,92.3,102.64,103.71
2026-02-08,69.91,115.9,77.02,98.16,92.28,102.97,103.79
2026-02-09,69.88,115.95,77.04,98.2,92.28,103.25,103.86
2026-02-10,69.91,116.13,77.01,98.29,92.32,103.51,104.01
2026-02-11,69.9,116.24,76.91,98.41,92.41,103.65,104.14
2026-02-12,70.2,116.43,76.96,98.81,92.64,104.07,104.45
2026-02-13,70.27,116.36,76.76,98.98,92.73,104.19,104.54
2026-02-14,70.32,116.4,76.59,99.2,92.89,104.28,104.69
2026-02-15,70.39,116.48,76.54,99.46,93.1,104.42,104.9
2026-02-16,70.45,116.54,76.47,99.7,93.28,104.41,105.09
2026-02-17,70.43,116.36,76.39,99.78,93.33,104.25,105.11
2026-02-18,70.54,116.47,76.45,99.96,93.47,104.34,105.21
2026-02-19,70.47,116.67,76.34,99.86,93.39,104.31,105.2
2026-02-20,70.51,117.01,76.38,99.94,93.36,104.45,105.27
2026-02-21,70.68,117.2,76.4,99.98,93.37,104.54,105.32
2026-02-22,70.8,117.43,76.36,99.95,93.21,104.51,105.31
2026-02-23,70.85,117.52,76.24,99.74,92.95,104.28,105.16
2026-02-24,70.88,117.9,76.22,99.75,92.88,104.24,105.2
2026-02-25,70.91,118.11,76.13,99.64,92.79,104.13,105.25
2026-02-26,70.99,118.31,76.16,99.67,92.84,104.09,105.4
2026-02-27,70.97,118.39,76.13,99.52,92.76,103.77,105.45
2026-02-28,70.86,118.47,76.03,99.32,92.66,103.48,105.45
2026-03-01,70.71,118.58,75.9,99.24,92.63,103.1,105.39
2026-03-02,70.7,118.83,75.93,99.42,92.72,103.2,105.48
2026-03-03,70.63,118.74,75.7,99.28,92.55,103.16,105.36
2026-03-04,70.62,118.85,75.62,99.44,92.42,103.24,105.41
2026-03-05,70.56,118.76,75.49,99.54,92.26,103.31,105.38
2026-03-06,70.57,118.67,75.25,99.68,92.19,103.39,105.3
2026-03-07,70.67,118.65,75.12,99.74,92.08,103.3,105.18
2026-03-08,70.79,118.52,74.97,99.77,91.99,103.24,105.09
2026-03-09,71.03,118.36,74.85,99.64,91.82,103.26,104.99
2026-03-10,71.38,118.38,75.02,99.87,91.81,103.38,105.11
2026-03-11,71.48,118.2,74.86,99.54,91.55,103.13,104.94
2026-03-12,71.47,118.16,74.69,99.18,91.33,102.75,104.61
2026-03-13,71.43,118.24,74.69,98.94,91.23,102.46,104.43
2026-03-14,71.45,118.35,74.67,98.76,91.11,102.39,104.3
2026-03-15,71.4,118.3,74.63,98.46,90.88,102.2,104.08
2026-03-16,71.34,118.56,74.71,98.49,90.89,102.14,104.06
2026-03-17,70.95,118.46,74.53,98.02,90.61,101.6,103.56
2026-03-18,70.94,118.53,74.69,97.96,90.65,101.5,103.36
2026-03-19,71.16,118.45,74.8,97.94,90.72,101.49,103.27
2026-03-20,71.44,118.24,74.92,97.9,90.63,101.55,103.18
2026-03-21,71.67,118.08,74.9,97.75,90.5,101.56,102.99
2026-03-22,71.96,118.08,74.91,97.63,90.61,101.68,102.92
2026-03-23,72.15,117.9,74.86,97.37,90.56,101.6,102.72
2026-03-24,72.42,117.65,74.68,97.22,90.47,101.63,102.64
2026-03-25,72.69,117.48,74.55,97.09,90.29,101.73,102.54
2026-03-26,72.84,117.41,74.57,96.98,89.98,101.88,102.5
2026-03-27,72.76,116.63,74.35,96.63,89.73,101.69,102.28
2026-03-28,72.76,114.77,74.29,96.01,89.68,101.62,102.22
2026-03-29,72.75,112.89,74.24,95.46,89.49,101.71,102.11
2026-03-30,72.8,111.13,74.24,94.97,89.45,101.86,102.1
2026-03-31,72.88,109.7,74.38,94.65,89.62,101.97,102.24
2026-04-01,72.77,107.65,74.33,94.2,89.7,101.84,102.24
2026-04-02,72.54,105.46,74.08,93.57,89.73,101.69,102.11
2026-04-03,72.5,104.12,74.14,93.33,89.87,101.9,102.24
2026-04-04,72.34,103.74,74.1,93.38,89.89,101.81,102.29
2026-04-05,72.19,103.36,74.05,93.41,89.94,101.51,102.4
2026-04-06,71.97,103.2,73.89,93.36,89.86,101.14,102.42
2026-04-07,71.92,103.12,73.86,93.28,89.85,101.04,102.52
2026-04-08,71.87,103.38,73.77,93.11,89.82,101.05,102.53
2026-04-09,71.98,103.75,73.88,93.21,90.14,101.09,102.94
2026-04-10,72.2,104.07,73.93,92.94,90.07,101.19,102.96
2026-04-11,72.41,102.84,73.99,92.79,90.11,101.54,102.99
2026-04-12,72.63,101.69,74.11,92.65,90.1,101.98,103.04
2026-04-13,72.71,100.1,74.15,92.33,89.92,102.22,102.91
2026-04-14,72.83,98.44,74.16,92.14,90.02,102.5,102.9
2026-04-15,73.08,96.87,74.3,92.23,90.15,102.75,102.97
2026-04-16,73.21,95.36,74.31,92.23,90.0,102.84,102.81
2026-04-17,73.14,93.8,74.3,92.39,90.07,102.67,102.74
2026-04-18,73.19,93.88,74.26,92.56,90.1,102.58,102.72
2026-04-19,73.21,94.0,74.18,92.78,90.16,102.52,102.7
2026-04-20,73.38,94.14,74.14,93.1,90.37,102.69,102.75
2026-04-21,73.67,94.51,74.23,93.65,90.44,102.93,102.84
2026-04-22,73.99,94.93,74.47,93.98,90.58,103.25,102.97
2026-04-23,73.94,94.96,74.43,94.26,90.73,103.46,102.88
2026-04-24,73.73,94.8,74.29,94.52,90.81,103.61,102.92
2026-04-25,73.38,94.63,74.16,94.6,90.66,103.48,102.8
2026-04-26,73.21,94.46,74.06,94.64,90.59,103.52,102.71
2026-04-27,73.07,94.33,74.03,94.69,90.55,103.54,102.73
2026-04-28,72.78,94.03,73.83,94.44,90.43,103.35,102.54
2026-04-29,72.41,93.75,73.64,94.36,90.29,103.18,102.38
2026-04-30,72.6,93.84,73.95,94.33,90.27,103.19,102.4
2026-05-01,72.96,94.36,74.25,94.26,90.3,103.36,102.5
2026-05-02,73.34,94.87,74.55,94.26,90.46,103.37,102.58
2026-05-03,73.61,95.29,74.82,94.27,90.56,103.35,102.63
2026-05-04,73.87,95.81,75.06,94.31,90.6,103.48,102.63
2026-05-05,74.24,96.28,75.52,94.51,90.55,103.92,102.76
2026-05-06,74.43,96.62,75.69,94.53,90.43,103.96,102.73
2026-05-07,74.6,96.93,75.74,94.52,89.99,103.9,102.64
2026-05-08,74.66,96.86,75.9,94.46,89.55,103.82,102.41
2026-05-09,74.85,96.88,76.06,94.53,89.18,104.15,102.34
2026-05-10,74.77,96.9,76.21,94.5,88.62,104.24,102.18
2026-05-11,74.94,96.93,76.48,94.59,88.29,104.31,102.14
2026-05-12,74.8,97.0,76.37,94.57,88.11,104.08,101.98
2026-05-13,74.63,96.91,76.42,94.51,87.73,104.02,101.81
2026-05-14,74.31,96.73,76.28,94.41,87.6,104.01,101.67
2026-05-15,74.06,96.73,76.23,94.4,87.52,103.99,101.6
2026-05-16,73.75,96.71,76.09,94.42,87.46,103.78,101.55
2026-05-17,73.76,96.71,76.12,94.6,87.59,103.8,101.68
2026-05-18,73.6,96.66,76.06,94.61,87.51,103.72,101.65
2026-05-19,73.87,96.81,76.3,94.83,87.81,103.82,101.85
2026-05-20,74.11,96.88,76.57,95.01,88.24,103.78,102.04
2026-05-21,74.24,96.7,76.71,94.94,88.47,103.41,102.02
2026-05-22,74.44,96.34,76.59,94.89,88.71,102.99,102.1
2026-05-23,74.59,96.14,76.63,94.86,89.03,102.76,102.21
2026-05-24,74.71,95.87,76.57,94.75,89.27,102.43,102.22
2026-05-25,74.7,95.53,76.53,94.7,89.47,101.98,102.21
2026-05-26,74.29,94.63,76.06,93.97,88.99,101.0,101.75
2026-05-27,73.95,93.96,75.41,93.42,88.53,100.22,101.32
2026-05-28,73.85,93.57,75.04,93.24,88.26,99.99,101.15
2026-05-29,73.65,93.33,74.89,93.02,88.01,99.67,100.83
2026-05-30,73.64,93.0,74.84,92.92,87.77,99.51,100.6
2026-05-31,73.54,92.77,74.74,92.88,87.58,99.39,100.4
2026-06-01,73.43,92.42,74.33,92.58,87.31,99.0,100.07
2026-06-02,73.34,92.19,74.13,92.69,87.23,98.93,99.98
2026-06-03,73.48,92.12,74.12,92.88,87.29,99.03,100.07
2026-06-04,73.47,92.08,74.0,92.99,87.25,99.05,100.11
2026-06-05,73.51,92.07,73.97,93.1,87.16,99.2,100.19
2026-06-06,73.5,92.11,73.97,93.16,87.28,99.35,100.29
2026-06-07,73.47,92.04,73.93,93.16,87.4,99.37,100.36
2026-06-08,73.4,91.87,74.04,93.14,87.4,99.16,100.38
2026-06-09,73.39,91.92,74.17,93.21,87.44,99.34,100.44
2026-06-10,73.2,91.88,74.23,93.25,87.53,99.41,100.43
2026-06-11,73.02,91.82,74.32,93.27,87.69,99.38,100.42
2026-06-12,72.89,91.69,74.35,93.32,87.84,99.35,100.44
2026-06-13,72.71,91.55,74.18,93.39,87.78,99.33,100.41
2026-06-14,72.54,91.4,74.06,93.49,87.72,99.49,100.42
2026-06-15,72.5,91.48,74.11,93.69,87.81,99.97,100.54
2026-06-16,72.32,91.41,73.98,93.73,87.79,100.06,100.55
2026-06-17,72.33,91.42,73.89,93.76,87.7,100.16,100.61
2026-06-18,72.48,91.53,73.89,93.96,87.71,100.49,100.84
2026-06-19,72.68,91.81,73.89,94.28,87.86,101.05,101.14
2026-06-20,72.87,92.03,73.92,94.43,87.9,101.42,101.34
2026-06-21,73.1,92.34,74.0,94.56,87.95,101.78,101.55
2026-06-22,73.25,92.49,74.03,94.65,88.04,102.1,101.72
2026-06-23,73.47,92.58,74.06,94.63,87.92,102.35,101.77
2026-06-24,73.58,92.68,74.01,94.57,87.86,102.75,101.76
2026-06-25,73.61,92.67,74.03,94.36,87.87,102.9,101.62
2026-06-26,73.52,92.53,74.06,94.01,87.74,102.62,101.39
2026-06-27,73.54,92.47,74.11,93.83,87.76,102.69,101.26
2026-06-28,73.51,92.34,74.11,93.73,87.74,102.7,101.07
2026-06-29,73.39,92.02,73.88,93.55,87.66,102.62,100.92
2026-06-30,73.46,91.83,73.88,93.58,87.86,102.79,100.96
2026-07-01,73.49,91.64,73.92,93.51,87.99,102.77,100.96
2026-07-02,73.57,91.92,73.85,93.45,87.97,102.95,100.92
2026-07-03,73.81,92.45,73.95,93.75,88.11,103.58,101.09
2026-07-04,73.87,92.77,73.96,93.77,88.12,103.9,101.06
2026-07-05,74.01,93.13,73.97,93.82,88.13,104.21,101.11
2026-07-06,74.13,93.77,74.15,93.92,88.2,104.58,101.08
2026-07-07,74.16,94.46,74.33,94.07,88.19,104.85,101.11
2026-07-08,74.38,95.08,74.43,94.33,88.17,105.11,101.18
2026-07-09,74.48,95.15,74.46,94.61,88.17,105.05,101.28
2026-07-10,74.55,95.05,74.28,94.55,88.06,105.0,101.17
2026-07-11,74.8,95.14,74.29,94.74,88.07,105.13,101.29
2026-07-12,74.99,95.21,74.28,94.85,88.04,105.17,101.34
2026-07-13,75.24,95.16,74.21,94.79,87.96,105.26,101.37
2026-07-14,75.48,95.08,74.23,94.9,87.98,105.44,101.44
2026-07-15,75.56,94.76,74.28,94.98,87.96,105.53,101.45
2026-07-16,75.66,94.48,74.35,95.02,88.08,105.8,101.51
2026-07-17,75.61,93.66,74.63,95.09,88.19,105.79,101.54
2026-07-18,75.52,92.81,74.65,95.13,88.28,105.68,101.54
2026-07-19,75.42,91.93,74.69,95.19,88.43,105.83,101.58
2026-07-20,75.42,91.15,75.11,95.49,88.61,106.05,101.71
2026-07-21,75.33,90.35,75.16,95.51,88.75,106.07,101.8
2026-07-22,75.36,89.72,75.31,95.57,88.87,106.37,101.91
2026-07-23,75.38,89.23,75.43,95.66,88.81,106.46,102.0
2026-07-24,75.5,89.27,75.43,95.69,88.77,106.68,102.09
2026-07-25,75.57,89.33,75.55,95.75,88.8,106.89,102.19
2026-07-26,75.66,89.43,75.74,95.79,88.82,106.85,102.3
2026-07-27,75.76,89.49,75.55,95.74,88.76,106.69,102.32
2026-07-28,75.92,89.66,75.62,95.75,88.71,106.63,102.32
2026-07-29,75.95,89.82,75.63,95.75,88.77,106.4,102.34
2026-07-30,75.74,89.65,75.61,95.63,88.78,106.08,102.25
2026-07-31,75.46,89.17,75.47,95.44,88.74,105.61,102.1
2026-08-01,75.17,88.66,75.49,95.22,88.59,105.17,101.98
2026-08-02,74.87,88.13,75.41,95.02,88.43,104.72,101.84
2026-08-03,74.45,87.37,75.24,94.88,88.32,104.34,101.74
2026-08-04,74.06,86.73,75.15,94.76,88.21,104.11,101.72
2026-08-05,73.75,86.11,75.11,94.63,88.06,103.85,101.65
2026-08-06,73.68,85.64,75.16,94.55,87.96,103.85,101.66
2026-08-07,73.66,85.49,75.3,94.58,87.78,103.53,101.69
2026-08-08,73.7,85.34,75.33,94.69,87.65,103.54,101.71
2026-08-09,73.75,85.18,75.46,94.79,87.59,103.62,101.75
2026-08-10,73.85,85.27,75.79,94.9,87.49,103.47,101.78
2026-08-11,73.94,86.53,76.05,94.99,87.41,103.33,101.77
2026-08-12,74.1,87.8,76.29,94.98,87.35,103.3,101.74
2026-08-13,74.25,89.18,76.57,95.07,87.33,103.07,101.76
2026-08-14,74.37,90.56,76.78,95.15,87.4,103.13,101.78
2026-08-15,74.42,92.18,77.02,95.16,87.45,103.07,101.81
2026-08-16,74.47,93.83,77.19,95.2,87.45,103.02,101.82
2026-08-17,74.48,95.41,77.23,95.17,87.47,103.07,101.79
2026-08-18,74.56,95.87,77.35,95.12,87.44,103.13,101.73
2026-08-19,74.5,96.39,77.46,95.23,87.45,103.07,101.77
2026-08-20,74.5,96.88,77.49,95.31,87.58,103.17,101.81
2026-08-21,74.58,97.33,77.49,95.38,87.75,103.19,101.9
2026-08-22,74.66,97.53,77.46,95.44,87.81,102.99,101.97
2026-08-23,74.8,97.67,77.5,95.5,87.91,102.64,102.06
2026-08-24,74.83,97.83,77.51,95.54,88.0,102.56,102.17
2026-08-25,74.83,97.78,77.45,95.6,88.15,102.21,102.27
2026-08-26,74.8,97.58,77.25,95.43,88.19,101.45,102.24
2026-08-27,74.74,97.09,77.03,95.25,88.14,100.81,102.22
2026-08-28,74.62,96.71,76.8,95.05,88.03,100.21,102.13
2026-08-29,74.65,96.37,76.67,94.92,88.08,99.9,102.1
2026-08-30,74.63,96.04,76.47,94.74,87.94,99.51,102.04
2026-08-31,74.76,95.7,76.26,94.63,87.95,99.0,101.94
2026-09-01,74.87,95.45,76.08,94.59,87.93,98.8,101.92
2026-09-02,75.2,96.19,76.14,94.77,87.94,99.66,102.04
2026-09-03,75.6,97.08,76.29,95.03,87.81,100.33,102.16
2026-09-04,76.13,98.31,76.55,95.41,87.93,101.54,102.41
2026-09-05,76.4,99.39,76.75,95.71,87.95,102.37,102.59
2026-09-06,76.62,100.47,76.89,96.05,88.06,103.36,102.75
2026-09-07,76.94,101.8,77.23,96.66,88.22,104.52,103.18
2026-09-08,77.08,102.79,77.28,96.72,88.13,105.11,103.25
2026-09-09,76.93,102.82,77.03,96.58,88.01,104.96,103.18
2026-09-10,76.82,103.08,76.69,96.54,88.06,105.27,103.17
2026-09-11,76.63,102.95,76.4,96.42,88.02,104.98,103.15
2026-09-12,76.6,102.89,76.23,96.33,88.03,104.73,103.16
2026-09-13,76.57,102.86,76.07,96.23,88.02,104.46,103.18
2026-09-14,76.4,102.6,75.66,95.78,87.79,104.09,102.93
2026-09-15,76.51,102.77,75.6,95.84,87.84,104.47,103.03
2026-09-16,76.76,102.95,75.64,96.02,87.9,104.96,103.22
2026-09-17,77.03,103.07,75.75,96.06,87.94,105.18,103.35
2026-09-18,77.33,103.32,75.9,96.16,87.93,105.54,103.45
2026-09-19,77.64,103.74,75.99,96.26,87.9,106.06,103.57
2026-09-20,77.92,104.14,76.06,96.37,87.96,106.65,103.71
2026-09-21,78.15,104.51,76.19,96.43,87.95,106.98,103.85
2026-09-22,78.18,104.73,76.33,96.45,87.92,107.06,103.87
2026-09-23,78.24,104.89,76.46,96.41,87.94,107.13,103.89
2026-09-24,78.21,104.94,76.48,96.31,87.92,107.08,103.85
2026-09-25,78.09,104.87,76.37,96.19,87.89,106.97,103.8
