scene_id,overpass_group,datetime_utc,platform,source_product,collection,processing_baseline,station,station_name,lon,lat,inside_lake,shore_distance_m,before_current_commissioned_date,probe_quality,tile_cloud_percent,sun_elevation,view_angle,reflectance_type,publication_eligible,probe_ntu_shift_-60min,probe_ntu_shift_+60min,phycocyanin_rfu,scl_core_water_pixels,scl_cloud_shadow_snow_within_120m,scl_land_within_120m,footprint_shore_distance_m,footprint_inside_lake,exclusion_reasons,exploratory_eligible,blue_median,blue_sd,blue_n,blue_raw_min,blue_nonpositive_pixels,blue_gte_one_pixels,blue_cv,green_median,green_sd,green_n,green_raw_min,green_nonpositive_pixels,green_gte_one_pixels,green_cv,red_median,red_sd,red_n,red_raw_min,red_nonpositive_pixels,red_gte_one_pixels,red_cv,rededge1_median,rededge1_sd,rededge1_n,rededge1_raw_min,rededge1_nonpositive_pixels,rededge1_gte_one_pixels,rededge1_cv,rededge2_median,rededge2_sd,rededge2_n,rededge2_raw_min,rededge2_nonpositive_pixels,rededge2_gte_one_pixels,rededge2_cv,rededge3_median,rededge3_sd,rededge3_n,rededge3_raw_min,rededge3_nonpositive_pixels,rededge3_gte_one_pixels,rededge3_cv,nir_median,nir_sd,nir_n,nir_raw_min,nir_nonpositive_pixels,nir_gte_one_pixels,nir_cv,nir08_median,nir08_sd,nir08_n,nir08_raw_min,nir08_nonpositive_pixels,nir08_gte_one_pixels,nir08_cv,swir16_median,swir16_sd,swir16_n,swir16_raw_min,swir16_nonpositive_pixels,swir16_gte_one_pixels,swir16_cv,swir22_median,swir22_sd,swir22_n,swir22_raw_min,swir22_nonpositive_pixels,swir22_gte_one_pixels,swir22_cv,probe_value,probe_missing,probe_conflicting,probe_objectids,probe_timestamp,probe_delta_minutes,probe_bracketed_30min,probe_local_2h_n,probe_local_2h_missing_n,probe_local_2h_min,probe_local_2h_max,probe_local_2h_median,probe_duplicates
S2A_T29UPA_20250106T113448_L2A,2025-01-06,2025-01-06T11:36:12.929000Z,sentinel-2a,S2A_MSIL2A_20250106T113451_N0511_R080_T29UPA_20250106T154249.SAFE,sentinel-2-c1-l2a,05.11,L1278,Rea's Wood,-6.241996568375846,54.712602169290584,True,270.8840794505137,True,provisional_filtered_view_no_row_flags,77.974796,12.097901767055802,9.309480920678919,Sen2Cor_BOA_not_aquatic_Rw,False,,0.0,,0,True,False,219.1519161730116,True,no_probe_within_15min;scl_cloud_shadow_snow_nearby;scl_core_not_all_water;spectra_not_sampled_after_scl_rejection,False,,,,,,,,,,,,,,,,,,,,,,,,,,,,,,,,,,,,,,,,,,,,,,,,,,,,,,,,,,,,,,,,,,,,,,,,,,,,,,,,,,,
S2A_T29UPA_20250106T113448_L2A,2025-01-06,2025-01-06T11:36:12.929000Z,sentinel-2a,S2A_MSIL2A_20250106T113451_N0511_R080_T29UPA_20250106T154249.SAFE,sentinel-2-c1-l2a,05.11,L1279,Washing Bay,-6.569769770482481,54.523188284062314,True,396.0713035201496,True,provisional_filtered_view_no_row_flags,77.974796,12.097901767055802,9.309480920678919,Sen2Cor_BOA_not_aquatic_Rw,False,,,,9,False,False,352.9038840688248,True,heterogeneous_red_cv_above_0.2;no_probe_within_15min,False,0.046450000000000005,0.01148160733951329,36,1321,0,0,0.2361795692945994,0.03745,0.008599818312034272,36,1178,0,0,0.24600195409871572,0.029200000000000004,0.006470979852148635,36,1164,0,0,0.22512106172917554,0.032799999999999996,0.005536835125762417,9,1201,0,0,0.1758345664497592,0.03190000000000001,0.006347372354169017,9,1204,0,0,0.19870035195659533,0.0305,0.0061830313393358965,9,1189,0,0,0.20279621739804327,0.02985,0.006736584175828629,36,1199,0,0,0.22182111984801117,0.031,0.005603790604207337,9,1225,0,0,0.1782124220419294,0.012700000000000003,0.0025681813712344326,9,1085,0,0,0.2038239183519391,0.0121,0.0021722719516899256,9,1099,0,0,0.1711948123048102,,,,,,,,,,,,,
S2A_T29UPA_20250106T113448_L2A,2025-01-06,2025-01-06T11:36:12.929000Z,sentinel-2a,S2A_MSIL2A_20250106T113451_N0511_R080_T29UPA_20250106T154249.SAFE,sentinel-2-c1-l2a,05.11,L1284,Toome,-6.466696920835618,54.75354853784675,False,338.87523315847875,True,provisional_filtered_view_no_row_flags,77.974796,12.097901767055802,9.309480920678919,Sen2Cor_BOA_not_aquatic_Rw,False,,,,0,True,False,298.5451035583995,False,footprint_shore_buffer_100m;no_probe_within_15min;outside_lake_polygon;scl_cloud_shadow_snow_nearby;scl_core_not_all_water;spectra_not_sampled_after_scl_rejection,False,,,,,,,,,,,,,,,,,,,,,,,,,,,,,,,,,,,,,,,,,,,,,,,,,,,,,,,,,,,,,,,,,,,,,,,,,,,,,,,,,,,
S2A_T29UPA_20250109T114443_L2A,2025-01-09,2025-01-09T11:46:09.360000Z,sentinel-2a,S2A_MSIL2A_20250109T114441_N0511_R123_T29UPA_20250109T145751.SAFE,sentinel-2-c1-l2a,05.11,L1278,Rea's Wood,-6.241996568375846,54.712602169290584,True,270.8840794505137,True,provisional_filtered_view_no_row_flags,19.933745,12.767473195355606,2.960443498441509,Sen2Cor_BOA_not_aquatic_Rw,False,0.0,0.0,0.0,0,True,False,219.1519161730116,True,scl_cloud_shadow_snow_nearby;scl_core_not_all_water;spectra_not_sampled_after_scl_rejection;zero_or_negative_probe_requires_review,False,,,,,,,,,,,,,,,,,,,,,,,,,,,,,,,,,,,,,,,,,,,,,,,,,,,,,,,,,,,,,,,,,,,,,,,0.0,False,False,137419,2025-01-09T12:00:00Z,13.844000001748404,True,4,0,0.0,0.0,0.0,1
S2A_T29UPA_20250109T114443_L2A,2025-01-09,2025-01-09T11:46:09.360000Z,sentinel-2a,S2A_MSIL2A_20250109T114441_N0511_R123_T29UPA_20250109T145751.SAFE,sentinel-2-c1-l2a,05.11,L1279,Washing Bay,-6.569769770482481,54.523188284062314,True,396.0713035201496,True,provisional_filtered_view_no_row_flags,19.933745,12.767473195355606,2.960443498441509,Sen2Cor_BOA_not_aquatic_Rw,False,,,,9,False,False,352.9038840688248,True,no_probe_within_15min,False,0.041749999999999995,0.0026277528187680053,36,1344,0,0,0.06322201528814289,0.032200000000000006,0.0024046428214529966,36,1281,0,0,0.07494341751563316,0.022649999999999997,0.002121945880786703,36,1178,0,0,0.09393759432897358,0.019000000000000003,0.0009742360096348017,9,1182,0,0,0.05007495195153179,0.0126,0.00032356043952357804,9,1120,0,0,0.02577030049302834,0.0116,0.0013081888337282803,9,1099,0,0,0.11044746250989232,0.013200000000000003,0.0013806952757377138,36,1098,0,0,0.10878754634834253,0.010099999999999998,0.0012055427546683423,9,1081,0,0,0.11896803500016537,0.0034000000000000002,0.0009380831519646884,9,1013,0,0,0.339066199505309,0.0016999999999999932,0.0013698697784375507,9,998,1,0,0.7657657146545326,,,,,,,,,,,,,
S2A_T29UPA_20250109T114443_L2A,2025-01-09,2025-01-09T11:46:09.360000Z,sentinel-2a,S2A_MSIL2A_20250109T114441_N0511_R123_T29UPA_20250109T145751.SAFE,sentinel-2-c1-l2a,05.11,L1284,Toome,-6.466696920835618,54.75354853784675,False,338.87523315847875,True,provisional_filtered_view_no_row_flags,19.933745,12.767473195355606,2.960443498441509,Sen2Cor_BOA_not_aquatic_Rw,False,,,,5,False,True,298.5451035583995,False,footprint_shore_buffer_100m;no_probe_within_15min;outside_lake_polygon;scl_core_not_all_water;spectra_not_sampled_after_scl_rejection,False,,,,,,,,,,,,,,,,,,,,,,,,,,,,,,,,,,,,,,,,,,,,,,,,,,,,,,,,,,,,,,,,,,,,,,,,,,,,,,,,,,,
S2B_T29UPA_20250111T113537_L2A,2025-01-11,2025-01-11T11:36:15.428000Z,sentinel-2b,S2B_MSIL2A_20250111T113339_N0511_R080_T29UPA_20250111T135523.SAFE,sentinel-2-c1-l2a,05.11,L1278,Rea's Wood,-6.241996568375846,54.712602169290584,True,270.8840794505137,True,provisional_filtered_view_no_row_flags,99.846643,12.7318505840297,9.313030876013828,Sen2Cor_BOA_not_aquatic_Rw,False,0.0,0.0,0.0,2,True,False,219.1519161730116,True,scl_cloud_shadow_snow_nearby;scl_core_not_all_water;spectra_not_sampled_after_scl_rejection;zero_or_negative_probe_requires_review,False,,,,,,,,,,,,,,,,,,,,,,,,,,,,,,,,,,,,,,,,,,,,,,,,,,,,,,,,,,,,,,,,,,,,,,,0.0,False,False,137455,2025-01-11T11:30:00Z,-6.257133332888285,True,4,0,0.0,0.0,0.0,1
S2B_T29UPA_20250111T113537_L2A,2025-01-11,2025-01-11T11:36:15.428000Z,sentinel-2b,S2B_MSIL2A_20250111T113339_N0511_R080_T29UPA_20250111T135523.SAFE,sentinel-2-c1-l2a,05.11,L1279,Washing Bay,-6.569769770482481,54.523188284062314,True,396.0713035201496,True,provisional_filtered_view_no_row_flags,99.846643,12.7318505840297,9.313030876013828,Sen2Cor_BOA_not_aquatic_Rw,False,,,,0,True,False,352.9038840688248,True,no_probe_within_15min;scl_cloud_shadow_snow_nearby;scl_core_not_all_water;spectra_not_sampled_after_scl_rejection,False,,,,,,,,,,,,,,,,,,,,,,,,,,,,,,,,,,,,,,,,,,,,,,,,,,,,,,,,,,,,,,,,,,,,,,,,,,,,,,,,,,,
S2B_T29UPA_20250111T113537_L2A,2025-01-11,2025-01-11T11:36:15.428000Z,sentinel-2b,S2B_MSIL2A_20250111T113339_N0511_R080_T29UPA_20250111T135523.SAFE,sentinel-2-c1-l2a,05.11,L1284,Toome,-6.466696920835618,54.75354853784675,False,338.87523315847875,True,provisional_filtered_view_no_row_flags,99.846643,12.7318505840297,9.313030876013828,Sen2Cor_BOA_not_aquatic_Rw,False,,,,0,True,False,298.5451035583995,False,footprint_shore_buffer_100m;no_probe_within_15min;outside_lake_polygon;scl_cloud_shadow_snow_nearby;scl_core_not_all_water;spectra_not_sampled_after_scl_rejection,False,,,,,,,,,,,,,,,,,,,,,,,,,,,,,,,,,,,,,,,,,,,,,,,,,,,,,,,,,,,,,,,,,,,,,,,,,,,,,,,,,,,
S2B_T29UPA_20250114T114346_L2A,2025-01-14,2025-01-14T11:46:12.437000Z,sentinel-2b,S2B_MSIL2A_20250114T114349_N0511_R123_T29UPA_20250114T152908.SAFE,sentinel-2-c1-l2a,05.11,L1278,Rea's Wood,-6.241996568375846,54.712602169290584,True,270.8840794505137,True,provisional_filtered_view_no_row_flags,80.219805,13.523654125683507,2.9775312402009715,Sen2Cor_BOA_not_aquatic_Rw,False,0.0,0.0,0.0,0,True,False,219.1519161730116,True,scl_cloud_shadow_snow_nearby;scl_core_not_all_water;spectra_not_sampled_after_scl_rejection;zero_or_negative_probe_requires_review,False,,,,,,,,,,,,,,,,,,,,,,,,,,,,,,,,,,,,,,,,,,,,,,,,,,,,,,,,,,,,,,,,,,,,,,,0.0,False,False,134588,2025-01-14T12:00:00Z,13.792716666062672,True,4,0,0.0,0.0,0.0,1
S2B_T29UPA_20250114T114346_L2A,2025-01-14,2025-01-14T11:46:12.437000Z,sentinel-2b,S2B_MSIL2A_20250114T114349_N0511_R123_T29UPA_20250114T152908.SAFE,sentinel-2-c1-l2a,05.11,L1279,Washing Bay,-6.569769770482481,54.523188284062314,True,396.0713035201496,True,provisional_filtered_view_no_row_flags,80.219805,13.523654125683507,2.9775312402009715,Sen2Cor_BOA_not_aquatic_Rw,False,,,,0,True,False,352.9038840688248,True,no_probe_within_15min;scl_cloud_shadow_snow_nearby;scl_core_not_all_water;spectra_not_sampled_after_scl_rejection,False,,,,,,,,,,,,,,,,,,,,,,,,,,,,,,,,,,,,,,,,,,,,,,,,,,,,,,,,,,,,,,,,,,,,,,,,,,,,,,,,,,,
S2B_T29UPA_20250114T114346_L2A,2025-01-14,2025-01-14T11:46:12.437000Z,sentinel-2b,S2B_MSIL2A_20250114T114349_N0511_R123_T29UPA_20250114T152908.SAFE,sentinel-2-c1-l2a,05.11,L1284,Toome,-6.466696920835618,54.75354853784675,False,338.87523315847875,True,provisional_filtered_view_no_row_flags,80.219805,13.523654125683507,2.9775312402009715,Sen2Cor_BOA_not_aquatic_Rw,False,,,,5,True,False,298.5451035583995,False,footprint_shore_buffer_100m;no_probe_within_15min;outside_lake_polygon;scl_cloud_shadow_snow_nearby;scl_core_not_all_water;spectra_not_sampled_after_scl_rejection,False,,,,,,,,,,,,,,,,,,,,,,,,,,,,,,,,,,,,,,,,,,,,,,,,,,,,,,,,,,,,,,,,,,,,,,,,,,,,,,,,,,,
S2A_T29UPA_20250116T113445_L2A,2025-01-16,2025-01-16T11:36:14.085000Z,sentinel-2a,S2A_MSIL2A_20250116T113421_N0511_R080_T29UPA_20250116T152651.SAFE,sentinel-2-c1-l2a,05.11,L1278,Rea's Wood,-6.241996568375846,54.712602169290584,True,270.8840794505137,True,provisional_filtered_view_no_row_flags,76.424676,13.542012478566704,9.305500300550891,Sen2Cor_BOA_not_aquatic_Rw,False,0.0,0.0,0.0,0,True,False,219.1519161730116,True,scl_cloud_shadow_snow_nearby;scl_core_not_all_water;spectra_not_sampled_after_scl_rejection;zero_or_negative_probe_requires_review,False,,,,,,,,,,,,,,,,,,,,,,,,,,,,,,,,,,,,,,,,,,,,,,,,,,,,,,,,,,,,,,,,,,,,,,,0.0,False,False,134854,2025-01-16T11:30:00Z,-6.234750000635783,True,4,0,0.0,0.0,0.0,1
S2A_T29UPA_20250116T113445_L2A,2025-01-16,2025-01-16T11:36:14.085000Z,sentinel-2a,S2A_MSIL2A_20250116T113421_N0511_R080_T29UPA_20250116T152651.SAFE,sentinel-2-c1-l2a,05.11,L1279,Washing Bay,-6.569769770482481,54.523188284062314,True,396.0713035201496,True,provisional_filtered_view_no_row_flags,76.424676,13.542012478566704,9.305500300550891,Sen2Cor_BOA_not_aquatic_Rw,False,,,,0,True,False,352.9038840688248,True,no_probe_within_15min;scl_cloud_shadow_snow_nearby;scl_core_not_all_water;spectra_not_sampled_after_scl_rejection,False,,,,,,,,,,,,,,,,,,,,,,,,,,,,,,,,,,,,,,,,,,,,,,,,,,,,,,,,,,,,,,,,,,,,,,,,,,,,,,,,,,,
S2A_T29UPA_20250116T113445_L2A,2025-01-16,2025-01-16T11:36:14.085000Z,sentinel-2a,S2A_MSIL2A_20250116T113421_N0511_R080_T29UPA_20250116T152651.SAFE,sentinel-2-c1-l2a,05.11,L1284,Toome,-6.466696920835618,54.75354853784675,False,338.87523315847875,True,provisional_filtered_view_no_row_flags,76.424676,13.542012478566704,9.305500300550891,Sen2Cor_BOA_not_aquatic_Rw,False,,,,0,True,False,298.5451035583995,False,footprint_shore_buffer_100m;no_probe_within_15min;outside_lake_polygon;scl_cloud_shadow_snow_nearby;scl_core_not_all_water;spectra_not_sampled_after_scl_rejection,False,,,,,,,,,,,,,,,,,,,,,,,,,,,,,,,,,,,,,,,,,,,,,,,,,,,,,,,,,,,,,,,,,,,,,,,,,,,,,,,,,,,
S2A_T29UPA_20250119T114445_L2A,2025-01-19,2025-01-19T11:46:12.306000Z,sentinel-2a,S2A_MSIL2A_20250119T114411_N0511_R123_T29UPA_20250119T145457.SAFE,sentinel-2-c1-l2a,05.11,L1278,Rea's Wood,-6.241996568375846,54.712602169290584,True,270.8840794505137,True,provisional_filtered_view_no_row_flags,87.687659,14.451276541132302,2.9841343194498737,Sen2Cor_BOA_not_aquatic_Rw,False,0.0,0.0,0.0,0,True,False,219.1519161730116,True,scl_cloud_shadow_snow_nearby;scl_core_not_all_water;spectra_not_sampled_after_scl_rejection;zero_or_negative_probe_requires_review,False,,,,,,,,,,,,,,,,,,,,,,,,,,,,,,,,,,,,,,,,,,,,,,,,,,,,,,,,,,,,,,,,,,,,,,,0.0,False,False,134485,2025-01-19T12:00:00Z,13.794900000095367,True,4,0,0.0,0.0,0.0,1
S2A_T29UPA_20250119T114445_L2A,2025-01-19,2025-01-19T11:46:12.306000Z,sentinel-2a,S2A_MSIL2A_20250119T114411_N0511_R123_T29UPA_20250119T145457.SAFE,sentinel-2-c1-l2a,05.11,L1279,Washing Bay,-6.569769770482481,54.523188284062314,True,396.0713035201496,True,provisional_filtered_view_no_row_flags,87.687659,14.451276541132302,2.9841343194498737,Sen2Cor_BOA_not_aquatic_Rw,False,,,,0,True,False,352.9038840688248,True,no_probe_within_15min;scl_cloud_shadow_snow_nearby;scl_core_not_all_water;spectra_not_sampled_after_scl_rejection,False,,,,,,,,,,,,,,,,,,,,,,,,,,,,,,,,,,,,,,,,,,,,,,,,,,,,,,,,,,,,,,,,,,,,,,,,,,,,,,,,,,,
S2A_T29UPA_20250119T114445_L2A,2025-01-19,2025-01-19T11:46:12.306000Z,sentinel-2a,S2A_MSIL2A_20250119T114411_N0511_R123_T29UPA_20250119T145457.SAFE,sentinel-2-c1-l2a,05.11,L1284,Toome,-6.466696920835618,54.75354853784675,False,338.87523315847875,True,provisional_filtered_view_no_row_flags,87.687659,14.451276541132302,2.9841343194498737,Sen2Cor_BOA_not_aquatic_Rw,False,,,,0,True,False,298.5451035583995,False,footprint_shore_buffer_100m;no_probe_within_15min;outside_lake_polygon;scl_cloud_shadow_snow_nearby;scl_core_not_all_water;spectra_not_sampled_after_scl_rejection,False,,,,,,,,,,,,,,,,,,,,,,,,,,,,,,,,,,,,,,,,,,,,,,,,,,,,,,,,,,,,,,,,,,,,,,,,,,,,,,,,,,,
S2B_T29UPA_20250121T113318_L2A,2025-01-21,2025-01-21T11:36:16.589000Z,sentinel-2b,S2B_MSIL2A_20250121T113319_N0511_R080_T29UPA_20250121T133424.SAFE,sentinel-2-c1-l2a,05.11,L1278,Rea's Wood,-6.241996568375846,54.712602169290584,True,270.8840794505137,True,provisional_filtered_view_no_row_flags,57.594019,14.525003909103305,9.315899480807852,Sen2Cor_BOA_not_aquatic_Rw,False,0.0,0.0,0.0,0,True,False,219.1519161730116,True,scl_cloud_shadow_snow_nearby;scl_core_not_all_water;spectra_not_sampled_after_scl_rejection;zero_or_negative_probe_requires_review,False,,,,,,,,,,,,,,,,,,,,,,,,,,,,,,,,,,,,,,,,,,,,,,,,,,,,,,,,,,,,,,,,,,,,,,,0.0,False,False,136481,2025-01-21T11:30:00Z,-6.276483333110809,True,4,0,0.0,0.0,0.0,1
S2B_T29UPA_20250121T113318_L2A,2025-01-21,2025-01-21T11:36:16.589000Z,sentinel-2b,S2B_MSIL2A_20250121T113319_N0511_R080_T29UPA_20250121T133424.SAFE,sentinel-2-c1-l2a,05.11,L1279,Washing Bay,-6.569769770482481,54.523188284062314,True,396.0713035201496,True,provisional_filtered_view_no_row_flags,57.594019,14.525003909103305,9.315899480807852,Sen2Cor_BOA_not_aquatic_Rw,False,,,,0,True,False,352.9038840688248,True,no_probe_within_15min;scl_cloud_shadow_snow_nearby;scl_core_not_all_water;spectra_not_sampled_after_scl_rejection,False,,,,,,,,,,,,,,,,,,,,,,,,,,,,,,,,,,,,,,,,,,,,,,,,,,,,,,,,,,,,,,,,,,,,,,,,,,,,,,,,,,,
S2B_T29UPA_20250121T113318_L2A,2025-01-21,2025-01-21T11:36:16.589000Z,sentinel-2b,S2B_MSIL2A_20250121T113319_N0511_R080_T29UPA_20250121T133424.SAFE,sentinel-2-c1-l2a,05.11,L1284,Toome,-6.466696920835618,54.75354853784675,False,338.87523315847875,True,provisional_filtered_view_no_row_flags,57.594019,14.525003909103305,9.315899480807852,Sen2Cor_BOA_not_aquatic_Rw,False,,,,5,True,False,298.5451035583995,False,footprint_shore_buffer_100m;no_probe_within_15min;outside_lake_polygon;scl_cloud_shadow_snow_nearby;scl_core_not_all_water;spectra_not_sampled_after_scl_rejection,False,,,,,,,,,,,,,,,,,,,,,,,,,,,,,,,,,,,,,,,,,,,,,,,,,,,,,,,,,,,,,,,,,,,,,,,,,,,,,,,,,,,
S2B_T29UPA_20250124T114534_L2A,2025-01-24,2025-01-24T11:46:15.424000Z,sentinel-2b,S2B_MSIL2A_20250124T114349_N0511_R123_T29UPA_20250124T170805.SAFE,sentinel-2-c1-l2a,05.11,L1278,Rea's Wood,-6.241996568375846,54.712602169290584,True,270.8840794505137,True,provisional_filtered_view_no_row_flags,48.03769,15.544688297498197,2.98163213181872,Sen2Cor_BOA_not_aquatic_Rw,False,37.407112121582,,0.0,0,True,False,219.1519161730116,True,no_probe_within_15min;scl_cloud_shadow_snow_nearby;scl_core_not_all_water;spectra_not_sampled_after_scl_rejection,False,,,,,,,,,,,,,,,,,,,,,,,,,,,,,,,,,,,,,,,,,,,,,,,,,,,,,,,,,,,,,,,,,,,,,,,,,,,,,,,,,,,
S2B_T29UPA_20250124T114534_L2A,2025-01-24,2025-01-24T11:46:15.424000Z,sentinel-2b,S2B_MSIL2A_20250124T114349_N0511_R123_T29UPA_20250124T170805.SAFE,sentinel-2-c1-l2a,05.11,L1279,Washing Bay,-6.569769770482481,54.523188284062314,True,396.0713035201496,True,provisional_filtered_view_no_row_flags,48.03769,15.544688297498197,2.98163213181872,Sen2Cor_BOA_not_aquatic_Rw,False,,,,9,False,False,352.9038840688248,True,no_probe_within_15min,False,0.03309999999999999,0.0033683290266983685,36,1264,0,0,0.10104145068006104,0.032049999999999995,0.002306008991555716,36,1290,0,0,0.07058610976618125,0.03845,0.0018874259040316998,36,1345,0,0,0.0494594064238908,0.0378,0.0023158605045518576,9,1352,0,0,0.06048387852863237,0.024099999999999996,0.0008974586891692711,9,1226,0,0,0.0373768079709553,0.024999999999999994,0.001113663734517851,9,1228,0,0,0.04498641656490421,0.025400000000000006,0.001753013278773314,36,1212,0,0,0.06970231724744788,0.0233,0.0024892856826560757,9,1190,0,0,0.11019956293115929,0.0184,0.0005927546074821836,9,1171,0,0,0.032469820251610784,0.016600000000000004,0.0005465943944999483,9,1160,0,0,0.03251387673826526,,,,,,,,,,,,,
S2B_T29UPA_20250124T114534_L2A,2025-01-24,2025-01-24T11:46:15.424000Z,sentinel-2b,S2B_MSIL2A_20250124T114349_N0511_R123_T29UPA_20250124T170805.SAFE,sentinel-2-c1-l2a,05.11,L1284,Toome,-6.466696920835618,54.75354853784675,False,338.87523315847875,True,provisional_filtered_view_no_row_flags,48.03769,15.544688297498197,2.98163213181872,Sen2Cor_BOA_not_aquatic_Rw,False,,,,0,True,False,298.5451035583995,False,footprint_shore_buffer_100m;no_probe_within_15min;outside_lake_polygon;scl_cloud_shadow_snow_nearby;scl_core_not_all_water;spectra_not_sampled_after_scl_rejection,False,,,,,,,,,,,,,,,,,,,,,,,,,,,,,,,,,,,,,,,,,,,,,,,,,,,,,,,,,,,,,,,,,,,,,,,,,,,,,,,,,,,
S2C_T29UPA_20250126T113407_L2A,2025-01-26,2025-01-26T11:36:43.954000Z,sentinel-2c,S2C_MSIL2A_20250126T113411_N0511_R080_T29UPA_20250126T131113.SAFE,sentinel-2-c1-l2a,05.11,L1278,Rea's Wood,-6.241996568375846,54.712602169290584,True,270.8840794505137,True,provisional_filtered_view_no_row_flags,100,15.685151307121302,9.30193922026723,Sen2Cor_BOA_not_aquatic_Rw,False,8.637375831604,5.34689950942993,0.0,0,True,False,219.1519161730116,True,scl_cloud_shadow_snow_nearby;scl_core_not_all_water;spectra_not_sampled_after_scl_rejection,False,,,,,,,,,,,,,,,,,,,,,,,,,,,,,,,,,,,,,,,,,,,,,,,,,,,,,,,,,,,,,,,,,,,,,,,5.22922277450562,False,False,135132,2025-01-26T11:30:00Z,-6.732566666603089,True,4,0,5.22922277450562,5.92028760910034,5.468950510025024,1
S2C_T29UPA_20250126T113407_L2A,2025-01-26,2025-01-26T11:36:43.954000Z,sentinel-2c,S2C_MSIL2A_20250126T113411_N0511_R080_T29UPA_20250126T131113.SAFE,sentinel-2-c1-l2a,05.11,L1279,Washing Bay,-6.569769770482481,54.523188284062314,True,396.0713035201496,True,provisional_filtered_view_no_row_flags,100,15.685151307121302,9.30193922026723,Sen2Cor_BOA_not_aquatic_Rw,False,,,,0,True,False,352.9038840688248,True,no_probe_within_15min;scl_cloud_shadow_snow_nearby;scl_core_not_all_water;spectra_not_sampled_after_scl_rejection,False,,,,,,,,,,,,,,,,,,,,,,,,,,,,,,,,,,,,,,,,,,,,,,,,,,,,,,,,,,,,,,,,,,,,,,,,,,,,,,,,,,,
S2C_T29UPA_20250126T113407_L2A,2025-01-26,2025-01-26T11:36:43.954000Z,sentinel-2c,S2C_MSIL2A_20250126T113411_N0511_R080_T29UPA_20250126T131113.SAFE,sentinel-2-c1-l2a,05.11,L1284,Toome,-6.466696920835618,54.75354853784675,False,338.87523315847875,True,provisional_filtered_view_no_row_flags,100,15.685151307121302,9.30193922026723,Sen2Cor_BOA_not_aquatic_Rw,False,,,,0,True,False,298.5451035583995,False,footprint_shore_buffer_100m;no_probe_within_15min;outside_lake_polygon;scl_cloud_shadow_snow_nearby;scl_core_not_all_water;spectra_not_sampled_after_scl_rejection,False,,,,,,,,,,,,,,,,,,,,,,,,,,,,,,,,,,,,,,,,,,,,,,,,,,,,,,,,,,,,,,,,,,,,,,,,,,,,,,,,,,,
S2C_T29UPA_20250129T114606_L2A,2025-01-29,2025-01-29T11:46:40.894000Z,sentinel-2c,S2C_MSIL2A_20250129T114411_N0511_R123_T29UPA_20250129T145310.SAFE,sentinel-2-c1-l2a,05.11,L1278,Rea's Wood,-6.241996568375846,54.712602169290584,True,270.8840794505137,True,provisional_filtered_view_no_row_flags,8.836418,16.803953526958594,2.9953098825823914,Sen2Cor_BOA_not_aquatic_Rw,False,5.35655736923218,5.09761047363281,0.0,9,False,False,219.1519161730116,True,missing_or_invalid_probe_value;probe_gap_or_unbracketed,False,0.006950000000000005,0.0023121191711779035,36,1001,0,0,0.3364441801228963,0.016050000000000002,0.00157194491076155,36,1129,0,0,0.09805929091563995,0.019200000000000002,0.0009102765486717367,36,1169,0,0,0.04741709702240274,0.016399999999999998,0.000568515502465157,9,1155,0,0,0.03443229826504988,0.008099999999999996,0.000531478255248948,9,1070,0,0,0.06597661099642113,0.0059000000000000025,0.0006896053621859071,9,1045,0,0,0.12241515305075272,0.004799999999999999,0.0006963972543042302,36,1034,0,0,0.14228320746283935,0.005099999999999993,0.00033147630867058587,9,1046,0,0,0.06485406039207119,0.0030000000000000027,0.0007207677662323034,9,1027,0,0,0.21695350823045925,0.0032999999999999974,0.0005459163776239248,9,1022,0,0,0.16269031121242797,,True,False,135270,2025-01-29T12:00:00Z,13.318433332443238,False,3,1,5.11579847335815,5.38557624816895,5.35655736923218,1
S2C_T29UPA_20250129T114606_L2A,2025-01-29,2025-01-29T11:46:40.894000Z,sentinel-2c,S2C_MSIL2A_20250129T114411_N0511_R123_T29UPA_20250129T145310.SAFE,sentinel-2-c1-l2a,05.11,L1279,Washing Bay,-6.569769770482481,54.523188284062314,True,396.0713035201496,True,provisional_filtered_view_no_row_flags,8.836418,16.803953526958594,2.9953098825823914,Sen2Cor_BOA_not_aquatic_Rw,False,,,,9,False,False,352.9038840688248,True,no_probe_within_15min,False,0.005049999999999999,0.0020214131470610132,36,1014,0,0,0.40160526100549937,0.016,0.0018845292826814753,36,1127,0,0,0.11948406864482757,0.018050000000000004,0.0014357107759220733,36,1148,0,0,0.07828777330080981,0.016700000000000007,0.0010133674458195862,9,1154,0,0,0.06084260848816729,0.008400000000000005,0.0005279824164674119,9,1075,0,0,0.06352729609902014,0.006400000000000003,0.0005983516452371669,9,1054,0,0,0.09414623788696681,0.005599999999999994,0.0005122797629767884,36,1039,0,0,0.09272031909082146,0.004500000000000004,0.000911652955411825,9,1029,0,0,0.2041014079280205,0.003500000000000003,0.0005639367795755335,9,1031,0,0,0.15016068095206508,0.0034000000000000002,0.0009254961965759451,9,1010,0,0,0.281400870580524,,,,,,,,,,,,,
S2C_T29UPA_20250129T114606_L2A,2025-01-29,2025-01-29T11:46:40.894000Z,sentinel-2c,S2C_MSIL2A_20250129T114411_N0511_R123_T29UPA_20250129T145310.SAFE,sentinel-2-c1-l2a,05.11,L1284,Toome,-6.466696920835618,54.75354853784675,False,338.87523315847875,True,provisional_filtered_view_no_row_flags,8.836418,16.803953526958594,2.9953098825823914,Sen2Cor_BOA_not_aquatic_Rw,False,,,,5,False,True,298.5451035583995,False,footprint_shore_buffer_100m;no_probe_within_15min;outside_lake_polygon;scl_core_not_all_water;spectra_not_sampled_after_scl_rejection,False,,,,,,,,,,,,,,,,,,,,,,,,,,,,,,,,,,,,,,,,,,,,,,,,,,,,,,,,,,,,,,,,,,,,,,,,,,,,,,,,,,,
S2B_T29UPA_20250131T113320_L2A,2025-01-31,2025-01-31T11:36:18.361000Z,sentinel-2b,S2B_MSIL2A_20250131T113319_N0511_R080_T29UPA_20250131T151540.SAFE,sentinel-2-c1-l2a,05.11,L1278,Rea's Wood,-6.241996568375846,54.712602169290584,True,270.8840794505137,True,provisional_filtered_view_no_row_flags,8.093932,16.9610344824427,9.29332697851694,Sen2Cor_BOA_not_aquatic_Rw,False,,,,0,True,False,219.1519161730116,True,no_probe_within_15min;scl_cloud_shadow_snow_nearby;scl_core_not_all_water;spectra_not_sampled_after_scl_rejection,False,,,,,,,,,,,,,,,,,,,,,,,,,,,,,,,,,,,,,,,,,,,,,,,,,,,,,,,,,,,,,,,,,,,,,,,,,,,,,,,,,,,
S2B_T29UPA_20250131T113320_L2A,2025-01-31,2025-01-31T11:36:18.361000Z,sentinel-2b,S2B_MSIL2A_20250131T113319_N0511_R080_T29UPA_20250131T151540.SAFE,sentinel-2-c1-l2a,05.11,L1279,Washing Bay,-6.569769770482481,54.523188284062314,True,396.0713035201496,True,provisional_filtered_view_no_row_flags,8.093932,16.9610344824427,9.29332697851694,Sen2Cor_BOA_not_aquatic_Rw,False,,,,9,False,False,352.9038840688248,True,no_probe_within_15min,False,0.014799999999999994,0.0021463775829045225,36,1112,0,0,0.14211806692029208,0.01285,0.0018617225363810619,36,1092,0,0,0.14916984489142715,0.0133,0.0014419529794905681,36,1092,0,0,0.10738582387600426,0.011800000000000005,0.0018247949318238139,9,1083,0,0,0.15746073237214117,0.004299999999999998,0.0010852547064066449,9,1016,0,0,0.2690714148115649,0.0030000000000000027,0.0018803073034893937,9,1006,0,0,0.5815383412853792,0.004500000000000004,0.001291600954122967,36,1010,0,0,0.30977771051583486,0.001899999999999999,0.001169150794485859,9,1004,0,0,0.633876936769442,0.0050000000000000044,0.0007964427083314397,9,1035,0,0,0.16905623525903196,0.0059000000000000025,0.0007557189365836425,9,1050,0,0,0.1288157278267572,,,,,,,,,,,,,
S2B_T29UPA_20250131T113320_L2A,2025-01-31,2025-01-31T11:36:18.361000Z,sentinel-2b,S2B_MSIL2A_20250131T113319_N0511_R080_T29UPA_20250131T151540.SAFE,sentinel-2-c1-l2a,05.11,L1284,Toome,-6.466696920835618,54.75354853784675,False,338.87523315847875,True,provisional_filtered_view_no_row_flags,8.093932,16.9610344824427,9.29332697851694,Sen2Cor_BOA_not_aquatic_Rw,False,,,,5,False,True,298.5451035583995,False,footprint_shore_buffer_100m;no_probe_within_15min;outside_lake_polygon;scl_core_not_all_water;spectra_not_sampled_after_scl_rejection,False,,,,,,,,,,,,,,,,,,,,,,,,,,,,,,,,,,,,,,,,,,,,,,,,,,,,,,,,,,,,,,,,,,,,,,,,,,,,,,,,,,,
S2B_T29UPA_20250203T114356_L2A,2025-02-03,2025-02-03T11:46:15.695000Z,sentinel-2b,S2B_MSIL2A_20250203T114349_N0511_R123_T29UPA_20250203T152724.SAFE,sentinel-2-c1-l2a,05.11,L1278,Rea's Wood,-6.241996568375846,54.712602169290584,True,270.8840794505137,True,provisional_filtered_view_no_row_flags,99.99935,18.1760097395193,2.9880381907170417,Sen2Cor_BOA_not_aquatic_Rw,False,,0.430933207273483,0.0,0,True,False,219.1519161730116,True,scl_cloud_shadow_snow_nearby;scl_core_not_all_water;spectra_not_sampled_after_scl_rejection,False,,,,,,,,,,,,,,,,,,,,,,,,,,,,,,,,,,,,,,,,,,,,,,,,,,,,,,,,,,,,,,,,,,,,,,,0.916617214679718,False,False,135384,2025-02-03T12:00:00Z,13.738416667779287,True,2,0,0.752647340297699,0.916617214679718,0.8346322774887085,1
S2B_T29UPA_20250203T114356_L2A,2025-02-03,2025-02-03T11:46:15.695000Z,sentinel-2b,S2B_MSIL2A_20250203T114349_N0511_R123_T29UPA_20250203T152724.SAFE,sentinel-2-c1-l2a,05.11,L1279,Washing Bay,-6.569769770482481,54.523188284062314,True,396.0713035201496,True,provisional_filtered_view_no_row_flags,99.99935,18.1760097395193,2.9880381907170417,Sen2Cor_BOA_not_aquatic_Rw,False,,,,0,True,False,352.9038840688248,True,no_probe_within_15min;scl_cloud_shadow_snow_nearby;scl_core_not_all_water;spectra_not_sampled_after_scl_rejection,False,,,,,,,,,,,,,,,,,,,,,,,,,,,,,,,,,,,,,,,,,,,,,,,,,,,,,,,,,,,,,,,,,,,,,,,,,,,,,,,,,,,
S2B_T29UPA_20250203T114356_L2A,2025-02-03,2025-02-03T11:46:15.695000Z,sentinel-2b,S2B_MSIL2A_20250203T114349_N0511_R123_T29UPA_20250203T152724.SAFE,sentinel-2-c1-l2a,05.11,L1284,Toome,-6.466696920835618,54.75354853784675,False,338.87523315847875,True,provisional_filtered_view_no_row_flags,99.99935,18.1760097395193,2.9880381907170417,Sen2Cor_BOA_not_aquatic_Rw,False,,,,0,True,False,298.5451035583995,False,footprint_shore_buffer_100m;no_probe_within_15min;outside_lake_polygon;scl_cloud_shadow_snow_nearby;scl_core_not_all_water;spectra_not_sampled_after_scl_rejection,False,,,,,,,,,,,,,,,,,,,,,,,,,,,,,,,,,,,,,,,,,,,,,,,,,,,,,,,,,,,,,,,,,,,,,,,,,,,,,,,,,,,
S2C_T29UPA_20250205T113344_L2A,2025-02-05,2025-02-05T11:36:42.752000Z,sentinel-2c,S2C_MSIL2A_20250205T113341_N0511_R080_T29UPA_20250205T130115.SAFE,sentinel-2-c1-l2a,05.11,L1278,Rea's Wood,-6.241996568375846,54.712602169290584,True,270.8840794505137,True,provisional_filtered_view_no_row_flags,8.830438,18.406947934451196,9.292617397831197,Sen2Cor_BOA_not_aquatic_Rw,False,,,,0,True,False,219.1519161730116,True,no_probe_within_15min;scl_cloud_shadow_snow_nearby;scl_core_not_all_water;spectra_not_sampled_after_scl_rejection,False,,,,,,,,,,,,,,,,,,,,,,,,,,,,,,,,,,,,,,,,,,,,,,,,,,,,,,,,,,,,,,,,,,,,,,,,,,,,,,,,,,,
S2C_T29UPA_20250205T113344_L2A,2025-02-05,2025-02-05T11:36:42.752000Z,sentinel-2c,S2C_MSIL2A_20250205T113341_N0511_R080_T29UPA_20250205T130115.SAFE,sentinel-2-c1-l2a,05.11,L1279,Washing Bay,-6.569769770482481,54.523188284062314,True,396.0713035201496,True,provisional_filtered_view_no_row_flags,8.830438,18.406947934451196,9.292617397831197,Sen2Cor_BOA_not_aquatic_Rw,False,,,,9,False,False,352.9038840688248,True,no_probe_within_15min,False,-0.0005000000000000004,0.0020420502285209514,36,961,26,0,,0.005299999999999999,0.0015794689684264845,36,1014,0,0,0.31276613236168005,0.007149999999999997,0.0007536126981184902,36,1057,0,0,0.10410612867331408,0.005299999999999999,0.0008563488385776766,9,1040,0,0,0.1646824689572455,0.0030000000000000027,0.0005209203630991585,9,1019,0,0,0.1898090391859283,0.0010000000000000009,0.0001662958838566178,9,1007,0,0,0.16816437693365863,0.002799999999999997,0.0009517487154096669,36,1006,0,0,0.3528625515422039,0.003500000000000003,0.000682768510921655,9,1020,0,0,0.22591605140790041,0.005400000000000002,0.0006136311676215152,9,1041,0,0,0.11553724913375811,0.005299999999999999,0.0006136311676215126,9,1039,0,0,0.12245411327258567,,,,,,,,,,,,,
S2C_T29UPA_20250205T113344_L2A,2025-02-05,2025-02-05T11:36:42.752000Z,sentinel-2c,S2C_MSIL2A_20250205T113341_N0511_R080_T29UPA_20250205T130115.SAFE,sentinel-2-c1-l2a,05.11,L1284,Toome,-6.466696920835618,54.75354853784675,False,338.87523315847875,True,provisional_filtered_view_no_row_flags,8.830438,18.406947934451196,9.292617397831197,Sen2Cor_BOA_not_aquatic_Rw,False,,,,0,True,False,298.5451035583995,False,footprint_shore_buffer_100m;no_probe_within_15min;outside_lake_polygon;scl_cloud_shadow_snow_nearby;scl_core_not_all_water;spectra_not_sampled_after_scl_rejection,False,,,,,,,,,,,,,,,,,,,,,,,,,,,,,,,,,,,,,,,,,,,,,,,,,,,,,,,,,,,,,,,,,,,,,,,,,,,,,,,,,,,
S2C_T29UPA_20250208T114413_L2A,2025-02-08,2025-02-08T11:46:39.965000Z,sentinel-2c,S2C_MSIL2A_20250208T114411_N0511_R123_T29UPA_20250208T151210.SAFE,sentinel-2-c1-l2a,05.11,L1278,Rea's Wood,-6.241996568375846,54.712602169290584,True,270.8840794505137,True,provisional_filtered_view_no_row_flags,91.458476,19.703609805410906,2.9971247447118423,Sen2Cor_BOA_not_aquatic_Rw,False,0.0,0.0,0.0,0,True,False,219.1519161730116,True,probe_gap_or_unbracketed;scl_cloud_shadow_snow_nearby;scl_core_not_all_water;spectra_not_sampled_after_scl_rejection;zero_or_negative_probe_requires_review,False,,,,,,,,,,,,,,,,,,,,,,,,,,,,,,,,,,,,,,,,,,,,,,,,,,,,,,,,,,,,,,,,,,,,,,,0.0,False,False,135539,2025-02-08T12:00:00Z,13.333916668097178,False,2,0,0.0,0.0,0.0,1
S2C_T29UPA_20250208T114413_L2A,2025-02-08,2025-02-08T11:46:39.965000Z,sentinel-2c,S2C_MSIL2A_20250208T114411_N0511_R123_T29UPA_20250208T151210.SAFE,sentinel-2-c1-l2a,05.11,L1279,Washing Bay,-6.569769770482481,54.523188284062314,True,396.0713035201496,True,provisional_filtered_view_no_row_flags,91.458476,19.703609805410906,2.9971247447118423,Sen2Cor_BOA_not_aquatic_Rw,False,,,,0,True,False,352.9038840688248,True,no_probe_within_15min;scl_cloud_shadow_snow_nearby;scl_core_not_all_water;spectra_not_sampled_after_scl_rejection,False,,,,,,,,,,,,,,,,,,,,,,,,,,,,,,,,,,,,,,,,,,,,,,,,,,,,,,,,,,,,,,,,,,,,,,,,,,,,,,,,,,,
S2C_T29UPA_20250208T114413_L2A,2025-02-08,2025-02-08T11:46:39.965000Z,sentinel-2c,S2C_MSIL2A_20250208T114411_N0511_R123_T29UPA_20250208T151210.SAFE,sentinel-2-c1-l2a,05.11,L1284,Toome,-6.466696920835618,54.75354853784675,False,338.87523315847875,True,provisional_filtered_view_no_row_flags,91.458476,19.703609805410906,2.9971247447118423,Sen2Cor_BOA_not_aquatic_Rw,False,,,,0,True,False,298.5451035583995,False,footprint_shore_buffer_100m;no_probe_within_15min;outside_lake_polygon;scl_cloud_shadow_snow_nearby;scl_core_not_all_water;spectra_not_sampled_after_scl_rejection,False,,,,,,,,,,,,,,,,,,,,,,,,,,,,,,,,,,,,,,,,,,,,,,,,,,,,,,,,,,,,,,,,,,,,,,,,,,,,,,,,,,,
S2B_T29UPA_20250210T113320_L2A,2025-02-10,2025-02-10T11:36:18.786000Z,sentinel-2b,S2B_MSIL2A_20250210T113319_N0511_R080_T29UPA_20250210T133544.SAFE,sentinel-2-c1-l2a,05.11,L1278,Rea's Wood,-6.241996568375846,54.712602169290584,True,270.8840794505137,True,provisional_filtered_view_no_row_flags,92.223006,19.9432489654518,9.29140131332767,Sen2Cor_BOA_not_aquatic_Rw,False,,,,9,False,False,219.1519161730116,True,no_probe_within_15min,False,0.04250000000000001,0.0020336900112181287,36,1369,0,0,0.048223449086979744,0.034850000000000006,0.0018274146886912244,36,1312,0,0,0.05211258617940755,0.02305,0.0019520328119079944,36,1192,0,0,0.0848300111403764,0.018500000000000003,0.001549751075192956,9,1164,0,0,0.0819011137800153,0.014299999999999993,0.0011509523700069832,9,1129,0,0,0.08017470069708088,0.0155,0.0006291283407507583,9,1147,0,0,0.040443964762548745,0.0165,0.0012988212842400839,36,1131,0,0,0.0804362054578411,0.013700000000000004,0.000481766297526198,9,1125,0,0,0.03598254504345047,0.005699999999999997,0.0006582805886043852,9,1044,0,0,0.1189663714345275,0.005599999999999994,0.0005889937013643819,9,1042,0,0,0.1079621855861393,,,,,,,,,,,,,
S2B_T29UPA_20250210T113320_L2A,2025-02-10,2025-02-10T11:36:18.786000Z,sentinel-2b,S2B_MSIL2A_20250210T113319_N0511_R080_T29UPA_20250210T133544.SAFE,sentinel-2-c1-l2a,05.11,L1279,Washing Bay,-6.569769770482481,54.523188284062314,True,396.0713035201496,True,provisional_filtered_view_no_row_flags,92.223006,19.9432489654518,9.29140131332767,Sen2Cor_BOA_not_aquatic_Rw,False,,,,0,True,False,352.9038840688248,True,no_probe_within_15min;scl_cloud_shadow_snow_nearby;scl_core_not_all_water;spectra_not_sampled_after_scl_rejection,False,,,,,,,,,,,,,,,,,,,,,,,,,,,,,,,,,,,,,,,,,,,,,,,,,,,,,,,,,,,,,,,,,,,,,,,,,,,,,,,,,,,
S2B_T29UPA_20250210T113320_L2A,2025-02-10,2025-02-10T11:36:18.786000Z,sentinel-2b,S2B_MSIL2A_20250210T113319_N0511_R080_T29UPA_20250210T133544.SAFE,sentinel-2-c1-l2a,05.11,L1284,Toome,-6.466696920835618,54.75354853784675,False,338.87523315847875,True,provisional_filtered_view_no_row_flags,92.223006,19.9432489654518,9.29140131332767,Sen2Cor_BOA_not_aquatic_Rw,False,,,,0,True,False,298.5451035583995,False,footprint_shore_buffer_100m;no_probe_within_15min;outside_lake_polygon;scl_cloud_shadow_snow_nearby;scl_core_not_all_water;spectra_not_sampled_after_scl_rejection,False,,,,,,,,,,,,,,,,,,,,,,,,,,,,,,,,,,,,,,,,,,,,,,,,,,,,,,,,,,,,,,,,,,,,,,,,,,,,,,,,,,,
S2B_T29UPA_20250213T114351_L2A,2025-02-13,2025-02-13T11:46:17.546000Z,sentinel-2b,S2B_MSIL2A_20250213T114349_N0511_R123_T29UPA_20250213T134729.SAFE,sentinel-2-c1-l2a,05.11,L1278,Rea's Wood,-6.241996568375846,54.712602169290584,True,270.8840794505137,True,provisional_filtered_view_no_row_flags,99.974132,21.3170225022412,3.004562061583694,Sen2Cor_BOA_not_aquatic_Rw,False,0.358487516641617,0.143884584307671,0.0,0,True,False,219.1519161730116,True,scl_cloud_shadow_snow_nearby;scl_core_not_all_water;spectra_not_sampled_after_scl_rejection,False,,,,,,,,,,,,,,,,,,,,,,,,,,,,,,,,,,,,,,,,,,,,,,,,,,,,,,,,,,,,,,,,,,,,,,,0.198100879788399,False,False,132955,2025-02-13T12:00:00Z,13.707566666603089,True,4,0,0.16453905403614,0.358487516641617,0.193720281124115,1
S2B_T29UPA_20250213T114351_L2A,2025-02-13,2025-02-13T11:46:17.546000Z,sentinel-2b,S2B_MSIL2A_20250213T114349_N0511_R123_T29UPA_20250213T134729.SAFE,sentinel-2-c1-l2a,05.11,L1279,Washing Bay,-6.569769770482481,54.523188284062314,True,396.0713035201496,True,provisional_filtered_view_no_row_flags,99.974132,21.3170225022412,3.004562061583694,Sen2Cor_BOA_not_aquatic_Rw,False,,,,0,True,False,352.9038840688248,True,no_probe_within_15min;scl_cloud_shadow_snow_nearby;scl_core_not_all_water;spectra_not_sampled_after_scl_rejection,False,,,,,,,,,,,,,,,,,,,,,,,,,,,,,,,,,,,,,,,,,,,,,,,,,,,,,,,,,,,,,,,,,,,,,,,,,,,,,,,,,,,
S2B_T29UPA_20250213T114351_L2A,2025-02-13,2025-02-13T11:46:17.546000Z,sentinel-2b,S2B_MSIL2A_20250213T114349_N0511_R123_T29UPA_20250213T134729.SAFE,sentinel-2-c1-l2a,05.11,L1284,Toome,-6.466696920835618,54.75354853784675,False,338.87523315847875,True,provisional_filtered_view_no_row_flags,99.974132,21.3170225022412,3.004562061583694,Sen2Cor_BOA_not_aquatic_Rw,False,,,,0,True,False,298.5451035583995,False,footprint_shore_buffer_100m;no_probe_within_15min;outside_lake_polygon;scl_cloud_shadow_snow_nearby;scl_core_not_all_water;spectra_not_sampled_after_scl_rejection,False,,,,,,,,,,,,,,,,,,,,,,,,,,,,,,,,,,,,,,,,,,,,,,,,,,,,,,,,,,,,,,,,,,,,,,,,,,,,,,,,,,,
S2C_T29UPA_20250215T113341_L2A,2025-02-15,2025-02-15T11:36:39.645000Z,sentinel-2c,S2C_MSIL2A_20250215T113341_N0511_R080_T29UPA_20250215T151913.SAFE,sentinel-2-c1-l2a,05.11,L1278,Rea's Wood,-6.241996568375846,54.712602169290584,True,270.8840794505137,True,provisional_filtered_view_no_row_flags,98.972505,21.6193896950968,9.317050046099602,Sen2Cor_BOA_not_aquatic_Rw,False,0.0365737229585648,0.0757576823234558,0.0,0,True,False,219.1519161730116,True,scl_cloud_shadow_snow_nearby;scl_core_not_all_water;spectra_not_sampled_after_scl_rejection;zero_or_negative_probe_requires_review,False,,,,,,,,,,,,,,,,,,,,,,,,,,,,,,,,,,,,,,,,,,,,,,,,,,,,,,,,,,,,,,,,,,,,,,,0.0,False,False,134074,2025-02-15T11:30:00Z,-6.660749999682109,True,4,0,0.0,0.0757576823234558,0.0,1
S2C_T29UPA_20250215T113341_L2A,2025-02-15,2025-02-15T11:36:39.645000Z,sentinel-2c,S2C_MSIL2A_20250215T113341_N0511_R080_T29UPA_20250215T151913.SAFE,sentinel-2-c1-l2a,05.11,L1279,Washing Bay,-6.569769770482481,54.523188284062314,True,396.0713035201496,True,provisional_filtered_view_no_row_flags,98.972505,21.6193896950968,9.317050046099602,Sen2Cor_BOA_not_aquatic_Rw,False,,,,0,True,False,352.9038840688248,True,no_probe_within_15min;scl_cloud_shadow_snow_nearby;scl_core_not_all_water;spectra_not_sampled_after_scl_rejection,False,,,,,,,,,,,,,,,,,,,,,,,,,,,,,,,,,,,,,,,,,,,,,,,,,,,,,,,,,,,,,,,,,,,,,,,,,,,,,,,,,,,
S2C_T29UPA_20250215T113341_L2A,2025-02-15,2025-02-15T11:36:39.645000Z,sentinel-2c,S2C_MSIL2A_20250215T113341_N0511_R080_T29UPA_20250215T151913.SAFE,sentinel-2-c1-l2a,05.11,L1284,Toome,-6.466696920835618,54.75354853784675,False,338.87523315847875,True,provisional_filtered_view_no_row_flags,98.972505,21.6193896950968,9.317050046099602,Sen2Cor_BOA_not_aquatic_Rw,False,,,,0,True,False,298.5451035583995,False,footprint_shore_buffer_100m;no_probe_within_15min;outside_lake_polygon;scl_cloud_shadow_snow_nearby;scl_core_not_all_water;spectra_not_sampled_after_scl_rejection,False,,,,,,,,,,,,,,,,,,,,,,,,,,,,,,,,,,,,,,,,,,,,,,,,,,,,,,,,,,,,,,,,,,,,,,,,,,,,,,,,,,,
S2C_T29UPA_20250218T114409_L2A,2025-02-18,2025-02-18T11:46:32.383000Z,sentinel-2c,S2C_MSIL2A_20250218T114411_N0511_R123_T29UPA_20250218T145521.SAFE,sentinel-2-c1-l2a,05.11,L1278,Rea's Wood,-6.241996568375846,54.712602169290584,True,270.8840794505137,True,provisional_filtered_view_no_row_flags,100,23.053493825579494,2.9950684304722515,Sen2Cor_BOA_not_aquatic_Rw,False,0.0,0.0,0.0,0,True,False,219.1519161730116,True,scl_cloud_shadow_snow_nearby;scl_core_not_all_water;spectra_not_sampled_after_scl_rejection;zero_or_negative_probe_requires_review,False,,,,,,,,,,,,,,,,,,,,,,,,,,,,,,,,,,,,,,,,,,,,,,,,,,,,,,,,,,,,,,,,,,,,,,,0.0,False,False,137070,2025-02-18T12:00:00Z,13.460283335049947,True,4,0,0.0,0.0,0.0,1
S2C_T29UPA_20250218T114409_L2A,2025-02-18,2025-02-18T11:46:32.383000Z,sentinel-2c,S2C_MSIL2A_20250218T114411_N0511_R123_T29UPA_20250218T145521.SAFE,sentinel-2-c1-l2a,05.11,L1279,Washing Bay,-6.569769770482481,54.523188284062314,True,396.0713035201496,True,provisional_filtered_view_no_row_flags,100,23.053493825579494,2.9950684304722515,Sen2Cor_BOA_not_aquatic_Rw,False,,,,0,True,False,352.9038840688248,True,no_probe_within_15min;scl_cloud_shadow_snow_nearby;scl_core_not_all_water;spectra_not_sampled_after_scl_rejection,False,,,,,,,,,,,,,,,,,,,,,,,,,,,,,,,,,,,,,,,,,,,,,,,,,,,,,,,,,,,,,,,,,,,,,,,,,,,,,,,,,,,
S2C_T29UPA_20250218T114409_L2A,2025-02-18,2025-02-18T11:46:32.383000Z,sentinel-2c,S2C_MSIL2A_20250218T114411_N0511_R123_T29UPA_20250218T145521.SAFE,sentinel-2-c1-l2a,05.11,L1284,Toome,-6.466696920835618,54.75354853784675,False,338.87523315847875,True,provisional_filtered_view_no_row_flags,100,23.053493825579494,2.9950684304722515,Sen2Cor_BOA_not_aquatic_Rw,False,,,,0,True,False,298.5451035583995,False,footprint_shore_buffer_100m;no_probe_within_15min;outside_lake_polygon;scl_cloud_shadow_snow_nearby;scl_core_not_all_water;spectra_not_sampled_after_scl_rejection,False,,,,,,,,,,,,,,,,,,,,,,,,,,,,,,,,,,,,,,,,,,,,,,,,,,,,,,,,,,,,,,,,,,,,,,,,,,,,,,,,,,,
S2B_T29UPA_20250220T113322_L2A,2025-02-20,2025-02-20T11:36:20.452000Z,sentinel-2b,S2B_MSIL2A_20250220T113319_N0511_R080_T29UPA_20250220T122855.SAFE,sentinel-2-c1-l2a,05.11,L1278,Rea's Wood,-6.241996568375846,54.712602169290584,True,270.8840794505137,True,provisional_filtered_view_no_row_flags,95.771831,23.362241526875195,9.265659850064877,Sen2Cor_BOA_not_aquatic_Rw,False,0.0,2.77974390983582,0.0,0,True,False,219.1519161730116,True,scl_cloud_shadow_snow_nearby;scl_core_not_all_water;spectra_not_sampled_after_scl_rejection,False,,,,,,,,,,,,,,,,,,,,,,,,,,,,,,,,,,,,,,,,,,,,,,,,,,,,,,,,,,,,,,,,,,,,,,,1.8336044549942,False,False,136816,2025-02-20T11:30:00Z,-6.340866665045421,True,4,0,0.687964975833893,2.77974390983582,2.008573472499845,1
S2B_T29UPA_20250220T113322_L2A,2025-02-20,2025-02-20T11:36:20.452000Z,sentinel-2b,S2B_MSIL2A_20250220T113319_N0511_R080_T29UPA_20250220T122855.SAFE,sentinel-2-c1-l2a,05.11,L1279,Washing Bay,-6.569769770482481,54.523188284062314,True,396.0713035201496,True,provisional_filtered_view_no_row_flags,95.771831,23.362241526875195,9.265659850064877,Sen2Cor_BOA_not_aquatic_Rw,False,,,,0,True,False,352.9038840688248,True,no_probe_within_15min;scl_cloud_shadow_snow_nearby;scl_core_not_all_water;spectra_not_sampled_after_scl_rejection,False,,,,,,,,,,,,,,,,,,,,,,,,,,,,,,,,,,,,,,,,,,,,,,,,,,,,,,,,,,,,,,,,,,,,,,,,,,,,,,,,,,,
S2B_T29UPA_20250220T113322_L2A,2025-02-20,2025-02-20T11:36:20.452000Z,sentinel-2b,S2B_MSIL2A_20250220T113319_N0511_R080_T29UPA_20250220T122855.SAFE,sentinel-2-c1-l2a,05.11,L1284,Toome,-6.466696920835618,54.75354853784675,False,338.87523315847875,True,provisional_filtered_view_no_row_flags,95.771831,23.362241526875195,9.265659850064877,Sen2Cor_BOA_not_aquatic_Rw,False,,,,0,True,False,298.5451035583995,False,footprint_shore_buffer_100m;no_probe_within_15min;outside_lake_polygon;scl_cloud_shadow_snow_nearby;scl_core_not_all_water;spectra_not_sampled_after_scl_rejection,False,,,,,,,,,,,,,,,,,,,,,,,,,,,,,,,,,,,,,,,,,,,,,,,,,,,,,,,,,,,,,,,,,,,,,,,,,,,,,,,,,,,
S2B_T29UPA_20250223T114351_L2A,2025-02-23,2025-02-23T11:46:17.765000Z,sentinel-2b,S2B_MSIL2A_20250223T114349_N0511_R123_T29UPA_20250223T152930.SAFE,sentinel-2-c1-l2a,05.11,L1278,Rea's Wood,-6.241996568375846,54.712602169290584,True,270.8840794505137,True,provisional_filtered_view_no_row_flags,99.999988,24.853148859100003,3.011814875824864,Sen2Cor_BOA_not_aquatic_Rw,False,2.02032613754272,1.53746068477631,0.0,0,True,False,219.1519161730116,True,scl_cloud_shadow_snow_nearby;scl_core_not_all_water;spectra_not_sampled_after_scl_rejection,False,,,,,,,,,,,,,,,,,,,,,,,,,,,,,,,,,,,,,,,,,,,,,,,,,,,,,,,,,,,,,,,,,,,,,,,2.26015281677246,False,False,132673,2025-02-23T12:00:00Z,13.703916664918264,True,4,0,1.93341505527496,2.26015281677246,2.0363739728927603,1
S2B_T29UPA_20250223T114351_L2A,2025-02-23,2025-02-23T11:46:17.765000Z,sentinel-2b,S2B_MSIL2A_20250223T114349_N0511_R123_T29UPA_20250223T152930.SAFE,sentinel-2-c1-l2a,05.11,L1279,Washing Bay,-6.569769770482481,54.523188284062314,True,396.0713035201496,True,provisional_filtered_view_no_row_flags,99.999988,24.853148859100003,3.011814875824864,Sen2Cor_BOA_not_aquatic_Rw,False,,,,0,True,False,352.9038840688248,True,no_probe_within_15min;scl_cloud_shadow_snow_nearby;scl_core_not_all_water;spectra_not_sampled_after_scl_rejection,False,,,,,,,,,,,,,,,,,,,,,,,,,,,,,,,,,,,,,,,,,,,,,,,,,,,,,,,,,,,,,,,,,,,,,,,,,,,,,,,,,,,
S2B_T29UPA_20250223T114351_L2A,2025-02-23,2025-02-23T11:46:17.765000Z,sentinel-2b,S2B_MSIL2A_20250223T114349_N0511_R123_T29UPA_20250223T152930.SAFE,sentinel-2-c1-l2a,05.11,L1284,Toome,-6.466696920835618,54.75354853784675,False,338.87523315847875,True,provisional_filtered_view_no_row_flags,99.999988,24.853148859100003,3.011814875824864,Sen2Cor_BOA_not_aquatic_Rw,False,,,,0,True,False,298.5451035583995,False,footprint_shore_buffer_100m;no_probe_within_15min;outside_lake_polygon;scl_cloud_shadow_snow_nearby;scl_core_not_all_water;spectra_not_sampled_after_scl_rejection,False,,,,,,,,,,,,,,,,,,,,,,,,,,,,,,,,,,,,,,,,,,,,,,,,,,,,,,,,,,,,,,,,,,,,,,,,,,,,,,,,,,,
S2C_T29UPA_20250225T113341_L2A,2025-02-25,2025-02-25T11:36:39.561000Z,sentinel-2c,S2C_MSIL2A_20250225T113341_N0511_R080_T29UPA_20250225T143855.SAFE,sentinel-2-c1-l2a,05.11,L1278,Rea's Wood,-6.241996568375846,54.712602169290584,True,270.8840794505137,True,provisional_filtered_view_no_row_flags,41.184103,25.212665401689193,9.329166465422865,Sen2Cor_BOA_not_aquatic_Rw,False,1.98779547214508,1.28216898441315,0.0,0,True,False,219.1519161730116,True,scl_cloud_shadow_snow_nearby;scl_core_not_all_water;spectra_not_sampled_after_scl_rejection,False,,,,,,,,,,,,,,,,,,,,,,,,,,,,,,,,,,,,,,,,,,,,,,,,,,,,,,,,,,,,,,,,,,,,,,,2.7011182308197,False,False,132768,2025-02-25T11:30:00Z,-6.659350001811982,True,4,0,1.28216898441315,2.7011182308197,2.603964924812315,1
S2C_T29UPA_20250225T113341_L2A,2025-02-25,2025-02-25T11:36:39.561000Z,sentinel-2c,S2C_MSIL2A_20250225T113341_N0511_R080_T29UPA_20250225T143855.SAFE,sentinel-2-c1-l2a,05.11,L1279,Washing Bay,-6.569769770482481,54.523188284062314,True,396.0713035201496,True,provisional_filtered_view_no_row_flags,41.184103,25.212665401689193,9.329166465422865,Sen2Cor_BOA_not_aquatic_Rw,False,,,,9,True,False,352.9038840688248,True,no_probe_within_15min;scl_cloud_shadow_snow_nearby;spectra_not_sampled_after_scl_rejection,False,,,,,,,,,,,,,,,,,,,,,,,,,,,,,,,,,,,,,,,,,,,,,,,,,,,,,,,,,,,,,,,,,,,,,,,,,,,,,,,,,,,
S2C_T29UPA_20250225T113341_L2A,2025-02-25,2025-02-25T11:36:39.561000Z,sentinel-2c,S2C_MSIL2A_20250225T113341_N0511_R080_T29UPA_20250225T143855.SAFE,sentinel-2-c1-l2a,05.11,L1284,Toome,-6.466696920835618,54.75354853784675,False,338.87523315847875,True,provisional_filtered_view_no_row_flags,41.184103,25.212665401689193,9.329166465422865,Sen2Cor_BOA_not_aquatic_Rw,False,,,,0,True,True,298.5451035583995,False,footprint_shore_buffer_100m;no_probe_within_15min;outside_lake_polygon;scl_cloud_shadow_snow_nearby;scl_core_not_all_water;spectra_not_sampled_after_scl_rejection,False,,,,,,,,,,,,,,,,,,,,,,,,,,,,,,,,,,,,,,,,,,,,,,,,,,,,,,,,,,,,,,,,,,,,,,,,,,,,,,,,,,,
S2C_T29UPA_20250228T114411_L2A,2025-02-28,2025-02-28T11:46:37.879000Z,sentinel-2c,S2C_MSIL2A_20250228T114411_N0511_R123_T29UPA_20250228T154511.SAFE,sentinel-2-c1-l2a,05.11,L1278,Rea's Wood,-6.241996568375846,54.712602169290584,True,270.8840794505137,True,provisional_filtered_view_no_row_flags,12.279008,26.7457513011407,2.985842139643213,Sen2Cor_BOA_not_aquatic_Rw,False,0.221069887280464,0.0,0.0,9,False,False,219.1519161730116,True,heterogeneous_red_cv_above_0.2,False,-0.0037499999999999964,0.0015390869306984934,36,924,36,0,,0.003500000000000003,0.001188161771419081,36,1004,0,0,0.3517584191701228,0.002050000000000003,0.0006966132798966689,36,1007,0,0,0.3170427064005068,0.0011999999999999927,0.000646357314322175,9,1007,0,0,0.4729443763332991,0.0005000000000000004,0.0005223404121574743,9,1000,1,0,0.7706661818716825,0.0012999999999999956,0.0005858411700650686,9,1000,1,0,0.5272570530585612,0.0011999999999999927,0.000397562014729218,36,1007,0,0,0.29449038128090266,0.0011999999999999927,0.00029606472432164895,9,1004,0,0,0.2664582518894853,0.0039000000000000007,0.0005537749241945362,9,1029,0,0,0.14446302370292252,0.0031999999999999945,0.0005459163776239194,9,1021,0,0,0.1730016689653266,0.111687488853931,False,False,132388,2025-02-28T12:00:00Z,13.36868333419164,True,4,0,0.0,0.221069887280464,0.1457960121333595,1
S2C_T29UPA_20250228T114411_L2A,2025-02-28,2025-02-28T11:46:37.879000Z,sentinel-2c,S2C_MSIL2A_20250228T114411_N0511_R123_T29UPA_20250228T154511.SAFE,sentinel-2-c1-l2a,05.11,L1279,Washing Bay,-6.569769770482481,54.523188284062314,True,396.0713035201496,True,provisional_filtered_view_no_row_flags,12.279008,26.7457513011407,2.985842139643213,Sen2Cor_BOA_not_aquatic_Rw,False,,,,9,False,False,352.9038840688248,True,no_probe_within_15min,False,-0.0012999999999999956,0.0012369566396584243,36,961,29,0,,0.00655,0.0011223700397697905,36,1042,0,0,0.172598553745034,0.007350000000000002,0.0007779513695169725,36,1051,0,0,0.10792388941275921,0.005400000000000002,0.0006055300708194976,9,1044,0,0,0.112135198299907,0.0020000000000000018,0.0003620926830400079,9,1014,0,0,0.19397822305714715,0.0020000000000000018,0.00031972210155417966,9,1015,0,0,0.15724037781353098,0.003500000000000003,0.0002798257835436235,36,1023,0,0,0.08216744051851912,0.0020000000000000018,0.00043574825669172236,9,1010,0,0,0.24358598200158388,0.0039000000000000007,0.0005626217289409837,9,1028,0,0,0.1438521466042288,0.0029,0.0006359594676112984,9,1018,0,0,0.22184632591091813,,,,,,,,,,,,,
S2C_T29UPA_20250228T114411_L2A,2025-02-28,2025-02-28T11:46:37.879000Z,sentinel-2c,S2C_MSIL2A_20250228T114411_N0511_R123_T29UPA_20250228T154511.SAFE,sentinel-2-c1-l2a,05.11,L1284,Toome,-6.466696920835618,54.75354853784675,False,338.87523315847875,True,provisional_filtered_view_no_row_flags,12.279008,26.7457513011407,2.985842139643213,Sen2Cor_BOA_not_aquatic_Rw,False,,,,5,False,True,298.5451035583995,False,footprint_shore_buffer_100m;no_probe_within_15min;outside_lake_polygon;scl_core_not_all_water;spectra_not_sampled_after_scl_rejection,False,,,,,,,,,,,,,,,,,,,,,,,,,,,,,,,,,,,,,,,,,,,,,,,,,,,,,,,,,,,,,,,,,,,,,,,,,,,,,,,,,,,
S2B_T29UPA_20250302T113320_L2A,2025-03-02,2025-03-02T11:36:18.893000Z,sentinel-2b,S2B_MSIL2A_20250302T113319_N0511_R080_T29UPA_20250302T122628.SAFE,sentinel-2-c1-l2a,05.11,L1278,Rea's Wood,-6.241996568375846,54.712602169290584,True,270.8840794505137,True,provisional_filtered_view_no_row_flags,99.131334,27.099397637616804,9.274593496818511,Sen2Cor_BOA_not_aquatic_Rw,False,0.0,0.0,0.0,0,True,False,219.1519161730116,True,scl_cloud_shadow_snow_nearby;scl_core_not_all_water;spectra_not_sampled_after_scl_rejection;zero_or_negative_probe_requires_review,False,,,,,,,,,,,,,,,,,,,,,,,,,,,,,,,,,,,,,,,,,,,,,,,,,,,,,,,,,,,,,,,,,,,,,,,0.0,False,False,132483,2025-03-02T11:30:00Z,-6.314883331457774,True,4,0,0.0,0.0,0.0,1
S2B_T29UPA_20250302T113320_L2A,2025-03-02,2025-03-02T11:36:18.893000Z,sentinel-2b,S2B_MSIL2A_20250302T113319_N0511_R080_T29UPA_20250302T122628.SAFE,sentinel-2-c1-l2a,05.11,L1279,Washing Bay,-6.569769770482481,54.523188284062314,True,396.0713035201496,True,provisional_filtered_view_no_row_flags,99.131334,27.099397637616804,9.274593496818511,Sen2Cor_BOA_not_aquatic_Rw,False,,,,0,True,False,352.9038840688248,True,no_probe_within_15min;scl_cloud_shadow_snow_nearby;scl_core_not_all_water;spectra_not_sampled_after_scl_rejection,False,,,,,,,,,,,,,,,,,,,,,,,,,,,,,,,,,,,,,,,,,,,,,,,,,,,,,,,,,,,,,,,,,,,,,,,,,,,,,,,,,,,
S2B_T29UPA_20250302T113320_L2A,2025-03-02,2025-03-02T11:36:18.893000Z,sentinel-2b,S2B_MSIL2A_20250302T113319_N0511_R080_T29UPA_20250302T122628.SAFE,sentinel-2-c1-l2a,05.11,L1284,Toome,-6.466696920835618,54.75354853784675,False,338.87523315847875,True,provisional_filtered_view_no_row_flags,99.131334,27.099397637616804,9.274593496818511,Sen2Cor_BOA_not_aquatic_Rw,False,,,,0,True,False,298.5451035583995,False,footprint_shore_buffer_100m;no_probe_within_15min;outside_lake_polygon;scl_cloud_shadow_snow_nearby;scl_core_not_all_water;spectra_not_sampled_after_scl_rejection,False,,,,,,,,,,,,,,,,,,,,,,,,,,,,,,,,,,,,,,,,,,,,,,,,,,,,,,,,,,,,,,,,,,,,,,,,,,,,,,,,,,,
S2B_T29UPA_20250305T114350_L2A,2025-03-05,2025-03-05T11:46:16.665000Z,sentinel-2b,S2B_MSIL2A_20250305T114349_N0511_R123_T29UPA_20250305T135502.SAFE,sentinel-2-c1-l2a,05.11,L1278,Rea's Wood,-6.241996568375846,54.712602169290584,True,270.8840794505137,True,provisional_filtered_view_no_row_flags,99.996382,28.6674154502022,3.009823763548393,Sen2Cor_BOA_not_aquatic_Rw,False,1.04791331291199,1.17063891887665,0.0,0,True,False,219.1519161730116,True,scl_cloud_shadow_snow_nearby;scl_core_not_all_water;spectra_not_sampled_after_scl_rejection,False,,,,,,,,,,,,,,,,,,,,,,,,,,,,,,,,,,,,,,,,,,,,,,,,,,,,,,,,,,,,,,,,,,,,,,,1.09739410877228,False,False,136177,2025-03-05T12:00:00Z,13.722250000635784,True,4,0,0.44560369849205,1.10301160812378,1.072653710842135,1
S2B_T29UPA_20250305T114350_L2A,2025-03-05,2025-03-05T11:46:16.665000Z,sentinel-2b,S2B_MSIL2A_20250305T114349_N0511_R123_T29UPA_20250305T135502.SAFE,sentinel-2-c1-l2a,05.11,L1279,Washing Bay,-6.569769770482481,54.523188284062314,True,396.0713035201496,True,provisional_filtered_view_no_row_flags,99.996382,28.6674154502022,3.009823763548393,Sen2Cor_BOA_not_aquatic_Rw,False,,,,0,True,False,352.9038840688248,True,no_probe_within_15min;scl_cloud_shadow_snow_nearby;scl_core_not_all_water;spectra_not_sampled_after_scl_rejection,False,,,,,,,,,,,,,,,,,,,,,,,,,,,,,,,,,,,,,,,,,,,,,,,,,,,,,,,,,,,,,,,,,,,,,,,,,,,,,,,,,,,
S2B_T29UPA_20250305T114350_L2A,2025-03-05,2025-03-05T11:46:16.665000Z,sentinel-2b,S2B_MSIL2A_20250305T114349_N0511_R123_T29UPA_20250305T135502.SAFE,sentinel-2-c1-l2a,05.11,L1284,Toome,-6.466696920835618,54.75354853784675,False,338.87523315847875,True,provisional_filtered_view_no_row_flags,99.996382,28.6674154502022,3.009823763548393,Sen2Cor_BOA_not_aquatic_Rw,False,,,,0,True,False,298.5451035583995,False,footprint_shore_buffer_100m;no_probe_within_15min;outside_lake_polygon;scl_cloud_shadow_snow_nearby;scl_core_not_all_water;spectra_not_sampled_after_scl_rejection,False,,,,,,,,,,,,,,,,,,,,,,,,,,,,,,,,,,,,,,,,,,,,,,,,,,,,,,,,,,,,,,,,,,,,,,,,,,,,,,,,,,,
S2C_T29UPA_20250307T113341_L2A,2025-03-07,2025-03-07T11:36:39.807000Z,sentinel-2c,S2C_MSIL2A_20250307T113341_N0511_R080_T29UPA_20250307T144613.SAFE,sentinel-2-c1-l2a,05.11,L1278,Rea's Wood,-6.241996568375846,54.712602169290584,True,270.8840794505137,True,provisional_filtered_view_no_row_flags,99.820453,29.0655959911484,9.313842102503166,Sen2Cor_BOA_not_aquatic_Rw,False,0.0,0.0,0.0,0,True,False,219.1519161730116,True,scl_cloud_shadow_snow_nearby;scl_core_not_all_water;spectra_not_sampled_after_scl_rejection;zero_or_negative_probe_requires_review,False,,,,,,,,,,,,,,,,,,,,,,,,,,,,,,,,,,,,,,,,,,,,,,,,,,,,,,,,,,,,,,,,,,,,,,,0.0,False,False,136544,2025-03-07T11:30:00Z,-6.663449998696645,True,4,0,0.0,0.0,0.0,1
S2C_T29UPA_20250307T113341_L2A,2025-03-07,2025-03-07T11:36:39.807000Z,sentinel-2c,S2C_MSIL2A_20250307T113341_N0511_R080_T29UPA_20250307T144613.SAFE,sentinel-2-c1-l2a,05.11,L1279,Washing Bay,-6.569769770482481,54.523188284062314,True,396.0713035201496,True,provisional_filtered_view_no_row_flags,99.820453,29.0655959911484,9.313842102503166,Sen2Cor_BOA_not_aquatic_Rw,False,,,,0,True,False,352.9038840688248,True,no_probe_within_15min;scl_cloud_shadow_snow_nearby;scl_core_not_all_water;spectra_not_sampled_after_scl_rejection,False,,,,,,,,,,,,,,,,,,,,,,,,,,,,,,,,,,,,,,,,,,,,,,,,,,,,,,,,,,,,,,,,,,,,,,,,,,,,,,,,,,,
S2C_T29UPA_20250307T113341_L2A,2025-03-07,2025-03-07T11:36:39.807000Z,sentinel-2c,S2C_MSIL2A_20250307T113341_N0511_R080_T29UPA_20250307T144613.SAFE,sentinel-2-c1-l2a,05.11,L1284,Toome,-6.466696920835618,54.75354853784675,False,338.87523315847875,True,provisional_filtered_view_no_row_flags,99.820453,29.0655959911484,9.313842102503166,Sen2Cor_BOA_not_aquatic_Rw,False,,,,0,True,False,298.5451035583995,False,footprint_shore_buffer_100m;no_probe_within_15min;outside_lake_polygon;scl_cloud_shadow_snow_nearby;scl_core_not_all_water;spectra_not_sampled_after_scl_rejection,False,,,,,,,,,,,,,,,,,,,,,,,,,,,,,,,,,,,,,,,,,,,,,,,,,,,,,,,,,,,,,,,,,,,,,,,,,,,,,,,,,,,
S2C_T29UPA_20250310T114410_L2A,2025-03-10,2025-03-10T11:46:36.898000Z,sentinel-2c,S2C_MSIL2A_20250310T114411_N0511_R123_T29UPA_20250310T165412.SAFE,sentinel-2-c1-l2a,05.11,L1278,Rea's Wood,-6.241996568375846,54.712602169290584,True,270.8840794505137,True,provisional_filtered_view_no_row_flags,71.319717,30.65335693398,2.9906991474055555,Sen2Cor_BOA_not_aquatic_Rw,False,0.0,0.0,0.0,0,True,False,219.1519161730116,True,scl_cloud_shadow_snow_nearby;scl_core_not_all_water;spectra_not_sampled_after_scl_rejection;zero_or_negative_probe_requires_review,False,,,,,,,,,,,,,,,,,,,,,,,,,,,,,,,,,,,,,,,,,,,,,,,,,,,,,,,,,,,,,,,,,,,,,,,0.0,False,False,137235,2025-03-10T12:00:00Z,13.385033333301545,True,4,0,0.0,0.0,0.0,1
S2C_T29UPA_20250310T114410_L2A,2025-03-10,2025-03-10T11:46:36.898000Z,sentinel-2c,S2C_MSIL2A_20250310T114411_N0511_R123_T29UPA_20250310T165412.SAFE,sentinel-2-c1-l2a,05.11,L1279,Washing Bay,-6.569769770482481,54.523188284062314,True,396.0713035201496,True,provisional_filtered_view_no_row_flags,71.319717,30.65335693398,2.9906991474055555,Sen2Cor_BOA_not_aquatic_Rw,False,,,,0,True,False,352.9038840688248,True,no_probe_within_15min;scl_cloud_shadow_snow_nearby;scl_core_not_all_water;spectra_not_sampled_after_scl_rejection,False,,,,,,,,,,,,,,,,,,,,,,,,,,,,,,,,,,,,,,,,,,,,,,,,,,,,,,,,,,,,,,,,,,,,,,,,,,,,,,,,,,,
S2C_T29UPA_20250310T114410_L2A,2025-03-10,2025-03-10T11:46:36.898000Z,sentinel-2c,S2C_MSIL2A_20250310T114411_N0511_R123_T29UPA_20250310T165412.SAFE,sentinel-2-c1-l2a,05.11,L1284,Toome,-6.466696920835618,54.75354853784675,False,338.87523315847875,True,provisional_filtered_view_no_row_flags,71.319717,30.65335693398,2.9906991474055555,Sen2Cor_BOA_not_aquatic_Rw,False,,,,0,True,False,298.5451035583995,False,footprint_shore_buffer_100m;no_probe_within_15min;outside_lake_polygon;scl_cloud_shadow_snow_nearby;scl_core_not_all_water;spectra_not_sampled_after_scl_rejection,False,,,,,,,,,,,,,,,,,,,,,,,,,,,,,,,,,,,,,,,,,,,,,,,,,,,,,,,,,,,,,,,,,,,,,,,,,,,,,,,,,,,
S2B_T29UPA_20250312T113609_L2A,2025-03-12,2025-03-12T11:36:19.665000Z,sentinel-2b,S2B_MSIL2A_20250312T113319_N0511_R080_T29UPA_20250312T152656.SAFE,sentinel-2-c1-l2a,05.11,L1278,Rea's Wood,-6.241996568375846,54.712602169290584,True,270.8840794505137,True,provisional_filtered_view_no_row_flags,6.531833,31.034393409971898,9.202150128302872,Sen2Cor_BOA_not_aquatic_Rw,False,0.0,0.0,0.0,9,False,False,219.1519161730116,True,zero_or_negative_probe_requires_review,False,0.012200000000000003,0.001568465771556144,36,1094,0,0,0.12894443429098237,0.012000000000000004,0.0012570050629949988,36,1096,0,0,0.10494476407193867,0.009400000000000006,0.0015503583815076796,36,1069,0,0,0.16177652676601875,0.006699999999999998,0.0011925695879998874,9,1052,0,0,0.1779954608955056,0.006400000000000003,0.0012719189352225953,9,1049,0,0,0.18523091289649443,0.0092,0.0008192137151629682,9,1075,0,0,0.09239252426650019,0.008499999999999994,0.0006574126238708011,36,1074,0,0,0.0755164469028361,0.008300000000000002,0.0008292492514242346,9,1066,0,0,0.10351238922077827,0.006199999999999997,0.0005416025603090652,9,1051,0,0,0.08927514730369207,0.0058,0.0007340064251072769,9,1052,0,0,0.12054850047382287,0.0,False,False,135826,2025-03-12T11:30:00Z,-6.327749999364217,True,4,0,0.0,0.0,0.0,1
S2B_T29UPA_20250312T113609_L2A,2025-03-12,2025-03-12T11:36:19.665000Z,sentinel-2b,S2B_MSIL2A_20250312T113319_N0511_R080_T29UPA_20250312T152656.SAFE,sentinel-2-c1-l2a,05.11,L1279,Washing Bay,-6.569769770482481,54.523188284062314,True,396.0713035201496,True,provisional_filtered_view_no_row_flags,6.531833,31.034393409971898,9.202150128302872,Sen2Cor_BOA_not_aquatic_Rw,False,,,,9,False,False,352.9038840688248,True,no_probe_within_15min,False,0.01865,0.0016440877991634219,36,1155,0,0,0.08865662188418692,0.02105,0.000793895497989752,36,1189,0,0,0.03754136073509927,0.02425,0.0013114877048603989,36,1218,0,0,0.05397068744281476,0.0238,0.0012434519852033577,9,1215,0,0,0.052294709658085144,0.012300000000000005,0.0005617433182117587,9,1119,0,0,0.04481994560200202,0.012899999999999995,0.0012626642418530427,9,1111,0,0,0.09779671408500332,0.012700000000000003,0.0007113280918964108,36,1113,0,0,0.05596112611073161,0.008900000000000005,0.00043147750753216684,9,1087,0,0,0.047531181980287655,0.0040000000000000036,0.0006961977865697984,9,1030,0,0,0.17213681536066444,0.0032999999999999974,0.000467723670663316,9,1028,0,0,0.13321243784714706,,,,,,,,,,,,,
S2B_T29UPA_20250312T113609_L2A,2025-03-12,2025-03-12T11:36:19.665000Z,sentinel-2b,S2B_MSIL2A_20250312T113319_N0511_R080_T29UPA_20250312T152656.SAFE,sentinel-2-c1-l2a,05.11,L1284,Toome,-6.466696920835618,54.75354853784675,False,338.87523315847875,True,provisional_filtered_view_no_row_flags,6.531833,31.034393409971898,9.202150128302872,Sen2Cor_BOA_not_aquatic_Rw,False,,,,5,False,True,298.5451035583995,False,footprint_shore_buffer_100m;no_probe_within_15min;outside_lake_polygon;scl_core_not_all_water;spectra_not_sampled_after_scl_rejection,False,,,,,,,,,,,,,,,,,,,,,,,,,,,,,,,,,,,,,,,,,,,,,,,,,,,,,,,,,,,,,,,,,,,,,,,,,,,,,,,,,,,
S2B_T29UPA_20250315T114349_L2A,2025-03-15,2025-03-15T11:46:15.533000Z,sentinel-2b,S2B_MSIL2A_20250315T114349_N0511_R123_T29UPA_20250315T170706.SAFE,sentinel-2-c1-l2a,05.11,L1278,Rea's Wood,-6.241996568375846,54.712602169290584,True,270.8840794505137,True,provisional_filtered_view_no_row_flags,64.173257,32.6379263373947,2.9958097957609438,Sen2Cor_BOA_not_aquatic_Rw,False,0.0,0.0,0.0,0,True,False,219.1519161730116,True,scl_cloud_shadow_snow_nearby;scl_core_not_all_water;spectra_not_sampled_after_scl_rejection;zero_or_negative_probe_requires_review,False,,,,,,,,,,,,,,,,,,,,,,,,,,,,,,,,,,,,,,,,,,,,,,,,,,,,,,,,,,,,,,,,,,,,,,,0.0,False,False,135636,2025-03-15T12:00:00Z,13.741116666793824,True,4,0,0.0,0.0,0.0,1
S2B_T29UPA_20250315T114349_L2A,2025-03-15,2025-03-15T11:46:15.533000Z,sentinel-2b,S2B_MSIL2A_20250315T114349_N0511_R123_T29UPA_20250315T170706.SAFE,sentinel-2-c1-l2a,05.11,L1279,Washing Bay,-6.569769770482481,54.523188284062314,True,396.0713035201496,True,provisional_filtered_view_no_row_flags,64.173257,32.6379263373947,2.9958097957609438,Sen2Cor_BOA_not_aquatic_Rw,False,,,,0,True,False,352.9038840688248,True,no_probe_within_15min;scl_cloud_shadow_snow_nearby;scl_core_not_all_water;spectra_not_sampled_after_scl_rejection,False,,,,,,,,,,,,,,,,,,,,,,,,,,,,,,,,,,,,,,,,,,,,,,,,,,,,,,,,,,,,,,,,,,,,,,,,,,,,,,,,,,,
S2B_T29UPA_20250315T114349_L2A,2025-03-15,2025-03-15T11:46:15.533000Z,sentinel-2b,S2B_MSIL2A_20250315T114349_N0511_R123_T29UPA_20250315T170706.SAFE,sentinel-2-c1-l2a,05.11,L1284,Toome,-6.466696920835618,54.75354853784675,False,338.87523315847875,True,provisional_filtered_view_no_row_flags,64.173257,32.6379263373947,2.9958097957609438,Sen2Cor_BOA_not_aquatic_Rw,False,,,,0,True,False,298.5451035583995,False,footprint_shore_buffer_100m;no_probe_within_15min;outside_lake_polygon;scl_cloud_shadow_snow_nearby;scl_core_not_all_water;spectra_not_sampled_after_scl_rejection,False,,,,,,,,,,,,,,,,,,,,,,,,,,,,,,,,,,,,,,,,,,,,,,,,,,,,,,,,,,,,,,,,,,,,,,,,,,,,,,,,,,,
S2C_T29UPA_20250317T113341_L2A,2025-03-17,2025-03-17T11:36:39.431000Z,sentinel-2c,S2C_MSIL2A_20250317T113341_N0511_R080_T29UPA_20250317T163414.SAFE,sentinel-2-c1-l2a,05.11,L1278,Rea's Wood,-6.241996568375846,54.712602169290584,True,270.8840794505137,True,provisional_filtered_view_no_row_flags,99.989635,33.0545217185945,9.29078041087231,Sen2Cor_BOA_not_aquatic_Rw,False,0.0,0.0,0.0,0,True,False,219.1519161730116,True,scl_cloud_shadow_snow_nearby;scl_core_not_all_water;spectra_not_sampled_after_scl_rejection;zero_or_negative_probe_requires_review,False,,,,,,,,,,,,,,,,,,,,,,,,,,,,,,,,,,,,,,,,,,,,,,,,,,,,,,,,,,,,,,,,,,,,,,,0.0,False,False,136402,2025-03-17T11:30:00Z,-6.657183333237966,True,4,0,0.0,0.0,0.0,1
S2C_T29UPA_20250317T113341_L2A,2025-03-17,2025-03-17T11:36:39.431000Z,sentinel-2c,S2C_MSIL2A_20250317T113341_N0511_R080_T29UPA_20250317T163414.SAFE,sentinel-2-c1-l2a,05.11,L1279,Washing Bay,-6.569769770482481,54.523188284062314,True,396.0713035201496,True,provisional_filtered_view_no_row_flags,99.989635,33.0545217185945,9.29078041087231,Sen2Cor_BOA_not_aquatic_Rw,False,,,,0,True,False,352.9038840688248,True,no_probe_within_15min;scl_cloud_shadow_snow_nearby;scl_core_not_all_water;spectra_not_sampled_after_scl_rejection,False,,,,,,,,,,,,,,,,,,,,,,,,,,,,,,,,,,,,,,,,,,,,,,,,,,,,,,,,,,,,,,,,,,,,,,,,,,,,,,,,,,,
S2C_T29UPA_20250317T113341_L2A,2025-03-17,2025-03-17T11:36:39.431000Z,sentinel-2c,S2C_MSIL2A_20250317T113341_N0511_R080_T29UPA_20250317T163414.SAFE,sentinel-2-c1-l2a,05.11,L1284,Toome,-6.466696920835618,54.75354853784675,False,338.87523315847875,True,provisional_filtered_view_no_row_flags,99.989635,33.0545217185945,9.29078041087231,Sen2Cor_BOA_not_aquatic_Rw,False,,,,0,True,False,298.5451035583995,False,footprint_shore_buffer_100m;no_probe_within_15min;outside_lake_polygon;scl_cloud_shadow_snow_nearby;scl_core_not_all_water;spectra_not_sampled_after_scl_rejection,False,,,,,,,,,,,,,,,,,,,,,,,,,,,,,,,,,,,,,,,,,,,,,,,,,,,,,,,,,,,,,,,,,,,,,,,,,,,,,,,,,,,
S2A_T29UPA_20250319T113532_L2A,2025-03-19,2025-03-19T11:36:28.052000Z,sentinel-2a,S2A_MSIL2A_20250319T113331_N0511_R080_T29UPA_20250319T162057.SAFE,sentinel-2-c1-l2a,05.11,L1278,Rea's Wood,-6.241996568375846,54.712602169290584,True,270.8840794505137,True,provisional_filtered_view_no_row_flags,3.539511,33.8502876135562,9.291662516323838,Sen2Cor_BOA_not_aquatic_Rw,False,0.0,0.0,0.0,9,False,False,219.1519161730116,True,zero_or_negative_probe_requires_review,False,0.03169999999999999,0.004321958003920711,36,1256,0,0,0.13092434209116924,0.03125,0.003938626382100465,36,1252,0,0,0.12295399736005609,0.024099999999999996,0.002335757669127705,36,1210,0,0,0.09504609030021179,0.024900000000000005,0.002363613053498114,9,1215,0,0,0.09530697796363362,0.02679999999999999,0.0016555928407434575,9,1252,0,0,0.06089225813931801,0.02679999999999999,0.0024418167694981703,9,1221,0,0,0.0959665979278757,0.026400000000000007,0.004553753030925882,36,1232,0,0,0.16167170523997215,0.024800000000000003,0.002529822128134704,9,1194,0,0,0.1061463829986589,0.011700000000000002,0.0016295875415440412,9,1102,0,0,0.13617723188390313,0.008099999999999996,0.0008650982959920772,9,1057,0,0,0.1156892223466374,0.0,False,False,137932,2025-03-19T11:30:00Z,-6.467533334096273,True,4,0,0.0,0.0,0.0,1
S2A_T29UPA_20250319T113532_L2A,2025-03-19,2025-03-19T11:36:28.052000Z,sentinel-2a,S2A_MSIL2A_20250319T113331_N0511_R080_T29UPA_20250319T162057.SAFE,sentinel-2-c1-l2a,05.11,L1279,Washing Bay,-6.569769770482481,54.523188284062314,True,396.0713035201496,True,provisional_filtered_view_no_row_flags,3.539511,33.8502876135562,9.291662516323838,Sen2Cor_BOA_not_aquatic_Rw,False,,,,9,False,False,352.9038840688248,True,no_probe_within_15min,False,0.025050000000000003,0.0012735558269838217,36,1220,0,0,0.050638402663372634,0.024049999999999995,0.0010275375094532244,36,1212,0,0,0.04272505236811744,0.017699999999999994,0.0007748755375964794,36,1158,0,0,0.04399924188244994,0.016100000000000003,0.0008550503558920435,9,1158,0,0,0.05130302135352262,0.015799999999999995,0.0006182412330330465,9,1149,0,0,0.03912919196411686,0.0155,0.0005159194118330641,9,1149,0,0,0.033237471055816585,0.014600000000000002,0.0006726295827240694,36,1127,0,0,0.046954944692779714,0.014499999999999999,0.0004863570806275375,9,1138,0,0,0.03351618472930963,0.0059000000000000025,0.0006000000000000015,9,1052,0,0,0.10000000000000023,0.005199999999999996,0.0004049081590730816,9,1046,0,0,0.07904931522034137,,,,,,,,,,,,,
S2A_T29UPA_20250319T113532_L2A,2025-03-19,2025-03-19T11:36:28.052000Z,sentinel-2a,S2A_MSIL2A_20250319T113331_N0511_R080_T29UPA_20250319T162057.SAFE,sentinel-2-c1-l2a,05.11,L1284,Toome,-6.466696920835618,54.75354853784675,False,338.87523315847875,True,provisional_filtered_view_no_row_flags,3.539511,33.8502876135562,9.291662516323838,Sen2Cor_BOA_not_aquatic_Rw,False,,,,5,True,True,298.5451035583995,False,footprint_shore_buffer_100m;no_probe_within_15min;outside_lake_polygon;scl_cloud_shadow_snow_nearby;scl_core_not_all_water;spectra_not_sampled_after_scl_rejection,False,,,,,,,,,,,,,,,,,,,,,,,,,,,,,,,,,,,,,,,,,,,,,,,,,,,,,,,,,,,,,,,,,,,,,,,,,,,,,,,,,,,
S2C_T29UPA_20250320T114410_L2A,2025-03-20,2025-03-20T11:46:36.984000Z,sentinel-2c,S2C_MSIL2A_20250320T114411_N0511_R123_T29UPA_20250320T165221.SAFE,sentinel-2-c1-l2a,05.11,L1278,Rea's Wood,-6.241996568375846,54.712602169290584,True,270.8840794505137,True,provisional_filtered_view_no_row_flags,99.999923,34.6590054770261,3.0049963546712353,Sen2Cor_BOA_not_aquatic_Rw,False,,0.0,0.0,0,True,False,219.1519161730116,True,scl_cloud_shadow_snow_nearby;scl_core_not_all_water;spectra_not_sampled_after_scl_rejection;zero_or_negative_probe_requires_review,False,,,,,,,,,,,,,,,,,,,,,,,,,,,,,,,,,,,,,,,,,,,,,,,,,,,,,,,,,,,,,,,,,,,,,,,0.0,False,False,138680,2025-03-20T12:00:00Z,13.383600000540415,True,3,0,0.0,0.0,0.0,1
S2C_T29UPA_20250320T114410_L2A,2025-03-20,2025-03-20T11:46:36.984000Z,sentinel-2c,S2C_MSIL2A_20250320T114411_N0511_R123_T29UPA_20250320T165221.SAFE,sentinel-2-c1-l2a,05.11,L1279,Washing Bay,-6.569769770482481,54.523188284062314,True,396.0713035201496,True,provisional_filtered_view_no_row_flags,99.999923,34.6590054770261,3.0049963546712353,Sen2Cor_BOA_not_aquatic_Rw,False,,,,0,True,False,352.9038840688248,True,no_probe_within_15min;scl_cloud_shadow_snow_nearby;scl_core_not_all_water;spectra_not_sampled_after_scl_rejection,False,,,,,,,,,,,,,,,,,,,,,,,,,,,,,,,,,,,,,,,,,,,,,,,,,,,,,,,,,,,,,,,,,,,,,,,,,,,,,,,,,,,
S2C_T29UPA_20250320T114410_L2A,2025-03-20,2025-03-20T11:46:36.984000Z,sentinel-2c,S2C_MSIL2A_20250320T114411_N0511_R123_T29UPA_20250320T165221.SAFE,sentinel-2-c1-l2a,05.11,L1284,Toome,-6.466696920835618,54.75354853784675,False,338.87523315847875,True,provisional_filtered_view_no_row_flags,99.999923,34.6590054770261,3.0049963546712353,Sen2Cor_BOA_not_aquatic_Rw,False,,,,0,True,False,298.5451035583995,False,footprint_shore_buffer_100m;no_probe_within_15min;outside_lake_polygon;scl_cloud_shadow_snow_nearby;scl_core_not_all_water;spectra_not_sampled_after_scl_rejection,False,,,,,,,,,,,,,,,,,,,,,,,,,,,,,,,,,,,,,,,,,,,,,,,,,,,,,,,,,,,,,,,,,,,,,,,,,,,,,,,,,,,
S2B_T29UPA_20250322T113320_L2A,2025-03-22,2025-03-22T11:36:18.892000Z,sentinel-2b,S2B_MSIL2A_20250322T113319_N0511_R080_T29UPA_20250322T134052.SAFE,sentinel-2-c1-l2a,05.11,L1278,Rea's Wood,-6.241996568375846,54.712602169290584,True,270.8840794505137,True,provisional_filtered_view_no_row_flags,99.897563,35.0493552644333,9.284309578289141,Sen2Cor_BOA_not_aquatic_Rw,False,0.0,0.0,0.0,0,True,False,219.1519161730116,True,scl_cloud_shadow_snow_nearby;scl_core_not_all_water;spectra_not_sampled_after_scl_rejection;zero_or_negative_probe_requires_review,False,,,,,,,,,,,,,,,,,,,,,,,,,,,,,,,,,,,,,,,,,,,,,,,,,,,,,,,,,,,,,,,,,,,,,,,0.0,False,False,139491,2025-03-22T11:30:00Z,-6.314866665999094,True,4,0,0.0,0.0,0.0,1
S2B_T29UPA_20250322T113320_L2A,2025-03-22,2025-03-22T11:36:18.892000Z,sentinel-2b,S2B_MSIL2A_20250322T113319_N0511_R080_T29UPA_20250322T134052.SAFE,sentinel-2-c1-l2a,05.11,L1279,Washing Bay,-6.569769770482481,54.523188284062314,True,396.0713035201496,True,provisional_filtered_view_no_row_flags,99.897563,35.0493552644333,9.284309578289141,Sen2Cor_BOA_not_aquatic_Rw,False,,,,0,True,False,352.9038840688248,True,no_probe_within_15min;scl_cloud_shadow_snow_nearby;scl_core_not_all_water;spectra_not_sampled_after_scl_rejection,False,,,,,,,,,,,,,,,,,,,,,,,,,,,,,,,,,,,,,,,,,,,,,,,,,,,,,,,,,,,,,,,,,,,,,,,,,,,,,,,,,,,
S2B_T29UPA_20250322T113320_L2A,2025-03-22,2025-03-22T11:36:18.892000Z,sentinel-2b,S2B_MSIL2A_20250322T113319_N0511_R080_T29UPA_20250322T134052.SAFE,sentinel-2-c1-l2a,05.11,L1284,Toome,-6.466696920835618,54.75354853784675,False,338.87523315847875,True,provisional_filtered_view_no_row_flags,99.897563,35.0493552644333,9.284309578289141,Sen2Cor_BOA_not_aquatic_Rw,False,,,,0,True,False,298.5451035583995,False,footprint_shore_buffer_100m;no_probe_within_15min;outside_lake_polygon;scl_cloud_shadow_snow_nearby;scl_core_not_all_water;spectra_not_sampled_after_scl_rejection,False,,,,,,,,,,,,,,,,,,,,,,,,,,,,,,,,,,,,,,,,,,,,,,,,,,,,,,,,,,,,,,,,,,,,,,,,,,,,,,,,,,,
S2A_T29UPA_20250322T114358_L2A,2025-03-22,2025-03-22T11:46:24.736000Z,sentinel-2a,S2A_MSIL2A_20250322T114401_N0511_R123_T29UPA_20250322T153912.SAFE,sentinel-2-c1-l2a,05.11,L1278,Rea's Wood,-6.241996568375846,54.712602169290584,True,270.8840794505137,True,provisional_filtered_view_no_row_flags,99.93006,35.4546162517631,2.9811753125937925,Sen2Cor_BOA_not_aquatic_Rw,False,0.0,0.0,0.0,0,True,False,219.1519161730116,True,scl_cloud_shadow_snow_nearby;scl_core_not_all_water;spectra_not_sampled_after_scl_rejection;zero_or_negative_probe_requires_review,False,,,,,,,,,,,,,,,,,,,,,,,,,,,,,,,,,,,,,,,,,,,,,,,,,,,,,,,,,,,,,,,,,,,,,,,0.0,False,False,139500,2025-03-22T12:00:00Z,13.58773333231608,True,4,0,0.0,0.0,0.0,1
S2A_T29UPA_20250322T114358_L2A,2025-03-22,2025-03-22T11:46:24.736000Z,sentinel-2a,S2A_MSIL2A_20250322T114401_N0511_R123_T29UPA_20250322T153912.SAFE,sentinel-2-c1-l2a,05.11,L1279,Washing Bay,-6.569769770482481,54.523188284062314,True,396.0713035201496,True,provisional_filtered_view_no_row_flags,99.93006,35.4546162517631,2.9811753125937925,Sen2Cor_BOA_not_aquatic_Rw,False,,,,0,True,False,352.9038840688248,True,no_probe_within_15min;scl_cloud_shadow_snow_nearby;scl_core_not_all_water;spectra_not_sampled_after_scl_rejection,False,,,,,,,,,,,,,,,,,,,,,,,,,,,,,,,,,,,,,,,,,,,,,,,,,,,,,,,,,,,,,,,,,,,,,,,,,,,,,,,,,,,
S2A_T29UPA_20250322T114358_L2A,2025-03-22,2025-03-22T11:46:24.736000Z,sentinel-2a,S2A_MSIL2A_20250322T114401_N0511_R123_T29UPA_20250322T153912.SAFE,sentinel-2-c1-l2a,05.11,L1284,Toome,-6.466696920835618,54.75354853784675,False,338.87523315847875,True,provisional_filtered_view_no_row_flags,99.93006,35.4546162517631,2.9811753125937925,Sen2Cor_BOA_not_aquatic_Rw,False,,,,0,True,False,298.5451035583995,False,footprint_shore_buffer_100m;no_probe_within_15min;outside_lake_polygon;scl_cloud_shadow_snow_nearby;scl_core_not_all_water;spectra_not_sampled_after_scl_rejection,False,,,,,,,,,,,,,,,,,,,,,,,,,,,,,,,,,,,,,,,,,,,,,,,,,,,,,,,,,,,,,,,,,,,,,,,,,,,,,,,,,,,
S2B_T29UPA_20250325T114350_L2A,2025-03-25,2025-03-25T11:46:16.282000Z,sentinel-2b,S2B_MSIL2A_20250325T114349_N0511_R123_T29UPA_20250325T152954.SAFE,sentinel-2-c1-l2a,05.11,L1278,Rea's Wood,-6.241996568375846,54.712602169290584,True,270.8840794505137,True,provisional_filtered_view_no_row_flags,90.456915,36.651098559258,2.9985565147751,Sen2Cor_BOA_not_aquatic_Rw,False,0.0,0.0,0.0,0,True,False,219.1519161730116,True,scl_cloud_shadow_snow_nearby;scl_core_not_all_water;spectra_not_sampled_after_scl_rejection;zero_or_negative_probe_requires_review,False,,,,,,,,,,,,,,,,,,,,,,,,,,,,,,,,,,,,,,,,,,,,,,,,,,,,,,,,,,,,,,,,,,,,,,,0.0,False,False,138161,2025-03-25T12:00:00Z,13.728633332252503,True,4,0,0.0,0.0,0.0,1
S2B_T29UPA_20250325T114350_L2A,2025-03-25,2025-03-25T11:46:16.282000Z,sentinel-2b,S2B_MSIL2A_20250325T114349_N0511_R123_T29UPA_20250325T152954.SAFE,sentinel-2-c1-l2a,05.11,L1279,Washing Bay,-6.569769770482481,54.523188284062314,True,396.0713035201496,True,provisional_filtered_view_no_row_flags,90.456915,36.651098559258,2.9985565147751,Sen2Cor_BOA_not_aquatic_Rw,False,,,,0,True,False,352.9038840688248,True,no_probe_within_15min;scl_cloud_shadow_snow_nearby;scl_core_not_all_water;spectra_not_sampled_after_scl_rejection,False,,,,,,,,,,,,,,,,,,,,,,,,,,,,,,,,,,,,,,,,,,,,,,,,,,,,,,,,,,,,,,,,,,,,,,,,,,,,,,,,,,,
S2B_T29UPA_20250325T114350_L2A,2025-03-25,2025-03-25T11:46:16.282000Z,sentinel-2b,S2B_MSIL2A_20250325T114349_N0511_R123_T29UPA_20250325T152954.SAFE,sentinel-2-c1-l2a,05.11,L1284,Toome,-6.466696920835618,54.75354853784675,False,338.87523315847875,True,provisional_filtered_view_no_row_flags,90.456915,36.651098559258,2.9985565147751,Sen2Cor_BOA_not_aquatic_Rw,False,,,,0,True,False,298.5451035583995,False,footprint_shore_buffer_100m;no_probe_within_15min;outside_lake_polygon;scl_cloud_shadow_snow_nearby;scl_core_not_all_water;spectra_not_sampled_after_scl_rejection,False,,,,,,,,,,,,,,,,,,,,,,,,,,,,,,,,,,,,,,,,,,,,,,,,,,,,,,,,,,,,,,,,,,,,,,,,,,,,,,,,,,,
S2C_T29UPA_20250327T113552_L2A,2025-03-27,2025-03-27T11:36:37.081000Z,sentinel-2c,S2C_MSIL2A_20250327T113341_N0511_R080_T29UPA_20250327T170013.SAFE,sentinel-2-c1-l2a,05.11,L1278,Rea's Wood,-6.241996568375846,54.712602169290584,True,270.8840794505137,True,provisional_filtered_view_no_row_flags,100,37.0637328558073,9.329730159726275,Sen2Cor_BOA_not_aquatic_Rw,False,0.0,0.0,0.0,0,True,False,219.1519161730116,True,scl_cloud_shadow_snow_nearby;scl_core_not_all_water;spectra_not_sampled_after_scl_rejection;zero_or_negative_probe_requires_review,False,,,,,,,,,,,,,,,,,,,,,,,,,,,,,,,,,,,,,,,,,,,,,,,,,,,,,,,,,,,,,,,,,,,,,,,0.0,False,False,138448,2025-03-27T11:30:00Z,-6.618016668160757,True,4,0,0.0,0.1184097006917,0.0,1
S2C_T29UPA_20250327T113552_L2A,2025-03-27,2025-03-27T11:36:37.081000Z,sentinel-2c,S2C_MSIL2A_20250327T113341_N0511_R080_T29UPA_20250327T170013.SAFE,sentinel-2-c1-l2a,05.11,L1279,Washing Bay,-6.569769770482481,54.523188284062314,True,396.0713035201496,True,provisional_filtered_view_no_row_flags,100,37.0637328558073,9.329730159726275,Sen2Cor_BOA_not_aquatic_Rw,False,,,,0,True,False,352.9038840688248,True,no_probe_within_15min;scl_cloud_shadow_snow_nearby;scl_core_not_all_water;spectra_not_sampled_after_scl_rejection,False,,,,,,,,,,,,,,,,,,,,,,,,,,,,,,,,,,,,,,,,,,,,,,,,,,,,,,,,,,,,,,,,,,,,,,,,,,,,,,,,,,,
S2C_T29UPA_20250327T113552_L2A,2025-03-27,2025-03-27T11:36:37.081000Z,sentinel-2c,S2C_MSIL2A_20250327T113341_N0511_R080_T29UPA_20250327T170013.SAFE,sentinel-2-c1-l2a,05.11,L1284,Toome,-6.466696920835618,54.75354853784675,False,338.87523315847875,True,provisional_filtered_view_no_row_flags,100,37.0637328558073,9.329730159726275,Sen2Cor_BOA_not_aquatic_Rw,False,,,,0,True,False,298.5451035583995,False,footprint_shore_buffer_100m;no_probe_within_15min;outside_lake_polygon;scl_cloud_shadow_snow_nearby;scl_core_not_all_water;spectra_not_sampled_after_scl_rejection,False,,,,,,,,,,,,,,,,,,,,,,,,,,,,,,,,,,,,,,,,,,,,,,,,,,,,,,,,,,,,,,,,,,,,,,,,,,,,,,,,,,,
S2A_T29UPA_20250329T113326_L2A,2025-03-29,2025-03-29T11:36:24.611000Z,sentinel-2a,S2A_MSIL2A_20250329T113331_N0511_R080_T29UPA_20250329T203214.SAFE,sentinel-2-c1-l2a,05.11,L1278,Rea's Wood,-6.241996568375846,54.712602169290584,True,270.8840794505137,True,provisional_filtered_view_no_row_flags,99.999988,37.8494711625898,9.333369970375838,Sen2Cor_BOA_not_aquatic_Rw,False,1.38085222244263,0.725097119808197,0.0,0,True,False,219.1519161730116,True,scl_cloud_shadow_snow_nearby;scl_core_not_all_water;spectra_not_sampled_after_scl_rejection,False,,,,,,,,,,,,,,,,,,,,,,,,,,,,,,,,,,,,,,,,,,,,,,,,,,,,,,,,,,,,,,,,,,,,,,,2.99341416358948,False,False,139115,2025-03-29T11:30:00Z,-6.410183334350586,True,4,0,0.39297616481781,2.99341416358948,0.9868105947971335,1
S2A_T29UPA_20250329T113326_L2A,2025-03-29,2025-03-29T11:36:24.611000Z,sentinel-2a,S2A_MSIL2A_20250329T113331_N0511_R080_T29UPA_20250329T203214.SAFE,sentinel-2-c1-l2a,05.11,L1279,Washing Bay,-6.569769770482481,54.523188284062314,True,396.0713035201496,True,provisional_filtered_view_no_row_flags,99.999988,37.8494711625898,9.333369970375838,Sen2Cor_BOA_not_aquatic_Rw,False,,,,0,True,False,352.9038840688248,True,no_probe_within_15min;scl_cloud_shadow_snow_nearby;scl_core_not_all_water;spectra_not_sampled_after_scl_rejection,False,,,,,,,,,,,,,,,,,,,,,,,,,,,,,,,,,,,,,,,,,,,,,,,,,,,,,,,,,,,,,,,,,,,,,,,,,,,,,,,,,,,
S2A_T29UPA_20250329T113326_L2A,2025-03-29,2025-03-29T11:36:24.611000Z,sentinel-2a,S2A_MSIL2A_20250329T113331_N0511_R080_T29UPA_20250329T203214.SAFE,sentinel-2-c1-l2a,05.11,L1284,Toome,-6.466696920835618,54.75354853784675,False,338.87523315847875,True,provisional_filtered_view_no_row_flags,99.999988,37.8494711625898,9.333369970375838,Sen2Cor_BOA_not_aquatic_Rw,False,,,,0,True,False,298.5451035583995,False,footprint_shore_buffer_100m;no_probe_within_15min;outside_lake_polygon;scl_cloud_shadow_snow_nearby;scl_core_not_all_water;spectra_not_sampled_after_scl_rejection,False,,,,,,,,,,,,,,,,,,,,,,,,,,,,,,,,,,,,,,,,,,,,,,,,,,,,,,,,,,,,,,,,,,,,,,,,,,,,,,,,,,,
S2C_T29UPA_20250330T114409_L2A,2025-03-30,2025-03-30T11:46:35.836000Z,sentinel-2c,S2C_MSIL2A_20250330T114411_N0511_R123_T29UPA_20250330T163015.SAFE,sentinel-2-c1-l2a,05.11,L1278,Rea's Wood,-6.241996568375846,54.712602169290584,True,270.8840794505137,True,provisional_filtered_view_no_row_flags,19.325869,38.6499463046301,2.995420871318782,Sen2Cor_BOA_not_aquatic_Rw,False,0.639573097229004,1.00663840770721,0.0,9,False,False,219.1519161730116,True,,True,0.012700000000000003,0.0014450639697062594,36,1089,0,0,0.11279770795625617,0.0179,0.0009069008412183063,36,1168,0,0,0.050228354282860044,0.013949999999999997,0.0007742927876376316,36,1125,0,0,0.05505538288555155,0.012800000000000006,0.0006303046490525729,9,1119,0,0,0.04932818992585353,0.010599999999999998,0.000420170453359757,9,1101,0,0,0.03930908607315814,0.011099999999999999,0.0002788866755113576,9,1105,0,0,0.025507927638233934,0.010800000000000004,0.0005849118853128626,36,1090,0,0,0.05400571395553489,0.010800000000000004,0.0001685083432011446,9,1106,0,0,0.015570586127415825,0.010800000000000004,0.0004708804466759328,9,1102,0,0,0.04311214669464288,0.008999999999999994,0.0005108695081143387,9,1082,0,0,0.05732949592305548,0.988410890102386,False,False,137953,2025-03-30T12:00:00Z,13.402733333905537,True,4,0,0.639573097229004,0.988410890102386,0.6933577060699465,1
S2C_T29UPA_20250330T114409_L2A,2025-03-30,2025-03-30T11:46:35.836000Z,sentinel-2c,S2C_MSIL2A_20250330T114411_N0511_R123_T29UPA_20250330T163015.SAFE,sentinel-2-c1-l2a,05.11,L1279,Washing Bay,-6.569769770482481,54.523188284062314,True,396.0713035201496,True,provisional_filtered_view_no_row_flags,19.325869,38.6499463046301,2.995420871318782,Sen2Cor_BOA_not_aquatic_Rw,False,,,,9,False,False,352.9038840688248,True,no_probe_within_15min,False,0.01165,0.001161373574801371,36,1095,0,0,0.09900414087816567,0.013399999999999995,0.001026936592702831,36,1114,0,0,0.0768601192043699,0.010099999999999998,0.0007257180352359081,36,1083,0,0,0.07233070118630312,0.0087,0.0002586765939293959,9,1084,0,0,0.02954428103254522,0.007300000000000001,0.00019436506316150736,9,1069,0,0,0.026504326794751006,0.006199999999999997,0.0005557777333511016,9,1058,0,0,0.08594501031202599,0.007400000000000004,0.00018911342863183646,36,1071,0,0,0.025527121975051036,0.007300000000000001,7.856742013183738e-05,9,1072,0,0,0.010729996679613604,0.008400000000000005,0.00024393887111222193,9,1084,0,0,0.028438469430181308,0.006500000000000006,0.0004163331998932244,9,1060,0,0,0.06244997998398365,,,,,,,,,,,,,
S2C_T29UPA_20250330T114409_L2A,2025-03-30,2025-03-30T11:46:35.836000Z,sentinel-2c,S2C_MSIL2A_20250330T114411_N0511_R123_T29UPA_20250330T163015.SAFE,sentinel-2-c1-l2a,05.11,L1284,Toome,-6.466696920835618,54.75354853784675,False,338.87523315847875,True,provisional_filtered_view_no_row_flags,19.325869,38.6499463046301,2.995420871318782,Sen2Cor_BOA_not_aquatic_Rw,False,,,,0,True,False,298.5451035583995,False,footprint_shore_buffer_100m;no_probe_within_15min;outside_lake_polygon;scl_cloud_shadow_snow_nearby;scl_core_not_all_water;spectra_not_sampled_after_scl_rejection,False,,,,,,,,,,,,,,,,,,,,,,,,,,,,,,,,,,,,,,,,,,,,,,,,,,,,,,,,,,,,,,,,,,,,,,,,,,,,,,,,,,,
S2B_T29UPA_20250401T113317_L2A,2025-04-01,2025-04-01T11:36:15.466000Z,sentinel-2b,S2B_MSIL2A_20250401T113319_N0511_R080_T29UPA_20250401T134013.SAFE,sentinel-2-c1-l2a,05.11,L1278,Rea's Wood,-6.241996568375846,54.712602169290584,True,270.8840794505137,True,provisional_filtered_view_no_row_flags,83.345222,39.0260211647543,9.300775954266111,Sen2Cor_BOA_not_aquatic_Rw,False,0.0,0.0,0.0,0,True,False,219.1519161730116,True,scl_cloud_shadow_snow_nearby;scl_core_not_all_water;spectra_not_sampled_after_scl_rejection;zero_or_negative_probe_requires_review,False,,,,,,,,,,,,,,,,,,,,,,,,,,,,,,,,,,,,,,,,,,,,,,,,,,,,,,,,,,,,,,,,,,,,,,,0.0,False,False,139258,2025-04-01T11:30:00Z,-6.2577666680018105,True,4,0,0.0,0.0,0.0,1
S2B_T29UPA_20250401T113317_L2A,2025-04-01,2025-04-01T11:36:15.466000Z,sentinel-2b,S2B_MSIL2A_20250401T113319_N0511_R080_T29UPA_20250401T134013.SAFE,sentinel-2-c1-l2a,05.11,L1279,Washing Bay,-6.569769770482481,54.523188284062314,True,396.0713035201496,True,provisional_filtered_view_no_row_flags,83.345222,39.0260211647543,9.300775954266111,Sen2Cor_BOA_not_aquatic_Rw,False,,,,0,True,False,352.9038840688248,True,no_probe_within_15min;scl_cloud_shadow_snow_nearby;scl_core_not_all_water;spectra_not_sampled_after_scl_rejection,False,,,,,,,,,,,,,,,,,,,,,,,,,,,,,,,,,,,,,,,,,,,,,,,,,,,,,,,,,,,,,,,,,,,,,,,,,,,,,,,,,,,
S2B_T29UPA_20250401T113317_L2A,2025-04-01,2025-04-01T11:36:15.466000Z,sentinel-2b,S2B_MSIL2A_20250401T113319_N0511_R080_T29UPA_20250401T134013.SAFE,sentinel-2-c1-l2a,05.11,L1284,Toome,-6.466696920835618,54.75354853784675,False,338.87523315847875,True,provisional_filtered_view_no_row_flags,83.345222,39.0260211647543,9.300775954266111,Sen2Cor_BOA_not_aquatic_Rw,False,,,,0,True,False,298.5451035583995,False,footprint_shore_buffer_100m;no_probe_within_15min;outside_lake_polygon;scl_cloud_shadow_snow_nearby;scl_core_not_all_water;spectra_not_sampled_after_scl_rejection,False,,,,,,,,,,,,,,,,,,,,,,,,,,,,,,,,,,,,,,,,,,,,,,,,,,,,,,,,,,,,,,,,,,,,,,,,,,,,,,,,,,,
S2A_T29UPA_20250401T114404_L2A,2025-04-01,2025-04-01T11:46:24.151000Z,sentinel-2a,S2A_MSIL2A_20250401T114401_N0511_R123_T29UPA_20250401T195413.SAFE,sentinel-2-c1-l2a,05.11,L1278,Rea's Wood,-6.241996568375846,54.712602169290584,True,270.8840794505137,True,provisional_filtered_view_no_row_flags,81.878048,39.429698174931,2.9860435715726483,Sen2Cor_BOA_not_aquatic_Rw,False,0.0,0.0,0.0,0,True,False,219.1519161730116,True,scl_cloud_shadow_snow_nearby;scl_core_not_all_water;spectra_not_sampled_after_scl_rejection;zero_or_negative_probe_requires_review,False,,,,,,,,,,,,,,,,,,,,,,,,,,,,,,,,,,,,,,,,,,,,,,,,,,,,,,,,,,,,,,,,,,,,,,,0.0,False,False,139268,2025-04-01T12:00:00Z,13.597483332951864,True,4,0,0.0,0.0,0.0,1
S2A_T29UPA_20250401T114404_L2A,2025-04-01,2025-04-01T11:46:24.151000Z,sentinel-2a,S2A_MSIL2A_20250401T114401_N0511_R123_T29UPA_20250401T195413.SAFE,sentinel-2-c1-l2a,05.11,L1279,Washing Bay,-6.569769770482481,54.523188284062314,True,396.0713035201496,True,provisional_filtered_view_no_row_flags,81.878048,39.429698174931,2.9860435715726483,Sen2Cor_BOA_not_aquatic_Rw,False,,,,0,True,False,352.9038840688248,True,no_probe_within_15min;scl_cloud_shadow_snow_nearby;scl_core_not_all_water;spectra_not_sampled_after_scl_rejection,False,,,,,,,,,,,,,,,,,,,,,,,,,,,,,,,,,,,,,,,,,,,,,,,,,,,,,,,,,,,,,,,,,,,,,,,,,,,,,,,,,,,
S2A_T29UPA_20250401T114404_L2A,2025-04-01,2025-04-01T11:46:24.151000Z,sentinel-2a,S2A_MSIL2A_20250401T114401_N0511_R123_T29UPA_20250401T195413.SAFE,sentinel-2-c1-l2a,05.11,L1284,Toome,-6.466696920835618,54.75354853784675,False,338.87523315847875,True,provisional_filtered_view_no_row_flags,81.878048,39.429698174931,2.9860435715726483,Sen2Cor_BOA_not_aquatic_Rw,False,,,,0,True,False,298.5451035583995,False,footprint_shore_buffer_100m;no_probe_within_15min;outside_lake_polygon;scl_cloud_shadow_snow_nearby;scl_core_not_all_water;spectra_not_sampled_after_scl_rejection,False,,,,,,,,,,,,,,,,,,,,,,,,,,,,,,,,,,,,,,,,,,,,,,,,,,,,,,,,,,,,,,,,,,,,,,,,,,,,,,,,,,,
S2B_T29UPA_20250404T114346_L2A,2025-04-04,2025-04-04T11:46:13.050000Z,sentinel-2b,S2B_MSIL2A_20250404T114349_N0511_R123_T29UPA_20250404T134634.SAFE,sentinel-2-c1-l2a,05.11,L1278,Rea's Wood,-6.241996568375846,54.712602169290584,True,270.8840794505137,True,provisional_filtered_view_no_row_flags,74.339193,40.5916560878114,2.9815702901252594,Sen2Cor_BOA_not_aquatic_Rw,False,0.0,0.0,0.0,9,False,False,219.1519161730116,True,zero_or_negative_probe_requires_review,False,0.02695,0.001397912354411851,36,1250,0,0,0.05138858854163856,0.022900000000000004,0.0012543258481484518,36,1201,0,0,0.055014291585458404,0.018000000000000002,0.001218491781762283,36,1158,0,0,0.06628241786558203,0.0179,0.0006696230743697481,9,1166,0,0,0.03766629793329833,0.015799999999999995,0.0004786813161897322,9,1152,0,0,0.030190132065224883,0.017699999999999994,0.0007571877794400363,9,1159,0,0,0.04310366865882559,0.011999999999999997,0.0006447018164227291,36,1105,0,0,0.0538873122619416,0.014700000000000005,0.00041305845100980394,9,1139,0,0,0.0282486782605489,0.011999999999999997,0.0006236095644623244,9,1107,0,0,0.052257784731479705,0.010800000000000004,0.0008180072141913768,9,1095,0,0,0.07605438974919825,0.0,False,False,136159,2025-04-04T12:00:00Z,13.782500000794728,True,4,0,0.0,0.0,0.0,1
S2B_T29UPA_20250404T114346_L2A,2025-04-04,2025-04-04T11:46:13.050000Z,sentinel-2b,S2B_MSIL2A_20250404T114349_N0511_R123_T29UPA_20250404T134634.SAFE,sentinel-2-c1-l2a,05.11,L1279,Washing Bay,-6.569769770482481,54.523188284062314,True,396.0713035201496,True,provisional_filtered_view_no_row_flags,74.339193,40.5916560878114,2.9815702901252594,Sen2Cor_BOA_not_aquatic_Rw,False,,,,0,True,False,352.9038840688248,True,no_probe_within_15min;scl_cloud_shadow_snow_nearby;scl_core_not_all_water;spectra_not_sampled_after_scl_rejection,False,,,,,,,,,,,,,,,,,,,,,,,,,,,,,,,,,,,,,,,,,,,,,,,,,,,,,,,,,,,,,,,,,,,,,,,,,,,,,,,,,,,
S2B_T29UPA_20250404T114346_L2A,2025-04-04,2025-04-04T11:46:13.050000Z,sentinel-2b,S2B_MSIL2A_20250404T114349_N0511_R123_T29UPA_20250404T134634.SAFE,sentinel-2-c1-l2a,05.11,L1284,Toome,-6.466696920835618,54.75354853784675,False,338.87523315847875,True,provisional_filtered_view_no_row_flags,74.339193,40.5916560878114,2.9815702901252594,Sen2Cor_BOA_not_aquatic_Rw,False,,,,0,True,False,298.5451035583995,False,footprint_shore_buffer_100m;no_probe_within_15min;outside_lake_polygon;scl_cloud_shadow_snow_nearby;scl_core_not_all_water;spectra_not_sampled_after_scl_rejection,False,,,,,,,,,,,,,,,,,,,,,,,,,,,,,,,,,,,,,,,,,,,,,,,,,,,,,,,,,,,,,,,,,,,,,,,,,,,,,,,,,,,
S2C_T29UPA_20250406T113345_L2A,2025-04-06,2025-04-06T11:36:38.929000Z,sentinel-2c,S2C_MSIL2A_20250406T113341_N0511_R080_T29UPA_20250406T171959.SAFE,sentinel-2-c1-l2a,05.11,L1278,Rea's Wood,-6.241996568375846,54.712602169290584,True,270.8840794505137,True,provisional_filtered_view_no_row_flags,5.012881,40.9834406620114,9.289425927995092,Sen2Cor_BOA_not_aquatic_Rw,False,0.0,0.0,0.0,9,False,False,219.1519161730116,True,zero_or_negative_probe_requires_review,False,0.006099999999999994,0.0009018328387987447,36,1038,0,0,0.14770692537195093,0.00845,0.00070899750996446,36,1074,0,0,0.08311270061452478,0.005649999999999995,0.0003337381800746007,36,1048,0,0,0.05857910523006157,0.006000000000000005,0.0003593547028621369,9,1053,0,0,0.06136987335406514,0.007499999999999993,0.00014142135623730737,9,1072,0,0,0.01894036021035367,0.007800000000000001,0.00017638342073763918,9,1077,0,0,0.022327015283245464,0.008199999999999999,0.00026311289413810223,36,1078,0,0,0.03219600336156247,0.007599999999999996,0.0003107140323135462,9,1071,0,0,0.041367252822809425,0.0059000000000000025,0.00021314806770278915,9,1056,0,0,0.03619495489292646,0.003600000000000006,0.00027261875880856175,9,1032,0,0,0.0739026755806342,0.0,False,False,136717,2025-04-06T11:30:00Z,-6.648816665013631,True,4,0,0.0,0.0,0.0,1
S2C_T29UPA_20250406T113345_L2A,2025-04-06,2025-04-06T11:36:38.929000Z,sentinel-2c,S2C_MSIL2A_20250406T113341_N0511_R080_T29UPA_20250406T171959.SAFE,sentinel-2-c1-l2a,05.11,L1279,Washing Bay,-6.569769770482481,54.523188284062314,True,396.0713035201496,True,provisional_filtered_view_no_row_flags,5.012881,40.9834406620114,9.289425927995092,Sen2Cor_BOA_not_aquatic_Rw,False,,,,9,False,False,352.9038840688248,True,no_probe_within_15min,False,0.009350000000000004,0.001341718425502659,36,1070,0,0,0.14337151474649962,0.01235,0.0012423438372192069,36,1098,0,0,0.09967545830151871,0.008999999999999994,0.0008170445082093532,36,1073,0,0,0.09151711977453864,0.008499999999999994,0.00047375568011839576,9,1077,0,0,0.0557359623668701,0.007300000000000001,0.0002922876986214634,9,1067,0,0,0.04053296282886241,0.007099999999999995,0.00017497795275581618,9,1070,0,0,0.024377733356073465,0.007149999999999997,0.0002833197164483862,36,1067,0,0,0.039063614676912696,0.006900000000000003,0.00023306863292670254,9,1066,0,0,0.033723757175889435,0.004699999999999996,0.00021314806770278842,9,1042,0,0,0.04622488215241198,0.0031000000000000055,0.0002216659704806668,9,1025,0,0,0.07280999030386856,,,,,,,,,,,,,
S2C_T29UPA_20250406T113345_L2A,2025-04-06,2025-04-06T11:36:38.929000Z,sentinel-2c,S2C_MSIL2A_20250406T113341_N0511_R080_T29UPA_20250406T171959.SAFE,sentinel-2-c1-l2a,05.11,L1284,Toome,-6.466696920835618,54.75354853784675,False,338.87523315847875,True,provisional_filtered_view_no_row_flags,5.012881,40.9834406620114,9.289425927995092,Sen2Cor_BOA_not_aquatic_Rw,False,,,,5,False,True,298.5451035583995,False,footprint_shore_buffer_100m;no_probe_within_15min;outside_lake_polygon;scl_core_not_all_water;spectra_not_sampled_after_scl_rejection,False,,,,,,,,,,,,,,,,,,,,,,,,,,,,,,,,,,,,,,,,,,,,,,,,,,,,,,,,,,,,,,,,,,,,,,,,,,,,,,,,,,,
S2A_T29UPA_20250408T113330_L2A,2025-04-08,2025-04-08T11:36:28.767000Z,sentinel-2a,S2A_MSIL2A_20250408T113331_N0511_R080_T29UPA_20250408T180513.SAFE,sentinel-2-c1-l2a,05.11,L1278,Rea's Wood,-6.241996568375846,54.712602169290584,True,270.8840794505137,True,provisional_filtered_view_no_row_flags,0.000472,41.7386415688387,9.270112936917451,Sen2Cor_BOA_not_aquatic_Rw,False,0.0,0.0,0.0,9,False,False,219.1519161730116,True,zero_or_negative_probe_requires_review,False,0.010700000000000001,0.0012211959074794048,36,1082,0,0,0.11421941457328805,0.011349999999999999,0.0009537895502535342,36,1091,0,0,0.08364536859714307,0.007599999999999996,0.0006612044752001379,36,1055,0,0,0.0870642322867775,0.007300000000000001,0.0003741657386773955,9,1072,0,0,0.049668018408503815,0.008900000000000005,0.00020608041101101616,9,1085,0,0,0.02304004595154218,0.0092,0.0003764683188021646,9,1088,0,0,0.04014472593861945,0.0087,0.0002006740185684135,36,1083,0,0,0.023073346114541315,0.008400000000000005,0.00017638342073764065,9,1080,0,0,0.02116601048851688,0.0040999999999999925,0.00014142135623730956,9,1039,0,0,0.034214844250962016,0.0031000000000000055,0.0004966554808583795,9,1023,0,0,0.1655518269527933,0.0,False,False,137102,2025-04-08T11:30:00Z,-6.479449999332428,True,4,0,0.0,0.0,0.0,1
S2A_T29UPA_20250408T113330_L2A,2025-04-08,2025-04-08T11:36:28.767000Z,sentinel-2a,S2A_MSIL2A_20250408T113331_N0511_R080_T29UPA_20250408T180513.SAFE,sentinel-2-c1-l2a,05.11,L1279,Washing Bay,-6.569769770482481,54.523188284062314,True,396.0713035201496,True,provisional_filtered_view_no_row_flags,0.000472,41.7386415688387,9.270112936917451,Sen2Cor_BOA_not_aquatic_Rw,False,,,,9,False,False,352.9038840688248,True,no_probe_within_15min,False,0.010549999999999997,0.0011367595269986621,36,1080,0,0,0.10690528467072058,0.011999999999999997,0.0007414273438259763,36,1102,0,0,0.06177131307043542,0.007800000000000001,0.000645712354260349,36,1064,0,0,0.08296090204629754,0.008099999999999996,0.0005431958471813501,9,1076,0,0,0.06606435979232637,0.006400000000000003,0.00039659040661277453,9,1061,0,0,0.06029246046477991,0.007599999999999996,0.0003034777840832812,9,1069,0,0,0.040523739714384735,0.006199999999999997,0.0007184087354084107,36,1047,0,0,0.11525273830081458,0.0059000000000000025,0.0004000000000000022,9,1056,0,0,0.06666666666666704,0.0023999999999999994,0.00037712361663282633,9,1021,0,0,0.1508494466531305,0.0022999999999999965,0.0003258417399692246,9,1016,0,0,0.14305247120600093,,,,,,,,,,,,,
S2A_T29UPA_20250408T113330_L2A,2025-04-08,2025-04-08T11:36:28.767000Z,sentinel-2a,S2A_MSIL2A_20250408T113331_N0511_R080_T29UPA_20250408T180513.SAFE,sentinel-2-c1-l2a,05.11,L1284,Toome,-6.466696920835618,54.75354853784675,False,338.87523315847875,True,provisional_filtered_view_no_row_flags,0.000472,41.7386415688387,9.270112936917451,Sen2Cor_BOA_not_aquatic_Rw,False,,,,5,False,True,298.5451035583995,False,footprint_shore_buffer_100m;no_probe_within_15min;outside_lake_polygon;scl_core_not_all_water;spectra_not_sampled_after_scl_rejection,False,,,,,,,,,,,,,,,,,,,,,,,,,,,,,,,,,,,,,,,,,,,,,,,,,,,,,,,,,,,,,,,,,,,,,,,,,,,,,,,,,,,
S2C_T29UPA_20250409T114410_L2A,2025-04-09,2025-04-09T11:46:36.273000Z,sentinel-2c,S2C_MSIL2A_20250409T114411_N0511_R123_T29UPA_20250409T164919.SAFE,sentinel-2-c1-l2a,05.11,L1278,Rea's Wood,-6.241996568375846,54.712602169290584,True,270.8840794505137,True,provisional_filtered_view_no_row_flags,0.001705,42.5150386859017,2.9977750799326737,Sen2Cor_BOA_not_aquatic_Rw,False,0.0,0.0,0.0,9,False,False,219.1519161730116,True,,True,0.010499999999999995,0.0009941340297644988,36,1088,0,0,0.09462936296013211,0.01355,0.0006827854623923407,36,1119,0,0,0.0510070069436071,0.009900000000000006,0.0005216530586321208,36,1091,0,0,0.05232518838327208,0.010999999999999996,0.00023622546250521553,9,1105,0,0,0.021562161891956793,0.0126,0.0001911627837120582,9,1122,0,0,0.015185040188954314,0.012899999999999995,0.00045650307964831483,9,1123,0,0,0.03532697950846805,0.01285,0.00023992025424099118,36,1124,0,0,0.01863860412748313,0.011999999999999997,0.00035590260840104564,9,1115,0,0,0.029413438710830218,0.007800000000000001,0.00015234788000890992,9,1077,0,0,0.01931170309972098,0.005299999999999999,0.00022662308949301447,9,1048,0,0,0.04321202977621038,0.0930194854736328,False,False,137298,2025-04-09T12:00:00Z,13.39544999996821,True,4,0,0.0,0.0930194854736328,0.0,1
S2C_T29UPA_20250409T114410_L2A,2025-04-09,2025-04-09T11:46:36.273000Z,sentinel-2c,S2C_MSIL2A_20250409T114411_N0511_R123_T29UPA_20250409T164919.SAFE,sentinel-2-c1-l2a,05.11,L1279,Washing Bay,-6.569769770482481,54.523188284062314,True,396.0713035201496,True,provisional_filtered_view_no_row_flags,0.001705,42.5150386859017,2.9977750799326737,Sen2Cor_BOA_not_aquatic_Rw,False,,,,9,False,False,352.9038840688248,True,no_probe_within_15min,False,0.012750000000000004,0.0010352133435513019,36,1106,0,0,0.08151286169695292,0.016399999999999998,0.0008314794192830986,36,1141,0,0,0.050872296217184816,0.011800000000000005,0.0006077178520121987,36,1103,0,0,0.05233933653693577,0.012399999999999994,0.0003071172213574506,9,1118,0,0,0.02499145562583233,0.0126,0.00020000000000000033,9,1122,0,0,0.0158730158730159,0.012200000000000003,0.00032241373618993157,9,1116,0,0,0.026259942314112075,0.01285,0.00021602468994692882,36,1124,0,0,0.016746099995885954,0.011899999999999994,0.0003464101615137747,9,1112,0,0,0.029356793348624975,0.0076999999999999985,0.0002131480677027865,9,1074,0,0,0.02772156949891732,0.004299999999999998,0.00028458329944145957,9,1040,0,0,0.06451510566682968,,,,,,,,,,,,,
S2C_T29UPA_20250409T114410_L2A,2025-04-09,2025-04-09T11:46:36.273000Z,sentinel-2c,S2C_MSIL2A_20250409T114411_N0511_R123_T29UPA_20250409T164919.SAFE,sentinel-2-c1-l2a,05.11,L1284,Toome,-6.466696920835618,54.75354853784675,False,338.87523315847875,True,provisional_filtered_view_no_row_flags,0.001705,42.5150386859017,2.9977750799326737,Sen2Cor_BOA_not_aquatic_Rw,False,,,,5,False,True,298.5451035583995,False,footprint_shore_buffer_100m;no_probe_within_15min;outside_lake_polygon;scl_core_not_all_water;spectra_not_sampled_after_scl_rejection,False,,,,,,,,,,,,,,,,,,,,,,,,,,,,,,,,,,,,,,,,,,,,,,,,,,,,,,,,,,,,,,,,,,,,,,,,,,,,,,,,,,,
S2B_T29UPA_20250411T113320_L2A,2025-04-11,2025-04-11T11:36:18.314000Z,sentinel-2b,S2B_MSIL2A_20250411T113319_N0511_R080_T29UPA_20250411T133900.SAFE,sentinel-2-c1-l2a,05.11,L1278,Rea's Wood,-6.241996568375846,54.712602169290584,True,270.8840794505137,True,provisional_filtered_view_no_row_flags,19.811568,42.8576666230249,9.284060126727063,Sen2Cor_BOA_not_aquatic_Rw,False,0.0,0.0,0.0,9,False,False,219.1519161730116,True,zero_or_negative_probe_requires_review,False,0.026650000000000007,0.0010363605597843559,36,1246,0,0,0.03875854991921547,0.024400000000000005,0.0010497354163999815,36,1222,0,0,0.04252810599864881,0.020199999999999996,0.0007515210912657633,36,1182,0,0,0.037255245504774825,0.0223,0.0007916228058025282,9,1214,0,0,0.03549878052926135,0.028600000000000014,0.0005513171657802361,9,1276,0,0,0.0194277779640647,0.03240000000000001,0.00024037008503093436,9,1318,0,0,0.007441798298171344,0.03240000000000001,0.00035550129794348963,36,1320,0,0,0.010937566640428704,0.031200000000000006,0.0003909469352390949,9,1305,0,0,0.012561665180834895,0.022000000000000006,0.00046214742984634146,9,1214,0,0,0.02095378775121951,0.018699999999999994,0.00045569103676466134,9,1181,0,0,0.024354034031365514,0.0,False,False,135609,2025-04-11T11:30:00Z,-6.305233331521352,True,4,0,0.0,0.0,0.0,1
S2B_T29UPA_20250411T113320_L2A,2025-04-11,2025-04-11T11:36:18.314000Z,sentinel-2b,S2B_MSIL2A_20250411T113319_N0511_R080_T29UPA_20250411T133900.SAFE,sentinel-2-c1-l2a,05.11,L1279,Washing Bay,-6.569769770482481,54.523188284062314,True,396.0713035201496,True,provisional_filtered_view_no_row_flags,19.811568,42.8576666230249,9.284060126727063,Sen2Cor_BOA_not_aquatic_Rw,False,,,,9,False,False,352.9038840688248,True,no_probe_within_15min,False,0.029950000000000004,0.0013697007873669268,36,1267,0,0,0.045954546454062786,0.03,0.0008510160956537347,36,1277,0,0,0.028393493460180216,0.024149999999999998,0.0011071422171017094,36,1222,0,0,0.045765437840924954,0.02990000000000001,0.0008806563209081922,9,1284,0,0,0.029585318731518213,0.03140000000000001,0.00033333333333333793,9,1310,0,0,0.010593220338983196,0.0335,0.0008459051693633041,9,1318,0,0,0.025377155080899116,0.032850000000000004,0.001073455680857588,36,1302,0,0,0.03281345377504727,0.032299999999999995,0.0005698169513314679,9,1312,0,0,0.017671786912416308,0.022400000000000003,0.000313088951191229,9,1219,0,0,0.013949507726341886,0.018799999999999997,0.0006431020501550136,9,1183,0,0,0.03374879563495698,,,,,,,,,,,,,
S2B_T29UPA_20250411T113320_L2A,2025-04-11,2025-04-11T11:36:18.314000Z,sentinel-2b,S2B_MSIL2A_20250411T113319_N0511_R080_T29UPA_20250411T133900.SAFE,sentinel-2-c1-l2a,05.11,L1284,Toome,-6.466696920835618,54.75354853784675,False,338.87523315847875,True,provisional_filtered_view_no_row_flags,19.811568,42.8576666230249,9.284060126727063,Sen2Cor_BOA_not_aquatic_Rw,False,,,,5,False,True,298.5451035583995,False,footprint_shore_buffer_100m;no_probe_within_15min;outside_lake_polygon;scl_core_not_all_water;spectra_not_sampled_after_scl_rejection,False,,,,,,,,,,,,,,,,,,,,,,,,,,,,,,,,,,,,,,,,,,,,,,,,,,,,,,,,,,,,,,,,,,,,,,,,,,,,,,,,,,,
S2A_T29UPA_20250411T114458_L2A,2025-04-11,2025-04-11T11:46:26.784000Z,sentinel-2a,S2A_MSIL2A_20250411T114401_N0511_R123_T29UPA_20250411T194412.SAFE,sentinel-2-c1-l2a,05.11,L1278,Rea's Wood,-6.241996568375846,54.712602169290584,True,270.8840794505137,True,provisional_filtered_view_no_row_flags,15.64151,43.2576313655039,3.009147571210057,Sen2Cor_BOA_not_aquatic_Rw,False,0.0,0.0,0.0,0,True,False,219.1519161730116,True,scl_cloud_shadow_snow_nearby;scl_core_not_all_water;spectra_not_sampled_after_scl_rejection;zero_or_negative_probe_requires_review,False,,,,,,,,,,,,,,,,,,,,,,,,,,,,,,,,,,,,,,,,,,,,,,,,,,,,,,,,,,,,,,,,,,,,,,,0.0,False,False,135613,2025-04-11T12:00:00Z,13.553600001335145,True,4,0,0.0,0.0,0.0,1
S2A_T29UPA_20250411T114458_L2A,2025-04-11,2025-04-11T11:46:26.784000Z,sentinel-2a,S2A_MSIL2A_20250411T114401_N0511_R123_T29UPA_20250411T194412.SAFE,sentinel-2-c1-l2a,05.11,L1279,Washing Bay,-6.569769770482481,54.523188284062314,True,396.0713035201496,True,provisional_filtered_view_no_row_flags,15.64151,43.2576313655039,3.009147571210057,Sen2Cor_BOA_not_aquatic_Rw,False,,,,9,False,False,352.9038840688248,True,no_probe_within_15min,False,0.017600000000000005,0.0012144544830326193,36,1144,0,0,0.06951878102905756,0.023500000000000007,0.0004869516542535259,36,1225,0,0,0.020650559021235637,0.018249999999999995,0.0006518433027638051,36,1168,0,0,0.03567942663752012,0.023400000000000004,0.0005696002496878346,9,1227,0,0,0.02423830849735466,0.023500000000000007,0.0008274607894182602,9,1215,0,0,0.03544572634347616,0.024999999999999994,0.0002819683897877653,9,1243,0,0,0.011288770053780638,0.025499999999999995,0.0001857583721922294,36,1247,0,0,0.007278299302264105,0.023500000000000007,0.0008849914556328814,9,1224,0,0,0.03767702507424755,0.015899999999999997,0.0005717635702341622,9,1149,0,0,0.036086059832450626,0.012200000000000003,0.0005782049702781218,9,1119,0,0,0.04629755100091722,,,,,,,,,,,,,
S2A_T29UPA_20250411T114458_L2A,2025-04-11,2025-04-11T11:46:26.784000Z,sentinel-2a,S2A_MSIL2A_20250411T114401_N0511_R123_T29UPA_20250411T194412.SAFE,sentinel-2-c1-l2a,05.11,L1284,Toome,-6.466696920835618,54.75354853784675,False,338.87523315847875,True,provisional_filtered_view_no_row_flags,15.64151,43.2576313655039,3.009147571210057,Sen2Cor_BOA_not_aquatic_Rw,False,,,,5,False,True,298.5451035583995,False,footprint_shore_buffer_100m;no_probe_within_15min;outside_lake_polygon;scl_core_not_all_water;spectra_not_sampled_after_scl_rejection,False,,,,,,,,,,,,,,,,,,,,,,,,,,,,,,,,,,,,,,,,,,,,,,,,,,,,,,,,,,,,,,,,,,,,,,,,,,,,,,,,,,,
S2B_T29UPA_20250414T114349_L2A,2025-04-14,2025-04-14T11:46:16.243000Z,sentinel-2b,S2B_MSIL2A_20250414T114349_N0511_R123_T29UPA_20250414T153233.SAFE,sentinel-2-c1-l2a,05.11,L1278,Rea's Wood,-6.241996568375846,54.712602169290584,True,270.8840794505137,True,provisional_filtered_view_no_row_flags,63.61196,44.354442909972,3.0122436244915116,Sen2Cor_BOA_not_aquatic_Rw,False,1.36784315109253,1.12006795406342,0.212655931711197,0,True,False,219.1519161730116,True,scl_cloud_shadow_snow_nearby;scl_core_not_all_water;spectra_not_sampled_after_scl_rejection,False,,,,,,,,,,,,,,,,,,,,,,,,,,,,,,,,,,,,,,,,,,,,,,,,,,,,,,,,,,,,,,,,,,,,,,,0.92129772901535,False,False,136176,2025-04-14T12:00:00Z,13.729283332824707,True,4,0,0.92129772901535,1.83172261714935,1.2645186781883249,1
S2B_T29UPA_20250414T114349_L2A,2025-04-14,2025-04-14T11:46:16.243000Z,sentinel-2b,S2B_MSIL2A_20250414T114349_N0511_R123_T29UPA_20250414T153233.SAFE,sentinel-2-c1-l2a,05.11,L1279,Washing Bay,-6.569769770482481,54.523188284062314,True,396.0713035201496,True,provisional_filtered_view_no_row_flags,63.61196,44.354442909972,3.0122436244915116,Sen2Cor_BOA_not_aquatic_Rw,False,,,,9,True,False,352.9038840688248,True,no_probe_within_15min;scl_cloud_shadow_snow_nearby;spectra_not_sampled_after_scl_rejection,False,,,,,,,,,,,,,,,,,,,,,,,,,,,,,,,,,,,,,,,,,,,,,,,,,,,,,,,,,,,,,,,,,,,,,,,,,,,,,,,,,,,
S2B_T29UPA_20250414T114349_L2A,2025-04-14,2025-04-14T11:46:16.243000Z,sentinel-2b,S2B_MSIL2A_20250414T114349_N0511_R123_T29UPA_20250414T153233.SAFE,sentinel-2-c1-l2a,05.11,L1284,Toome,-6.466696920835618,54.75354853784675,False,338.87523315847875,True,provisional_filtered_view_no_row_flags,63.61196,44.354442909972,3.0122436244915116,Sen2Cor_BOA_not_aquatic_Rw,False,,,,0,True,False,298.5451035583995,False,footprint_shore_buffer_100m;no_probe_within_15min;outside_lake_polygon;scl_cloud_shadow_snow_nearby;scl_core_not_all_water;spectra_not_sampled_after_scl_rejection,False,,,,,,,,,,,,,,,,,,,,,,,,,,,,,,,,,,,,,,,,,,,,,,,,,,,,,,,,,,,,,,,,,,,,,,,,,,,,,,,,,,,
S2C_T29UPA_20250416T113338_L2A,2025-04-16,2025-04-16T11:36:36.027000Z,sentinel-2c,S2C_MSIL2A_20250416T113341_N0511_R080_T29UPA_20250416T161857.SAFE,sentinel-2-c1-l2a,05.11,L1278,Rea's Wood,-6.241996568375846,54.712602169290584,True,270.8840794505137,True,provisional_filtered_view_no_row_flags,99.999452,44.6955942757605,9.311619641978387,Sen2Cor_BOA_not_aquatic_Rw,False,0.690116107463837,0.622980833053589,0.228308171033859,0,True,False,219.1519161730116,True,scl_cloud_shadow_snow_nearby;scl_core_not_all_water;spectra_not_sampled_after_scl_rejection,False,,,,,,,,,,,,,,,,,,,,,,,,,,,,,,,,,,,,,,,,,,,,,,,,,,,,,,,,,,,,,,,,,,,,,,,0.721626758575439,False,False,139020,2025-04-16T11:30:00Z,-6.600449999173482,True,4,0,0.622980833053589,0.853330433368683,0.6768714785575864,1
S2C_T29UPA_20250416T113338_L2A,2025-04-16,2025-04-16T11:36:36.027000Z,sentinel-2c,S2C_MSIL2A_20250416T113341_N0511_R080_T29UPA_20250416T161857.SAFE,sentinel-2-c1-l2a,05.11,L1279,Washing Bay,-6.569769770482481,54.523188284062314,True,396.0713035201496,True,provisional_filtered_view_no_row_flags,99.999452,44.6955942757605,9.311619641978387,Sen2Cor_BOA_not_aquatic_Rw,False,,,,0,True,False,352.9038840688248,True,no_probe_within_15min;scl_cloud_shadow_snow_nearby;scl_core_not_all_water;spectra_not_sampled_after_scl_rejection,False,,,,,,,,,,,,,,,,,,,,,,,,,,,,,,,,,,,,,,,,,,,,,,,,,,,,,,,,,,,,,,,,,,,,,,,,,,,,,,,,,,,
S2C_T29UPA_20250416T113338_L2A,2025-04-16,2025-04-16T11:36:36.027000Z,sentinel-2c,S2C_MSIL2A_20250416T113341_N0511_R080_T29UPA_20250416T161857.SAFE,sentinel-2-c1-l2a,05.11,L1284,Toome,-6.466696920835618,54.75354853784675,False,338.87523315847875,True,provisional_filtered_view_no_row_flags,99.999452,44.6955942757605,9.311619641978387,Sen2Cor_BOA_not_aquatic_Rw,False,,,,0,True,False,298.5451035583995,False,footprint_shore_buffer_100m;no_probe_within_15min;outside_lake_polygon;scl_cloud_shadow_snow_nearby;scl_core_not_all_water;spectra_not_sampled_after_scl_rejection,False,,,,,,,,,,,,,,,,,,,,,,,,,,,,,,,,,,,,,,,,,,,,,,,,,,,,,,,,,,,,,,,,,,,,,,,,,,,,,,,,,,,
S2A_T29UPA_20250418T113330_L2A,2025-04-18,2025-04-18T11:36:28.561000Z,sentinel-2a,S2A_MSIL2A_20250418T113331_N0511_R080_T29UPA_20250418T175514.SAFE,sentinel-2-c1-l2a,05.11,L1278,Rea's Wood,-6.241996568375846,54.712602169290584,True,270.8840794505137,True,provisional_filtered_view_no_row_flags,99.999171,45.3995489626829,9.290179426437096,Sen2Cor_BOA_not_aquatic_Rw,False,0.644876658916473,0.274988204240799,0.145930498838425,0,True,False,219.1519161730116,True,scl_cloud_shadow_snow_nearby;scl_core_not_all_water;spectra_not_sampled_after_scl_rejection,False,,,,,,,,,,,,,,,,,,,,,,,,,,,,,,,,,,,,,,,,,,,,,,,,,,,,,,,,,,,,,,,,,,,,,,,0.345089286565781,False,False,159032,2025-04-18T11:30:00Z,-6.476016668478648,True,4,0,0.274988204240799,0.928377091884613,0.5104947537183765,1
S2A_T29UPA_20250418T113330_L2A,2025-04-18,2025-04-18T11:36:28.561000Z,sentinel-2a,S2A_MSIL2A_20250418T113331_N0511_R080_T29UPA_20250418T175514.SAFE,sentinel-2-c1-l2a,05.11,L1279,Washing Bay,-6.569769770482481,54.523188284062314,True,396.0713035201496,True,provisional_filtered_view_no_row_flags,99.999171,45.3995489626829,9.290179426437096,Sen2Cor_BOA_not_aquatic_Rw,False,,,,0,True,False,352.9038840688248,True,no_probe_within_15min;scl_cloud_shadow_snow_nearby;scl_core_not_all_water;spectra_not_sampled_after_scl_rejection,False,,,,,,,,,,,,,,,,,,,,,,,,,,,,,,,,,,,,,,,,,,,,,,,,,,,,,,,,,,,,,,,,,,,,,,,,,,,,,,,,,,,
S2A_T29UPA_20250418T113330_L2A,2025-04-18,2025-04-18T11:36:28.561000Z,sentinel-2a,S2A_MSIL2A_20250418T113331_N0511_R080_T29UPA_20250418T175514.SAFE,sentinel-2-c1-l2a,05.11,L1284,Toome,-6.466696920835618,54.75354853784675,False,338.87523315847875,True,provisional_filtered_view_no_row_flags,99.999171,45.3995489626829,9.290179426437096,Sen2Cor_BOA_not_aquatic_Rw,False,,,,0,True,False,298.5451035583995,False,footprint_shore_buffer_100m;no_probe_within_15min;outside_lake_polygon;scl_cloud_shadow_snow_nearby;scl_core_not_all_water;spectra_not_sampled_after_scl_rejection,False,,,,,,,,,,,,,,,,,,,,,,,,,,,,,,,,,,,,,,,,,,,,,,,,,,,,,,,,,,,,,,,,,,,,,,,,,,,,,,,,,,,
S2C_T29UPA_20250419T114408_L2A,2025-04-19,2025-04-19T11:46:34.599000Z,sentinel-2c,S2C_MSIL2A_20250419T114411_N0511_R123_T29UPA_20250419T163214.SAFE,sentinel-2-c1-l2a,05.11,L1278,Rea's Wood,-6.241996568375846,54.712602169290584,True,270.8840794505137,True,provisional_filtered_view_no_row_flags,99.996406,46.1458105776858,2.9946072638955785,Sen2Cor_BOA_not_aquatic_Rw,False,0.559470593929291,0.754845082759857,0.0232394337654114,0,True,False,219.1519161730116,True,scl_cloud_shadow_snow_nearby;scl_core_not_all_water;spectra_not_sampled_after_scl_rejection,False,,,,,,,,,,,,,,,,,,,,,,,,,,,,,,,,,,,,,,,,,,,,,,,,,,,,,,,,,,,,,,,,,,,,,,,0.37839487195015,False,False,162270,2025-04-19T12:00:00Z,13.42335000038147,True,4,0,0.37839487195015,0.790018081665039,0.6615477204322815,1
S2C_T29UPA_20250419T114408_L2A,2025-04-19,2025-04-19T11:46:34.599000Z,sentinel-2c,S2C_MSIL2A_20250419T114411_N0511_R123_T29UPA_20250419T163214.SAFE,sentinel-2-c1-l2a,05.11,L1279,Washing Bay,-6.569769770482481,54.523188284062314,True,396.0713035201496,True,provisional_filtered_view_no_row_flags,99.996406,46.1458105776858,2.9946072638955785,Sen2Cor_BOA_not_aquatic_Rw,False,,,,0,True,False,352.9038840688248,True,no_probe_within_15min;scl_cloud_shadow_snow_nearby;scl_core_not_all_water;spectra_not_sampled_after_scl_rejection,False,,,,,,,,,,,,,,,,,,,,,,,,,,,,,,,,,,,,,,,,,,,,,,,,,,,,,,,,,,,,,,,,,,,,,,,,,,,,,,,,,,,
S2C_T29UPA_20250419T114408_L2A,2025-04-19,2025-04-19T11:46:34.599000Z,sentinel-2c,S2C_MSIL2A_20250419T114411_N0511_R123_T29UPA_20250419T163214.SAFE,sentinel-2-c1-l2a,05.11,L1284,Toome,-6.466696920835618,54.75354853784675,False,338.87523315847875,True,provisional_filtered_view_no_row_flags,99.996406,46.1458105776858,2.9946072638955785,Sen2Cor_BOA_not_aquatic_Rw,False,,,,0,True,False,298.5451035583995,False,footprint_shore_buffer_100m;no_probe_within_15min;outside_lake_polygon;scl_cloud_shadow_snow_nearby;scl_core_not_all_water;spectra_not_sampled_after_scl_rejection,False,,,,,,,,,,,,,,,,,,,,,,,,,,,,,,,,,,,,,,,,,,,,,,,,,,,,,,,,,,,,,,,,,,,,,,,,,,,,,,,,,,,
S2B_T29UPA_20250421T113319_L2A,2025-04-21,2025-04-21T11:36:17.344000Z,sentinel-2b,S2B_MSIL2A_20250421T113319_N0511_R080_T29UPA_20250421T133930.SAFE,sentinel-2-c1-l2a,05.11,L1278,Rea's Wood,-6.241996568375846,54.712602169290584,True,270.8840794505137,True,provisional_filtered_view_no_row_flags,93.231088,46.4307170927015,9.28286681418643,Sen2Cor_BOA_not_aquatic_Rw,False,0.0,0.0,0.0,4,True,False,219.1519161730116,True,scl_cloud_shadow_snow_nearby;scl_core_not_all_water;spectra_not_sampled_after_scl_rejection;zero_or_negative_probe_requires_review,False,,,,,,,,,,,,,,,,,,,,,,,,,,,,,,,,,,,,,,,,,,,,,,,,,,,,,,,,,,,,,,,,,,,,,,,0.0,False,False,164277,2025-04-21T11:30:00Z,-6.2890666683514915,True,4,0,0.0,0.0,0.0,1
S2B_T29UPA_20250421T113319_L2A,2025-04-21,2025-04-21T11:36:17.344000Z,sentinel-2b,S2B_MSIL2A_20250421T113319_N0511_R080_T29UPA_20250421T133930.SAFE,sentinel-2-c1-l2a,05.11,L1279,Washing Bay,-6.569769770482481,54.523188284062314,True,396.0713035201496,True,provisional_filtered_view_no_row_flags,93.231088,46.4307170927015,9.28286681418643,Sen2Cor_BOA_not_aquatic_Rw,False,,,,0,True,False,352.9038840688248,True,no_probe_within_15min;scl_cloud_shadow_snow_nearby;scl_core_not_all_water;spectra_not_sampled_after_scl_rejection,False,,,,,,,,,,,,,,,,,,,,,,,,,,,,,,,,,,,,,,,,,,,,,,,,,,,,,,,,,,,,,,,,,,,,,,,,,,,,,,,,,,,
S2B_T29UPA_20250421T113319_L2A,2025-04-21,2025-04-21T11:36:17.344000Z,sentinel-2b,S2B_MSIL2A_20250421T113319_N0511_R080_T29UPA_20250421T133930.SAFE,sentinel-2-c1-l2a,05.11,L1284,Toome,-6.466696920835618,54.75354853784675,False,338.87523315847875,True,provisional_filtered_view_no_row_flags,93.231088,46.4307170927015,9.28286681418643,Sen2Cor_BOA_not_aquatic_Rw,False,,,,0,True,False,298.5451035583995,False,footprint_shore_buffer_100m;no_probe_within_15min;outside_lake_polygon;scl_cloud_shadow_snow_nearby;scl_core_not_all_water;spectra_not_sampled_after_scl_rejection,False,,,,,,,,,,,,,,,,,,,,,,,,,,,,,,,,,,,,,,,,,,,,,,,,,,,,,,,,,,,,,,,,,,,,,,,,,,,,,,,,,,,
S2A_T29UPA_20250421T114400_L2A,2025-04-21,2025-04-21T11:46:27.216000Z,sentinel-2a,S2A_MSIL2A_20250421T114401_N0511_R123_T29UPA_20250421T181416.SAFE,sentinel-2-c1-l2a,05.11,L1278,Rea's Wood,-6.241996568375846,54.712602169290584,True,270.8840794505137,True,provisional_filtered_view_no_row_flags,89.917922,46.8312786406553,2.997542598625874,Sen2Cor_BOA_not_aquatic_Rw,False,0.0,0.0,0.0,0,True,False,219.1519161730116,True,scl_cloud_shadow_snow_nearby;scl_core_not_all_water;spectra_not_sampled_after_scl_rejection;zero_or_negative_probe_requires_review,False,,,,,,,,,,,,,,,,,,,,,,,,,,,,,,,,,,,,,,,,,,,,,,,,,,,,,,,,,,,,,,,,,,,,,,,0.0,False,False,164602,2025-04-21T12:00:00Z,13.546399998664857,True,4,0,0.0,0.0,0.0,1
S2A_T29UPA_20250421T114400_L2A,2025-04-21,2025-04-21T11:46:27.216000Z,sentinel-2a,S2A_MSIL2A_20250421T114401_N0511_R123_T29UPA_20250421T181416.SAFE,sentinel-2-c1-l2a,05.11,L1279,Washing Bay,-6.569769770482481,54.523188284062314,True,396.0713035201496,True,provisional_filtered_view_no_row_flags,89.917922,46.8312786406553,2.997542598625874,Sen2Cor_BOA_not_aquatic_Rw,False,,,,0,True,False,352.9038840688248,True,no_probe_within_15min;scl_cloud_shadow_snow_nearby;scl_core_not_all_water;spectra_not_sampled_after_scl_rejection,False,,,,,,,,,,,,,,,,,,,,,,,,,,,,,,,,,,,,,,,,,,,,,,,,,,,,,,,,,,,,,,,,,,,,,,,,,,,,,,,,,,,
S2A_T29UPA_20250421T114400_L2A,2025-04-21,2025-04-21T11:46:27.216000Z,sentinel-2a,S2A_MSIL2A_20250421T114401_N0511_R123_T29UPA_20250421T181416.SAFE,sentinel-2-c1-l2a,05.11,L1284,Toome,-6.466696920835618,54.75354853784675,False,338.87523315847875,True,provisional_filtered_view_no_row_flags,89.917922,46.8312786406553,2.997542598625874,Sen2Cor_BOA_not_aquatic_Rw,False,,,,0,True,False,298.5451035583995,False,footprint_shore_buffer_100m;no_probe_within_15min;outside_lake_polygon;scl_cloud_shadow_snow_nearby;scl_core_not_all_water;spectra_not_sampled_after_scl_rejection,False,,,,,,,,,,,,,,,,,,,,,,,,,,,,,,,,,,,,,,,,,,,,,,,,,,,,,,,,,,,,,,,,,,,,,,,,,,,,,,,,,,,
S2B_T29UPA_20250424T114347_L2A,2025-04-24,2025-04-24T11:46:14.022000Z,sentinel-2b,S2B_MSIL2A_20250424T114349_N0511_R123_T29UPA_20250424T134824.SAFE,sentinel-2-c1-l2a,05.11,L1278,Rea's Wood,-6.241996568375846,54.712602169290584,True,270.8840794505137,True,provisional_filtered_view_no_row_flags,73.554909,47.8315890253694,3.00112387573367,Sen2Cor_BOA_not_aquatic_Rw,False,0.0971544906497002,0.104490049183369,0.0,0,True,False,219.1519161730116,True,scl_cloud_shadow_snow_nearby;scl_core_not_all_water;spectra_not_sampled_after_scl_rejection,False,,,,,,,,,,,,,,,,,,,,,,,,,,,,,,,,,,,,,,,,,,,,,,,,,,,,,,,,,,,,,,,,,,,,,,,0.0315738953649998,False,False,171128,2025-04-24T12:00:00Z,13.766299998760223,True,4,0,0.0315738953649998,0.0971544906497002,0.07013915106654164,1
S2B_T29UPA_20250424T114347_L2A,2025-04-24,2025-04-24T11:46:14.022000Z,sentinel-2b,S2B_MSIL2A_20250424T114349_N0511_R123_T29UPA_20250424T134824.SAFE,sentinel-2-c1-l2a,05.11,L1279,Washing Bay,-6.569769770482481,54.523188284062314,True,396.0713035201496,True,provisional_filtered_view_no_row_flags,73.554909,47.8315890253694,3.00112387573367,Sen2Cor_BOA_not_aquatic_Rw,False,,,,9,True,False,352.9038840688248,True,no_probe_within_15min;scl_cloud_shadow_snow_nearby;spectra_not_sampled_after_scl_rejection,False,,,,,,,,,,,,,,,,,,,,,,,,,,,,,,,,,,,,,,,,,,,,,,,,,,,,,,,,,,,,,,,,,,,,,,,,,,,,,,,,,,,
S2B_T29UPA_20250424T114347_L2A,2025-04-24,2025-04-24T11:46:14.022000Z,sentinel-2b,S2B_MSIL2A_20250424T114349_N0511_R123_T29UPA_20250424T134824.SAFE,sentinel-2-c1-l2a,05.11,L1284,Toome,-6.466696920835618,54.75354853784675,False,338.87523315847875,True,provisional_filtered_view_no_row_flags,73.554909,47.8315890253694,3.00112387573367,Sen2Cor_BOA_not_aquatic_Rw,False,,,,0,True,False,298.5451035583995,False,footprint_shore_buffer_100m;no_probe_within_15min;outside_lake_polygon;scl_cloud_shadow_snow_nearby;scl_core_not_all_water;spectra_not_sampled_after_scl_rejection,False,,,,,,,,,,,,,,,,,,,,,,,,,,,,,,,,,,,,,,,,,,,,,,,,,,,,,,,,,,,,,,,,,,,,,,,,,,,,,,,,,,,
S2C_T29UPA_20250426T113340_L2A,2025-04-26,2025-04-26T11:36:37.935000Z,sentinel-2c,S2C_MSIL2A_20250426T113341_N0511_R080_T29UPA_20250426T162229.SAFE,sentinel-2-c1-l2a,05.11,L1278,Rea's Wood,-6.241996568375846,54.712602169290584,True,270.8840794505137,True,provisional_filtered_view_no_row_flags,86.721957,48.1051753605539,9.285416749683154,Sen2Cor_BOA_not_aquatic_Rw,False,0.0,0.0,0.0,0,True,False,219.1519161730116,True,scl_cloud_shadow_snow_nearby;scl_core_not_all_water;spectra_not_sampled_after_scl_rejection;zero_or_negative_probe_requires_review,False,,,,,,,,,,,,,,,,,,,,,,,,,,,,,,,,,,,,,,,,,,,,,,,,,,,,,,,,,,,,,,,,,,,,,,,0.0,False,False,177105,2025-04-26T11:30:00Z,-6.6322499990463255,True,4,0,0.0,0.0,0.0,1
S2C_T29UPA_20250426T113340_L2A,2025-04-26,2025-04-26T11:36:37.935000Z,sentinel-2c,S2C_MSIL2A_20250426T113341_N0511_R080_T29UPA_20250426T162229.SAFE,sentinel-2-c1-l2a,05.11,L1279,Washing Bay,-6.569769770482481,54.523188284062314,True,396.0713035201496,True,provisional_filtered_view_no_row_flags,86.721957,48.1051753605539,9.285416749683154,Sen2Cor_BOA_not_aquatic_Rw,False,,,,0,True,False,352.9038840688248,True,no_probe_within_15min;scl_cloud_shadow_snow_nearby;scl_core_not_all_water;spectra_not_sampled_after_scl_rejection,False,,,,,,,,,,,,,,,,,,,,,,,,,,,,,,,,,,,,,,,,,,,,,,,,,,,,,,,,,,,,,,,,,,,,,,,,,,,,,,,,,,,
S2C_T29UPA_20250426T113340_L2A,2025-04-26,2025-04-26T11:36:37.935000Z,sentinel-2c,S2C_MSIL2A_20250426T113341_N0511_R080_T29UPA_20250426T162229.SAFE,sentinel-2-c1-l2a,05.11,L1284,Toome,-6.466696920835618,54.75354853784675,False,338.87523315847875,True,provisional_filtered_view_no_row_flags,86.721957,48.1051753605539,9.285416749683154,Sen2Cor_BOA_not_aquatic_Rw,False,,,,0,True,False,298.5451035583995,False,footprint_shore_buffer_100m;no_probe_within_15min;outside_lake_polygon;scl_cloud_shadow_snow_nearby;scl_core_not_all_water;spectra_not_sampled_after_scl_rejection,False,,,,,,,,,,,,,,,,,,,,,,,,,,,,,,,,,,,,,,,,,,,,,,,,,,,,,,,,,,,,,,,,,,,,,,,,,,,,,,,,,,,
S2A_T29UPA_20250428T113548_L2A,2025-04-28,2025-04-28T11:36:30.118000Z,sentinel-2a,S2A_MSIL2A_20250428T113331_N0511_R080_T29UPA_20250428T211113.SAFE,sentinel-2-c1-l2a,05.11,L1278,Rea's Wood,-6.241996568375846,54.712602169290584,True,270.8840794505137,True,provisional_filtered_view_no_row_flags,100,48.7354305940428,9.284227922653827,Sen2Cor_BOA_not_aquatic_Rw,False,0.0,0.0,0.0,0,True,False,219.1519161730116,True,scl_cloud_shadow_snow_nearby;scl_core_not_all_water;spectra_not_sampled_after_scl_rejection;zero_or_negative_probe_requires_review,False,,,,,,,,,,,,,,,,,,,,,,,,,,,,,,,,,,,,,,,,,,,,,,,,,,,,,,,,,,,,,,,,,,,,,,,0.0,False,False,178229,2025-04-28T11:30:00Z,-6.501966667175293,True,4,0,0.0,0.0,0.0,1
S2A_T29UPA_20250428T113548_L2A,2025-04-28,2025-04-28T11:36:30.118000Z,sentinel-2a,S2A_MSIL2A_20250428T113331_N0511_R080_T29UPA_20250428T211113.SAFE,sentinel-2-c1-l2a,05.11,L1279,Washing Bay,-6.569769770482481,54.523188284062314,True,396.0713035201496,True,provisional_filtered_view_no_row_flags,100,48.7354305940428,9.284227922653827,Sen2Cor_BOA_not_aquatic_Rw,False,,,,0,True,False,352.9038840688248,True,no_probe_within_15min;scl_cloud_shadow_snow_nearby;scl_core_not_all_water;spectra_not_sampled_after_scl_rejection,False,,,,,,,,,,,,,,,,,,,,,,,,,,,,,,,,,,,,,,,,,,,,,,,,,,,,,,,,,,,,,,,,,,,,,,,,,,,,,,,,,,,
S2A_T29UPA_20250428T113548_L2A,2025-04-28,2025-04-28T11:36:30.118000Z,sentinel-2a,S2A_MSIL2A_20250428T113331_N0511_R080_T29UPA_20250428T211113.SAFE,sentinel-2-c1-l2a,05.11,L1284,Toome,-6.466696920835618,54.75354853784675,False,338.87523315847875,True,provisional_filtered_view_no_row_flags,100,48.7354305940428,9.284227922653827,Sen2Cor_BOA_not_aquatic_Rw,False,,,,0,True,False,298.5451035583995,False,footprint_shore_buffer_100m;no_probe_within_15min;outside_lake_polygon;scl_cloud_shadow_snow_nearby;scl_core_not_all_water;spectra_not_sampled_after_scl_rejection,False,,,,,,,,,,,,,,,,,,,,,,,,,,,,,,,,,,,,,,,,,,,,,,,,,,,,,,,,,,,,,,,,,,,,,,,,,,,,,,,,,,,
S2C_T29UPA_20250429T114409_L2A,2025-04-29,2025-04-29T11:46:35.511000Z,sentinel-2c,S2C_MSIL2A_20250429T114411_N0511_R123_T29UPA_20250429T164416.SAFE,sentinel-2-c1-l2a,05.11,L1278,Rea's Wood,-6.241996568375846,54.712602169290584,True,270.8840794505137,True,provisional_filtered_view_no_row_flags,96.329623,49.4465271447461,3.01094760444083,Sen2Cor_BOA_not_aquatic_Rw,False,0.0,0.0,0.0,0,True,False,219.1519161730116,True,scl_cloud_shadow_snow_nearby;scl_core_not_all_water;spectra_not_sampled_after_scl_rejection;zero_or_negative_probe_requires_review,False,,,,,,,,,,,,,,,,,,,,,,,,,,,,,,,,,,,,,,,,,,,,,,,,,,,,,,,,,,,,,,,,,,,,,,,0.0,False,False,177661,2025-04-29T12:00:00Z,13.408150001366932,True,4,0,0.0,0.0,0.0,1
S2C_T29UPA_20250429T114409_L2A,2025-04-29,2025-04-29T11:46:35.511000Z,sentinel-2c,S2C_MSIL2A_20250429T114411_N0511_R123_T29UPA_20250429T164416.SAFE,sentinel-2-c1-l2a,05.11,L1279,Washing Bay,-6.569769770482481,54.523188284062314,True,396.0713035201496,True,provisional_filtered_view_no_row_flags,96.329623,49.4465271447461,3.01094760444083,Sen2Cor_BOA_not_aquatic_Rw,False,,,,0,True,False,352.9038840688248,True,no_probe_within_15min;scl_cloud_shadow_snow_nearby;scl_core_not_all_water;spectra_not_sampled_after_scl_rejection,False,,,,,,,,,,,,,,,,,,,,,,,,,,,,,,,,,,,,,,,,,,,,,,,,,,,,,,,,,,,,,,,,,,,,,,,,,,,,,,,,,,,
S2C_T29UPA_20250429T114409_L2A,2025-04-29,2025-04-29T11:46:35.511000Z,sentinel-2c,S2C_MSIL2A_20250429T114411_N0511_R123_T29UPA_20250429T164416.SAFE,sentinel-2-c1-l2a,05.11,L1284,Toome,-6.466696920835618,54.75354853784675,False,338.87523315847875,True,provisional_filtered_view_no_row_flags,96.329623,49.4465271447461,3.01094760444083,Sen2Cor_BOA_not_aquatic_Rw,False,,,,0,True,False,298.5451035583995,False,footprint_shore_buffer_100m;no_probe_within_15min;outside_lake_polygon;scl_cloud_shadow_snow_nearby;scl_core_not_all_water;spectra_not_sampled_after_scl_rejection,False,,,,,,,,,,,,,,,,,,,,,,,,,,,,,,,,,,,,,,,,,,,,,,,,,,,,,,,,,,,,,,,,,,,,,,,,,,,,,,,,,,,
S2B_T29UPA_20250501T113319_L2A,2025-05-01,2025-05-01T11:36:17.694000Z,sentinel-2b,S2B_MSIL2A_20250501T113319_N0511_R080_T29UPA_20250501T134128.SAFE,sentinel-2-c1-l2a,05.11,L1278,Rea's Wood,-6.241996568375846,54.712602169290584,True,270.8840794505137,True,provisional_filtered_view_no_row_flags,99.102485,49.6478365432397,9.259229874194377,Sen2Cor_BOA_not_aquatic_Rw,False,0.0,0.0,0.0,0,True,False,219.1519161730116,True,scl_cloud_shadow_snow_nearby;scl_core_not_all_water;spectra_not_sampled_after_scl_rejection;zero_or_negative_probe_requires_review,False,,,,,,,,,,,,,,,,,,,,,,,,,,,,,,,,,,,,,,,,,,,,,,,,,,,,,,,,,,,,,,,,,,,,,,,0.0,False,False,183622,2025-05-01T11:30:00Z,-6.294900000095367,True,4,0,0.0,0.0,0.0,1
S2B_T29UPA_20250501T113319_L2A,2025-05-01,2025-05-01T11:36:17.694000Z,sentinel-2b,S2B_MSIL2A_20250501T113319_N0511_R080_T29UPA_20250501T134128.SAFE,sentinel-2-c1-l2a,05.11,L1279,Washing Bay,-6.569769770482481,54.523188284062314,True,396.0713035201496,True,provisional_filtered_view_no_row_flags,99.102485,49.6478365432397,9.259229874194377,Sen2Cor_BOA_not_aquatic_Rw,False,,,,0,True,False,352.9038840688248,True,no_probe_within_15min;scl_cloud_shadow_snow_nearby;scl_core_not_all_water;spectra_not_sampled_after_scl_rejection,False,,,,,,,,,,,,,,,,,,,,,,,,,,,,,,,,,,,,,,,,,,,,,,,,,,,,,,,,,,,,,,,,,,,,,,,,,,,,,,,,,,,
S2B_T29UPA_20250501T113319_L2A,2025-05-01,2025-05-01T11:36:17.694000Z,sentinel-2b,S2B_MSIL2A_20250501T113319_N0511_R080_T29UPA_20250501T134128.SAFE,sentinel-2-c1-l2a,05.11,L1284,Toome,-6.466696920835618,54.75354853784675,False,338.87523315847875,True,provisional_filtered_view_no_row_flags,99.102485,49.6478365432397,9.259229874194377,Sen2Cor_BOA_not_aquatic_Rw,False,,,,0,True,False,298.5451035583995,False,footprint_shore_buffer_100m;no_probe_within_15min;outside_lake_polygon;scl_cloud_shadow_snow_nearby;scl_core_not_all_water;spectra_not_sampled_after_scl_rejection,False,,,,,,,,,,,,,,,,,,,,,,,,,,,,,,,,,,,,,,,,,,,,,,,,,,,,,,,,,,,,,,,,,,,,,,,,,,,,,,,,,,,
S2A_T29UPA_20250501T114459_L2A,2025-05-01,2025-05-01T11:46:27.551000Z,sentinel-2a,S2A_MSIL2A_20250501T114401_N0511_R123_T29UPA_20250501T193303.SAFE,sentinel-2-c1-l2a,05.11,L1278,Rea's Wood,-6.241996568375846,54.712602169290584,True,270.8840794505137,True,provisional_filtered_view_no_row_flags,98.232985,50.0533166842873,2.9960070981934686,Sen2Cor_BOA_not_aquatic_Rw,False,0.0,0.0,0.0,0,True,False,219.1519161730116,True,scl_cloud_shadow_snow_nearby;scl_core_not_all_water;spectra_not_sampled_after_scl_rejection;zero_or_negative_probe_requires_review,False,,,,,,,,,,,,,,,,,,,,,,,,,,,,,,,,,,,,,,,,,,,,,,,,,,,,,,,,,,,,,,,,,,,,,,,0.0,False,False,183701,2025-05-01T12:00:00Z,13.54081666469574,True,4,0,0.0,0.0,0.0,1
S2A_T29UPA_20250501T114459_L2A,2025-05-01,2025-05-01T11:46:27.551000Z,sentinel-2a,S2A_MSIL2A_20250501T114401_N0511_R123_T29UPA_20250501T193303.SAFE,sentinel-2-c1-l2a,05.11,L1279,Washing Bay,-6.569769770482481,54.523188284062314,True,396.0713035201496,True,provisional_filtered_view_no_row_flags,98.232985,50.0533166842873,2.9960070981934686,Sen2Cor_BOA_not_aquatic_Rw,False,,,,0,True,False,352.9038840688248,True,no_probe_within_15min;scl_cloud_shadow_snow_nearby;scl_core_not_all_water;spectra_not_sampled_after_scl_rejection,False,,,,,,,,,,,,,,,,,,,,,,,,,,,,,,,,,,,,,,,,,,,,,,,,,,,,,,,,,,,,,,,,,,,,,,,,,,,,,,,,,,,
S2A_T29UPA_20250501T114459_L2A,2025-05-01,2025-05-01T11:46:27.551000Z,sentinel-2a,S2A_MSIL2A_20250501T114401_N0511_R123_T29UPA_20250501T193303.SAFE,sentinel-2-c1-l2a,05.11,L1284,Toome,-6.466696920835618,54.75354853784675,False,338.87523315847875,True,provisional_filtered_view_no_row_flags,98.232985,50.0533166842873,2.9960070981934686,Sen2Cor_BOA_not_aquatic_Rw,False,,,,0,True,False,298.5451035583995,False,footprint_shore_buffer_100m;no_probe_within_15min;outside_lake_polygon;scl_cloud_shadow_snow_nearby;scl_core_not_all_water;spectra_not_sampled_after_scl_rejection,False,,,,,,,,,,,,,,,,,,,,,,,,,,,,,,,,,,,,,,,,,,,,,,,,,,,,,,,,,,,,,,,,,,,,,,,,,,,,,,,,,,,
S2B_T29UPA_20250504T114349_L2A,2025-05-04,2025-05-04T11:46:15.524000Z,sentinel-2b,S2B_MSIL2A_20250504T114349_N0511_R123_T29UPA_20250504T134656.SAFE,sentinel-2-c1-l2a,05.11,L1278,Rea's Wood,-6.241996568375846,54.712602169290584,True,270.8840794505137,True,provisional_filtered_view_no_row_flags,42.778435,50.9293283354094,3.010545758085891,Sen2Cor_BOA_not_aquatic_Rw,False,0.0,0.0,0.0,0,True,False,219.1519161730116,True,scl_cloud_shadow_snow_nearby;scl_core_not_all_water;spectra_not_sampled_after_scl_rejection;zero_or_negative_probe_requires_review,False,,,,,,,,,,,,,,,,,,,,,,,,,,,,,,,,,,,,,,,,,,,,,,,,,,,,,,,,,,,,,,,,,,,,,,,0.0,False,False,191950,2025-05-04T12:00:00Z,13.741266667842865,True,4,0,0.0,0.0,0.0,1
S2B_T29UPA_20250504T114349_L2A,2025-05-04,2025-05-04T11:46:15.524000Z,sentinel-2b,S2B_MSIL2A_20250504T114349_N0511_R123_T29UPA_20250504T134656.SAFE,sentinel-2-c1-l2a,05.11,L1279,Washing Bay,-6.569769770482481,54.523188284062314,True,396.0713035201496,True,provisional_filtered_view_no_row_flags,42.778435,50.9293283354094,3.010545758085891,Sen2Cor_BOA_not_aquatic_Rw,False,,,,9,True,False,352.9038840688248,True,no_probe_within_15min;scl_cloud_shadow_snow_nearby;spectra_not_sampled_after_scl_rejection,False,,,,,,,,,,,,,,,,,,,,,,,,,,,,,,,,,,,,,,,,,,,,,,,,,,,,,,,,,,,,,,,,,,,,,,,,,,,,,,,,,,,
S2B_T29UPA_20250504T114349_L2A,2025-05-04,2025-05-04T11:46:15.524000Z,sentinel-2b,S2B_MSIL2A_20250504T114349_N0511_R123_T29UPA_20250504T134656.SAFE,sentinel-2-c1-l2a,05.11,L1284,Toome,-6.466696920835618,54.75354853784675,False,338.87523315847875,True,provisional_filtered_view_no_row_flags,42.778435,50.9293283354094,3.010545758085891,Sen2Cor_BOA_not_aquatic_Rw,False,,,,5,False,True,298.5451035583995,False,footprint_shore_buffer_100m;no_probe_within_15min;outside_lake_polygon;scl_core_not_all_water;spectra_not_sampled_after_scl_rejection,False,,,,,,,,,,,,,,,,,,,,,,,,,,,,,,,,,,,,,,,,,,,,,,,,,,,,,,,,,,,,,,,,,,,,,,,,,,,,,,,,,,,
S2C_T29UPA_20250506T113338_L2A,2025-05-06,2025-05-06T11:36:36.148000Z,sentinel-2c,S2C_MSIL2A_20250506T113341_N0511_R080_T29UPA_20250506T135317.SAFE,sentinel-2-c1-l2a,05.11,L1278,Rea's Wood,-6.241996568375846,54.712602169290584,True,270.8840794505137,True,provisional_filtered_view_no_row_flags,75.443387,51.1048650788296,9.283306856052299,Sen2Cor_BOA_not_aquatic_Rw,False,0.0,0.0,0.0,0,True,False,219.1519161730116,True,scl_cloud_shadow_snow_nearby;scl_core_not_all_water;spectra_not_sampled_after_scl_rejection;zero_or_negative_probe_requires_review,False,,,,,,,,,,,,,,,,,,,,,,,,,,,,,,,,,,,,,,,,,,,,,,,,,,,,,,,,,,,,,,,,,,,,,,,0.0,False,False,196514,2025-05-06T11:30:00Z,-6.602466666698456,True,4,0,0.0,0.0,0.0,1
S2C_T29UPA_20250506T113338_L2A,2025-05-06,2025-05-06T11:36:36.148000Z,sentinel-2c,S2C_MSIL2A_20250506T113341_N0511_R080_T29UPA_20250506T135317.SAFE,sentinel-2-c1-l2a,05.11,L1279,Washing Bay,-6.569769770482481,54.523188284062314,True,396.0713035201496,True,provisional_filtered_view_no_row_flags,75.443387,51.1048650788296,9.283306856052299,Sen2Cor_BOA_not_aquatic_Rw,False,,,,0,True,False,352.9038840688248,True,no_probe_within_15min;scl_cloud_shadow_snow_nearby;scl_core_not_all_water;spectra_not_sampled_after_scl_rejection,False,,,,,,,,,,,,,,,,,,,,,,,,,,,,,,,,,,,,,,,,,,,,,,,,,,,,,,,,,,,,,,,,,,,,,,,,,,,,,,,,,,,
S2C_T29UPA_20250506T113338_L2A,2025-05-06,2025-05-06T11:36:36.148000Z,sentinel-2c,S2C_MSIL2A_20250506T113341_N0511_R080_T29UPA_20250506T135317.SAFE,sentinel-2-c1-l2a,05.11,L1284,Toome,-6.466696920835618,54.75354853784675,False,338.87523315847875,True,provisional_filtered_view_no_row_flags,75.443387,51.1048650788296,9.283306856052299,Sen2Cor_BOA_not_aquatic_Rw,False,,,,0,True,False,298.5451035583995,False,footprint_shore_buffer_100m;no_probe_within_15min;outside_lake_polygon;scl_cloud_shadow_snow_nearby;scl_core_not_all_water;spectra_not_sampled_after_scl_rejection,False,,,,,,,,,,,,,,,,,,,,,,,,,,,,,,,,,,,,,,,,,,,,,,,,,,,,,,,,,,,,,,,,,,,,,,,,,,,,,,,,,,,
S2A_T29UPA_20250508T113329_L2A,2025-05-08,2025-05-08T11:36:27.728000Z,sentinel-2a,S2A_MSIL2A_20250508T113331_N0511_R080_T29UPA_20250508T151817.SAFE,sentinel-2-c1-l2a,05.11,L1278,Rea's Wood,-6.241996568375846,54.712602169290584,True,270.8840794505137,True,provisional_filtered_view_no_row_flags,31.180578,51.6414026473968,9.309553334821365,Sen2Cor_BOA_not_aquatic_Rw,False,0.0,0.0,0.0,9,False,False,219.1519161730116,True,zero_or_negative_probe_requires_review,False,0.007300000000000001,0.001052374592980378,36,1047,0,0,0.14921419987118395,0.008549999999999995,0.0013945302098458958,36,1065,0,0,0.159324301981759,0.00485,0.0009090550989018806,36,1037,0,0,0.18171006974163081,0.004699999999999996,0.0005079613089183325,9,1034,0,0,0.11429129450662483,0.004599999999999993,0.00017916128329552273,9,1043,0,0,0.0390424104033827,0.005299999999999999,0.00021314806770278552,9,1049,0,0,0.04090261427132345,0.006199999999999997,0.0007181670341145496,36,1047,0,0,0.11757168362039012,0.005099999999999993,0.00016405358955814774,9,1048,0,0,0.032450160571941326,0.003600000000000006,0.0009893257462023131,9,1030,0,0,0.2406468031302924,0.0023999999999999994,0.00048559496407582725,9,1019,0,0,0.19001542072532365,0.0,False,False,199399,2025-05-08T11:30:00Z,-6.462133332093557,True,4,0,0.0,0.0,0.0,1
S2A_T29UPA_20250508T113329_L2A,2025-05-08,2025-05-08T11:36:27.728000Z,sentinel-2a,S2A_MSIL2A_20250508T113331_N0511_R080_T29UPA_20250508T151817.SAFE,sentinel-2-c1-l2a,05.11,L1279,Washing Bay,-6.569769770482481,54.523188284062314,True,396.0713035201496,True,provisional_filtered_view_no_row_flags,31.180578,51.6414026473968,9.309553334821365,Sen2Cor_BOA_not_aquatic_Rw,False,,,,9,False,False,352.9038840688248,True,no_probe_within_15min,False,0.009999999999999995,0.0009453100608324827,36,1081,0,0,0.0950060362645711,0.01065,0.0006345687268813381,36,1095,0,0,0.05969290349550084,0.0075,0.0006747427493332392,36,1056,0,0,0.09097655047189744,0.007300000000000001,0.00043997755273829804,9,1061,0,0,0.062457381303543884,0.0040999999999999925,0.0006616477747093063,9,1025,0,0,0.171115803804131,0.004500000000000004,0.0001286204100310006,9,1043,0,0,0.02851191355367009,0.0031000000000000055,0.00031253394877325417,36,1027,0,0,0.0986084325664956,0.002799999999999997,0.00044969125210773524,9,1023,0,0,0.15330383594581878,0.0021000000000000046,0.0002828427124746178,9,1016,0,0,0.14142135623730892,0.0029,0.00047609522856952475,9,1018,0,0,0.17418118118397258,,,,,,,,,,,,,
S2A_T29UPA_20250508T113329_L2A,2025-05-08,2025-05-08T11:36:27.728000Z,sentinel-2a,S2A_MSIL2A_20250508T113331_N0511_R080_T29UPA_20250508T151817.SAFE,sentinel-2-c1-l2a,05.11,L1284,Toome,-6.466696920835618,54.75354853784675,False,338.87523315847875,True,provisional_filtered_view_no_row_flags,31.180578,51.6414026473968,9.309553334821365,Sen2Cor_BOA_not_aquatic_Rw,False,,,,5,False,True,298.5451035583995,False,footprint_shore_buffer_100m;no_probe_within_15min;outside_lake_polygon;scl_core_not_all_water;spectra_not_sampled_after_scl_rejection,False,,,,,,,,,,,,,,,,,,,,,,,,,,,,,,,,,,,,,,,,,,,,,,,,,,,,,,,,,,,,,,,,,,,,,,,,,,,,,,,,,,,
S2C_T29UPA_20250509T114406_L2A,2025-05-09,2025-05-09T11:46:32.727000Z,sentinel-2c,S2C_MSIL2A_20250509T114411_N0511_R123_T29UPA_20250509T134254.SAFE,sentinel-2-c1-l2a,05.11,L1278,Rea's Wood,-6.241996568375846,54.712602169290584,True,270.8840794505137,True,provisional_filtered_view_no_row_flags,26.3441,52.3147407613779,2.99689976299058,Sen2Cor_BOA_not_aquatic_Rw,False,0.261839032173157,0.353075355291367,0.0922177731990814,9,False,False,219.1519161730116,True,,True,0.017,0.001064534182021112,36,1149,0,0,0.06254811580342749,0.017749999999999995,0.000874519268293891,36,1155,0,0,0.04961029571159798,0.012800000000000006,0.0004342849238250494,36,1121,0,0,0.03378918793538314,0.013999999999999999,0.0003018461712712472,9,1135,0,0,0.021509228356620943,0.014299999999999993,0.00046613726585340194,9,1136,0,0,0.03277527650531732,0.014299999999999993,0.00028846122190549214,9,1137,0,0,0.020187799355749842,0.0131,0.0005389175250123467,36,1122,0,0,0.04117366489907573,0.014399999999999996,0.000154759869746489,9,1140,0,0,0.010805576630864245,0.008800000000000002,0.0004653420353638207,9,1079,0,0,0.053419366304520245,0.0059000000000000025,0.00026246692913372866,9,1056,0,0,0.04423599929220147,0.388094156980515,False,False,201287,2025-05-09T12:00:00Z,13.454550000031789,True,4,0,0.233872294425964,0.388094156980515,0.311528503894806,1
S2C_T29UPA_20250509T114406_L2A,2025-05-09,2025-05-09T11:46:32.727000Z,sentinel-2c,S2C_MSIL2A_20250509T114411_N0511_R123_T29UPA_20250509T134254.SAFE,sentinel-2-c1-l2a,05.11,L1279,Washing Bay,-6.569769770482481,54.523188284062314,True,396.0713035201496,True,provisional_filtered_view_no_row_flags,26.3441,52.3147407613779,2.99689976299058,Sen2Cor_BOA_not_aquatic_Rw,False,,,,9,False,False,352.9038840688248,True,no_probe_within_15min,False,0.0184,0.0010800234336735247,36,1164,0,0,0.0586084468077282,0.017299999999999996,0.0008118717894280707,36,1163,0,0,0.046540421050016795,0.012700000000000003,0.00054057582467423,36,1119,0,0,0.0419051026879248,0.0126,0.0002981423969999748,9,1124,0,0,0.023414324371725772,0.0116,0.0003201080064641754,9,1108,0,0,0.027728316248099884,0.010800000000000004,0.0005333333333333316,9,1104,0,0,0.04848484848484832,0.010899999999999993,0.00017559422921421163,36,1107,0,0,0.01603600266796453,0.009999999999999995,0.00038232556742411506,9,1089,0,0,0.038924548719649725,0.007199999999999998,0.0002199887763691463,9,1069,0,0,0.03064859113502038,0.005099999999999993,0.00026434171674156185,9,1047,0,0,0.05171903153639255,,,,,,,,,,,,,
S2C_T29UPA_20250509T114406_L2A,2025-05-09,2025-05-09T11:46:32.727000Z,sentinel-2c,S2C_MSIL2A_20250509T114411_N0511_R123_T29UPA_20250509T134254.SAFE,sentinel-2-c1-l2a,05.11,L1284,Toome,-6.466696920835618,54.75354853784675,False,338.87523315847875,True,provisional_filtered_view_no_row_flags,26.3441,52.3147407613779,2.99689976299058,Sen2Cor_BOA_not_aquatic_Rw,False,,,,5,False,True,298.5451035583995,False,footprint_shore_buffer_100m;no_probe_within_15min;outside_lake_polygon;scl_core_not_all_water;spectra_not_sampled_after_scl_rejection,False,,,,,,,,,,,,,,,,,,,,,,,,,,,,,,,,,,,,,,,,,,,,,,,,,,,,,,,,,,,,,,,,,,,,,,,,,,,,,,,,,,,
S2B_T29UPA_20250511T113318_L2A,2025-05-11,2025-05-11T11:36:16.945000Z,sentinel-2b,S2B_MSIL2A_20250511T113319_N0511_R080_T29UPA_20250511T134055.SAFE,sentinel-2-c1-l2a,05.11,L1278,Rea's Wood,-6.241996568375846,54.712602169290584,True,270.8840794505137,True,provisional_filtered_view_no_row_flags,45.27165,52.4082985363188,9.264460849769996,Sen2Cor_BOA_not_aquatic_Rw,False,0.054536510258913,0.418502599000931,0.0437368452548981,9,False,False,219.1519161730116,True,,True,0.020599999999999993,0.0013928388277184124,36,1173,0,0,0.06696340517876984,0.018049999999999997,0.0013202482931462382,36,1156,0,0,0.07287479079004075,0.015,0.0010632613466867054,36,1121,0,0,0.0704405750473342,0.017100000000000004,0.0007651353466971921,9,1164,0,0,0.044255900515904424,0.013399999999999995,0.0012632507546547539,9,1119,0,0,0.09326707786622465,0.016600000000000004,0.0011173160079979139,9,1148,0,0,0.06780744485489701,0.009900000000000006,0.0003083208205669253,36,1093,0,0,0.031073766910440396,0.0203,0.001105318232484081,9,1183,0,0,0.055327386498090825,0.014100000000000001,0.0008899993064222552,9,1128,0,0,0.06317029777445028,0.014799999999999994,0.0006218252702059212,9,1144,0,0,0.04145501801372809,0.311252743005753,False,False,206706,2025-05-11T11:30:00Z,-6.282416665554047,True,4,0,0.311252743005753,0.432670503854752,0.419667810201645,1
S2B_T29UPA_20250511T113318_L2A,2025-05-11,2025-05-11T11:36:16.945000Z,sentinel-2b,S2B_MSIL2A_20250511T113319_N0511_R080_T29UPA_20250511T134055.SAFE,sentinel-2-c1-l2a,05.11,L1279,Washing Bay,-6.569769770482481,54.523188284062314,True,396.0713035201496,True,provisional_filtered_view_no_row_flags,45.27165,52.4082985363188,9.264460849769996,Sen2Cor_BOA_not_aquatic_Rw,False,,,,0,True,False,352.9038840688248,True,no_probe_within_15min;scl_cloud_shadow_snow_nearby;scl_core_not_all_water;spectra_not_sampled_after_scl_rejection,False,,,,,,,,,,,,,,,,,,,,,,,,,,,,,,,,,,,,,,,,,,,,,,,,,,,,,,,,,,,,,,,,,,,,,,,,,,,,,,,,,,,
S2B_T29UPA_20250511T113318_L2A,2025-05-11,2025-05-11T11:36:16.945000Z,sentinel-2b,S2B_MSIL2A_20250511T113319_N0511_R080_T29UPA_20250511T134055.SAFE,sentinel-2-c1-l2a,05.11,L1284,Toome,-6.466696920835618,54.75354853784675,False,338.87523315847875,True,provisional_filtered_view_no_row_flags,45.27165,52.4082985363188,9.264460849769996,Sen2Cor_BOA_not_aquatic_Rw,False,,,,0,True,False,298.5451035583995,False,footprint_shore_buffer_100m;no_probe_within_15min;outside_lake_polygon;scl_cloud_shadow_snow_nearby;scl_core_not_all_water;spectra_not_sampled_after_scl_rejection,False,,,,,,,,,,,,,,,,,,,,,,,,,,,,,,,,,,,,,,,,,,,,,,,,,,,,,,,,,,,,,,,,,,,,,,,,,,,,,,,,,,,
S2A_T29UPA_20250511T114617_L2A,2025-05-11,2025-05-11T11:46:28.137000Z,sentinel-2a,S2A_MSIL2A_20250511T114401_N0511_R123_T29UPA_20250511T162611.SAFE,sentinel-2-c1-l2a,05.11,L1278,Rea's Wood,-6.241996568375846,54.712602169290584,True,270.8840794505137,True,provisional_filtered_view_no_row_flags,36.847213,52.8254138306345,2.993933117474436,Sen2Cor_BOA_not_aquatic_Rw,False,0.420833021402359,0.35247477889061,0.250868290662766,9,False,False,219.1519161730116,True,,True,0.02105,0.0014872373717735852,36,1174,0,0,0.07124490403705798,0.021400000000000002,0.0010072269718586304,36,1191,0,0,0.04711560679172387,0.016299999999999995,0.00047573043253973585,36,1155,0,0,0.029081839992240604,0.018699999999999994,0.0004521553322083517,9,1181,0,0,0.02426593911672728,0.015600000000000003,0.0003046957600178232,9,1151,0,0,0.01962964810422626,0.014499999999999999,0.00027532248207475256,9,1141,0,0,0.018929735207584217,0.013800000000000007,0.00046450391697905867,36,1131,0,0,0.03359883667117965,0.0131,0.0002948110924760354,9,1128,0,0,0.02224056858578641,0.0068000000000000005,0.0002528845928164682,9,1066,0,0,0.0367683575985172,0.0058,0.0002943920288775944,9,1053,0,0,0.051647724364490236,0.432670503854752,False,False,206708,2025-05-11T12:00:00Z,13.531049998601278,True,4,0,0.311252743005753,0.432670503854752,0.419667810201645,1
S2A_T29UPA_20250511T114617_L2A,2025-05-11,2025-05-11T11:46:28.137000Z,sentinel-2a,S2A_MSIL2A_20250511T114401_N0511_R123_T29UPA_20250511T162611.SAFE,sentinel-2-c1-l2a,05.11,L1279,Washing Bay,-6.569769770482481,54.523188284062314,True,396.0713035201496,True,provisional_filtered_view_no_row_flags,36.847213,52.8254138306345,2.993933117474436,Sen2Cor_BOA_not_aquatic_Rw,False,,,,9,False,False,352.9038840688248,True,no_probe_within_15min,False,0.03,0.0013966974936932095,36,1282,0,0,0.04603232607612885,0.031299999999999994,0.0014966294435691237,36,1276,0,0,0.048230829799022865,0.025400000000000006,0.0012627742337536429,36,1242,0,0,0.048640993382335906,0.026499999999999996,0.0009900741959975778,9,1242,0,0,0.03801479421492407,0.020900000000000002,0.001683910792042012,9,1179,0,0,0.08108719704857201,0.018699999999999994,0.0011880059026332158,9,1177,0,0,0.06205486432791028,0.023100000000000002,0.00269791872229294,36,1175,0,0,0.11879289873109813,0.020599999999999993,0.0012260545977007744,9,1190,0,0,0.059839974942011764,0.021199999999999997,0.0009468596569062097,9,1199,0,0,0.04401723611650769,0.019799999999999998,0.0006419491922513012,9,1188,0,0,0.03260464294730086,,,,,,,,,,,,,
S2A_T29UPA_20250511T114617_L2A,2025-05-11,2025-05-11T11:46:28.137000Z,sentinel-2a,S2A_MSIL2A_20250511T114401_N0511_R123_T29UPA_20250511T162611.SAFE,sentinel-2-c1-l2a,05.11,L1284,Toome,-6.466696920835618,54.75354853784675,False,338.87523315847875,True,provisional_filtered_view_no_row_flags,36.847213,52.8254138306345,2.993933117474436,Sen2Cor_BOA_not_aquatic_Rw,False,,,,0,True,False,298.5451035583995,False,footprint_shore_buffer_100m;no_probe_within_15min;outside_lake_polygon;scl_cloud_shadow_snow_nearby;scl_core_not_all_water;spectra_not_sampled_after_scl_rejection,False,,,,,,,,,,,,,,,,,,,,,,,,,,,,,,,,,,,,,,,,,,,,,,,,,,,,,,,,,,,,,,,,,,,,,,,,,,,,,,,,,,,
S2B_T29UPA_20250514T114347_L2A,2025-05-14,2025-05-14T11:46:13.974000Z,sentinel-2b,S2B_MSIL2A_20250514T114349_N0511_R123_T29UPA_20250514T152830.SAFE,sentinel-2-c1-l2a,05.11,L1278,Rea's Wood,-6.241996568375846,54.712602169290584,True,270.8840794505137,True,provisional_filtered_view_no_row_flags,21.255434,53.548710717149,3.0136189904388937,Sen2Cor_BOA_not_aquatic_Rw,False,0.413368314504623,0.461608737707138,0.0,9,False,False,219.1519161730116,True,,True,0.01725,0.0009787991824200572,36,1151,0,0,0.0570635960601167,0.015,0.000626492046199007,36,1140,0,0,0.041635063066576064,0.012300000000000005,0.000647692961857321,36,1109,0,0,0.05256299960970143,0.011999999999999997,0.0005632796380282921,9,1113,0,0,0.046254714801593315,0.009900000000000006,0.0005656854249492393,9,1091,0,0,0.05752733135077009,0.010999999999999996,0.0006419491922513022,9,1101,0,0,0.058418025584041654,0.0092,0.0008576273615959485,36,1074,0,0,0.09430233664463697,0.0092,0.0009262962222518353,9,1081,0,0,0.09912801427189677,0.008499999999999994,0.000455691036764663,9,1078,0,0,0.05354072233527373,0.006500000000000006,0.0005971123930019715,9,1060,0,0,0.08926929463484623,0.312419921159744,False,False,210481,2025-05-14T12:00:00Z,13.76710000038147,True,4,0,0.284777134656906,0.52052891254425,0.3628941178321835,1
S2B_T29UPA_20250514T114347_L2A,2025-05-14,2025-05-14T11:46:13.974000Z,sentinel-2b,S2B_MSIL2A_20250514T114349_N0511_R123_T29UPA_20250514T152830.SAFE,sentinel-2-c1-l2a,05.11,L1279,Washing Bay,-6.569769770482481,54.523188284062314,True,396.0713035201496,True,provisional_filtered_view_no_row_flags,21.255434,53.548710717149,3.0136189904388937,Sen2Cor_BOA_not_aquatic_Rw,False,,,,9,False,False,352.9038840688248,True,no_probe_within_15min,False,0.0228,0.0012595193086606066,36,1193,0,0,0.055854514796479224,0.023999999999999994,0.0009610107526280184,36,1202,0,0,0.04000044755995914,0.02085,0.0009620058455714203,36,1188,0,0,0.0463183234459959,0.020100000000000007,0.0006494061864978867,9,1190,0,0,0.03243427124573241,0.014100000000000001,0.0007212814385385529,9,1133,0,0,0.05028298177263343,0.014499999999999999,0.00037712361663282644,9,1140,0,0,0.025948872704093566,0.013800000000000007,0.00030503743951549965,36,1132,0,0,0.022028781991089243,0.0116,0.0003392075004994169,9,1110,0,0,0.029298152634306643,0.007099999999999995,0.00023147407395555136,9,1070,0,0,0.03195194272392581,0.005599999999999994,0.00045893058729029737,9,1050,0,0,0.08020146185655683,,,,,,,,,,,,,
S2B_T29UPA_20250514T114347_L2A,2025-05-14,2025-05-14T11:46:13.974000Z,sentinel-2b,S2B_MSIL2A_20250514T114349_N0511_R123_T29UPA_20250514T152830.SAFE,sentinel-2-c1-l2a,05.11,L1284,Toome,-6.466696920835618,54.75354853784675,False,338.87523315847875,True,provisional_filtered_view_no_row_flags,21.255434,53.548710717149,3.0136189904388937,Sen2Cor_BOA_not_aquatic_Rw,False,,,,5,False,True,298.5451035583995,False,footprint_shore_buffer_100m;no_probe_within_15min;outside_lake_polygon;scl_core_not_all_water;spectra_not_sampled_after_scl_rejection,False,,,,,,,,,,,,,,,,,,,,,,,,,,,,,,,,,,,,,,,,,,,,,,,,,,,,,,,,,,,,,,,,,,,,,,,,,,,,,,,,,,,
S2C_T29UPA_20250516T113334_L2A,2025-05-16,2025-05-16T11:36:32.333000Z,sentinel-2c,S2C_MSIL2A_20250516T113331_N0511_R080_T29UPA_20250516T140713.SAFE,sentinel-2-c1-l2a,05.11,L1278,Rea's Wood,-6.241996568375846,54.712602169290584,True,270.8840794505137,True,provisional_filtered_view_no_row_flags,0.201168,53.6025050150017,9.329052592972085,Sen2Cor_BOA_not_aquatic_Rw,False,0.396493345499039,0.232866525650024,0.0,9,False,False,219.1519161730116,True,,True,0.007149999999999997,0.0010408329997330667,36,1052,0,0,0.14257986297713243,0.00895,0.0006925696916396061,36,1076,0,0,0.07659756958226059,0.0063,0.0005099624774383524,36,1048,0,0,0.08329695638738967,0.007199999999999998,0.00021081851067789384,9,1066,0,0,0.029416536373659614,0.006500000000000006,0.00019688939051854817,9,1062,0,0,0.030342543059365304,0.006400000000000003,0.0006308919807368176,9,1053,0,0,0.0978970314936441,0.00655,0.0003221623507595411,36,1058,0,0,0.04979752952916909,0.006599999999999995,0.00018121673811444678,9,1064,0,0,0.027137281913977053,0.006000000000000005,0.0002981423969999696,9,1055,0,0,0.049415866906072296,0.004299999999999998,0.00019876159799998107,9,1041,0,0,0.04540239548222922,0.447112947702408,False,False,215979,2025-05-16T11:30:00Z,-6.538883332411448,True,4,0,0.232866525650024,0.573669612407684,0.4179894477128985,1
S2C_T29UPA_20250516T113334_L2A,2025-05-16,2025-05-16T11:36:32.333000Z,sentinel-2c,S2C_MSIL2A_20250516T113331_N0511_R080_T29UPA_20250516T140713.SAFE,sentinel-2-c1-l2a,05.11,L1279,Washing Bay,-6.569769770482481,54.523188284062314,True,396.0713035201496,True,provisional_filtered_view_no_row_flags,0.201168,53.6025050150017,9.329052592972085,Sen2Cor_BOA_not_aquatic_Rw,False,,,,9,False,False,352.9038840688248,True,no_probe_within_15min,False,0.009999999999999995,0.0009533040334787835,36,1080,0,0,0.09514539840653233,0.011499999999999996,0.0004668898275943821,36,1107,0,0,0.04039421723960047,0.007099999999999995,0.00042740784870636407,36,1061,0,0,0.05961519780483962,0.007599999999999996,0.00024695678634325424,9,1073,0,0,0.03244687703779984,0.005099999999999993,0.000248451997499976,9,1050,0,0,0.04757591441488903,0.005599999999999994,0.0001571348402636765,9,1054,0,0,0.027838849653013555,0.005299999999999999,0.00013819269959814407,36,1050,0,0,0.026197668170264286,0.004699999999999996,0.00019499920860871362,9,1043,0,0,0.041985475537761316,0.003600000000000006,0.00020245407953654092,9,1032,0,0,0.0564113534312343,0.002799999999999997,0.0004491418429201738,9,1021,0,0,0.167729318932845,,,,,,,,,,,,,
S2C_T29UPA_20250516T113334_L2A,2025-05-16,2025-05-16T11:36:32.333000Z,sentinel-2c,S2C_MSIL2A_20250516T113331_N0511_R080_T29UPA_20250516T140713.SAFE,sentinel-2-c1-l2a,05.11,L1284,Toome,-6.466696920835618,54.75354853784675,False,338.87523315847875,True,provisional_filtered_view_no_row_flags,0.201168,53.6025050150017,9.329052592972085,Sen2Cor_BOA_not_aquatic_Rw,False,,,,4,False,True,298.5451035583995,False,footprint_shore_buffer_100m;no_probe_within_15min;outside_lake_polygon;scl_core_not_all_water;spectra_not_sampled_after_scl_rejection,False,,,,,,,,,,,,,,,,,,,,,,,,,,,,,,,,,,,,,,,,,,,,,,,,,,,,,,,,,,,,,,,,,,,,,,,,,,,,,,,,,,,
S2A_T29UPA_20250518T113332_L2A,2025-05-18,2025-05-18T11:36:31.337000Z,sentinel-2a,S2A_MSIL2A_20250518T113331_N0511_R080_T29UPA_20250518T150714.SAFE,sentinel-2-c1-l2a,05.11,L1278,Rea's Wood,-6.241996568375846,54.712602169290584,True,270.8840794505137,True,provisional_filtered_view_no_row_flags,0.002658,54.0346340179317,9.283032610504948,Sen2Cor_BOA_not_aquatic_Rw,False,0.252980083227158,0.250234693288803,0.0,9,False,False,219.1519161730116,True,,True,0.008900000000000005,0.0009740577910200789,36,1062,0,0,0.10859733811310884,0.009999999999999995,0.0006346234423500665,36,1080,0,0,0.0647942255377266,0.0063,0.00032129896465964527,36,1056,0,0,0.052504597039252074,0.0063,0.0003231786571610893,9,1060,0,0,0.05023502442918487,0.005199999999999996,0.00043404499965832614,9,1044,0,0,0.08473763550813308,0.005099999999999993,0.00021081851067789143,9,1049,0,0,0.0405420212842099,0.004299999999999998,0.00022789631062187455,36,1039,0,0,0.05303340130825784,0.004199999999999995,0.0003402976184691891,9,1036,0,0,0.08188980123590113,0.0029,0.0003299831645537225,9,1027,0,0,0.1076032058327357,0.002600000000000005,0.00044499965321112875,9,1019,0,0,0.1675730911673705,0.133855044841766,False,False,220826,2025-05-18T11:30:00Z,-6.522283331553141,True,4,0,0.0809532254934311,0.291001707315445,0.1920448690652845,1
S2A_T29UPA_20250518T113332_L2A,2025-05-18,2025-05-18T11:36:31.337000Z,sentinel-2a,S2A_MSIL2A_20250518T113331_N0511_R080_T29UPA_20250518T150714.SAFE,sentinel-2-c1-l2a,05.11,L1279,Washing Bay,-6.569769770482481,54.523188284062314,True,396.0713035201496,True,provisional_filtered_view_no_row_flags,0.002658,54.0346340179317,9.283032610504948,Sen2Cor_BOA_not_aquatic_Rw,False,,,,9,False,False,352.9038840688248,True,no_probe_within_15min,False,0.013800000000000007,0.0009348656403099316,36,1121,0,0,0.067675775288875,0.0184,0.0009021579068482903,36,1156,0,0,0.04920861310081584,0.011800000000000005,0.0005455982671671568,36,1105,0,0,0.04635718106683419,0.0175,0.0007023769168568489,9,1167,0,0,0.03960772087538621,0.010099999999999998,0.0004139541335599376,9,1094,0,0,0.04162667264848535,0.010300000000000004,0.0003055050463303895,9,1097,0,0,0.029853913322187894,0.008599999999999997,0.0002618783055420573,36,1083,0,0,0.03025551668650213,0.007400000000000004,0.00038809442659050913,9,1069,0,0,0.051593055233597966,0.003600000000000006,0.0003166179299727789,9,1028,0,0,0.08932794262554891,0.0029,0.00033259176771324245,9,1027,0,0,0.10806230719924843,,,,,,,,,,,,,
S2A_T29UPA_20250518T113332_L2A,2025-05-18,2025-05-18T11:36:31.337000Z,sentinel-2a,S2A_MSIL2A_20250518T113331_N0511_R080_T29UPA_20250518T150714.SAFE,sentinel-2-c1-l2a,05.11,L1284,Toome,-6.466696920835618,54.75354853784675,False,338.87523315847875,True,provisional_filtered_view_no_row_flags,0.002658,54.0346340179317,9.283032610504948,Sen2Cor_BOA_not_aquatic_Rw,False,,,,5,False,True,298.5451035583995,False,footprint_shore_buffer_100m;no_probe_within_15min;outside_lake_polygon;scl_core_not_all_water;spectra_not_sampled_after_scl_rejection,False,,,,,,,,,,,,,,,,,,,,,,,,,,,,,,,,,,,,,,,,,,,,,,,,,,,,,,,,,,,,,,,,,,,,,,,,,,,,,,,,,,,
S2C_T29UPA_20250519T114405_L2A,2025-05-19,2025-05-19T11:46:31.233000Z,sentinel-2c,S2C_MSIL2A_20250519T114411_N0511_R123_T29UPA_20250519T182412.SAFE,sentinel-2-c1-l2a,05.11,L1278,Rea's Wood,-6.241996568375846,54.712602169290584,True,270.8840794505137,True,provisional_filtered_view_no_row_flags,74.303788,54.6652233691069,2.98409102242393,Sen2Cor_BOA_not_aquatic_Rw,False,0.0,0.0,0.0,9,True,False,219.1519161730116,True,scl_cloud_shadow_snow_nearby;spectra_not_sampled_after_scl_rejection,False,,,,,,,,,,,,,,,,,,,,,,,,,,,,,,,,,,,,,,,,,,,,,,,,,,,,,,,,,,,,,,,,,,,,,,,0.0176826063543558,False,False,230930,2025-05-19T12:00:00Z,13.479449999332427,True,4,0,0.0,0.0243132095783949,0.0088413031771779,1
S2C_T29UPA_20250519T114405_L2A,2025-05-19,2025-05-19T11:46:31.233000Z,sentinel-2c,S2C_MSIL2A_20250519T114411_N0511_R123_T29UPA_20250519T182412.SAFE,sentinel-2-c1-l2a,05.11,L1279,Washing Bay,-6.569769770482481,54.523188284062314,True,396.0713035201496,True,provisional_filtered_view_no_row_flags,74.303788,54.6652233691069,2.98409102242393,Sen2Cor_BOA_not_aquatic_Rw,False,,,,0,True,False,352.9038840688248,True,no_probe_within_15min;scl_cloud_shadow_snow_nearby;scl_core_not_all_water;spectra_not_sampled_after_scl_rejection,False,,,,,,,,,,,,,,,,,,,,,,,,,,,,,,,,,,,,,,,,,,,,,,,,,,,,,,,,,,,,,,,,,,,,,,,,,,,,,,,,,,,
S2C_T29UPA_20250519T114405_L2A,2025-05-19,2025-05-19T11:46:31.233000Z,sentinel-2c,S2C_MSIL2A_20250519T114411_N0511_R123_T29UPA_20250519T182412.SAFE,sentinel-2-c1-l2a,05.11,L1284,Toome,-6.466696920835618,54.75354853784675,False,338.87523315847875,True,provisional_filtered_view_no_row_flags,74.303788,54.6652233691069,2.98409102242393,Sen2Cor_BOA_not_aquatic_Rw,False,,,,0,True,True,298.5451035583995,False,footprint_shore_buffer_100m;no_probe_within_15min;outside_lake_polygon;scl_cloud_shadow_snow_nearby;scl_core_not_all_water;spectra_not_sampled_after_scl_rejection,False,,,,,,,,,,,,,,,,,,,,,,,,,,,,,,,,,,,,,,,,,,,,,,,,,,,,,,,,,,,,,,,,,,,,,,,,,,,,,,,,,,,
S2B_T29UPA_20250521T113318_L2A,2025-05-21,2025-05-21T11:36:16.804000Z,sentinel-2b,S2B_MSIL2A_20250521T113319_N0511_R080_T29UPA_20250521T134011.SAFE,sentinel-2-c1-l2a,05.11,L1278,Rea's Wood,-6.241996568375846,54.712602169290584,True,270.8840794505137,True,provisional_filtered_view_no_row_flags,0.577752,54.6276691880291,9.292547108095329,Sen2Cor_BOA_not_aquatic_Rw,False,0.222709700465202,0.193184867501259,0.0,9,False,False,219.1519161730116,True,,True,0.01965,0.0019391256620790028,36,1162,0,0,0.09772997876920636,0.018000000000000002,0.0017402284510168184,36,1146,0,0,0.09626340540351179,0.014399999999999996,0.0012504165972453615,36,1124,0,0,0.08708647223995555,0.014100000000000001,0.0012431540929287222,9,1127,0,0,0.08521239022359862,0.012499999999999997,0.0010510429858120417,9,1118,0,0,0.08057399380160457,0.0126,0.0006238075043385851,9,1122,0,0,0.0485663281924504,0.011099999999999999,0.0013590205033019412,36,1097,0,0,0.11769241789480368,0.011099999999999999,0.000600000000000001,9,1105,0,0,0.053571428571428666,0.009800000000000003,0.000743531778858739,9,1089,0,0,0.07418831496373225,0.009599999999999997,0.001209938270030315,9,1082,0,0,0.12318376052344836,0.146147057414055,False,False,231025,2025-05-21T11:30:00Z,-6.280066665013631,True,4,0,0.117193304002285,0.325196295976639,0.169665962457657,1
S2B_T29UPA_20250521T113318_L2A,2025-05-21,2025-05-21T11:36:16.804000Z,sentinel-2b,S2B_MSIL2A_20250521T113319_N0511_R080_T29UPA_20250521T134011.SAFE,sentinel-2-c1-l2a,05.11,L1279,Washing Bay,-6.569769770482481,54.523188284062314,True,396.0713035201496,True,provisional_filtered_view_no_row_flags,0.577752,54.6276691880291,9.292547108095329,Sen2Cor_BOA_not_aquatic_Rw,False,,,,9,False,False,352.9038840688248,True,no_probe_within_15min,False,0.016349999999999996,0.001261306886419159,36,1130,0,0,0.07724914581675693,0.014200000000000004,0.0007835500094339555,36,1132,0,0,0.05487898898759221,0.008900000000000005,0.0005836440971163552,36,1076,0,0,0.06605214553973211,0.009099999999999997,0.00031894889098682994,9,1084,0,0,0.03535147806504273,0.006699999999999998,0.0002671292284482534,9,1062,0,0,0.04013627806401135,0.006900000000000003,0.00035416394334465066,9,1067,0,0,0.050514667038064266,0.0058,0.0003361340671683118,36,1051,0,0,0.05787100152108671,0.005099999999999993,0.0003651483716701087,9,1043,0,0,0.07503048732947443,0.002799999999999997,0.00022986845406196944,9,1023,0,0,0.08144945222668215,0.0025000000000000022,0.00046454544356370916,9,1020,0,0,0.18177865182927755,,,,,,,,,,,,,
S2B_T29UPA_20250521T113318_L2A,2025-05-21,2025-05-21T11:36:16.804000Z,sentinel-2b,S2B_MSIL2A_20250521T113319_N0511_R080_T29UPA_20250521T134011.SAFE,sentinel-2-c1-l2a,05.11,L1284,Toome,-6.466696920835618,54.75354853784675,False,338.87523315847875,True,provisional_filtered_view_no_row_flags,0.577752,54.6276691880291,9.292547108095329,Sen2Cor_BOA_not_aquatic_Rw,False,,,,5,False,True,298.5451035583995,False,footprint_shore_buffer_100m;no_probe_within_15min;outside_lake_polygon;scl_core_not_all_water;spectra_not_sampled_after_scl_rejection,False,,,,,,,,,,,,,,,,,,,,,,,,,,,,,,,,,,,,,,,,,,,,,,,,,,,,,,,,,,,,,,,,,,,,,,,,,,,,,,,,,,,
S2A_T29UPA_20250521T114403_L2A,2025-05-21,2025-05-21T11:46:29.747000Z,sentinel-2a,S2A_MSIL2A_20250521T114401_N0511_R123_T29UPA_20250521T151717.SAFE,sentinel-2-c1-l2a,05.11,L1278,Rea's Wood,-6.241996568375846,54.712602169290584,True,270.8840794505137,True,provisional_filtered_view_no_row_flags,0.692921,55.0655169264943,3.004348769953345,Sen2Cor_BOA_not_aquatic_Rw,False,0.325196295976639,0.203489303588867,0.0,9,False,False,219.1519161730116,True,,True,0.012700000000000003,0.0012114009591999752,36,1101,0,0,0.09499114469875651,0.015399999999999997,0.0006368990752849043,36,1136,0,0,0.04145428803156131,0.012949999999999996,0.000984646800120558,36,1110,0,0,0.0764114783452039,0.0131,0.0002514157444218848,9,1129,0,0,0.019030628257333586,0.0126,0.00038809442659051016,9,1118,0,0,0.030746917599600274,0.013300000000000006,0.0005291502622129169,9,1127,0,0,0.03929333630293937,0.011499999999999996,0.0005541649262016669,36,1107,0,0,0.04772712283076558,0.0126,0.00044969125210773535,9,1119,0,0,0.03550194095587384,0.009800000000000003,0.00044666113871648404,9,1092,0,0,0.045218787946550695,0.008599999999999997,0.0003899984172174269,9,1081,0,0,0.04529013877363668,0.117193304002285,False,False,231026,2025-05-21T12:00:00Z,13.504216667016347,True,4,0,0.117193304002285,0.325196295976639,0.169665962457657,1
S2A_T29UPA_20250521T114403_L2A,2025-05-21,2025-05-21T11:46:29.747000Z,sentinel-2a,S2A_MSIL2A_20250521T114401_N0511_R123_T29UPA_20250521T151717.SAFE,sentinel-2-c1-l2a,05.11,L1279,Washing Bay,-6.569769770482481,54.523188284062314,True,396.0713035201496,True,provisional_filtered_view_no_row_flags,0.692921,55.0655169264943,3.004348769953345,Sen2Cor_BOA_not_aquatic_Rw,False,,,,9,False,False,352.9038840688248,True,no_probe_within_15min,False,0.011200000000000002,0.0009780421044232668,36,1086,0,0,0.08875602661768996,0.014249999999999999,0.0006774133810967184,36,1125,0,0,0.04781741513623895,0.0097,0.0006790516262487802,36,1080,0,0,0.06976557803925826,0.010400000000000006,0.00016850834320114835,9,1100,0,0,0.01639540636551713,0.008400000000000005,9.162456945816873e-05,9,1082,0,0,0.010936619696598388,0.008499999999999994,0.0005194964323360453,9,1075,0,0,0.06103743983060585,0.007400000000000004,0.0002878587402198994,36,1070,0,0,0.03882695634288639,0.007400000000000004,0.0002538591035287963,9,1070,0,0,0.034305284260648154,0.0034000000000000002,0.0002905932629027146,9,1028,0,0,0.0880585645159741,0.002799999999999997,0.00050868991743376,9,1018,0,0,0.19648966767827664,,,,,,,,,,,,,
S2A_T29UPA_20250521T114403_L2A,2025-05-21,2025-05-21T11:46:29.747000Z,sentinel-2a,S2A_MSIL2A_20250521T114401_N0511_R123_T29UPA_20250521T151717.SAFE,sentinel-2-c1-l2a,05.11,L1284,Toome,-6.466696920835618,54.75354853784675,False,338.87523315847875,True,provisional_filtered_view_no_row_flags,0.692921,55.0655169264943,3.004348769953345,Sen2Cor_BOA_not_aquatic_Rw,False,,,,5,False,True,298.5451035583995,False,footprint_shore_buffer_100m;no_probe_within_15min;outside_lake_polygon;scl_core_not_all_water;spectra_not_sampled_after_scl_rejection,False,,,,,,,,,,,,,,,,,,,,,,,,,,,,,,,,,,,,,,,,,,,,,,,,,,,,,,,,,,,,,,,,,,,,,,,,,,,,,,,,,,,
S2B_T29UPA_20250524T114348_L2A,2025-05-24,2025-05-24T11:46:14.782000Z,sentinel-2b,S2B_MSIL2A_20250524T114349_N0511_R123_T29UPA_20250524T134657.SAFE,sentinel-2-c1-l2a,05.11,L1278,Rea's Wood,-6.241996568375846,54.712602169290584,True,270.8840794505137,True,provisional_filtered_view_no_row_flags,99.973804,55.6117638726871,2.9991992545661184,Sen2Cor_BOA_not_aquatic_Rw,False,1.67917954921722,5.93608045578003,0.10081073641777,0,True,False,219.1519161730116,True,scl_cloud_shadow_snow_nearby;scl_core_not_all_water;spectra_not_sampled_after_scl_rejection,False,,,,,,,,,,,,,,,,,,,,,,,,,,,,,,,,,,,,,,,,,,,,,,,,,,,,,,,,,,,,,,,,,,,,,,,1.48306310176849,False,False,238867,2025-05-24T12:00:00Z,13.753633332252502,True,4,0,1.05758821964264,1.6808100938797,1.581121325492855,1
S2B_T29UPA_20250524T114348_L2A,2025-05-24,2025-05-24T11:46:14.782000Z,sentinel-2b,S2B_MSIL2A_20250524T114349_N0511_R123_T29UPA_20250524T134657.SAFE,sentinel-2-c1-l2a,05.11,L1279,Washing Bay,-6.569769770482481,54.523188284062314,True,396.0713035201496,True,provisional_filtered_view_no_row_flags,99.973804,55.6117638726871,2.9991992545661184,Sen2Cor_BOA_not_aquatic_Rw,False,,,,0,True,False,352.9038840688248,True,no_probe_within_15min;scl_cloud_shadow_snow_nearby;scl_core_not_all_water;spectra_not_sampled_after_scl_rejection,False,,,,,,,,,,,,,,,,,,,,,,,,,,,,,,,,,,,,,,,,,,,,,,,,,,,,,,,,,,,,,,,,,,,,,,,,,,,,,,,,,,,
S2B_T29UPA_20250524T114348_L2A,2025-05-24,2025-05-24T11:46:14.782000Z,sentinel-2b,S2B_MSIL2A_20250524T114349_N0511_R123_T29UPA_20250524T134657.SAFE,sentinel-2-c1-l2a,05.11,L1284,Toome,-6.466696920835618,54.75354853784675,False,338.87523315847875,True,provisional_filtered_view_no_row_flags,99.973804,55.6117638726871,2.9991992545661184,Sen2Cor_BOA_not_aquatic_Rw,False,,,,0,True,False,298.5451035583995,False,footprint_shore_buffer_100m;no_probe_within_15min;outside_lake_polygon;scl_cloud_shadow_snow_nearby;scl_core_not_all_water;spectra_not_sampled_after_scl_rejection,False,,,,,,,,,,,,,,,,,,,,,,,,,,,,,,,,,,,,,,,,,,,,,,,,,,,,,,,,,,,,,,,,,,,,,,,,,,,,,,,,,,,
S2C_T29UPA_20250526T113337_L2A,2025-05-26,2025-05-26T11:36:35.442000Z,sentinel-2c,S2C_MSIL2A_20250526T113341_N0511_R080_T29UPA_20250526T183113.SAFE,sentinel-2-c1-l2a,05.11,L1278,Rea's Wood,-6.241996568375846,54.712602169290584,True,270.8840794505137,True,provisional_filtered_view_no_row_flags,99.83176,55.5260794313429,9.31327679966227,Sen2Cor_BOA_not_aquatic_Rw,False,3.71264719963074,3.08369088172913,1.02704215049744,0,True,False,219.1519161730116,True,scl_cloud_shadow_snow_nearby;scl_core_not_all_water;spectra_not_sampled_after_scl_rejection,False,,,,,,,,,,,,,,,,,,,,,,,,,,,,,,,,,,,,,,,,,,,,,,,,,,,,,,,,,,,,,,,,,,,,,,,3.99909329414368,False,False,244162,2025-05-26T11:30:00Z,-6.5906999985376995,True,4,0,3.08369088172913,4.3167929649353,4.01078546047211,1
S2C_T29UPA_20250526T113337_L2A,2025-05-26,2025-05-26T11:36:35.442000Z,sentinel-2c,S2C_MSIL2A_20250526T113341_N0511_R080_T29UPA_20250526T183113.SAFE,sentinel-2-c1-l2a,05.11,L1279,Washing Bay,-6.569769770482481,54.523188284062314,True,396.0713035201496,True,provisional_filtered_view_no_row_flags,99.83176,55.5260794313429,9.31327679966227,Sen2Cor_BOA_not_aquatic_Rw,False,,,,0,True,False,352.9038840688248,True,no_probe_within_15min;scl_cloud_shadow_snow_nearby;scl_core_not_all_water;spectra_not_sampled_after_scl_rejection,False,,,,,,,,,,,,,,,,,,,,,,,,,,,,,,,,,,,,,,,,,,,,,,,,,,,,,,,,,,,,,,,,,,,,,,,,,,,,,,,,,,,
S2C_T29UPA_20250526T113337_L2A,2025-05-26,2025-05-26T11:36:35.442000Z,sentinel-2c,S2C_MSIL2A_20250526T113341_N0511_R080_T29UPA_20250526T183113.SAFE,sentinel-2-c1-l2a,05.11,L1284,Toome,-6.466696920835618,54.75354853784675,False,338.87523315847875,True,provisional_filtered_view_no_row_flags,99.83176,55.5260794313429,9.31327679966227,Sen2Cor_BOA_not_aquatic_Rw,False,,,,0,True,False,298.5451035583995,False,footprint_shore_buffer_100m;no_probe_within_15min;outside_lake_polygon;scl_cloud_shadow_snow_nearby;scl_core_not_all_water;spectra_not_sampled_after_scl_rejection,False,,,,,,,,,,,,,,,,,,,,,,,,,,,,,,,,,,,,,,,,,,,,,,,,,,,,,,,,,,,,,,,,,,,,,,,,,,,,,,,,,,,
S2A_T29UPA_20250528T113335_L2A,2025-05-28,2025-05-28T11:36:32.884000Z,sentinel-2a,S2A_MSIL2A_20250528T113341_N0511_R080_T29UPA_20250528T152111.SAFE,sentinel-2-c1-l2a,05.11,L1278,Rea's Wood,-6.241996568375846,54.712602169290584,True,270.8840794505137,True,provisional_filtered_view_no_row_flags,95.511627,55.8326515442375,9.274129891023604,Sen2Cor_BOA_not_aquatic_Rw,False,0.0940426364541054,0.177001178264618,0.159352332353592,0,True,False,219.1519161730116,True,scl_cloud_shadow_snow_nearby;scl_core_not_all_water;spectra_not_sampled_after_scl_rejection,False,,,,,,,,,,,,,,,,,,,,,,,,,,,,,,,,,,,,,,,,,,,,,,,,,,,,,,,,,,,,,,,,,,,,,,,0.0990415811538696,False,False,246626,2025-05-28T11:30:00Z,-6.548066667715708,True,4,0,0.0990415811538696,0.177001178264618,0.13241402059793483,1
S2A_T29UPA_20250528T113335_L2A,2025-05-28,2025-05-28T11:36:32.884000Z,sentinel-2a,S2A_MSIL2A_20250528T113341_N0511_R080_T29UPA_20250528T152111.SAFE,sentinel-2-c1-l2a,05.11,L1279,Washing Bay,-6.569769770482481,54.523188284062314,True,396.0713035201496,True,provisional_filtered_view_no_row_flags,95.511627,55.8326515442375,9.274129891023604,Sen2Cor_BOA_not_aquatic_Rw,False,,,,0,True,False,352.9038840688248,True,no_probe_within_15min;scl_cloud_shadow_snow_nearby;scl_core_not_all_water;spectra_not_sampled_after_scl_rejection,False,,,,,,,,,,,,,,,,,,,,,,,,,,,,,,,,,,,,,,,,,,,,,,,,,,,,,,,,,,,,,,,,,,,,,,,,,,,,,,,,,,,
S2A_T29UPA_20250528T113335_L2A,2025-05-28,2025-05-28T11:36:32.884000Z,sentinel-2a,S2A_MSIL2A_20250528T113341_N0511_R080_T29UPA_20250528T152111.SAFE,sentinel-2-c1-l2a,05.11,L1284,Toome,-6.466696920835618,54.75354853784675,False,338.87523315847875,True,provisional_filtered_view_no_row_flags,95.511627,55.8326515442375,9.274129891023604,Sen2Cor_BOA_not_aquatic_Rw,False,,,,0,True,False,298.5451035583995,False,footprint_shore_buffer_100m;no_probe_within_15min;outside_lake_polygon;scl_cloud_shadow_snow_nearby;scl_core_not_all_water;spectra_not_sampled_after_scl_rejection,False,,,,,,,,,,,,,,,,,,,,,,,,,,,,,,,,,,,,,,,,,,,,,,,,,,,,,,,,,,,,,,,,,,,,,,,,,,,,,,,,,,,
S2C_T29UPA_20250529T114407_L2A,2025-05-29,2025-05-29T11:46:33.748000Z,sentinel-2c,S2C_MSIL2A_20250529T114411_N0511_R123_T29UPA_20250529T150416.SAFE,sentinel-2-c1-l2a,05.11,L1278,Rea's Wood,-6.241996568375846,54.712602169290584,True,270.8840794505137,True,provisional_filtered_view_no_row_flags,95.011914,56.423948662566,2.996193100381171,Sen2Cor_BOA_not_aquatic_Rw,False,1.67664420604706,1.46812427043915,0.0,0,True,False,219.1519161730116,True,scl_cloud_shadow_snow_nearby;scl_core_not_all_water;spectra_not_sampled_after_scl_rejection,False,,,,,,,,,,,,,,,,,,,,,,,,,,,,,,,,,,,,,,,,,,,,,,,,,,,,,,,,,,,,,,,,,,,,,,,1.35491073131561,False,False,247658,2025-05-29T12:00:00Z,13.437533334891002,True,4,0,1.1823114156723,2.53592324256897,1.515777468681335,1
S2C_T29UPA_20250529T114407_L2A,2025-05-29,2025-05-29T11:46:33.748000Z,sentinel-2c,S2C_MSIL2A_20250529T114411_N0511_R123_T29UPA_20250529T150416.SAFE,sentinel-2-c1-l2a,05.11,L1279,Washing Bay,-6.569769770482481,54.523188284062314,True,396.0713035201496,True,provisional_filtered_view_no_row_flags,95.011914,56.423948662566,2.996193100381171,Sen2Cor_BOA_not_aquatic_Rw,False,,,,9,False,False,352.9038840688248,True,no_probe_within_15min,False,0.1052,0.0022594861756111257,36,2026,0,0,0.02137303650270653,0.0987,0.00224201601298232,36,1944,0,0,0.0228091834249035,0.08645,0.0018730545462781734,36,1830,0,0,0.021678872063404783,0.0963,0.0019093014688009375,9,1926,0,0,0.01991160280325427,0.10720000000000002,0.0015318833724101385,9,2039,0,0,0.014370388108913121,0.1086,0.0012968147111525718,9,2065,0,0,0.011932657601853743,0.1102,0.0024089083640049178,36,2074,0,0,0.02175632240445987,0.1106,0.0012514682734716751,9,2076,0,0,0.011358626927435535,0.0706,0.001136379348937387,9,1680,0,0,0.016131568044852496,0.05729999999999999,0.0007294510027631106,9,1563,0,0,0.012705746129026505,,,,,,,,,,,,,
S2C_T29UPA_20250529T114407_L2A,2025-05-29,2025-05-29T11:46:33.748000Z,sentinel-2c,S2C_MSIL2A_20250529T114411_N0511_R123_T29UPA_20250529T150416.SAFE,sentinel-2-c1-l2a,05.11,L1284,Toome,-6.466696920835618,54.75354853784675,False,338.87523315847875,True,provisional_filtered_view_no_row_flags,95.011914,56.423948662566,2.996193100381171,Sen2Cor_BOA_not_aquatic_Rw,False,,,,0,True,False,298.5451035583995,False,footprint_shore_buffer_100m;no_probe_within_15min;outside_lake_polygon;scl_cloud_shadow_snow_nearby;scl_core_not_all_water;spectra_not_sampled_after_scl_rejection,False,,,,,,,,,,,,,,,,,,,,,,,,,,,,,,,,,,,,,,,,,,,,,,,,,,,,,,,,,,,,,,,,,,,,,,,,,,,,,,,,,,,
S2B_T29UPA_20250531T113318_L2A,2025-05-31,2025-05-31T11:36:16.802000Z,sentinel-2b,S2B_MSIL2A_20250531T113319_N0511_R080_T29UPA_20250531T134711.SAFE,sentinel-2-c1-l2a,05.11,L1278,Rea's Wood,-6.241996568375846,54.712602169290584,True,270.8840794505137,True,provisional_filtered_view_no_row_flags,99.95544,56.2330343137057,9.29104396604433,Sen2Cor_BOA_not_aquatic_Rw,False,1.03219795227051,1.64742088317871,0.0,0,True,False,219.1519161730116,True,scl_cloud_shadow_snow_nearby;scl_core_not_all_water;spectra_not_sampled_after_scl_rejection,False,,,,,,,,,,,,,,,,,,,,,,,,,,,,,,,,,,,,,,,,,,,,,,,,,,,,,,,,,,,,,,,,,,,,,,,2.5988781452179,False,False,268258,2025-05-31T11:30:00Z,-6.280033334096273,True,4,0,1.16218841075897,2.5988781452179,2.1066123247146598,1
S2B_T29UPA_20250531T113318_L2A,2025-05-31,2025-05-31T11:36:16.802000Z,sentinel-2b,S2B_MSIL2A_20250531T113319_N0511_R080_T29UPA_20250531T134711.SAFE,sentinel-2-c1-l2a,05.11,L1279,Washing Bay,-6.569769770482481,54.523188284062314,True,396.0713035201496,True,provisional_filtered_view_no_row_flags,99.95544,56.2330343137057,9.29104396604433,Sen2Cor_BOA_not_aquatic_Rw,False,,,,0,True,False,352.9038840688248,True,no_probe_within_15min;scl_cloud_shadow_snow_nearby;scl_core_not_all_water;spectra_not_sampled_after_scl_rejection,False,,,,,,,,,,,,,,,,,,,,,,,,,,,,,,,,,,,,,,,,,,,,,,,,,,,,,,,,,,,,,,,,,,,,,,,,,,,,,,,,,,,
S2B_T29UPA_20250531T113318_L2A,2025-05-31,2025-05-31T11:36:16.802000Z,sentinel-2b,S2B_MSIL2A_20250531T113319_N0511_R080_T29UPA_20250531T134711.SAFE,sentinel-2-c1-l2a,05.11,L1284,Toome,-6.466696920835618,54.75354853784675,False,338.87523315847875,True,provisional_filtered_view_no_row_flags,99.95544,56.2330343137057,9.29104396604433,Sen2Cor_BOA_not_aquatic_Rw,False,,,,0,True,False,298.5451035583995,False,footprint_shore_buffer_100m;no_probe_within_15min;outside_lake_polygon;scl_cloud_shadow_snow_nearby;scl_core_not_all_water;spectra_not_sampled_after_scl_rejection,False,,,,,,,,,,,,,,,,,,,,,,,,,,,,,,,,,,,,,,,,,,,,,,,,,,,,,,,,,,,,,,,,,,,,,,,,,,,,,,,,,,,
S2A_T29UPA_20250531T114516_L2A,2025-05-31,2025-05-31T11:46:30.662000Z,sentinel-2a,S2A_MSIL2A_20250531T114401_N0511_R123_T29UPA_20250531T151412.SAFE,sentinel-2-c1-l2a,05.11,L1278,Rea's Wood,-6.241996568375846,54.712602169290584,True,270.8840794505137,True,provisional_filtered_view_no_row_flags,92.028844,56.6963753649508,3.006070779486833,Sen2Cor_BOA_not_aquatic_Rw,False,1.16218841075897,0.532548785209656,0.0,0,True,False,219.1519161730116,True,scl_cloud_shadow_snow_nearby;scl_core_not_all_water;spectra_not_sampled_after_scl_rejection,False,,,,,,,,,,,,,,,,,,,,,,,,,,,,,,,,,,,,,,,,,,,,,,,,,,,,,,,,,,,,,,,,,,,,,,,2.56580376625061,False,False,268259,2025-05-31T12:00:00Z,13.48896666765213,True,4,0,1.16218841075897,2.5988781452179,2.1066123247146598,1
S2A_T29UPA_20250531T114516_L2A,2025-05-31,2025-05-31T11:46:30.662000Z,sentinel-2a,S2A_MSIL2A_20250531T114401_N0511_R123_T29UPA_20250531T151412.SAFE,sentinel-2-c1-l2a,05.11,L1279,Washing Bay,-6.569769770482481,54.523188284062314,True,396.0713035201496,True,provisional_filtered_view_no_row_flags,92.028844,56.6963753649508,3.006070779486833,Sen2Cor_BOA_not_aquatic_Rw,False,,,,0,True,False,352.9038840688248,True,no_probe_within_15min;scl_cloud_shadow_snow_nearby;scl_core_not_all_water;spectra_not_sampled_after_scl_rejection,False,,,,,,,,,,,,,,,,,,,,,,,,,,,,,,,,,,,,,,,,,,,,,,,,,,,,,,,,,,,,,,,,,,,,,,,,,,,,,,,,,,,
S2A_T29UPA_20250531T114516_L2A,2025-05-31,2025-05-31T11:46:30.662000Z,sentinel-2a,S2A_MSIL2A_20250531T114401_N0511_R123_T29UPA_20250531T151412.SAFE,sentinel-2-c1-l2a,05.11,L1284,Toome,-6.466696920835618,54.75354853784675,False,338.87523315847875,True,provisional_filtered_view_no_row_flags,92.028844,56.6963753649508,3.006070779486833,Sen2Cor_BOA_not_aquatic_Rw,False,,,,0,True,False,298.5451035583995,False,footprint_shore_buffer_100m;no_probe_within_15min;outside_lake_polygon;scl_cloud_shadow_snow_nearby;scl_core_not_all_water;spectra_not_sampled_after_scl_rejection,False,,,,,,,,,,,,,,,,,,,,,,,,,,,,,,,,,,,,,,,,,,,,,,,,,,,,,,,,,,,,,,,,,,,,,,,,,,,,,,,,,,,
S2B_T29UPA_20250603T114347_L2A,2025-06-03,2025-06-03T11:46:14.068000Z,sentinel-2b,S2B_MSIL2A_20250603T114349_N0511_R123_T29UPA_20250603T134652.SAFE,sentinel-2-c1-l2a,05.11,L1278,Rea's Wood,-6.241996568375846,54.712602169290584,True,270.8840794505137,True,provisional_filtered_view_no_row_flags,79.430991,57.0468210662714,2.991176035466597,Sen2Cor_BOA_not_aquatic_Rw,False,3.24011993408203,4.03816223144531,0.0,0,True,False,219.1519161730116,True,scl_cloud_shadow_snow_nearby;scl_core_not_all_water;spectra_not_sampled_after_scl_rejection,False,,,,,,,,,,,,,,,,,,,,,,,,,,,,,,,,,,,,,,,,,,,,,,,,,,,,,,,,,,,,,,,,,,,,,,,4.01913928985596,False,False,268403,2025-06-03T12:00:00Z,13.765533332029978,True,4,0,3.24011993408203,4.03991842269897,3.81754267215729,1
S2B_T29UPA_20250603T114347_L2A,2025-06-03,2025-06-03T11:46:14.068000Z,sentinel-2b,S2B_MSIL2A_20250603T114349_N0511_R123_T29UPA_20250603T134652.SAFE,sentinel-2-c1-l2a,05.11,L1279,Washing Bay,-6.569769770482481,54.523188284062314,True,396.0713035201496,True,provisional_filtered_view_no_row_flags,79.430991,57.0468210662714,2.991176035466597,Sen2Cor_BOA_not_aquatic_Rw,False,,,,0,True,False,352.9038840688248,True,no_probe_within_15min;scl_cloud_shadow_snow_nearby;scl_core_not_all_water;spectra_not_sampled_after_scl_rejection,False,,,,,,,,,,,,,,,,,,,,,,,,,,,,,,,,,,,,,,,,,,,,,,,,,,,,,,,,,,,,,,,,,,,,,,,,,,,,,,,,,,,
S2B_T29UPA_20250603T114347_L2A,2025-06-03,2025-06-03T11:46:14.068000Z,sentinel-2b,S2B_MSIL2A_20250603T114349_N0511_R123_T29UPA_20250603T134652.SAFE,sentinel-2-c1-l2a,05.11,L1284,Toome,-6.466696920835618,54.75354853784675,False,338.87523315847875,True,provisional_filtered_view_no_row_flags,79.430991,57.0468210662714,2.991176035466597,Sen2Cor_BOA_not_aquatic_Rw,False,,,,0,True,False,298.5451035583995,False,footprint_shore_buffer_100m;no_probe_within_15min;outside_lake_polygon;scl_cloud_shadow_snow_nearby;scl_core_not_all_water;spectra_not_sampled_after_scl_rejection,False,,,,,,,,,,,,,,,,,,,,,,,,,,,,,,,,,,,,,,,,,,,,,,,,,,,,,,,,,,,,,,,,,,,,,,,,,,,,,,,,,,,
S2C_T29UPA_20250605T113338_L2A,2025-06-05,2025-06-05T11:36:36.343000Z,sentinel-2c,S2C_MSIL2A_20250605T113341_N0511_R080_T29UPA_20250605T151802.SAFE,sentinel-2-c1-l2a,05.11,L1278,Rea's Wood,-6.241996568375846,54.712602169290584,True,270.8840794505137,True,provisional_filtered_view_no_row_flags,99.057913,56.8055672367826,9.3111358045172,Sen2Cor_BOA_not_aquatic_Rw,False,0.0,0.0241456087678671,0.0,0,True,False,219.1519161730116,True,scl_cloud_shadow_snow_nearby;scl_core_not_all_water;spectra_not_sampled_after_scl_rejection,False,,,,,,,,,,,,,,,,,,,,,,,,,,,,,,,,,,,,,,,,,,,,,,,,,,,,,,,,,,,,,,,,,,,,,,,0.0168695133179426,False,False,271345,2025-06-05T11:30:00Z,-6.6057166655858355,True,4,0,0.0,0.0241456087678671,0.0084347566589713,1
S2C_T29UPA_20250605T113338_L2A,2025-06-05,2025-06-05T11:36:36.343000Z,sentinel-2c,S2C_MSIL2A_20250605T113341_N0511_R080_T29UPA_20250605T151802.SAFE,sentinel-2-c1-l2a,05.11,L1279,Washing Bay,-6.569769770482481,54.523188284062314,True,396.0713035201496,True,provisional_filtered_view_no_row_flags,99.057913,56.8055672367826,9.3111358045172,Sen2Cor_BOA_not_aquatic_Rw,False,,,,0,True,False,352.9038840688248,True,no_probe_within_15min;scl_cloud_shadow_snow_nearby;scl_core_not_all_water;spectra_not_sampled_after_scl_rejection,False,,,,,,,,,,,,,,,,,,,,,,,,,,,,,,,,,,,,,,,,,,,,,,,,,,,,,,,,,,,,,,,,,,,,,,,,,,,,,,,,,,,
S2C_T29UPA_20250605T113338_L2A,2025-06-05,2025-06-05T11:36:36.343000Z,sentinel-2c,S2C_MSIL2A_20250605T113341_N0511_R080_T29UPA_20250605T151802.SAFE,sentinel-2-c1-l2a,05.11,L1284,Toome,-6.466696920835618,54.75354853784675,False,338.87523315847875,True,provisional_filtered_view_no_row_flags,99.057913,56.8055672367826,9.3111358045172,Sen2Cor_BOA_not_aquatic_Rw,False,,,,0,True,False,298.5451035583995,False,footprint_shore_buffer_100m;no_probe_within_15min;outside_lake_polygon;scl_cloud_shadow_snow_nearby;scl_core_not_all_water;spectra_not_sampled_after_scl_rejection,False,,,,,,,,,,,,,,,,,,,,,,,,,,,,,,,,,,,,,,,,,,,,,,,,,,,,,,,,,,,,,,,,,,,,,,,,,,,,,,,,,,,
S2A_T29UPA_20250607T113333_L2A,2025-06-07,2025-06-07T11:36:32.006000Z,sentinel-2a,S2A_MSIL2A_20250607T113331_N0511_R080_T29UPA_20250607T161415.SAFE,sentinel-2-c1-l2a,05.11,L1278,Rea's Wood,-6.241996568375846,54.712602169290584,True,270.8840794505137,True,provisional_filtered_view_no_row_flags,99.456275,56.9769557106298,9.292070493652112,Sen2Cor_BOA_not_aquatic_Rw,False,0.0,0.0,0.0,0,True,False,219.1519161730116,True,scl_cloud_shadow_snow_nearby;scl_core_not_all_water;spectra_not_sampled_after_scl_rejection;zero_or_negative_probe_requires_review,False,,,,,,,,,,,,,,,,,,,,,,,,,,,,,,,,,,,,,,,,,,,,,,,,,,,,,,,,,,,,,,,,,,,,,,,0.0,False,False,277591,2025-06-07T11:30:00Z,-6.533433334032694,True,4,0,0.0,0.0,0.0,1
S2A_T29UPA_20250607T113333_L2A,2025-06-07,2025-06-07T11:36:32.006000Z,sentinel-2a,S2A_MSIL2A_20250607T113331_N0511_R080_T29UPA_20250607T161415.SAFE,sentinel-2-c1-l2a,05.11,L1279,Washing Bay,-6.569769770482481,54.523188284062314,True,396.0713035201496,True,provisional_filtered_view_no_row_flags,99.456275,56.9769557106298,9.292070493652112,Sen2Cor_BOA_not_aquatic_Rw,False,,,,0,True,False,352.9038840688248,True,no_probe_within_15min;scl_cloud_shadow_snow_nearby;scl_core_not_all_water;spectra_not_sampled_after_scl_rejection,False,,,,,,,,,,,,,,,,,,,,,,,,,,,,,,,,,,,,,,,,,,,,,,,,,,,,,,,,,,,,,,,,,,,,,,,,,,,,,,,,,,,
S2A_T29UPA_20250607T113333_L2A,2025-06-07,2025-06-07T11:36:32.006000Z,sentinel-2a,S2A_MSIL2A_20250607T113331_N0511_R080_T29UPA_20250607T161415.SAFE,sentinel-2-c1-l2a,05.11,L1284,Toome,-6.466696920835618,54.75354853784675,False,338.87523315847875,True,provisional_filtered_view_no_row_flags,99.456275,56.9769557106298,9.292070493652112,Sen2Cor_BOA_not_aquatic_Rw,False,,,,0,True,False,298.5451035583995,False,footprint_shore_buffer_100m;no_probe_within_15min;outside_lake_polygon;scl_cloud_shadow_snow_nearby;scl_core_not_all_water;spectra_not_sampled_after_scl_rejection,False,,,,,,,,,,,,,,,,,,,,,,,,,,,,,,,,,,,,,,,,,,,,,,,,,,,,,,,,,,,,,,,,,,,,,,,,,,,,,,,,,,,
S2C_T29UPA_20250608T114407_L2A,2025-06-08,2025-06-08T11:46:33.897000Z,sentinel-2c,S2C_MSIL2A_20250608T114411_N0511_R123_T29UPA_20250608T150014.SAFE,sentinel-2-c1-l2a,05.11,L1278,Rea's Wood,-6.241996568375846,54.712602169290584,True,270.8840794505137,True,provisional_filtered_view_no_row_flags,97.426063,57.5284802434504,2.993483556124536,Sen2Cor_BOA_not_aquatic_Rw,False,0.0,0.0,0.0736763179302216,0,True,False,219.1519161730116,True,scl_cloud_shadow_snow_nearby;scl_core_not_all_water;spectra_not_sampled_after_scl_rejection;zero_or_negative_probe_requires_review,False,,,,,,,,,,,,,,,,,,,,,,,,,,,,,,,,,,,,,,,,,,,,,,,,,,,,,,,,,,,,,,,,,,,,,,,0.0,False,False,280659,2025-06-08T12:00:00Z,13.435049998760224,True,4,0,0.0,0.0,0.0,1
S2C_T29UPA_20250608T114407_L2A,2025-06-08,2025-06-08T11:46:33.897000Z,sentinel-2c,S2C_MSIL2A_20250608T114411_N0511_R123_T29UPA_20250608T150014.SAFE,sentinel-2-c1-l2a,05.11,L1279,Washing Bay,-6.569769770482481,54.523188284062314,True,396.0713035201496,True,provisional_filtered_view_no_row_flags,97.426063,57.5284802434504,2.993483556124536,Sen2Cor_BOA_not_aquatic_Rw,False,,,,0,True,False,352.9038840688248,True,no_probe_within_15min;scl_cloud_shadow_snow_nearby;scl_core_not_all_water;spectra_not_sampled_after_scl_rejection,False,,,,,,,,,,,,,,,,,,,,,,,,,,,,,,,,,,,,,,,,,,,,,,,,,,,,,,,,,,,,,,,,,,,,,,,,,,,,,,,,,,,
S2C_T29UPA_20250608T114407_L2A,2025-06-08,2025-06-08T11:46:33.897000Z,sentinel-2c,S2C_MSIL2A_20250608T114411_N0511_R123_T29UPA_20250608T150014.SAFE,sentinel-2-c1-l2a,05.11,L1284,Toome,-6.466696920835618,54.75354853784675,False,338.87523315847875,True,provisional_filtered_view_no_row_flags,97.426063,57.5284802434504,2.993483556124536,Sen2Cor_BOA_not_aquatic_Rw,False,,,,0,True,False,298.5451035583995,False,footprint_shore_buffer_100m;no_probe_within_15min;outside_lake_polygon;scl_cloud_shadow_snow_nearby;scl_core_not_all_water;spectra_not_sampled_after_scl_rejection,False,,,,,,,,,,,,,,,,,,,,,,,,,,,,,,,,,,,,,,,,,,,,,,,,,,,,,,,,,,,,,,,,,,,,,,,,,,,,,,,,,,,
S2B_T29UPA_20250610T113428_L2A,2025-06-10,2025-06-10T11:36:14.295000Z,sentinel-2b,S2B_MSIL2A_20250610T113319_N0511_R080_T29UPA_20250610T134823.SAFE,sentinel-2-c1-l2a,05.11,L1278,Rea's Wood,-6.241996568375846,54.712602169290584,True,270.8840794505137,True,provisional_filtered_view_no_row_flags,52.673942,57.1729050489065,9.336414308744232,Sen2Cor_BOA_not_aquatic_Rw,False,0.0845072939991951,0.00652220332995057,0.0411747023463249,0,True,False,219.1519161730116,True,scl_cloud_shadow_snow_nearby;scl_core_not_all_water;spectra_not_sampled_after_scl_rejection,False,,,,,,,,,,,,,,,,,,,,,,,,,,,,,,,,,,,,,,,,,,,,,,,,,,,,,,,,,,,,,,,,,,,,,,,0.0632283389568329,False,False,288746,2025-06-10T11:30:00Z,-6.238250001271566,True,4,0,0.0,0.12046030908823,0.034875271143391735,1
S2B_T29UPA_20250610T113428_L2A,2025-06-10,2025-06-10T11:36:14.295000Z,sentinel-2b,S2B_MSIL2A_20250610T113319_N0511_R080_T29UPA_20250610T134823.SAFE,sentinel-2-c1-l2a,05.11,L1279,Washing Bay,-6.569769770482481,54.523188284062314,True,396.0713035201496,True,provisional_filtered_view_no_row_flags,52.673942,57.1729050489065,9.336414308744232,Sen2Cor_BOA_not_aquatic_Rw,False,,,,0,True,False,352.9038840688248,True,no_probe_within_15min;scl_cloud_shadow_snow_nearby;scl_core_not_all_water;spectra_not_sampled_after_scl_rejection,False,,,,,,,,,,,,,,,,,,,,,,,,,,,,,,,,,,,,,,,,,,,,,,,,,,,,,,,,,,,,,,,,,,,,,,,,,,,,,,,,,,,
S2B_T29UPA_20250610T113428_L2A,2025-06-10,2025-06-10T11:36:14.295000Z,sentinel-2b,S2B_MSIL2A_20250610T113319_N0511_R080_T29UPA_20250610T134823.SAFE,sentinel-2-c1-l2a,05.11,L1284,Toome,-6.466696920835618,54.75354853784675,False,338.87523315847875,True,provisional_filtered_view_no_row_flags,52.673942,57.1729050489065,9.336414308744232,Sen2Cor_BOA_not_aquatic_Rw,False,,,,2,True,False,298.5451035583995,False,footprint_shore_buffer_100m;no_probe_within_15min;outside_lake_polygon;scl_cloud_shadow_snow_nearby;scl_core_not_all_water;spectra_not_sampled_after_scl_rejection,False,,,,,,,,,,,,,,,,,,,,,,,,,,,,,,,,,,,,,,,,,,,,,,,,,,,,,,,,,,,,,,,,,,,,,,,,,,,,,,,,,,,
S2A_T29UPA_20250610T114402_L2A,2025-06-10,2025-06-10T11:46:29.084000Z,sentinel-2a,S2A_MSIL2A_20250610T114401_N0511_R123_T29UPA_20250610T161604.SAFE,sentinel-2-c1-l2a,05.11,L1278,Rea's Wood,-6.241996568375846,54.712602169290584,True,270.8840794505137,True,provisional_filtered_view_no_row_flags,66.090333,57.6645713183691,2.98529485885443,Sen2Cor_BOA_not_aquatic_Rw,False,0.12046030908823,0.0319673828780651,0.0448260381817818,0,True,False,219.1519161730116,True,scl_cloud_shadow_snow_nearby;scl_core_not_all_water;spectra_not_sampled_after_scl_rejection;zero_or_negative_probe_requires_review,False,,,,,,,,,,,,,,,,,,,,,,,,,,,,,,,,,,,,,,,,,,,,,,,,,,,,,,,,,,,,,,,,,,,,,,,0.0,False,False,288747,2025-06-10T12:00:00Z,13.515266664822896,True,4,0,0.0,0.12046030908823,0.034875271143391735,1
S2A_T29UPA_20250610T114402_L2A,2025-06-10,2025-06-10T11:46:29.084000Z,sentinel-2a,S2A_MSIL2A_20250610T114401_N0511_R123_T29UPA_20250610T161604.SAFE,sentinel-2-c1-l2a,05.11,L1279,Washing Bay,-6.569769770482481,54.523188284062314,True,396.0713035201496,True,provisional_filtered_view_no_row_flags,66.090333,57.6645713183691,2.98529485885443,Sen2Cor_BOA_not_aquatic_Rw,False,,,,0,True,False,352.9038840688248,True,no_probe_within_15min;scl_cloud_shadow_snow_nearby;scl_core_not_all_water;spectra_not_sampled_after_scl_rejection,False,,,,,,,,,,,,,,,,,,,,,,,,,,,,,,,,,,,,,,,,,,,,,,,,,,,,,,,,,,,,,,,,,,,,,,,,,,,,,,,,,,,
S2A_T29UPA_20250610T114402_L2A,2025-06-10,2025-06-10T11:46:29.084000Z,sentinel-2a,S2A_MSIL2A_20250610T114401_N0511_R123_T29UPA_20250610T161604.SAFE,sentinel-2-c1-l2a,05.11,L1284,Toome,-6.466696920835618,54.75354853784675,False,338.87523315847875,True,provisional_filtered_view_no_row_flags,66.090333,57.6645713183691,2.98529485885443,Sen2Cor_BOA_not_aquatic_Rw,False,,,,0,True,False,298.5451035583995,False,footprint_shore_buffer_100m;no_probe_within_15min;outside_lake_polygon;scl_cloud_shadow_snow_nearby;scl_core_not_all_water;spectra_not_sampled_after_scl_rejection,False,,,,,,,,,,,,,,,,,,,,,,,,,,,,,,,,,,,,,,,,,,,,,,,,,,,,,,,,,,,,,,,,,,,,,,,,,,,,,,,,,,,
S2B_T29UPA_20250613T114537_L2A,2025-06-13,2025-06-13T11:46:11.697000Z,sentinel-2b,S2B_MSIL2A_20250613T114349_N0511_R123_T29UPA_20250613T170333.SAFE,sentinel-2-c1-l2a,05.11,L1278,Rea's Wood,-6.241996568375846,54.712602169290584,True,270.8840794505137,True,provisional_filtered_view_no_row_flags,76.826298,57.8096869584021,2.9668071763017076,Sen2Cor_BOA_not_aquatic_Rw,False,0.0,0.506105005741119,0.0108236409723759,0,True,False,219.1519161730116,True,scl_cloud_shadow_snow_nearby;scl_core_not_all_water;spectra_not_sampled_after_scl_rejection;zero_or_negative_probe_requires_review,False,,,,,,,,,,,,,,,,,,,,,,,,,,,,,,,,,,,,,,,,,,,,,,,,,,,,,,,,,,,,,,,,,,,,,,,0.0,False,False,287667,2025-06-13T12:00:00Z,13.805049999554951,True,3,0,0.0,0.0,0.0,1
S2B_T29UPA_20250613T114537_L2A,2025-06-13,2025-06-13T11:46:11.697000Z,sentinel-2b,S2B_MSIL2A_20250613T114349_N0511_R123_T29UPA_20250613T170333.SAFE,sentinel-2-c1-l2a,05.11,L1279,Washing Bay,-6.569769770482481,54.523188284062314,True,396.0713035201496,True,provisional_filtered_view_no_row_flags,76.826298,57.8096869584021,2.9668071763017076,Sen2Cor_BOA_not_aquatic_Rw,False,,,,0,True,False,352.9038840688248,True,no_probe_within_15min;scl_cloud_shadow_snow_nearby;scl_core_not_all_water;spectra_not_sampled_after_scl_rejection,False,,,,,,,,,,,,,,,,,,,,,,,,,,,,,,,,,,,,,,,,,,,,,,,,,,,,,,,,,,,,,,,,,,,,,,,,,,,,,,,,,,,
S2B_T29UPA_20250613T114537_L2A,2025-06-13,2025-06-13T11:46:11.697000Z,sentinel-2b,S2B_MSIL2A_20250613T114349_N0511_R123_T29UPA_20250613T170333.SAFE,sentinel-2-c1-l2a,05.11,L1284,Toome,-6.466696920835618,54.75354853784675,False,338.87523315847875,True,provisional_filtered_view_no_row_flags,76.826298,57.8096869584021,2.9668071763017076,Sen2Cor_BOA_not_aquatic_Rw,False,,,,0,True,False,298.5451035583995,False,footprint_shore_buffer_100m;no_probe_within_15min;outside_lake_polygon;scl_cloud_shadow_snow_nearby;scl_core_not_all_water;spectra_not_sampled_after_scl_rejection,False,,,,,,,,,,,,,,,,,,,,,,,,,,,,,,,,,,,,,,,,,,,,,,,,,,,,,,,,,,,,,,,,,,,,,,,,,,,,,,,,,,,
S2C_T29UPA_20250615T113337_L2A,2025-06-15,2025-06-15T11:36:35.044000Z,sentinel-2c,S2C_MSIL2A_20250615T113341_N0511_R080_T29UPA_20250615T134503.SAFE,sentinel-2-c1-l2a,05.11,L1278,Rea's Wood,-6.241996568375846,54.712602169290584,True,270.8840794505137,True,provisional_filtered_view_no_row_flags,98.370194,57.4071821274593,9.326376622628228,Sen2Cor_BOA_not_aquatic_Rw,False,0.884498298168182,1.0655380487442,0.0441153571009636,0,True,False,219.1519161730116,True,scl_cloud_shadow_snow_nearby;scl_core_not_all_water;spectra_not_sampled_after_scl_rejection,False,,,,,,,,,,,,,,,,,,,,,,,,,,,,,,,,,,,,,,,,,,,,,,,,,,,,,,,,,,,,,,,,,,,,,,,0.424022406339645,False,False,290189,2025-06-15T11:30:00Z,-6.5840666651725765,True,4,0,0.111563444137573,1.0655380487442,0.495435610413551,1
S2C_T29UPA_20250615T113337_L2A,2025-06-15,2025-06-15T11:36:35.044000Z,sentinel-2c,S2C_MSIL2A_20250615T113341_N0511_R080_T29UPA_20250615T134503.SAFE,sentinel-2-c1-l2a,05.11,L1279,Washing Bay,-6.569769770482481,54.523188284062314,True,396.0713035201496,True,provisional_filtered_view_no_row_flags,98.370194,57.4071821274593,9.326376622628228,Sen2Cor_BOA_not_aquatic_Rw,False,,,,0,True,False,352.9038840688248,True,no_probe_within_15min;scl_cloud_shadow_snow_nearby;scl_core_not_all_water;spectra_not_sampled_after_scl_rejection,False,,,,,,,,,,,,,,,,,,,,,,,,,,,,,,,,,,,,,,,,,,,,,,,,,,,,,,,,,,,,,,,,,,,,,,,,,,,,,,,,,,,
S2C_T29UPA_20250615T113337_L2A,2025-06-15,2025-06-15T11:36:35.044000Z,sentinel-2c,S2C_MSIL2A_20250615T113341_N0511_R080_T29UPA_20250615T134503.SAFE,sentinel-2-c1-l2a,05.11,L1284,Toome,-6.466696920835618,54.75354853784675,False,338.87523315847875,True,provisional_filtered_view_no_row_flags,98.370194,57.4071821274593,9.326376622628228,Sen2Cor_BOA_not_aquatic_Rw,False,,,,0,True,False,298.5451035583995,False,footprint_shore_buffer_100m;no_probe_within_15min;outside_lake_polygon;scl_cloud_shadow_snow_nearby;scl_core_not_all_water;spectra_not_sampled_after_scl_rejection,False,,,,,,,,,,,,,,,,,,,,,,,,,,,,,,,,,,,,,,,,,,,,,,,,,,,,,,,,,,,,,,,,,,,,,,,,,,,,,,,,,,,
S2A_T29UPA_20250617T113331_L2A,2025-06-17,2025-06-17T11:36:28.938000Z,sentinel-2a,S2A_MSIL2A_20250617T113331_N0511_R080_T29UPA_20250617T151815.SAFE,sentinel-2-c1-l2a,05.11,L1278,Rea's Wood,-6.241996568375846,54.712602169290584,True,270.8840794505137,True,provisional_filtered_view_no_row_flags,49.287277,57.4402480801715,9.32891197443937,Sen2Cor_BOA_not_aquatic_Rw,False,0.0,0.0,0.143722057342529,0,True,False,219.1519161730116,True,scl_cloud_shadow_snow_nearby;scl_core_not_all_water;spectra_not_sampled_after_scl_rejection,False,,,,,,,,,,,,,,,,,,,,,,,,,,,,,,,,,,,,,,,,,,,,,,,,,,,,,,,,,,,,,,,,,,,,,,,0.0309892687946558,False,False,291681,2025-06-17T11:30:00Z,-6.482299999396006,True,4,0,0.0,0.15428315103054,0.0154946343973279,1
S2A_T29UPA_20250617T113331_L2A,2025-06-17,2025-06-17T11:36:28.938000Z,sentinel-2a,S2A_MSIL2A_20250617T113331_N0511_R080_T29UPA_20250617T151815.SAFE,sentinel-2-c1-l2a,05.11,L1279,Washing Bay,-6.569769770482481,54.523188284062314,True,396.0713035201496,True,provisional_filtered_view_no_row_flags,49.287277,57.4402480801715,9.32891197443937,Sen2Cor_BOA_not_aquatic_Rw,False,,,,9,False,False,352.9038840688248,True,no_probe_within_15min,False,0.060100000000000015,0.0014206045487575407,36,1576,0,0,0.023608975974181264,0.04690000000000001,0.0020725870992435095,36,1437,0,0,0.04421257144629434,0.03939999999999999,0.002977394253908924,36,1366,0,0,0.07353608201202062,0.034400000000000014,0.003958706610080034,9,1314,0,0,0.11196844591678284,0.010099999999999998,0.00655011073320779,9,1065,0,0,0.5272897727984804,0.007599999999999996,0.00712165884407264,9,1029,0,0,0.7694469339334186,0.002799999999999997,0.0020704024628136163,36,1011,0,0,0.5948482734340799,0.0040000000000000036,0.00991665266105454,9,985,3,0,1.352270817416528,0.017600000000000005,0.004226401440445817,9,1151,0,0,0.2241462166412042,0.016100000000000003,0.0035238867430406693,9,1140,0,0,0.20330115825234632,,,,,,,,,,,,,
S2A_T29UPA_20250617T113331_L2A,2025-06-17,2025-06-17T11:36:28.938000Z,sentinel-2a,S2A_MSIL2A_20250617T113331_N0511_R080_T29UPA_20250617T151815.SAFE,sentinel-2-c1-l2a,05.11,L1284,Toome,-6.466696920835618,54.75354853784675,False,338.87523315847875,True,provisional_filtered_view_no_row_flags,49.287277,57.4402480801715,9.32891197443937,Sen2Cor_BOA_not_aquatic_Rw,False,,,,0,True,False,298.5451035583995,False,footprint_shore_buffer_100m;no_probe_within_15min;outside_lake_polygon;scl_cloud_shadow_snow_nearby;scl_core_not_all_water;spectra_not_sampled_after_scl_rejection,False,,,,,,,,,,,,,,,,,,,,,,,,,,,,,,,,,,,,,,,,,,,,,,,,,,,,,,,,,,,,,,,,,,,,,,,,,,,,,,,,,,,
S2C_T29UPA_20250618T114405_L2A,2025-06-18,2025-06-18T11:46:32.004000Z,sentinel-2c,S2C_MSIL2A_20250618T114411_N0511_R123_T29UPA_20250618T164115.SAFE,sentinel-2-c1-l2a,05.11,L1278,Rea's Wood,-6.241996568375846,54.712602169290584,True,270.8840794505137,True,provisional_filtered_view_no_row_flags,99.932712,57.9501529678314,2.9748586335965914,Sen2Cor_BOA_not_aquatic_Rw,False,,0.112219989299774,0.302430033683777,0,True,False,219.1519161730116,True,scl_cloud_shadow_snow_nearby;scl_core_not_all_water;spectra_not_sampled_after_scl_rejection,False,,,,,,,,,,,,,,,,,,,,,,,,,,,,,,,,,,,,,,,,,,,,,,,,,,,,,,,,,,,,,,,,,,,,,,,0.21849250793457,False,False,290735,2025-06-18T12:00:00Z,13.466600000858307,True,3,1,0.089615024626255,0.266452640295029,0.21849250793457,1
S2C_T29UPA_20250618T114405_L2A,2025-06-18,2025-06-18T11:46:32.004000Z,sentinel-2c,S2C_MSIL2A_20250618T114411_N0511_R123_T29UPA_20250618T164115.SAFE,sentinel-2-c1-l2a,05.11,L1279,Washing Bay,-6.569769770482481,54.523188284062314,True,396.0713035201496,True,provisional_filtered_view_no_row_flags,99.932712,57.9501529678314,2.9748586335965914,Sen2Cor_BOA_not_aquatic_Rw,False,,,,0,True,False,352.9038840688248,True,no_probe_within_15min;scl_cloud_shadow_snow_nearby;scl_core_not_all_water;spectra_not_sampled_after_scl_rejection,False,,,,,,,,,,,,,,,,,,,,,,,,,,,,,,,,,,,,,,,,,,,,,,,,,,,,,,,,,,,,,,,,,,,,,,,,,,,,,,,,,,,
S2C_T29UPA_20250618T114405_L2A,2025-06-18,2025-06-18T11:46:32.004000Z,sentinel-2c,S2C_MSIL2A_20250618T114411_N0511_R123_T29UPA_20250618T164115.SAFE,sentinel-2-c1-l2a,05.11,L1284,Toome,-6.466696920835618,54.75354853784675,False,338.87523315847875,True,provisional_filtered_view_no_row_flags,99.932712,57.9501529678314,2.9748586335965914,Sen2Cor_BOA_not_aquatic_Rw,False,,,,0,True,False,298.5451035583995,False,footprint_shore_buffer_100m;no_probe_within_15min;outside_lake_polygon;scl_cloud_shadow_snow_nearby;scl_core_not_all_water;spectra_not_sampled_after_scl_rejection,False,,,,,,,,,,,,,,,,,,,,,,,,,,,,,,,,,,,,,,,,,,,,,,,,,,,,,,,,,,,,,,,,,,,,,,,,,,,,,,,,,,,
S2B_T29UPA_20250620T113318_L2A,2025-06-20,2025-06-20T11:36:16.514000Z,sentinel-2b,S2B_MSIL2A_20250620T113319_N0511_R080_T29UPA_20250620T133619.SAFE,sentinel-2-c1-l2a,05.11,L1278,Rea's Wood,-6.241996568375846,54.712602169290584,True,270.8840794505137,True,provisional_filtered_view_no_row_flags,17.802498,57.4355703691039,9.304942973417383,Sen2Cor_BOA_not_aquatic_Rw,False,0.182953536510468,0.457593768835068,0.637902140617371,4,True,True,219.1519161730116,True,scl_cloud_shadow_snow_nearby;scl_core_not_all_water;spectra_not_sampled_after_scl_rejection,False,,,,,,,,,,,,,,,,,,,,,,,,,,,,,,,,,,,,,,,,,,,,,,,,,,,,,,,,,,,,,,,,,,,,,,,0.458428710699081,False,False,292771,2025-06-20T11:30:00Z,-6.2752333323160805,True,4,0,0.209222674369812,3.53445243835449,0.4580112397670745,1
S2B_T29UPA_20250620T113318_L2A,2025-06-20,2025-06-20T11:36:16.514000Z,sentinel-2b,S2B_MSIL2A_20250620T113319_N0511_R080_T29UPA_20250620T133619.SAFE,sentinel-2-c1-l2a,05.11,L1279,Washing Bay,-6.569769770482481,54.523188284062314,True,396.0713035201496,True,provisional_filtered_view_no_row_flags,17.802498,57.4355703691039,9.304942973417383,Sen2Cor_BOA_not_aquatic_Rw,False,,,,9,True,False,352.9038840688248,True,no_probe_within_15min;scl_cloud_shadow_snow_nearby;spectra_not_sampled_after_scl_rejection,False,,,,,,,,,,,,,,,,,,,,,,,,,,,,,,,,,,,,,,,,,,,,,,,,,,,,,,,,,,,,,,,,,,,,,,,,,,,,,,,,,,,
S2B_T29UPA_20250620T113318_L2A,2025-06-20,2025-06-20T11:36:16.514000Z,sentinel-2b,S2B_MSIL2A_20250620T113319_N0511_R080_T29UPA_20250620T133619.SAFE,sentinel-2-c1-l2a,05.11,L1284,Toome,-6.466696920835618,54.75354853784675,False,338.87523315847875,True,provisional_filtered_view_no_row_flags,17.802498,57.4355703691039,9.304942973417383,Sen2Cor_BOA_not_aquatic_Rw,False,,,,5,False,True,298.5451035583995,False,footprint_shore_buffer_100m;no_probe_within_15min;outside_lake_polygon;scl_core_not_all_water;spectra_not_sampled_after_scl_rejection,False,,,,,,,,,,,,,,,,,,,,,,,,,,,,,,,,,,,,,,,,,,,,,,,,,,,,,,,,,,,,,,,,,,,,,,,,,,,,,,,,,,,
S2A_T29UPA_20250620T114501_L2A,2025-06-20,2025-06-20T11:46:27.048000Z,sentinel-2a,S2A_MSIL2A_20250620T114401_N0511_R123_T29UPA_20250620T152600.SAFE,sentinel-2-c1-l2a,05.11,L1278,Rea's Wood,-6.241996568375846,54.712602169290584,True,270.8840794505137,True,provisional_filtered_view_no_row_flags,19.273092,57.9486577802437,2.974451890816275,Sen2Cor_BOA_not_aquatic_Rw,False,0.209222674369812,0.573857605457306,1.11132371425629,9,False,False,219.1519161730116,True,,True,0.013700000000000004,0.0011323797731403037,36,1115,0,0,0.08278974783316599,0.0175,0.0008919392106839768,36,1146,0,0,0.05145803138561405,0.013449999999999997,0.000782973715718588,36,1118,0,0,0.058418764281594114,0.015,9.428090415820904e-05,9,1148,0,0,0.006299392260013968,0.017799999999999996,0.00031426968052735246,9,1170,0,0,0.01774421031835742,0.019600000000000006,0.00037416573867739413,9,1191,0,0,0.019090088708030313,0.018600000000000005,0.00046712940021284197,36,1175,0,0,0.02526541227112726,0.019100000000000006,0.0002981423969999712,9,1185,0,0,0.015691705105261643,0.009800000000000003,0.0003464101615137747,9,1092,0,0,0.03534797566467089,0.006500000000000006,0.0005397759022884917,9,1058,0,0,0.08361416730802795,3.53445243835449,False,False,292772,2025-06-20T12:00:00Z,13.549199998378754,True,4,0,0.209222674369812,3.53445243835449,0.4580112397670745,1
S2A_T29UPA_20250620T114501_L2A,2025-06-20,2025-06-20T11:46:27.048000Z,sentinel-2a,S2A_MSIL2A_20250620T114401_N0511_R123_T29UPA_20250620T152600.SAFE,sentinel-2-c1-l2a,05.11,L1279,Washing Bay,-6.569769770482481,54.523188284062314,True,396.0713035201496,True,provisional_filtered_view_no_row_flags,19.273092,57.9486577802437,2.974451890816275,Sen2Cor_BOA_not_aquatic_Rw,False,,,,9,False,False,352.9038840688248,True,no_probe_within_15min,False,0.011700000000000002,0.0010055402085998887,36,1098,0,0,0.08618916073713331,0.014899999999999997,0.0007567545633399268,36,1131,0,0,0.051064975220688584,0.012499999999999997,0.0007142022658485542,36,1103,0,0,0.05776517989339013,0.014899999999999997,0.0008047697316547483,9,1130,0,0,0.05516319561989898,0.0131,0.0005293835222031832,9,1120,0,0,0.0408615068595939,0.013600000000000001,0.0005519885488166321,9,1130,0,0,0.0401284082338424,0.012399999999999994,0.00032740091329238995,36,1116,0,0,0.026605943292383832,0.012700000000000003,0.0003975231959999632,9,1122,0,0,0.031164710487801995,0.007599999999999996,0.000514241620684716,9,1067,0,0,0.06918048708762997,0.004799999999999999,0.00026434171674156147,9,1044,0,0,0.05519896637294788,,,,,,,,,,,,,
S2A_T29UPA_20250620T114501_L2A,2025-06-20,2025-06-20T11:46:27.048000Z,sentinel-2a,S2A_MSIL2A_20250620T114401_N0511_R123_T29UPA_20250620T152600.SAFE,sentinel-2-c1-l2a,05.11,L1284,Toome,-6.466696920835618,54.75354853784675,False,338.87523315847875,True,provisional_filtered_view_no_row_flags,19.273092,57.9486577802437,2.974451890816275,Sen2Cor_BOA_not_aquatic_Rw,False,,,,5,False,True,298.5451035583995,False,footprint_shore_buffer_100m;no_probe_within_15min;outside_lake_polygon;scl_core_not_all_water;spectra_not_sampled_after_scl_rejection,False,,,,,,,,,,,,,,,,,,,,,,,,,,,,,,,,,,,,,,,,,,,,,,,,,,,,,,,,,,,,,,,,,,,,,,,,,,,,,,,,,,,
S2B_T29UPA_20250623T114348_L2A,2025-06-23,2025-06-23T11:46:14.834000Z,sentinel-2b,S2B_MSIL2A_20250623T114349_N0511_R123_T29UPA_20250623T152718.SAFE,sentinel-2-c1-l2a,05.11,L1278,Rea's Wood,-6.241996568375846,54.712602169290584,True,270.8840794505137,True,provisional_filtered_view_no_row_flags,94.995105,57.8914847589206,2.981565618826284,Sen2Cor_BOA_not_aquatic_Rw,False,1.69524478912354,5.65234375,1.20357406139374,0,True,False,219.1519161730116,True,scl_cloud_shadow_snow_nearby;scl_core_not_all_water;spectra_not_sampled_after_scl_rejection,False,,,,,,,,,,,,,,,,,,,,,,,,,,,,,,,,,,,,,,,,,,,,,,,,,,,,,,,,,,,,,,,,,,,,,,,5.41550302505493,False,False,294825,2025-06-23T12:00:00Z,13.752766664822897,True,4,0,1.69524478912354,5.41550302505493,4.650546550750735,1
S2B_T29UPA_20250623T114348_L2A,2025-06-23,2025-06-23T11:46:14.834000Z,sentinel-2b,S2B_MSIL2A_20250623T114349_N0511_R123_T29UPA_20250623T152718.SAFE,sentinel-2-c1-l2a,05.11,L1279,Washing Bay,-6.569769770482481,54.523188284062314,True,396.0713035201496,True,provisional_filtered_view_no_row_flags,94.995105,57.8914847589206,2.981565618826284,Sen2Cor_BOA_not_aquatic_Rw,False,,,,0,True,False,352.9038840688248,True,no_probe_within_15min;scl_cloud_shadow_snow_nearby;scl_core_not_all_water;spectra_not_sampled_after_scl_rejection,False,,,,,,,,,,,,,,,,,,,,,,,,,,,,,,,,,,,,,,,,,,,,,,,,,,,,,,,,,,,,,,,,,,,,,,,,,,,,,,,,,,,
S2B_T29UPA_20250623T114348_L2A,2025-06-23,2025-06-23T11:46:14.834000Z,sentinel-2b,S2B_MSIL2A_20250623T114349_N0511_R123_T29UPA_20250623T152718.SAFE,sentinel-2-c1-l2a,05.11,L1284,Toome,-6.466696920835618,54.75354853784675,False,338.87523315847875,True,provisional_filtered_view_no_row_flags,94.995105,57.8914847589206,2.981565618826284,Sen2Cor_BOA_not_aquatic_Rw,False,,,,0,True,False,298.5451035583995,False,footprint_shore_buffer_100m;no_probe_within_15min;outside_lake_polygon;scl_cloud_shadow_snow_nearby;scl_core_not_all_water;spectra_not_sampled_after_scl_rejection,False,,,,,,,,,,,,,,,,,,,,,,,,,,,,,,,,,,,,,,,,,,,,,,,,,,,,,,,,,,,,,,,,,,,,,,,,,,,,,,,,,,,
S2C_T29UPA_20250625T113403_L2A,2025-06-25,2025-06-25T11:36:35.968000Z,sentinel-2c,S2C_MSIL2A_20250625T113341_N0511_R080_T29UPA_20250625T151216.SAFE,sentinel-2-c1-l2a,05.11,L1278,Rea's Wood,-6.241996568375846,54.712602169290584,True,270.8840794505137,True,provisional_filtered_view_no_row_flags,99.626404,57.3303284093112,9.32707716840921,Sen2Cor_BOA_not_aquatic_Rw,False,0.806730449199677,0.796001613140106,0.482050597667694,0,True,False,219.1519161730116,True,scl_cloud_shadow_snow_nearby;scl_core_not_all_water;spectra_not_sampled_after_scl_rejection,False,,,,,,,,,,,,,,,,,,,,,,,,,,,,,,,,,,,,,,,,,,,,,,,,,,,,,,,,,,,,,,,,,,,,,,,0.875142335891724,False,False,295893,2025-06-25T11:30:00Z,-6.599466665585836,True,4,0,0.796001613140106,3.07905030250549,1.806613564491272,1
S2C_T29UPA_20250625T113403_L2A,2025-06-25,2025-06-25T11:36:35.968000Z,sentinel-2c,S2C_MSIL2A_20250625T113341_N0511_R080_T29UPA_20250625T151216.SAFE,sentinel-2-c1-l2a,05.11,L1279,Washing Bay,-6.569769770482481,54.523188284062314,True,396.0713035201496,True,provisional_filtered_view_no_row_flags,99.626404,57.3303284093112,9.32707716840921,Sen2Cor_BOA_not_aquatic_Rw,False,,,,0,True,False,352.9038840688248,True,no_probe_within_15min;scl_cloud_shadow_snow_nearby;scl_core_not_all_water;spectra_not_sampled_after_scl_rejection,False,,,,,,,,,,,,,,,,,,,,,,,,,,,,,,,,,,,,,,,,,,,,,,,,,,,,,,,,,,,,,,,,,,,,,,,,,,,,,,,,,,,
S2C_T29UPA_20250625T113403_L2A,2025-06-25,2025-06-25T11:36:35.968000Z,sentinel-2c,S2C_MSIL2A_20250625T113341_N0511_R080_T29UPA_20250625T151216.SAFE,sentinel-2-c1-l2a,05.11,L1284,Toome,-6.466696920835618,54.75354853784675,False,338.87523315847875,True,provisional_filtered_view_no_row_flags,99.626404,57.3303284093112,9.32707716840921,Sen2Cor_BOA_not_aquatic_Rw,False,,,,0,True,False,298.5451035583995,False,footprint_shore_buffer_100m;no_probe_within_15min;outside_lake_polygon;scl_cloud_shadow_snow_nearby;scl_core_not_all_water;spectra_not_sampled_after_scl_rejection,False,,,,,,,,,,,,,,,,,,,,,,,,,,,,,,,,,,,,,,,,,,,,,,,,,,,,,,,,,,,,,,,,,,,,,,,,,,,,,,,,,,,
S2A_T29UPA_20250627T113333_L2A,2025-06-27,2025-06-27T11:36:31.937000Z,sentinel-2a,S2A_MSIL2A_20250627T113331_N0511_R080_T29UPA_20250627T152015.SAFE,sentinel-2-c1-l2a,05.11,L1278,Rea's Wood,-6.241996568375846,54.712602169290584,True,270.8840794505137,True,provisional_filtered_view_no_row_flags,99.998975,57.2310862552161,9.293192395943525,Sen2Cor_BOA_not_aquatic_Rw,False,0.362911581993103,,0.0831820592284203,0,True,False,219.1519161730116,True,scl_cloud_shadow_snow_nearby;scl_core_not_all_water;spectra_not_sampled_after_scl_rejection,False,,,,,,,,,,,,,,,,,,,,,,,,,,,,,,,,,,,,,,,,,,,,,,,,,,,,,,,,,,,,,,,,,,,,,,,0.496347993612289,False,False,296813,2025-06-27T11:30:00Z,-6.532283333937327,True,3,0,0.249501943588257,0.496347993612289,0.392558813095093,1
S2A_T29UPA_20250627T113333_L2A,2025-06-27,2025-06-27T11:36:31.937000Z,sentinel-2a,S2A_MSIL2A_20250627T113331_N0511_R080_T29UPA_20250627T152015.SAFE,sentinel-2-c1-l2a,05.11,L1279,Washing Bay,-6.569769770482481,54.523188284062314,True,396.0713035201496,True,provisional_filtered_view_no_row_flags,99.998975,57.2310862552161,9.293192395943525,Sen2Cor_BOA_not_aquatic_Rw,False,,,,0,True,False,352.9038840688248,True,no_probe_within_15min;scl_cloud_shadow_snow_nearby;scl_core_not_all_water;spectra_not_sampled_after_scl_rejection,False,,,,,,,,,,,,,,,,,,,,,,,,,,,,,,,,,,,,,,,,,,,,,,,,,,,,,,,,,,,,,,,,,,,,,,,,,,,,,,,,,,,
S2A_T29UPA_20250627T113333_L2A,2025-06-27,2025-06-27T11:36:31.937000Z,sentinel-2a,S2A_MSIL2A_20250627T113331_N0511_R080_T29UPA_20250627T152015.SAFE,sentinel-2-c1-l2a,05.11,L1284,Toome,-6.466696920835618,54.75354853784675,False,338.87523315847875,True,provisional_filtered_view_no_row_flags,99.998975,57.2310862552161,9.293192395943525,Sen2Cor_BOA_not_aquatic_Rw,False,,,,0,True,False,298.5451035583995,False,footprint_shore_buffer_100m;no_probe_within_15min;outside_lake_polygon;scl_cloud_shadow_snow_nearby;scl_core_not_all_water;spectra_not_sampled_after_scl_rejection,False,,,,,,,,,,,,,,,,,,,,,,,,,,,,,,,,,,,,,,,,,,,,,,,,,,,,,,,,,,,,,,,,,,,,,,,,,,,,,,,,,,,
S2C_T29UPA_20250628T114517_L2A,2025-06-28,2025-06-28T11:46:34.593000Z,sentinel-2c,S2C_MSIL2A_20250628T114411_N0511_R123_T29UPA_20250628T163515.SAFE,sentinel-2-c1-l2a,05.11,L1278,Rea's Wood,-6.241996568375846,54.712602169290584,True,270.8840794505137,True,provisional_filtered_view_no_row_flags,75.978953,57.6930663056216,2.9955435541705717,Sen2Cor_BOA_not_aquatic_Rw,False,0.136817768216133,0.160003080964088,0.0835182666778564,0,True,False,219.1519161730116,True,scl_cloud_shadow_snow_nearby;scl_core_not_all_water;spectra_not_sampled_after_scl_rejection,False,,,,,,,,,,,,,,,,,,,,,,,,,,,,,,,,,,,,,,,,,,,,,,,,,,,,,,,,,,,,,,,,,,,,,,,0.210379883646965,False,False,296834,2025-06-28T12:00:00Z,13.42345000108083,True,4,0,0.136817768216133,0.335257291793823,0.1968682259321215,1
S2C_T29UPA_20250628T114517_L2A,2025-06-28,2025-06-28T11:46:34.593000Z,sentinel-2c,S2C_MSIL2A_20250628T114411_N0511_R123_T29UPA_20250628T163515.SAFE,sentinel-2-c1-l2a,05.11,L1279,Washing Bay,-6.569769770482481,54.523188284062314,True,396.0713035201496,True,provisional_filtered_view_no_row_flags,75.978953,57.6930663056216,2.9955435541705717,Sen2Cor_BOA_not_aquatic_Rw,False,,,,0,True,False,352.9038840688248,True,no_probe_within_15min;scl_cloud_shadow_snow_nearby;scl_core_not_all_water;spectra_not_sampled_after_scl_rejection,False,,,,,,,,,,,,,,,,,,,,,,,,,,,,,,,,,,,,,,,,,,,,,,,,,,,,,,,,,,,,,,,,,,,,,,,,,,,,,,,,,,,
S2C_T29UPA_20250628T114517_L2A,2025-06-28,2025-06-28T11:46:34.593000Z,sentinel-2c,S2C_MSIL2A_20250628T114411_N0511_R123_T29UPA_20250628T163515.SAFE,sentinel-2-c1-l2a,05.11,L1284,Toome,-6.466696920835618,54.75354853784675,False,338.87523315847875,True,provisional_filtered_view_no_row_flags,75.978953,57.6930663056216,2.9955435541705717,Sen2Cor_BOA_not_aquatic_Rw,False,,,,0,True,False,298.5451035583995,False,footprint_shore_buffer_100m;no_probe_within_15min;outside_lake_polygon;scl_cloud_shadow_snow_nearby;scl_core_not_all_water;spectra_not_sampled_after_scl_rejection,False,,,,,,,,,,,,,,,,,,,,,,,,,,,,,,,,,,,,,,,,,,,,,,,,,,,,,,,,,,,,,,,,,,,,,,,,,,,,,,,,,,,
S2B_T29UPA_20250630T113320_L2A,2025-06-30,2025-06-30T11:36:18.598000Z,sentinel-2b,S2B_MSIL2A_20250630T113319_N0511_R080_T29UPA_20250630T133941.SAFE,sentinel-2-c1-l2a,05.11,L1278,Rea's Wood,-6.241996568375846,54.712602169290584,True,270.8840794505137,True,provisional_filtered_view_no_row_flags,99.056399,57.0268765907486,9.288692417004874,Sen2Cor_BOA_not_aquatic_Rw,False,,0.266880482435226,0.153683349490166,0,True,False,219.1519161730116,True,scl_cloud_shadow_snow_nearby;scl_core_not_all_water;spectra_not_sampled_after_scl_rejection,False,,,,,,,,,,,,,,,,,,,,,,,,,,,,,,,,,,,,,,,,,,,,,,,,,,,,,,,,,,,,,,,,,,,,,,,0.133700340986252,False,False,299440,2025-06-30T11:30:00Z,-6.3099666674931845,True,4,0,0.133700340986252,0.266880482435226,0.1447709202766415,1
S2B_T29UPA_20250630T113320_L2A,2025-06-30,2025-06-30T11:36:18.598000Z,sentinel-2b,S2B_MSIL2A_20250630T113319_N0511_R080_T29UPA_20250630T133941.SAFE,sentinel-2-c1-l2a,05.11,L1279,Washing Bay,-6.569769770482481,54.523188284062314,True,396.0713035201496,True,provisional_filtered_view_no_row_flags,99.056399,57.0268765907486,9.288692417004874,Sen2Cor_BOA_not_aquatic_Rw,False,,,,0,True,False,352.9038840688248,True,no_probe_within_15min;scl_cloud_shadow_snow_nearby;scl_core_not_all_water;spectra_not_sampled_after_scl_rejection,False,,,,,,,,,,,,,,,,,,,,,,,,,,,,,,,,,,,,,,,,,,,,,,,,,,,,,,,,,,,,,,,,,,,,,,,,,,,,,,,,,,,
S2B_T29UPA_20250630T113320_L2A,2025-06-30,2025-06-30T11:36:18.598000Z,sentinel-2b,S2B_MSIL2A_20250630T113319_N0511_R080_T29UPA_20250630T133941.SAFE,sentinel-2-c1-l2a,05.11,L1284,Toome,-6.466696920835618,54.75354853784675,False,338.87523315847875,True,provisional_filtered_view_no_row_flags,99.056399,57.0268765907486,9.288692417004874,Sen2Cor_BOA_not_aquatic_Rw,False,,,,0,True,False,298.5451035583995,False,footprint_shore_buffer_100m;no_probe_within_15min;outside_lake_polygon;scl_cloud_shadow_snow_nearby;scl_core_not_all_water;spectra_not_sampled_after_scl_rejection,False,,,,,,,,,,,,,,,,,,,,,,,,,,,,,,,,,,,,,,,,,,,,,,,,,,,,,,,,,,,,,,,,,,,,,,,,,,,,,,,,,,,
S2A_T29UPA_20250630T114404_L2A,2025-06-30,2025-06-30T11:46:30.605000Z,sentinel-2a,S2A_MSIL2A_20250630T114401_N0511_R123_T29UPA_20250630T151902.SAFE,sentinel-2-c1-l2a,05.11,L1278,Rea's Wood,-6.241996568375846,54.712602169290584,True,270.8840794505137,True,provisional_filtered_view_no_row_flags,99.037081,57.5585934211984,2.996948328612476,Sen2Cor_BOA_not_aquatic_Rw,False,0.154481545090675,,0.129213839769363,0,True,False,219.1519161730116,True,scl_cloud_shadow_snow_nearby;scl_core_not_all_water;spectra_not_sampled_after_scl_rejection,False,,,,,,,,,,,,,,,,,,,,,,,,,,,,,,,,,,,,,,,,,,,,,,,,,,,,,,,,,,,,,,,,,,,,,,,0.135060295462608,False,False,299441,2025-06-30T12:00:00Z,13.489916666348774,True,4,0,0.133700340986252,0.266880482435226,0.1447709202766415,1
S2A_T29UPA_20250630T114404_L2A,2025-06-30,2025-06-30T11:46:30.605000Z,sentinel-2a,S2A_MSIL2A_20250630T114401_N0511_R123_T29UPA_20250630T151902.SAFE,sentinel-2-c1-l2a,05.11,L1279,Washing Bay,-6.569769770482481,54.523188284062314,True,396.0713035201496,True,provisional_filtered_view_no_row_flags,99.037081,57.5585934211984,2.996948328612476,Sen2Cor_BOA_not_aquatic_Rw,False,,,,0,True,False,352.9038840688248,True,no_probe_within_15min;scl_cloud_shadow_snow_nearby;scl_core_not_all_water;spectra_not_sampled_after_scl_rejection,False,,,,,,,,,,,,,,,,,,,,,,,,,,,,,,,,,,,,,,,,,,,,,,,,,,,,,,,,,,,,,,,,,,,,,,,,,,,,,,,,,,,
S2A_T29UPA_20250630T114404_L2A,2025-06-30,2025-06-30T11:46:30.605000Z,sentinel-2a,S2A_MSIL2A_20250630T114401_N0511_R123_T29UPA_20250630T151902.SAFE,sentinel-2-c1-l2a,05.11,L1284,Toome,-6.466696920835618,54.75354853784675,False,338.87523315847875,True,provisional_filtered_view_no_row_flags,99.037081,57.5585934211984,2.996948328612476,Sen2Cor_BOA_not_aquatic_Rw,False,,,,0,True,False,298.5451035583995,False,footprint_shore_buffer_100m;no_probe_within_15min;outside_lake_polygon;scl_cloud_shadow_snow_nearby;scl_core_not_all_water;spectra_not_sampled_after_scl_rejection,False,,,,,,,,,,,,,,,,,,,,,,,,,,,,,,,,,,,,,,,,,,,,,,,,,,,,,,,,,,,,,,,,,,,,,,,,,,,,,,,,,,,
S2B_T29UPA_20250703T114350_L2A,2025-07-03,2025-07-03T11:46:16.780000Z,sentinel-2b,S2B_MSIL2A_20250703T114349_N0511_R123_T29UPA_20250703T135144.SAFE,sentinel-2-c1-l2a,05.11,L1278,Rea's Wood,-6.241996568375846,54.712602169290584,True,270.8840794505137,True,provisional_filtered_view_no_row_flags,90.957916,57.3025691170406,3.000012763684083,Sen2Cor_BOA_not_aquatic_Rw,False,0.50505667924881,0.459461361169815,0.117555215954781,0,True,False,219.1519161730116,True,scl_cloud_shadow_snow_nearby;scl_core_not_all_water;spectra_not_sampled_after_scl_rejection,False,,,,,,,,,,,,,,,,,,,,,,,,,,,,,,,,,,,,,,,,,,,,,,,,,,,,,,,,,,,,,,,,,,,,,,,0.40836825966835,False,False,299008,2025-07-03T12:00:00Z,13.72033333381017,True,4,0,0.206314921379089,0.50505667924881,0.372949481010437,1
S2B_T29UPA_20250703T114350_L2A,2025-07-03,2025-07-03T11:46:16.780000Z,sentinel-2b,S2B_MSIL2A_20250703T114349_N0511_R123_T29UPA_20250703T135144.SAFE,sentinel-2-c1-l2a,05.11,L1279,Washing Bay,-6.569769770482481,54.523188284062314,True,396.0713035201496,True,provisional_filtered_view_no_row_flags,90.957916,57.3025691170406,3.000012763684083,Sen2Cor_BOA_not_aquatic_Rw,False,0.0,0.0,0.0307737737894058,0,True,False,352.9038840688248,True,probe_gap_or_unbracketed;scl_cloud_shadow_snow_nearby;scl_core_not_all_water;spectra_not_sampled_after_scl_rejection;zero_or_negative_probe_requires_review,False,,,,,,,,,,,,,,,,,,,,,,,,,,,,,,,,,,,,,,,,,,,,,,,,,,,,,,,,,,,,,,,,,,,,,,,0.0,False,False,886293,2025-07-03T12:00:00Z,13.72033333381017,False,2,0,0.0,0.0,0.0,1
S2B_T29UPA_20250703T114350_L2A,2025-07-03,2025-07-03T11:46:16.780000Z,sentinel-2b,S2B_MSIL2A_20250703T114349_N0511_R123_T29UPA_20250703T135144.SAFE,sentinel-2-c1-l2a,05.11,L1284,Toome,-6.466696920835618,54.75354853784675,False,338.87523315847875,True,provisional_filtered_view_no_row_flags,90.957916,57.3025691170406,3.000012763684083,Sen2Cor_BOA_not_aquatic_Rw,False,,,,0,True,False,298.5451035583995,False,footprint_shore_buffer_100m;no_probe_within_15min;outside_lake_polygon;scl_cloud_shadow_snow_nearby;scl_core_not_all_water;spectra_not_sampled_after_scl_rejection,False,,,,,,,,,,,,,,,,,,,,,,,,,,,,,,,,,,,,,,,,,,,,,,,,,,,,,,,,,,,,,,,,,,,,,,,,,,,,,,,,,,,
S2C_T29UPA_20250705T113438_L2A,2025-07-05,2025-07-05T11:36:38.323000Z,sentinel-2c,S2C_MSIL2A_20250705T113341_N0511_R080_T29UPA_20250705T151317.SAFE,sentinel-2-c1-l2a,05.11,L1278,Rea's Wood,-6.241996568375846,54.712602169290584,True,270.8840794505137,True,provisional_filtered_view_no_row_flags,98.49385,56.6010264783365,9.289229977510388,Sen2Cor_BOA_not_aquatic_Rw,False,1.08767139911652,1.00226378440857,0.103880926966667,0,True,False,219.1519161730116,True,scl_cloud_shadow_snow_nearby;scl_core_not_all_water;spectra_not_sampled_after_scl_rejection,False,,,,,,,,,,,,,,,,,,,,,,,,,,,,,,,,,,,,,,,,,,,,,,,,,,,,,,,,,,,,,,,,,,,,,,,1.15328419208527,False,False,300350,2025-07-05T11:30:00Z,-6.638716665903727,True,4,0,0.637475311756134,1.15328419208527,0.9519678652286535,1
S2C_T29UPA_20250705T113438_L2A,2025-07-05,2025-07-05T11:36:38.323000Z,sentinel-2c,S2C_MSIL2A_20250705T113341_N0511_R080_T29UPA_20250705T151317.SAFE,sentinel-2-c1-l2a,05.11,L1279,Washing Bay,-6.569769770482481,54.523188284062314,True,396.0713035201496,True,provisional_filtered_view_no_row_flags,98.49385,56.6010264783365,9.289229977510388,Sen2Cor_BOA_not_aquatic_Rw,False,,,,0,True,False,352.9038840688248,True,no_probe_within_15min;scl_cloud_shadow_snow_nearby;scl_core_not_all_water;spectra_not_sampled_after_scl_rejection,False,,,,,,,,,,,,,,,,,,,,,,,,,,,,,,,,,,,,,,,,,,,,,,,,,,,,,,,,,,,,,,,,,,,,,,,,,,,,,,,,,,,
S2C_T29UPA_20250705T113438_L2A,2025-07-05,2025-07-05T11:36:38.323000Z,sentinel-2c,S2C_MSIL2A_20250705T113341_N0511_R080_T29UPA_20250705T151317.SAFE,sentinel-2-c1-l2a,05.11,L1284,Toome,-6.466696920835618,54.75354853784675,False,338.87523315847875,True,provisional_filtered_view_no_row_flags,98.49385,56.6010264783365,9.289229977510388,Sen2Cor_BOA_not_aquatic_Rw,False,,,,0,True,False,298.5451035583995,False,footprint_shore_buffer_100m;no_probe_within_15min;outside_lake_polygon;scl_cloud_shadow_snow_nearby;scl_core_not_all_water;spectra_not_sampled_after_scl_rejection,False,,,,,,,,,,,,,,,,,,,,,,,,,,,,,,,,,,,,,,,,,,,,,,,,,,,,,,,,,,,,,,,,,,,,,,,,,,,,,,,,,,,
S2A_T29UPA_20250707T113336_L2A,2025-07-07,2025-07-07T11:36:34.364000Z,sentinel-2a,S2A_MSIL2A_20250707T113341_N0511_R080_T29UPA_20250707T164623.SAFE,sentinel-2-c1-l2a,05.11,L1278,Rea's Wood,-6.241996568375846,54.712602169290584,True,270.8840794505137,True,provisional_filtered_view_no_row_flags,78.835857,56.376904433666,9.283750975205894,Sen2Cor_BOA_not_aquatic_Rw,False,0.858650505542755,0.192631766200066,0.0978324711322784,0,True,False,219.1519161730116,True,scl_cloud_shadow_snow_nearby;scl_core_not_all_water;spectra_not_sampled_after_scl_rejection,False,,,,,,,,,,,,,,,,,,,,,,,,,,,,,,,,,,,,,,,,,,,,,,,,,,,,,,,,,,,,,,,,,,,,,,,0.113092459738255,False,False,300630,2025-07-07T11:30:00Z,-6.572733334700266,True,4,0,0.039336483925581,0.192631766200066,0.1438363008201125,1
S2A_T29UPA_20250707T113336_L2A,2025-07-07,2025-07-07T11:36:34.364000Z,sentinel-2a,S2A_MSIL2A_20250707T113341_N0511_R080_T29UPA_20250707T164623.SAFE,sentinel-2-c1-l2a,05.11,L1279,Washing Bay,-6.569769770482481,54.523188284062314,True,396.0713035201496,True,provisional_filtered_view_no_row_flags,78.835857,56.376904433666,9.283750975205894,Sen2Cor_BOA_not_aquatic_Rw,False,,,,0,True,False,352.9038840688248,True,no_probe_within_15min;scl_cloud_shadow_snow_nearby;scl_core_not_all_water;spectra_not_sampled_after_scl_rejection,False,,,,,,,,,,,,,,,,,,,,,,,,,,,,,,,,,,,,,,,,,,,,,,,,,,,,,,,,,,,,,,,,,,,,,,,,,,,,,,,,,,,
S2A_T29UPA_20250707T113336_L2A,2025-07-07,2025-07-07T11:36:34.364000Z,sentinel-2a,S2A_MSIL2A_20250707T113341_N0511_R080_T29UPA_20250707T164623.SAFE,sentinel-2-c1-l2a,05.11,L1284,Toome,-6.466696920835618,54.75354853784675,False,338.87523315847875,True,provisional_filtered_view_no_row_flags,78.835857,56.376904433666,9.283750975205894,Sen2Cor_BOA_not_aquatic_Rw,False,,,,0,True,False,298.5451035583995,False,footprint_shore_buffer_100m;no_probe_within_15min;outside_lake_polygon;scl_cloud_shadow_snow_nearby;scl_core_not_all_water;spectra_not_sampled_after_scl_rejection,False,,,,,,,,,,,,,,,,,,,,,,,,,,,,,,,,,,,,,,,,,,,,,,,,,,,,,,,,,,,,,,,,,,,,,,,,,,,,,,,,,,,
S2C_T29UPA_20250708T114500_L2A,2025-07-08,2025-07-08T11:46:36.442000Z,sentinel-2c,S2C_MSIL2A_20250708T114411_N0511_R123_T29UPA_20250708T163314.SAFE,sentinel-2-c1-l2a,05.11,L1278,Rea's Wood,-6.241996568375846,54.712602169290584,True,270.8840794505137,True,provisional_filtered_view_no_row_flags,99.973869,56.7853692396515,3.0028176132573168,Sen2Cor_BOA_not_aquatic_Rw,False,0.0835641548037529,0.0756272301077843,0.256268739700317,0,True,False,219.1519161730116,True,scl_cloud_shadow_snow_nearby;scl_core_not_all_water;spectra_not_sampled_after_scl_rejection,False,,,,,,,,,,,,,,,,,,,,,,,,,,,,,,,,,,,,,,,,,,,,,,,,,,,,,,,,,,,,,,,,,,,,,,,0.0294984802603722,False,False,304085,2025-07-08T12:00:00Z,13.392633334795635,True,4,0,0.0294984802603722,0.098479188978672,0.07421877607703209,1
S2C_T29UPA_20250708T114500_L2A,2025-07-08,2025-07-08T11:46:36.442000Z,sentinel-2c,S2C_MSIL2A_20250708T114411_N0511_R123_T29UPA_20250708T163314.SAFE,sentinel-2-c1-l2a,05.11,L1279,Washing Bay,-6.569769770482481,54.523188284062314,True,396.0713035201496,True,provisional_filtered_view_no_row_flags,99.973869,56.7853692396515,3.0028176132573168,Sen2Cor_BOA_not_aquatic_Rw,False,0.0,0.0,0.0171697810292244,0,True,False,352.9038840688248,True,probe_gap_or_unbracketed;scl_cloud_shadow_snow_nearby;scl_core_not_all_water;spectra_not_sampled_after_scl_rejection;zero_or_negative_probe_requires_review,False,,,,,,,,,,,,,,,,,,,,,,,,,,,,,,,,,,,,,,,,,,,,,,,,,,,,,,,,,,,,,,,,,,,,,,,0.0,False,False,886630,2025-07-08T12:00:00Z,13.392633334795635,False,2,0,0.0,0.0,0.0,1
S2C_T29UPA_20250708T114500_L2A,2025-07-08,2025-07-08T11:46:36.442000Z,sentinel-2c,S2C_MSIL2A_20250708T114411_N0511_R123_T29UPA_20250708T163314.SAFE,sentinel-2-c1-l2a,05.11,L1284,Toome,-6.466696920835618,54.75354853784675,False,338.87523315847875,True,provisional_filtered_view_no_row_flags,99.973869,56.7853692396515,3.0028176132573168,Sen2Cor_BOA_not_aquatic_Rw,False,,,,0,True,False,298.5451035583995,False,footprint_shore_buffer_100m;no_probe_within_15min;outside_lake_polygon;scl_cloud_shadow_snow_nearby;scl_core_not_all_water;spectra_not_sampled_after_scl_rejection,False,,,,,,,,,,,,,,,,,,,,,,,,,,,,,,,,,,,,,,,,,,,,,,,,,,,,,,,,,,,,,,,,,,,,,,,,,,,,,,,,,,,
S2B_T29UPA_20250710T113321_L2A,2025-07-10,2025-07-10T11:36:19.388000Z,sentinel-2b,S2B_MSIL2A_20250710T113319_N0511_R080_T29UPA_20250710T133950.SAFE,sentinel-2-c1-l2a,05.11,L1278,Rea's Wood,-6.241996568375846,54.712602169290584,True,270.8840794505137,True,provisional_filtered_view_no_row_flags,59.604609,55.9879539978605,9.28902835060041,Sen2Cor_BOA_not_aquatic_Rw,False,0.2401093095541,,0.156514406204224,9,False,False,219.1519161730116,True,heterogeneous_red_cv_above_0.2,False,0.028749999999999998,0.0040689078144471565,36,1230,0,0,0.1399185035056812,0.0316,0.008542735705459542,36,1196,0,0,0.26557727581739515,0.01695,0.0039021944997117003,36,1112,0,0,0.2272755249791638,0.0257,0.009150956234186674,9,1140,0,0,0.32183902347667087,0.0232,0.010439573332182914,9,1070,0,0,0.4378199440337662,0.021099999999999994,0.009035950147147141,9,1082,0,0,0.37842508759573873,0.018850000000000006,0.009758927536705387,36,1052,0,0,0.4799472559035437,0.0169,0.00753466065003004,9,1089,0,0,0.40801411462256526,0.0059000000000000025,0.0002314740739555495,9,1055,0,0,0.03886691540298406,0.005299999999999999,0.00017638342073763918,9,1049,0,0,0.03391988860339215,0.139651343226433,False,False,303652,2025-07-10T11:30:00Z,-6.323133333524068,True,3,0,0.139651343226433,0.252830892801285,0.234859094023705,1
S2B_T29UPA_20250710T113321_L2A,2025-07-10,2025-07-10T11:36:19.388000Z,sentinel-2b,S2B_MSIL2A_20250710T113319_N0511_R080_T29UPA_20250710T133950.SAFE,sentinel-2-c1-l2a,05.11,L1279,Washing Bay,-6.569769770482481,54.523188284062314,True,396.0713035201496,True,provisional_filtered_view_no_row_flags,59.604609,55.9879539978605,9.28902835060041,Sen2Cor_BOA_not_aquatic_Rw,False,,,,0,True,False,352.9038840688248,True,no_probe_within_15min;scl_cloud_shadow_snow_nearby;scl_core_not_all_water;spectra_not_sampled_after_scl_rejection,False,,,,,,,,,,,,,,,,,,,,,,,,,,,,,,,,,,,,,,,,,,,,,,,,,,,,,,,,,,,,,,,,,,,,,,,,,,,,,,,,,,,
S2B_T29UPA_20250710T113321_L2A,2025-07-10,2025-07-10T11:36:19.388000Z,sentinel-2b,S2B_MSIL2A_20250710T113319_N0511_R080_T29UPA_20250710T133950.SAFE,sentinel-2-c1-l2a,05.11,L1284,Toome,-6.466696920835618,54.75354853784675,False,338.87523315847875,True,provisional_filtered_view_no_row_flags,59.604609,55.9879539978605,9.28902835060041,Sen2Cor_BOA_not_aquatic_Rw,False,0.0,0.0,0.095390684902668,0,True,False,298.5451035583995,False,footprint_shore_buffer_100m;outside_lake_polygon;scl_cloud_shadow_snow_nearby;scl_core_not_all_water;spectra_not_sampled_after_scl_rejection;zero_or_negative_probe_requires_review,False,,,,,,,,,,,,,,,,,,,,,,,,,,,,,,,,,,,,,,,,,,,,,,,,,,,,,,,,,,,,,,,,,,,,,,,0.0,False,False,898998,2025-07-10T11:30:00Z,-6.323133333524068,True,4,0,0.0,0.0,0.0,1
S2A_T29UPA_20250710T114406_L2A,2025-07-10,2025-07-10T11:46:32.535000Z,sentinel-2a,S2A_MSIL2A_20250710T114411_N0511_R123_T29UPA_20250710T151814.SAFE,sentinel-2-c1-l2a,05.11,L1278,Rea's Wood,-6.241996568375846,54.712602169290584,True,270.8840794505137,True,provisional_filtered_view_no_row_flags,79.433459,56.5269855069182,3.0053143482349953,Sen2Cor_BOA_not_aquatic_Rw,False,0.252830892801285,0.331192463636398,0.449499249458313,9,True,False,219.1519161730116,True,scl_cloud_shadow_snow_nearby;spectra_not_sampled_after_scl_rejection,False,,,,,,,,,,,,,,,,,,,,,,,,,,,,,,,,,,,,,,,,,,,,,,,,,,,,,,,,,,,,,,,,,,,,,,,0.234859094023705,False,False,303654,2025-07-10T12:00:00Z,13.457749998569488,True,3,0,0.139651343226433,0.252830892801285,0.234859094023705,1
S2A_T29UPA_20250710T114406_L2A,2025-07-10,2025-07-10T11:46:32.535000Z,sentinel-2a,S2A_MSIL2A_20250710T114411_N0511_R123_T29UPA_20250710T151814.SAFE,sentinel-2-c1-l2a,05.11,L1279,Washing Bay,-6.569769770482481,54.523188284062314,True,396.0713035201496,True,provisional_filtered_view_no_row_flags,79.433459,56.5269855069182,3.0053143482349953,Sen2Cor_BOA_not_aquatic_Rw,False,0.0,0.0,0.0289740636944771,0,True,False,352.9038840688248,True,probe_gap_or_unbracketed;scl_cloud_shadow_snow_nearby;scl_core_not_all_water;spectra_not_sampled_after_scl_rejection;zero_or_negative_probe_requires_review,False,,,,,,,,,,,,,,,,,,,,,,,,,,,,,,,,,,,,,,,,,,,,,,,,,,,,,,,,,,,,,,,,,,,,,,,0.0,False,False,887270,2025-07-10T12:00:00Z,13.457749998569488,False,2,0,0.0,0.0,0.0,1
S2A_T29UPA_20250710T114406_L2A,2025-07-10,2025-07-10T11:46:32.535000Z,sentinel-2a,S2A_MSIL2A_20250710T114411_N0511_R123_T29UPA_20250710T151814.SAFE,sentinel-2-c1-l2a,05.11,L1284,Toome,-6.466696920835618,54.75354853784675,False,338.87523315847875,True,provisional_filtered_view_no_row_flags,79.433459,56.5269855069182,3.0053143482349953,Sen2Cor_BOA_not_aquatic_Rw,False,0.0,1.17387568950653,0.0352163165807724,0,True,False,298.5451035583995,False,footprint_shore_buffer_100m;outside_lake_polygon;scl_cloud_shadow_snow_nearby;scl_core_not_all_water;spectra_not_sampled_after_scl_rejection;zero_or_negative_probe_requires_review,False,,,,,,,,,,,,,,,,,,,,,,,,,,,,,,,,,,,,,,,,,,,,,,,,,,,,,,,,,,,,,,,,,,,,,,,0.0,False,False,899000,2025-07-10T12:00:00Z,13.457749998569488,True,4,0,0.0,0.0,0.0,1
S2B_T29UPA_20250713T114350_L2A,2025-07-13,2025-07-13T11:46:17.107000Z,sentinel-2b,S2B_MSIL2A_20250713T114349_N0511_R123_T29UPA_20250713T134456.SAFE,sentinel-2-c1-l2a,05.11,L1278,Rea's Wood,-6.241996568375846,54.712602169290584,True,270.8840794505137,True,provisional_filtered_view_no_row_flags,0.887923,56.0879910809026,2.9945805760718907,Sen2Cor_BOA_not_aquatic_Rw,False,0.373501390218735,0.316088318824768,0.208191454410553,9,False,False,219.1519161730116,True,,True,0.013899999999999996,0.0011733505627943752,36,1112,0,0,0.08542087009220932,0.01335,0.0013308628733473332,36,1111,0,0,0.09905119586624767,0.010250000000000002,0.0015314073048452311,36,1081,0,0,0.14527183919480452,0.010400000000000006,0.0008259674462242565,9,1092,0,0,0.07967531635603758,0.0092,0.0004637474834379823,9,1087,0,0,0.04998475869391425,0.0097,0.000736357401145818,9,1091,0,0,0.07339110310423436,0.007099999999999995,0.0013513253667838767,36,1056,0,0,0.17767608913155428,0.008999999999999994,0.0008184598604756852,9,1076,0,0,0.09312438361923096,0.0076999999999999985,0.000871921391858375,9,1062,0,0,0.11115145221990616,0.007000000000000006,0.0007519521918083812,9,1063,0,0,0.10459922297179954,0.370666891336441,False,False,305641,2025-07-13T12:00:00Z,13.714883331457774,True,4,0,0.359142392873764,0.438139289617538,0.372084140777588,1
S2B_T29UPA_20250713T114350_L2A,2025-07-13,2025-07-13T11:46:17.107000Z,sentinel-2b,S2B_MSIL2A_20250713T114349_N0511_R123_T29UPA_20250713T134456.SAFE,sentinel-2-c1-l2a,05.11,L1279,Washing Bay,-6.569769770482481,54.523188284062314,True,396.0713035201496,True,provisional_filtered_view_no_row_flags,0.887923,56.0879910809026,2.9945805760718907,Sen2Cor_BOA_not_aquatic_Rw,False,0.0,0.0,0.0283670946955681,9,False,False,352.9038840688248,True,probe_gap_or_unbracketed;zero_or_negative_probe_requires_review,False,0.01595,0.0014434478399535846,36,1138,0,0,0.08988777415382988,0.016650000000000005,0.0012655575065832188,36,1132,0,0,0.07667463856781535,0.013600000000000001,0.0013032811157485038,36,1108,0,0,0.09744157874755169,0.013300000000000006,0.0014832396974191334,9,1104,0,0,0.11618065515032376,0.010599999999999998,0.0009238940669327717,9,1093,0,0,0.08836393838889421,0.010800000000000004,0.00038873012632301824,9,1104,0,0,0.035446516078086764,0.01065,0.0010480139948174988,36,1093,0,0,0.095854938550381,0.009300000000000003,0.0007438637868140465,9,1084,0,0,0.07913444540574963,0.009400000000000006,0.0007964427083314428,9,1081,0,0,0.08574143989214097,0.007599999999999996,0.0003431876713662342,9,1068,0,0,0.04575835618216457,0.0,False,False,885534,2025-07-13T12:00:00Z,13.714883331457774,False,2,0,0.0,0.0,0.0,1
S2B_T29UPA_20250713T114350_L2A,2025-07-13,2025-07-13T11:46:17.107000Z,sentinel-2b,S2B_MSIL2A_20250713T114349_N0511_R123_T29UPA_20250713T134456.SAFE,sentinel-2-c1-l2a,05.11,L1284,Toome,-6.466696920835618,54.75354853784675,False,338.87523315847875,True,provisional_filtered_view_no_row_flags,0.887923,56.0879910809026,2.9945805760718907,Sen2Cor_BOA_not_aquatic_Rw,False,0.0,0.0,0.0746459886431694,5,False,True,298.5451035583995,False,footprint_shore_buffer_100m;outside_lake_polygon;scl_core_not_all_water;spectra_not_sampled_after_scl_rejection,False,,,,,,,,,,,,,,,,,,,,,,,,,,,,,,,,,,,,,,,,,,,,,,,,,,,,,,,,,,,,,,,,,,,,,,,0.0446622371673584,False,False,899367,2025-07-13T12:00:00Z,13.714883331457774,True,4,0,0.0,0.0446622371673584,0.0,1
S2C_T29UPA_20250715T113341_L2A,2025-07-15,2025-07-15T11:36:39.133000Z,sentinel-2c,S2C_MSIL2A_20250715T113341_N0511_R080_T29UPA_20250715T145412.SAFE,sentinel-2-c1-l2a,05.11,L1278,Rea's Wood,-6.241996568375846,54.712602169290584,True,270.8840794505137,True,provisional_filtered_view_no_row_flags,95.626289,55.268717903025,9.28364954285185,Sen2Cor_BOA_not_aquatic_Rw,False,0.120283104479313,0.308752149343491,0.788175523281097,0,True,False,219.1519161730116,True,scl_cloud_shadow_snow_nearby;scl_core_not_all_water;spectra_not_sampled_after_scl_rejection,False,,,,,,,,,,,,,,,,,,,,,,,,,,,,,,,,,,,,,,,,,,,,,,,,,,,,,,,,,,,,,,,,,,,,,,,0.487659901380539,False,False,305144,2025-07-15T11:30:00Z,-6.6522166649500525,True,4,0,0.128448620438576,0.575901687145233,0.398206025362015,1
S2C_T29UPA_20250715T113341_L2A,2025-07-15,2025-07-15T11:36:39.133000Z,sentinel-2c,S2C_MSIL2A_20250715T113341_N0511_R080_T29UPA_20250715T145412.SAFE,sentinel-2-c1-l2a,05.11,L1279,Washing Bay,-6.569769770482481,54.523188284062314,True,396.0713035201496,True,provisional_filtered_view_no_row_flags,95.626289,55.268717903025,9.28364954285185,Sen2Cor_BOA_not_aquatic_Rw,False,,,,0,True,False,352.9038840688248,True,no_probe_within_15min;scl_cloud_shadow_snow_nearby;scl_core_not_all_water;spectra_not_sampled_after_scl_rejection,False,,,,,,,,,,,,,,,,,,,,,,,,,,,,,,,,,,,,,,,,,,,,,,,,,,,,,,,,,,,,,,,,,,,,,,,,,,,,,,,,,,,
S2C_T29UPA_20250715T113341_L2A,2025-07-15,2025-07-15T11:36:39.133000Z,sentinel-2c,S2C_MSIL2A_20250715T113341_N0511_R080_T29UPA_20250715T145412.SAFE,sentinel-2-c1-l2a,05.11,L1284,Toome,-6.466696920835618,54.75354853784675,False,338.87523315847875,True,provisional_filtered_view_no_row_flags,95.626289,55.268717903025,9.28364954285185,Sen2Cor_BOA_not_aquatic_Rw,False,1.31455051898956,,0.794100761413574,0,True,False,298.5451035583995,False,footprint_shore_buffer_100m;outside_lake_polygon;scl_cloud_shadow_snow_nearby;scl_core_not_all_water;spectra_not_sampled_after_scl_rejection,False,,,,,,,,,,,,,,,,,,,,,,,,,,,,,,,,,,,,,,,,,,,,,,,,,,,,,,,,,,,,,,,,,,,,,,,0.423049837350845,False,False,899647,2025-07-15T11:30:00Z,-6.6522166649500525,True,3,0,0.423049837350845,1.94753563404083,0.824298679828644,1
S2A_T29UPA_20250717T113521_L2A,2025-07-17,2025-07-17T11:36:35.197000Z,sentinel-2a,S2A_MSIL2A_20250717T113341_N0511_R080_T29UPA_20250717T160812.SAFE,sentinel-2-c1-l2a,05.11,L1278,Rea's Wood,-6.241996568375846,54.712602169290584,True,270.8840794505137,True,provisional_filtered_view_no_row_flags,99.88122,54.9312318766594,9.264220294820815,Sen2Cor_BOA_not_aquatic_Rw,False,0.300461858510971,0.402814865112305,0.278300881385803,0,True,False,219.1519161730116,True,scl_cloud_shadow_snow_nearby;scl_core_not_all_water;spectra_not_sampled_after_scl_rejection,False,,,,,,,,,,,,,,,,,,,,,,,,,,,,,,,,,,,,,,,,,,,,,,,,,,,,,,,,,,,,,,,,,,,,,,,2.50381994247437,False,False,306355,2025-07-17T11:30:00Z,-6.586616667111715,True,4,0,0.286176174879074,2.50381994247437,0.645940870046616,1
S2A_T29UPA_20250717T113521_L2A,2025-07-17,2025-07-17T11:36:35.197000Z,sentinel-2a,S2A_MSIL2A_20250717T113341_N0511_R080_T29UPA_20250717T160812.SAFE,sentinel-2-c1-l2a,05.11,L1279,Washing Bay,-6.569769770482481,54.523188284062314,True,396.0713035201496,True,provisional_filtered_view_no_row_flags,99.88122,54.9312318766594,9.264220294820815,Sen2Cor_BOA_not_aquatic_Rw,False,,,,0,True,False,352.9038840688248,True,no_probe_within_15min;scl_cloud_shadow_snow_nearby;scl_core_not_all_water;spectra_not_sampled_after_scl_rejection,False,,,,,,,,,,,,,,,,,,,,,,,,,,,,,,,,,,,,,,,,,,,,,,,,,,,,,,,,,,,,,,,,,,,,,,,,,,,,,,,,,,,
S2A_T29UPA_20250717T113521_L2A,2025-07-17,2025-07-17T11:36:35.197000Z,sentinel-2a,S2A_MSIL2A_20250717T113341_N0511_R080_T29UPA_20250717T160812.SAFE,sentinel-2-c1-l2a,05.11,L1284,Toome,-6.466696920835618,54.75354853784675,False,338.87523315847875,True,provisional_filtered_view_no_row_flags,99.88122,54.9312318766594,9.264220294820815,Sen2Cor_BOA_not_aquatic_Rw,False,4.24612236022949,2.71894025802612,0.695480942726135,0,True,False,298.5451035583995,False,footprint_shore_buffer_100m;outside_lake_polygon;scl_cloud_shadow_snow_nearby;scl_core_not_all_water;spectra_not_sampled_after_scl_rejection,False,,,,,,,,,,,,,,,,,,,,,,,,,,,,,,,,,,,,,,,,,,,,,,,,,,,,,,,,,,,,,,,,,,,,,,,3.44048094749451,False,False,899351,2025-07-17T11:30:00Z,-6.586616667111715,True,4,0,2.26081490516663,3.44048094749451,2.796600103378295,1
S2C_T29UPA_20250718T114522_L2A,2025-07-18,2025-07-18T11:46:36.784000Z,sentinel-2c,S2C_MSIL2A_20250718T114411_N0511_R123_T29UPA_20250718T163655.SAFE,sentinel-2-c1-l2a,05.11,L1278,Rea's Wood,-6.241996568375846,54.712602169290584,True,270.8840794505137,True,provisional_filtered_view_no_row_flags,90.802616,55.2795885326749,3.0051391688201723,Sen2Cor_BOA_not_aquatic_Rw,False,0.186305299401283,2.08237266540527,0.203963443636894,0,True,False,219.1519161730116,True,scl_cloud_shadow_snow_nearby;scl_core_not_all_water;spectra_not_sampled_after_scl_rejection,False,,,,,,,,,,,,,,,,,,,,,,,,,,,,,,,,,,,,,,,,,,,,,,,,,,,,,,,,,,,,,,,,,,,,,,,0.235194563865662,False,False,307709,2025-07-18T12:00:00Z,13.386933334668477,True,4,0,0.186305299401283,0.421121686697006,0.255228623747826,1
S2C_T29UPA_20250718T114522_L2A,2025-07-18,2025-07-18T11:46:36.784000Z,sentinel-2c,S2C_MSIL2A_20250718T114411_N0511_R123_T29UPA_20250718T163655.SAFE,sentinel-2-c1-l2a,05.11,L1279,Washing Bay,-6.569769770482481,54.523188284062314,True,396.0713035201496,True,provisional_filtered_view_no_row_flags,90.802616,55.2795885326749,3.0051391688201723,Sen2Cor_BOA_not_aquatic_Rw,False,0.0,0.0,0.114753291010857,0,True,False,352.9038840688248,True,probe_gap_or_unbracketed;scl_cloud_shadow_snow_nearby;scl_core_not_all_water;spectra_not_sampled_after_scl_rejection;zero_or_negative_probe_requires_review,False,,,,,,,,,,,,,,,,,,,,,,,,,,,,,,,,,,,,,,,,,,,,,,,,,,,,,,,,,,,,,,,,,,,,,,,0.0,False,False,885882,2025-07-18T12:00:00Z,13.386933334668477,False,2,0,0.0,0.0,0.0,1
S2C_T29UPA_20250718T114522_L2A,2025-07-18,2025-07-18T11:46:36.784000Z,sentinel-2c,S2C_MSIL2A_20250718T114411_N0511_R123_T29UPA_20250718T163655.SAFE,sentinel-2-c1-l2a,05.11,L1284,Toome,-6.466696920835618,54.75354853784675,False,338.87523315847875,True,provisional_filtered_view_no_row_flags,90.802616,55.2795885326749,3.0051391688201723,Sen2Cor_BOA_not_aquatic_Rw,False,3.29726910591125,5.13444805145264,0.346064448356628,0,True,False,298.5451035583995,False,footprint_shore_buffer_100m;outside_lake_polygon;scl_cloud_shadow_snow_nearby;scl_core_not_all_water;spectra_not_sampled_after_scl_rejection,False,,,,,,,,,,,,,,,,,,,,,,,,,,,,,,,,,,,,,,,,,,,,,,,,,,,,,,,,,,,,,,,,,,,,,,,2.95546793937683,False,False,899504,2025-07-18T12:00:00Z,13.386933334668477,True,4,0,2.95546793937683,4.92205667495728,3.8532518148422197,1
S2B_T29UPA_20250720T113320_L2A,2025-07-20,2025-07-20T11:36:18.591000Z,sentinel-2b,S2B_MSIL2A_20250720T113319_N0511_R080_T29UPA_20250720T134101.SAFE,sentinel-2-c1-l2a,05.11,L1278,Rea's Wood,-6.241996568375846,54.712602169290584,True,270.8840794505137,True,provisional_filtered_view_no_row_flags,90.744251,54.3751154948939,9.293184119961836,Sen2Cor_BOA_not_aquatic_Rw,False,,0.291757464408875,0.159421876072884,0,True,False,219.1519161730116,True,scl_cloud_shadow_snow_nearby;scl_core_not_all_water;spectra_not_sampled_after_scl_rejection,False,,,,,,,,,,,,,,,,,,,,,,,,,,,,,,,,,,,,,,,,,,,,,,,,,,,,,,,,,,,,,,,,,,,,,,,0.264687418937683,False,False,308304,2025-07-20T11:30:00Z,-6.309850001335144,True,4,0,0.247960135340691,0.544197499752045,0.27822244167327903,1
S2B_T29UPA_20250720T113320_L2A,2025-07-20,2025-07-20T11:36:18.591000Z,sentinel-2b,S2B_MSIL2A_20250720T113319_N0511_R080_T29UPA_20250720T134101.SAFE,sentinel-2-c1-l2a,05.11,L1279,Washing Bay,-6.569769770482481,54.523188284062314,True,396.0713035201496,True,provisional_filtered_view_no_row_flags,90.744251,54.3751154948939,9.293184119961836,Sen2Cor_BOA_not_aquatic_Rw,False,,,,5,True,False,352.9038840688248,True,no_probe_within_15min;scl_cloud_shadow_snow_nearby;scl_core_not_all_water;spectra_not_sampled_after_scl_rejection,False,,,,,,,,,,,,,,,,,,,,,,,,,,,,,,,,,,,,,,,,,,,,,,,,,,,,,,,,,,,,,,,,,,,,,,,,,,,,,,,,,,,
S2B_T29UPA_20250720T113320_L2A,2025-07-20,2025-07-20T11:36:18.591000Z,sentinel-2b,S2B_MSIL2A_20250720T113319_N0511_R080_T29UPA_20250720T134101.SAFE,sentinel-2-c1-l2a,05.11,L1284,Toome,-6.466696920835618,54.75354853784675,False,338.87523315847875,True,provisional_filtered_view_no_row_flags,90.744251,54.3751154948939,9.293184119961836,Sen2Cor_BOA_not_aquatic_Rw,False,5.0236496925354,11.5468273162842,1.02673506736755,0,True,False,298.5451035583995,False,footprint_shore_buffer_100m;outside_lake_polygon;scl_cloud_shadow_snow_nearby;scl_core_not_all_water;spectra_not_sampled_after_scl_rejection,False,,,,,,,,,,,,,,,,,,,,,,,,,,,,,,,,,,,,,,,,,,,,,,,,,,,,,,,,,,,,,,,,,,,,,,,8.09816455841064,False,False,899724,2025-07-20T11:30:00Z,-6.309850001335144,True,4,0,4.74768304824829,11.5468273162842,6.986336946487425,1
S2A_T29UPA_20250720T114609_L2A,2025-07-20,2025-07-20T11:46:32.877000Z,sentinel-2a,S2A_MSIL2A_20250720T114411_N0511_R123_T29UPA_20250720T161002.SAFE,sentinel-2-c1-l2a,05.11,L1278,Rea's Wood,-6.241996568375846,54.712602169290584,True,270.8840794505137,True,provisional_filtered_view_no_row_flags,91.826558,54.908695582956,3.006852776959494,Sen2Cor_BOA_not_aquatic_Rw,False,0.247960135340691,0.277944713830948,0.162412896752357,0,True,False,219.1519161730116,True,scl_cloud_shadow_snow_nearby;scl_core_not_all_water;spectra_not_sampled_after_scl_rejection,False,,,,,,,,,,,,,,,,,,,,,,,,,,,,,,,,,,,,,,,,,,,,,,,,,,,,,,,,,,,,,,,,,,,,,,,0.544197499752045,False,False,308305,2025-07-20T12:00:00Z,13.452049998442332,True,4,0,0.247960135340691,0.544197499752045,0.27822244167327903,1
S2A_T29UPA_20250720T114609_L2A,2025-07-20,2025-07-20T11:46:32.877000Z,sentinel-2a,S2A_MSIL2A_20250720T114411_N0511_R123_T29UPA_20250720T161002.SAFE,sentinel-2-c1-l2a,05.11,L1279,Washing Bay,-6.569769770482481,54.523188284062314,True,396.0713035201496,True,provisional_filtered_view_no_row_flags,91.826558,54.908695582956,3.006852776959494,Sen2Cor_BOA_not_aquatic_Rw,False,1.84213972091675,2.07137560844421,0.0599769428372383,0,True,False,352.9038840688248,True,probe_gap_or_unbracketed;scl_cloud_shadow_snow_nearby;scl_core_not_all_water;spectra_not_sampled_after_scl_rejection,False,,,,,,,,,,,,,,,,,,,,,,,,,,,,,,,,,,,,,,,,,,,,,,,,,,,,,,,,,,,,,,,,,,,,,,,1.50915765762329,False,False,886017,2025-07-20T12:00:00Z,13.452049998442332,False,2,0,1.50915765762329,1.84213972091675,1.67564868927002,1
S2A_T29UPA_20250720T114609_L2A,2025-07-20,2025-07-20T11:46:32.877000Z,sentinel-2a,S2A_MSIL2A_20250720T114411_N0511_R123_T29UPA_20250720T161002.SAFE,sentinel-2-c1-l2a,05.11,L1284,Toome,-6.466696920835618,54.75354853784675,False,338.87523315847875,True,provisional_filtered_view_no_row_flags,91.826558,54.908695582956,3.006852776959494,Sen2Cor_BOA_not_aquatic_Rw,False,5.87450933456421,6.34319305419922,0.336274534463882,0,True,False,298.5451035583995,False,footprint_shore_buffer_100m;outside_lake_polygon;scl_cloud_shadow_snow_nearby;scl_core_not_all_water;spectra_not_sampled_after_scl_rejection,False,,,,,,,,,,,,,,,,,,,,,,,,,,,,,,,,,,,,,,,,,,,,,,,,,,,,,,,,,,,,,,,,,,,,,,,4.74768304824829,False,False,899725,2025-07-20T12:00:00Z,13.452049998442332,True,4,0,4.74768304824829,11.5468273162842,6.986336946487425,1
S2B_T29UPA_20250723T114349_L2A,2025-07-23,2025-07-23T11:46:15.836000Z,sentinel-2b,S2B_MSIL2A_20250723T114349_N0511_R123_T29UPA_20250723T152935.SAFE,sentinel-2-c1-l2a,05.11,L1278,Rea's Wood,-6.241996568375846,54.712602169290584,True,270.8840794505137,True,provisional_filtered_view_no_row_flags,99.984407,54.3044345018165,2.983345762567239,Sen2Cor_BOA_not_aquatic_Rw,False,0.218567311763763,0.351031512022018,0.150445282459259,0,True,False,219.1519161730116,True,scl_cloud_shadow_snow_nearby;scl_core_not_all_water;spectra_not_sampled_after_scl_rejection,False,,,,,,,,,,,,,,,,,,,,,,,,,,,,,,,,,,,,,,,,,,,,,,,,,,,,,,,,,,,,,,,,,,,,,,,0.24702276289463,False,False,312157,2025-07-23T12:00:00Z,13.736066667238871,True,4,0,0.218567311763763,0.24702276289463,0.24231999367475499,1
S2B_T29UPA_20250723T114349_L2A,2025-07-23,2025-07-23T11:46:15.836000Z,sentinel-2b,S2B_MSIL2A_20250723T114349_N0511_R123_T29UPA_20250723T152935.SAFE,sentinel-2-c1-l2a,05.11,L1279,Washing Bay,-6.569769770482481,54.523188284062314,True,396.0713035201496,True,provisional_filtered_view_no_row_flags,99.984407,54.3044345018165,2.983345762567239,Sen2Cor_BOA_not_aquatic_Rw,False,0.0,0.0,0.135095253586769,0,True,False,352.9038840688248,True,probe_gap_or_unbracketed;scl_cloud_shadow_snow_nearby;scl_core_not_all_water;spectra_not_sampled_after_scl_rejection;zero_or_negative_probe_requires_review,False,,,,,,,,,,,,,,,,,,,,,,,,,,,,,,,,,,,,,,,,,,,,,,,,,,,,,,,,,,,,,,,,,,,,,,,0.0,False,False,886225,2025-07-23T12:00:00Z,13.736066667238871,False,2,0,0.0,0.0,0.0,1
S2B_T29UPA_20250723T114349_L2A,2025-07-23,2025-07-23T11:46:15.836000Z,sentinel-2b,S2B_MSIL2A_20250723T114349_N0511_R123_T29UPA_20250723T152935.SAFE,sentinel-2-c1-l2a,05.11,L1284,Toome,-6.466696920835618,54.75354853784675,False,338.87523315847875,True,provisional_filtered_view_no_row_flags,99.984407,54.3044345018165,2.983345762567239,Sen2Cor_BOA_not_aquatic_Rw,False,6.22703218460083,8.19111919403076,0.349079936742783,0,True,False,298.5451035583995,False,footprint_shore_buffer_100m;outside_lake_polygon;scl_cloud_shadow_snow_nearby;scl_core_not_all_water;spectra_not_sampled_after_scl_rejection,False,,,,,,,,,,,,,,,,,,,,,,,,,,,,,,,,,,,,,,,,,,,,,,,,,,,,,,,,,,,,,,,,,,,,,,,5.32305574417114,False,False,899869,2025-07-23T12:00:00Z,13.736066667238871,True,4,0,5.32305574417114,6.22703218460083,5.727764129638675,1
S2C_T29UPA_20250725T113354_L2A,2025-07-25,2025-07-25T11:36:38.378000Z,sentinel-2c,S2C_MSIL2A_20250725T113341_N0511_R080_T29UPA_20250725T151818.SAFE,sentinel-2-c1-l2a,05.11,L1278,Rea's Wood,-6.241996568375846,54.712602169290584,True,270.8840794505137,True,provisional_filtered_view_no_row_flags,96.126473,53.3915121750342,9.290467560757856,Sen2Cor_BOA_not_aquatic_Rw,False,,0.203568562865257,0.135934934020042,0,True,False,219.1519161730116,True,scl_cloud_shadow_snow_nearby;scl_core_not_all_water;spectra_not_sampled_after_scl_rejection,False,,,,,,,,,,,,,,,,,,,,,,,,,,,,,,,,,,,,,,,,,,,,,,,,,,,,,,,,,,,,,,,,,,,,,,,0.361152082681656,False,False,310472,2025-07-25T11:30:00Z,-6.639633333683014,True,4,0,0.192322209477425,0.364727944135666,0.2823603227734565,1
S2C_T29UPA_20250725T113354_L2A,2025-07-25,2025-07-25T11:36:38.378000Z,sentinel-2c,S2C_MSIL2A_20250725T113341_N0511_R080_T29UPA_20250725T151818.SAFE,sentinel-2-c1-l2a,05.11,L1279,Washing Bay,-6.569769770482481,54.523188284062314,True,396.0713035201496,True,provisional_filtered_view_no_row_flags,96.126473,53.3915121750342,9.290467560757856,Sen2Cor_BOA_not_aquatic_Rw,False,,,,0,True,False,352.9038840688248,True,no_probe_within_15min;scl_cloud_shadow_snow_nearby;scl_core_not_all_water;spectra_not_sampled_after_scl_rejection,False,,,,,,,,,,,,,,,,,,,,,,,,,,,,,,,,,,,,,,,,,,,,,,,,,,,,,,,,,,,,,,,,,,,,,,,,,,,,,,,,,,,
S2C_T29UPA_20250725T113354_L2A,2025-07-25,2025-07-25T11:36:38.378000Z,sentinel-2c,S2C_MSIL2A_20250725T113341_N0511_R080_T29UPA_20250725T151818.SAFE,sentinel-2-c1-l2a,05.11,L1284,Toome,-6.466696920835618,54.75354853784675,False,338.87523315847875,True,provisional_filtered_view_no_row_flags,96.126473,53.3915121750342,9.290467560757856,Sen2Cor_BOA_not_aquatic_Rw,False,6.42112922668457,10.3800373077393,0.232564747333527,0,True,False,298.5451035583995,False,footprint_shore_buffer_100m;outside_lake_polygon;scl_cloud_shadow_snow_nearby;scl_core_not_all_water;spectra_not_sampled_after_scl_rejection,False,,,,,,,,,,,,,,,,,,,,,,,,,,,,,,,,,,,,,,,,,,,,,,,,,,,,,,,,,,,,,,,,,,,,,,,7.53516149520874,False,False,899964,2025-07-25T11:30:00Z,-6.639633333683014,True,4,0,6.06068420410156,10.3800373077393,7.331960678100585,1
S2A_T29UPA_20250727T113336_L2A,2025-07-27,2025-07-27T11:36:34.349000Z,sentinel-2a,S2A_MSIL2A_20250727T113341_N0511_R080_T29UPA_20250727T151517.SAFE,sentinel-2-c1-l2a,05.11,L1278,Rea's Wood,-6.241996568375846,54.712602169290584,True,270.8840794505137,True,provisional_filtered_view_no_row_flags,86.699718,52.9531430498223,9.284518570577655,Sen2Cor_BOA_not_aquatic_Rw,False,2.66442561149597,,2.91468453407288,0,True,False,219.1519161730116,True,probe_gap_or_unbracketed;scl_cloud_shadow_snow_nearby;scl_core_not_all_water;spectra_not_sampled_after_scl_rejection,False,,,,,,,,,,,,,,,,,,,,,,,,,,,,,,,,,,,,,,,,,,,,,,,,,,,,,,,,,,,,,,,,,,,,,,,2.51410269737244,False,False,311452,2025-07-27T11:30:00Z,-6.5724833329518635,False,1,0,2.51410269737244,2.51410269737244,2.51410269737244,1
S2A_T29UPA_20250727T113336_L2A,2025-07-27,2025-07-27T11:36:34.349000Z,sentinel-2a,S2A_MSIL2A_20250727T113341_N0511_R080_T29UPA_20250727T151517.SAFE,sentinel-2-c1-l2a,05.11,L1279,Washing Bay,-6.569769770482481,54.523188284062314,True,396.0713035201496,True,provisional_filtered_view_no_row_flags,86.699718,52.9531430498223,9.284518570577655,Sen2Cor_BOA_not_aquatic_Rw,False,,,,0,True,False,352.9038840688248,True,no_probe_within_15min;scl_cloud_shadow_snow_nearby;scl_core_not_all_water;spectra_not_sampled_after_scl_rejection,False,,,,,,,,,,,,,,,,,,,,,,,,,,,,,,,,,,,,,,,,,,,,,,,,,,,,,,,,,,,,,,,,,,,,,,,,,,,,,,,,,,,
S2A_T29UPA_20250727T113336_L2A,2025-07-27,2025-07-27T11:36:34.349000Z,sentinel-2a,S2A_MSIL2A_20250727T113341_N0511_R080_T29UPA_20250727T151517.SAFE,sentinel-2-c1-l2a,05.11,L1284,Toome,-6.466696920835618,54.75354853784675,False,338.87523315847875,True,provisional_filtered_view_no_row_flags,86.699718,52.9531430498223,9.284518570577655,Sen2Cor_BOA_not_aquatic_Rw,False,,5.19707870483398,1.56891214847565,0,True,False,298.5451035583995,False,footprint_shore_buffer_100m;outside_lake_polygon;scl_cloud_shadow_snow_nearby;scl_core_not_all_water;spectra_not_sampled_after_scl_rejection,False,,,,,,,,,,,,,,,,,,,,,,,,,,,,,,,,,,,,,,,,,,,,,,,,,,,,,,,,,,,,,,,,,,,,,,,6.21606063842773,False,False,898113,2025-07-27T11:30:00Z,-6.5724833329518635,True,3,0,5.19707870483398,6.21606063842773,6.1535325050354,1
S2C_T29UPA_20250728T114438_L2A,2025-07-28,2025-07-28T11:46:35.501000Z,sentinel-2c,S2C_MSIL2A_20250728T114411_N0511_R123_T29UPA_20250728T163613.SAFE,sentinel-2-c1-l2a,05.11,L1278,Rea's Wood,-6.241996568375846,54.712602169290584,True,270.8840794505137,True,provisional_filtered_view_no_row_flags,93.586129,53.2355978094934,2.99784739027381,Sen2Cor_BOA_not_aquatic_Rw,False,,,1.36048209667206,0,True,False,219.1519161730116,True,no_probe_within_15min;scl_cloud_shadow_snow_nearby;scl_core_not_all_water;spectra_not_sampled_after_scl_rejection,False,,,,,,,,,,,,,,,,,,,,,,,,,,,,,,,,,,,,,,,,,,,,,,,,,,,,,,,,,,,,,,,,,,,,,,,,,,,,,,,,,,,
S2C_T29UPA_20250728T114438_L2A,2025-07-28,2025-07-28T11:46:35.501000Z,sentinel-2c,S2C_MSIL2A_20250728T114411_N0511_R123_T29UPA_20250728T163613.SAFE,sentinel-2-c1-l2a,05.11,L1279,Washing Bay,-6.569769770482481,54.523188284062314,True,396.0713035201496,True,provisional_filtered_view_no_row_flags,93.586129,53.2355978094934,2.99784739027381,Sen2Cor_BOA_not_aquatic_Rw,False,0.0,0.0,0.155395850539207,0,True,False,352.9038840688248,True,probe_gap_or_unbracketed;scl_cloud_shadow_snow_nearby;scl_core_not_all_water;spectra_not_sampled_after_scl_rejection;zero_or_negative_probe_requires_review,False,,,,,,,,,,,,,,,,,,,,,,,,,,,,,,,,,,,,,,,,,,,,,,,,,,,,,,,,,,,,,,,,,,,,,,,0.0,False,False,886591,2025-07-28T12:00:00Z,13.408316667874654,False,2,0,0.0,0.0,0.0,1
S2C_T29UPA_20250728T114438_L2A,2025-07-28,2025-07-28T11:46:35.501000Z,sentinel-2c,S2C_MSIL2A_20250728T114411_N0511_R123_T29UPA_20250728T163613.SAFE,sentinel-2-c1-l2a,05.11,L1284,Toome,-6.466696920835618,54.75354853784675,False,338.87523315847875,True,provisional_filtered_view_no_row_flags,93.586129,53.2355978094934,2.99784739027381,Sen2Cor_BOA_not_aquatic_Rw,False,7.86105537414551,6.18064641952515,0.43211829662323,0,True,False,298.5451035583995,False,footprint_shore_buffer_100m;outside_lake_polygon;scl_cloud_shadow_snow_nearby;scl_core_not_all_water;spectra_not_sampled_after_scl_rejection,False,,,,,,,,,,,,,,,,,,,,,,,,,,,,,,,,,,,,,,,,,,,,,,,,,,,,,,,,,,,,,,,,,,,,,,,9.40422630310059,False,False,898162,2025-07-28T12:00:00Z,13.408316667874654,True,4,0,6.2953896522522,9.40422630310059,7.509828567504885,1
S2B_T29UPA_20250730T113317_L2A,2025-07-30,2025-07-30T11:36:16.020000Z,sentinel-2b,S2B_MSIL2A_20250730T113319_N0511_R080_T29UPA_20250730T121049.SAFE,sentinel-2-c1-l2a,05.11,L1278,Rea's Wood,-6.241996568375846,54.712602169290584,True,270.8840794505137,True,provisional_filtered_view_no_row_flags,99.682707,52.250173486292,9.334258018119437,Sen2Cor_BOA_not_aquatic_Rw,False,,,0.297358393669128,0,True,False,219.1519161730116,True,no_probe_within_15min;scl_cloud_shadow_snow_nearby;scl_core_not_all_water;spectra_not_sampled_after_scl_rejection,False,,,,,,,,,,,,,,,,,,,,,,,,,,,,,,,,,,,,,,,,,,,,,,,,,,,,,,,,,,,,,,,,,,,,,,,,,,,,,,,,,,,
S2B_T29UPA_20250730T113317_L2A,2025-07-30,2025-07-30T11:36:16.020000Z,sentinel-2b,S2B_MSIL2A_20250730T113319_N0511_R080_T29UPA_20250730T121049.SAFE,sentinel-2-c1-l2a,05.11,L1279,Washing Bay,-6.569769770482481,54.523188284062314,True,396.0713035201496,True,provisional_filtered_view_no_row_flags,99.682707,52.250173486292,9.334258018119437,Sen2Cor_BOA_not_aquatic_Rw,False,,,,0,True,False,352.9038840688248,True,no_probe_within_15min;scl_cloud_shadow_snow_nearby;scl_core_not_all_water;spectra_not_sampled_after_scl_rejection,False,,,,,,,,,,,,,,,,,,,,,,,,,,,,,,,,,,,,,,,,,,,,,,,,,,,,,,,,,,,,,,,,,,,,,,,,,,,,,,,,,,,
S2B_T29UPA_20250730T113317_L2A,2025-07-30,2025-07-30T11:36:16.020000Z,sentinel-2b,S2B_MSIL2A_20250730T113319_N0511_R080_T29UPA_20250730T121049.SAFE,sentinel-2-c1-l2a,05.11,L1284,Toome,-6.466696920835618,54.75354853784675,False,338.87523315847875,True,provisional_filtered_view_no_row_flags,99.682707,52.250173486292,9.334258018119437,Sen2Cor_BOA_not_aquatic_Rw,False,10.1663484573364,10.3279190063477,0.229214787483215,0,True,False,298.5451035583995,False,footprint_shore_buffer_100m;outside_lake_polygon;scl_cloud_shadow_snow_nearby;scl_core_not_all_water;spectra_not_sampled_after_scl_rejection,False,,,,,,,,,,,,,,,,,,,,,,,,,,,,,,,,,,,,,,,,,,,,,,,,,,,,,,,,,,,,,,,,,,,,,,,11.1337881088257,False,False,898257,2025-07-30T11:30:00Z,-6.266999999682109,True,4,0,9.09251499176025,11.1337881088257,10.3499927520752,1
S2A_T29UPA_20250730T114405_L2A,2025-07-30,2025-07-30T11:46:31.447000Z,sentinel-2a,S2A_MSIL2A_20250730T114411_N0511_R123_T29UPA_20250730T182215.SAFE,sentinel-2-c1-l2a,05.11,L1278,Rea's Wood,-6.241996568375846,54.712602169290584,True,270.8840794505137,True,provisional_filtered_view_no_row_flags,99.68003,52.7657985981678,2.994739278131438,Sen2Cor_BOA_not_aquatic_Rw,False,,,0.160070538520813,0,True,False,219.1519161730116,True,no_probe_within_15min;scl_cloud_shadow_snow_nearby;scl_core_not_all_water;spectra_not_sampled_after_scl_rejection,False,,,,,,,,,,,,,,,,,,,,,,,,,,,,,,,,,,,,,,,,,,,,,,,,,,,,,,,,,,,,,,,,,,,,,,,,,,,,,,,,,,,
S2A_T29UPA_20250730T114405_L2A,2025-07-30,2025-07-30T11:46:31.447000Z,sentinel-2a,S2A_MSIL2A_20250730T114411_N0511_R123_T29UPA_20250730T182215.SAFE,sentinel-2-c1-l2a,05.11,L1279,Washing Bay,-6.569769770482481,54.523188284062314,True,396.0713035201496,True,provisional_filtered_view_no_row_flags,99.68003,52.7657985981678,2.994739278131438,Sen2Cor_BOA_not_aquatic_Rw,False,0.0,0.0,0.0544281452894211,0,True,False,352.9038840688248,True,probe_gap_or_unbracketed;scl_cloud_shadow_snow_nearby;scl_core_not_all_water;spectra_not_sampled_after_scl_rejection;zero_or_negative_probe_requires_review,False,,,,,,,,,,,,,,,,,,,,,,,,,,,,,,,,,,,,,,,,,,,,,,,,,,,,,,,,,,,,,,,,,,,,,,,0.0,False,False,886734,2025-07-30T12:00:00Z,13.475883332888285,False,2,0,0.0,0.0,0.0,1
S2A_T29UPA_20250730T114405_L2A,2025-07-30,2025-07-30T11:46:31.447000Z,sentinel-2a,S2A_MSIL2A_20250730T114411_N0511_R123_T29UPA_20250730T182215.SAFE,sentinel-2-c1-l2a,05.11,L1284,Toome,-6.466696920835618,54.75354853784675,False,338.87523315847875,True,provisional_filtered_view_no_row_flags,99.68003,52.7657985981678,2.994739278131438,Sen2Cor_BOA_not_aquatic_Rw,False,9.09251499176025,8.68134117126465,0.190990000963211,0,True,False,298.5451035583995,False,footprint_shore_buffer_100m;outside_lake_polygon;scl_cloud_shadow_snow_nearby;scl_core_not_all_water;spectra_not_sampled_after_scl_rejection,False,,,,,,,,,,,,,,,,,,,,,,,,,,,,,,,,,,,,,,,,,,,,,,,,,,,,,,,,,,,,,,,,,,,,,,,10.3720664978027,False,False,898258,2025-07-30T12:00:00Z,13.475883332888285,True,4,0,9.09251499176025,11.1337881088257,10.3499927520752,1
S2B_T29UPA_20250802T114347_L2A,2025-08-02,2025-08-02T11:46:13.916000Z,sentinel-2b,S2B_MSIL2A_20250802T114349_N0511_R123_T29UPA_20250802T134902.SAFE,sentinel-2-c1-l2a,05.11,L1278,Rea's Wood,-6.241996568375846,54.712602169290584,True,270.8840794505137,True,provisional_filtered_view_no_row_flags,74.357671,52.0190550390092,2.979633585866069,Sen2Cor_BOA_not_aquatic_Rw,False,,,0.213587254285812,0,True,False,219.1519161730116,True,no_probe_within_15min;scl_cloud_shadow_snow_nearby;scl_core_not_all_water;spectra_not_sampled_after_scl_rejection,False,,,,,,,,,,,,,,,,,,,,,,,,,,,,,,,,,,,,,,,,,,,,,,,,,,,,,,,,,,,,,,,,,,,,,,,,,,,,,,,,,,,
S2B_T29UPA_20250802T114347_L2A,2025-08-02,2025-08-02T11:46:13.916000Z,sentinel-2b,S2B_MSIL2A_20250802T114349_N0511_R123_T29UPA_20250802T134902.SAFE,sentinel-2-c1-l2a,05.11,L1279,Washing Bay,-6.569769770482481,54.523188284062314,True,396.0713035201496,True,provisional_filtered_view_no_row_flags,74.357671,52.0190550390092,2.979633585866069,Sen2Cor_BOA_not_aquatic_Rw,False,0.0,0.0,0.15794575214386,0,True,False,352.9038840688248,True,probe_gap_or_unbracketed;scl_cloud_shadow_snow_nearby;scl_core_not_all_water;spectra_not_sampled_after_scl_rejection;zero_or_negative_probe_requires_review,False,,,,,,,,,,,,,,,,,,,,,,,,,,,,,,,,,,,,,,,,,,,,,,,,,,,,,,,,,,,,,,,,,,,,,,,0.0,False,False,887435,2025-08-02T12:00:00Z,13.768066668510437,False,2,0,0.0,0.0,0.0,1
S2B_T29UPA_20250802T114347_L2A,2025-08-02,2025-08-02T11:46:13.916000Z,sentinel-2b,S2B_MSIL2A_20250802T114349_N0511_R123_T29UPA_20250802T134902.SAFE,sentinel-2-c1-l2a,05.11,L1284,Toome,-6.466696920835618,54.75354853784675,False,338.87523315847875,True,provisional_filtered_view_no_row_flags,74.357671,52.0190550390092,2.979633585866069,Sen2Cor_BOA_not_aquatic_Rw,False,12.6480379104614,8.78066921234131,0.034074530005455,0,True,False,298.5451035583995,False,footprint_shore_buffer_100m;outside_lake_polygon;scl_cloud_shadow_snow_nearby;scl_core_not_all_water;spectra_not_sampled_after_scl_rejection,False,,,,,,,,,,,,,,,,,,,,,,,,,,,,,,,,,,,,,,,,,,,,,,,,,,,,,,,,,,,,,,,,,,,,,,,9.07933044433594,False,False,898402,2025-08-02T12:00:00Z,13.768066668510437,True,4,0,9.07933044433594,12.6480379104614,10.217297554016135,1
S2C_T29UPA_20250804T113339_L2A,2025-08-04,2025-08-04T11:36:35.659000Z,sentinel-2c,S2C_MSIL2A_20250804T113341_N0511_R080_T29UPA_20250804T152612.SAFE,sentinel-2-c1-l2a,05.11,L1278,Rea's Wood,-6.241996568375846,54.712602169290584,True,270.8840794505137,True,provisional_filtered_view_no_row_flags,45.931011,51.037427961301,9.319036914070237,Sen2Cor_BOA_not_aquatic_Rw,False,,,12.9191675186157,0,True,False,219.1519161730116,True,no_probe_within_15min;scl_cloud_shadow_snow_nearby;scl_core_not_all_water;spectra_not_sampled_after_scl_rejection,False,,,,,,,,,,,,,,,,,,,,,,,,,,,,,,,,,,,,,,,,,,,,,,,,,,,,,,,,,,,,,,,,,,,,,,,,,,,,,,,,,,,
S2C_T29UPA_20250804T113339_L2A,2025-08-04,2025-08-04T11:36:35.659000Z,sentinel-2c,S2C_MSIL2A_20250804T113341_N0511_R080_T29UPA_20250804T152612.SAFE,sentinel-2-c1-l2a,05.11,L1279,Washing Bay,-6.569769770482481,54.523188284062314,True,396.0713035201496,True,provisional_filtered_view_no_row_flags,45.931011,51.037427961301,9.319036914070237,Sen2Cor_BOA_not_aquatic_Rw,False,,,,0,True,False,352.9038840688248,True,no_probe_within_15min;scl_cloud_shadow_snow_nearby;scl_core_not_all_water;spectra_not_sampled_after_scl_rejection,False,,,,,,,,,,,,,,,,,,,,,,,,,,,,,,,,,,,,,,,,,,,,,,,,,,,,,,,,,,,,,,,,,,,,,,,,,,,,,,,,,,,
S2C_T29UPA_20250804T113339_L2A,2025-08-04,2025-08-04T11:36:35.659000Z,sentinel-2c,S2C_MSIL2A_20250804T113341_N0511_R080_T29UPA_20250804T152612.SAFE,sentinel-2-c1-l2a,05.11,L1284,Toome,-6.466696920835618,54.75354853784675,False,338.87523315847875,True,provisional_filtered_view_no_row_flags,45.931011,51.037427961301,9.319036914070237,Sen2Cor_BOA_not_aquatic_Rw,False,23.2439041137695,22.5279808044434,2.14837718009949,0,True,False,298.5451035583995,False,footprint_shore_buffer_100m;outside_lake_polygon;scl_cloud_shadow_snow_nearby;scl_core_not_all_water;spectra_not_sampled_after_scl_rejection,False,,,,,,,,,,,,,,,,,,,,,,,,,,,,,,,,,,,,,,,,,,,,,,,,,,,,,,,,,,,,,,,,,,,,,,,21.0030517578125,False,False,898497,2025-08-04T11:30:00Z,-6.594316665331522,True,4,0,21.0030517578125,25.0294799804688,23.55194473266605,1
S2A_T29UPA_20250806T113332_L2A,2025-08-06,2025-08-06T11:36:31.439000Z,sentinel-2a,S2A_MSIL2A_20250806T113331_N0511_R080_T29UPA_20250806T151613.SAFE,sentinel-2-c1-l2a,05.11,L1278,Rea's Wood,-6.241996568375846,54.712602169290584,True,270.8840794505137,True,provisional_filtered_view_no_row_flags,99.918145,50.5127015932247,9.297957542016308,Sen2Cor_BOA_not_aquatic_Rw,False,,,1.58773982524872,0,True,False,219.1519161730116,True,no_probe_within_15min;scl_cloud_shadow_snow_nearby;scl_core_not_all_water;spectra_not_sampled_after_scl_rejection,False,,,,,,,,,,,,,,,,,,,,,,,,,,,,,,,,,,,,,,,,,,,,,,,,,,,,,,,,,,,,,,,,,,,,,,,,,,,,,,,,,,,
S2A_T29UPA_20250806T113332_L2A,2025-08-06,2025-08-06T11:36:31.439000Z,sentinel-2a,S2A_MSIL2A_20250806T113331_N0511_R080_T29UPA_20250806T151613.SAFE,sentinel-2-c1-l2a,05.11,L1279,Washing Bay,-6.569769770482481,54.523188284062314,True,396.0713035201496,True,provisional_filtered_view_no_row_flags,99.918145,50.5127015932247,9.297957542016308,Sen2Cor_BOA_not_aquatic_Rw,False,0.0,0.0,0.152080789208412,0,True,False,352.9038840688248,True,scl_cloud_shadow_snow_nearby;scl_core_not_all_water;spectra_not_sampled_after_scl_rejection;zero_or_negative_probe_requires_review,False,,,,,,,,,,,,,,,,,,,,,,,,,,,,,,,,,,,,,,,,,,,,,,,,,,,,,,,,,,,,,,,,,,,,,,,0.0,False,False,885825,2025-08-06T11:30:00Z,-6.523983331521352,True,4,0,0.0,0.0,0.0,1
S2A_T29UPA_20250806T113332_L2A,2025-08-06,2025-08-06T11:36:31.439000Z,sentinel-2a,S2A_MSIL2A_20250806T113331_N0511_R080_T29UPA_20250806T151613.SAFE,sentinel-2-c1-l2a,05.11,L1284,Toome,-6.466696920835618,54.75354853784675,False,338.87523315847875,True,provisional_filtered_view_no_row_flags,99.918145,50.5127015932247,9.297957542016308,Sen2Cor_BOA_not_aquatic_Rw,False,13.2286987304688,15.2610092163086,10.2224903106689,0,True,False,298.5451035583995,False,footprint_shore_buffer_100m;outside_lake_polygon;scl_cloud_shadow_snow_nearby;scl_core_not_all_water;spectra_not_sampled_after_scl_rejection,False,,,,,,,,,,,,,,,,,,,,,,,,,,,,,,,,,,,,,,,,,,,,,,,,,,,,,,,,,,,,,,,,,,,,,,,11.366641998291,False,False,901067,2025-08-06T11:30:00Z,-6.523983331521352,True,4,0,11.366641998291,15.2610092163086,13.97571468353275,1
S2C_T29UPA_20250807T114406_L2A,2025-08-07,2025-08-07T11:46:32.252000Z,sentinel-2c,S2C_MSIL2A_20250807T114411_N0511_R123_T29UPA_20250807T133516.SAFE,sentinel-2-c1-l2a,05.11,L1278,Rea's Wood,-6.241996568375846,54.712602169290584,True,270.8840794505137,True,provisional_filtered_view_no_row_flags,73.354608,50.725384532875,2.9774324269845507,Sen2Cor_BOA_not_aquatic_Rw,False,,,1.25377547740936,9,False,False,219.1519161730116,True,no_probe_within_15min,False,0.04450000000000001,0.0018774058638924575,36,1398,0,0,0.04256351854658887,0.0582,0.0027595666930395673,36,1518,0,0,0.04780539961956808,0.039599999999999996,0.0013406828691213883,36,1370,0,0,0.03376326218144106,0.04569999999999999,0.0026968202584104245,9,1419,0,0,0.05865486303937608,0.03359999999999999,0.0011832159566199287,9,1321,0,0,0.03517985995896715,0.03159999999999999,0.0012233328287414385,9,1294,0,0,0.03884966640322141,0.029599999999999987,0.000661151959522348,36,1284,0,0,0.022397168102761385,0.027400000000000008,0.0011419065711711937,9,1257,0,0,0.04155745709883034,0.018299999999999997,0.00022333056935824302,9,1182,0,0,0.012130205939795942,0.014899999999999997,0.0006055300708194981,9,1141,0,0,0.04010132919334424,,,,,,,,,,,,,
S2C_T29UPA_20250807T114406_L2A,2025-08-07,2025-08-07T11:46:32.252000Z,sentinel-2c,S2C_MSIL2A_20250807T114411_N0511_R123_T29UPA_20250807T133516.SAFE,sentinel-2-c1-l2a,05.11,L1279,Washing Bay,-6.569769770482481,54.523188284062314,True,396.0713035201496,True,provisional_filtered_view_no_row_flags,73.354608,50.725384532875,2.9774324269845507,Sen2Cor_BOA_not_aquatic_Rw,False,0.0,0.0,0.164983332157135,0,True,False,352.9038840688248,True,scl_cloud_shadow_snow_nearby;scl_core_not_all_water;spectra_not_sampled_after_scl_rejection,False,,,,,,,,,,,,,,,,,,,,,,,,,,,,,,,,,,,,,,,,,,,,,,,,,,,,,,,,,,,,,,,,,,,,,,,0.795106410980225,False,False,885970,2025-08-07T12:00:00Z,13.462466665108998,True,4,0,0.0,0.795106410980225,0.0,1
S2C_T29UPA_20250807T114406_L2A,2025-08-07,2025-08-07T11:46:32.252000Z,sentinel-2c,S2C_MSIL2A_20250807T114411_N0511_R123_T29UPA_20250807T133516.SAFE,sentinel-2-c1-l2a,05.11,L1284,Toome,-6.466696920835618,54.75354853784675,False,338.87523315847875,True,provisional_filtered_view_no_row_flags,73.354608,50.725384532875,2.9774324269845507,Sen2Cor_BOA_not_aquatic_Rw,False,,,,0,True,False,298.5451035583995,False,footprint_shore_buffer_100m;no_probe_within_15min;outside_lake_polygon;scl_cloud_shadow_snow_nearby;scl_core_not_all_water;spectra_not_sampled_after_scl_rejection,False,,,,,,,,,,,,,,,,,,,,,,,,,,,,,,,,,,,,,,,,,,,,,,,,,,,,,,,,,,,,,,,,,,,,,,,,,,,,,,,,,,,
S2B_T29UPA_20250809T113319_L2A,2025-08-09,2025-08-09T11:36:17.614000Z,sentinel-2b,S2B_MSIL2A_20250809T113319_N0511_R080_T29UPA_20250809T122256.SAFE,sentinel-2-c1-l2a,05.11,L1278,Rea's Wood,-6.241996568375846,54.712602169290584,True,270.8840794505137,True,provisional_filtered_view_no_row_flags,60.89797,49.6900731793366,9.29971424624178,Sen2Cor_BOA_not_aquatic_Rw,False,,,6.41714906692505,0,True,False,219.1519161730116,True,no_probe_within_15min;scl_cloud_shadow_snow_nearby;scl_core_not_all_water;spectra_not_sampled_after_scl_rejection,False,,,,,,,,,,,,,,,,,,,,,,,,,,,,,,,,,,,,,,,,,,,,,,,,,,,,,,,,,,,,,,,,,,,,,,,,,,,,,,,,,,,
S2B_T29UPA_20250809T113319_L2A,2025-08-09,2025-08-09T11:36:17.614000Z,sentinel-2b,S2B_MSIL2A_20250809T113319_N0511_R080_T29UPA_20250809T122256.SAFE,sentinel-2-c1-l2a,05.11,L1279,Washing Bay,-6.569769770482481,54.523188284062314,True,396.0713035201496,True,provisional_filtered_view_no_row_flags,60.89797,49.6900731793366,9.29971424624178,Sen2Cor_BOA_not_aquatic_Rw,False,0.0,0.0,0.165792599320412,0,True,False,352.9038840688248,True,scl_cloud_shadow_snow_nearby;scl_core_not_all_water;spectra_not_sampled_after_scl_rejection;zero_or_negative_probe_requires_review,False,,,,,,,,,,,,,,,,,,,,,,,,,,,,,,,,,,,,,,,,,,,,,,,,,,,,,,,,,,,,,,,,,,,,,,,0.0,False,False,909443,2025-08-09T11:30:00Z,-6.2935666680336,True,4,0,0.0,0.0,0.0,1
S2B_T29UPA_20250809T113319_L2A,2025-08-09,2025-08-09T11:36:17.614000Z,sentinel-2b,S2B_MSIL2A_20250809T113319_N0511_R080_T29UPA_20250809T122256.SAFE,sentinel-2-c1-l2a,05.11,L1284,Toome,-6.466696920835618,54.75354853784675,False,338.87523315847875,True,provisional_filtered_view_no_row_flags,60.89797,49.6900731793366,9.29971424624178,Sen2Cor_BOA_not_aquatic_Rw,False,16.3639488220215,16.3318290710449,9.27533340454102,1,True,True,298.5451035583995,False,footprint_shore_buffer_100m;outside_lake_polygon;probe_gap_or_unbracketed;scl_cloud_shadow_snow_nearby;scl_core_not_all_water;spectra_not_sampled_after_scl_rejection,False,,,,,,,,,,,,,,,,,,,,,,,,,,,,,,,,,,,,,,,,,,,,,,,,,,,,,,,,,,,,,,,,,,,,,,,14.4995927810669,False,False,908833,2025-08-09T11:30:00Z,-6.2935666680336,False,3,0,14.0540733337402,16.3318290710449,14.4995927810669,1
S2A_T29UPA_20250809T114506_L2A,2025-08-09,2025-08-09T11:46:28.006000Z,sentinel-2a,S2A_MSIL2A_20250809T114401_N0511_R123_T29UPA_20250809T161818.SAFE,sentinel-2-c1-l2a,05.11,L1278,Rea's Wood,-6.241996568375846,54.712602169290584,True,270.8840794505137,True,provisional_filtered_view_no_row_flags,61.074716,50.1713038242465,2.9754717235926402,Sen2Cor_BOA_not_aquatic_Rw,False,,,6.54302167892456,0,True,False,219.1519161730116,True,no_probe_within_15min;scl_cloud_shadow_snow_nearby;scl_core_not_all_water;spectra_not_sampled_after_scl_rejection,False,,,,,,,,,,,,,,,,,,,,,,,,,,,,,,,,,,,,,,,,,,,,,,,,,,,,,,,,,,,,,,,,,,,,,,,,,,,,,,,,,,,
S2A_T29UPA_20250809T114506_L2A,2025-08-09,2025-08-09T11:46:28.006000Z,sentinel-2a,S2A_MSIL2A_20250809T114401_N0511_R123_T29UPA_20250809T161818.SAFE,sentinel-2-c1-l2a,05.11,L1279,Washing Bay,-6.569769770482481,54.523188284062314,True,396.0713035201496,True,provisional_filtered_view_no_row_flags,61.074716,50.1713038242465,2.9754717235926402,Sen2Cor_BOA_not_aquatic_Rw,False,0.0,0.0,0.154556319117546,0,True,False,352.9038840688248,True,scl_cloud_shadow_snow_nearby;scl_core_not_all_water;spectra_not_sampled_after_scl_rejection;zero_or_negative_probe_requires_review,False,,,,,,,,,,,,,,,,,,,,,,,,,,,,,,,,,,,,,,,,,,,,,,,,,,,,,,,,,,,,,,,,,,,,,,,0.0,False,False,909445,2025-08-09T12:00:00Z,13.533233332633973,True,4,0,0.0,0.0,0.0,1
S2A_T29UPA_20250809T114506_L2A,2025-08-09,2025-08-09T11:46:28.006000Z,sentinel-2a,S2A_MSIL2A_20250809T114401_N0511_R123_T29UPA_20250809T161818.SAFE,sentinel-2-c1-l2a,05.11,L1284,Toome,-6.466696920835618,54.75354853784675,False,338.87523315847875,True,provisional_filtered_view_no_row_flags,61.074716,50.1713038242465,2.9754717235926402,Sen2Cor_BOA_not_aquatic_Rw,False,14.0540733337402,15.0162172317505,,0,True,False,298.5451035583995,False,footprint_shore_buffer_100m;no_probe_within_15min;outside_lake_polygon;scl_cloud_shadow_snow_nearby;scl_core_not_all_water;spectra_not_sampled_after_scl_rejection,False,,,,,,,,,,,,,,,,,,,,,,,,,,,,,,,,,,,,,,,,,,,,,,,,,,,,,,,,,,,,,,,,,,,,,,,,,,,,,,,,,,,
S2B_T29UPA_20250812T114349_L2A,2025-08-12,2025-08-12T11:46:15.736000Z,sentinel-2b,S2B_MSIL2A_20250812T114349_N0511_R123_T29UPA_20250812T152613.SAFE,sentinel-2-c1-l2a,05.11,L1278,Rea's Wood,-6.241996568375846,54.712602169290584,True,270.8840794505137,True,provisional_filtered_view_no_row_flags,39.887866,49.3076387489913,2.9916338562335136,Sen2Cor_BOA_not_aquatic_Rw,False,,5.81399726867676,2.01471495628357,9,False,False,219.1519161730116,True,,True,0.030899999999999997,0.001981416362723676,36,1271,0,0,0.06408318125779565,0.049949999999999994,0.0015958278938114413,36,1455,0,0,0.03206620014356547,0.026600000000000013,0.000888975690206307,36,1246,0,0,0.033609666926514445,0.0489,0.0013576486572538563,9,1460,0,0,0.028102203117030145,0.0403,0.0018920887928424498,9,1365,0,0,0.0479009820972772,0.040700000000000014,0.0019295620945031032,9,1385,0,0,0.04670806576258184,0.03655,0.0015885853439654176,36,1332,0,0,0.04376603075132396,0.0343,0.002144818620205504,9,1302,0,0,0.06391843570148852,0.010800000000000004,0.0003644715437079277,9,1101,0,0,0.0339921646981487,0.006900000000000003,0.0003456966485800877,9,1065,0,0,0.04994012579808651,3.97023105621338,False,False,918383,2025-08-12T12:00:00Z,13.73773333231608,True,3,0,3.97023105621338,28.462459564209,10.0711193084717,1
S2B_T29UPA_20250812T114349_L2A,2025-08-12,2025-08-12T11:46:15.736000Z,sentinel-2b,S2B_MSIL2A_20250812T114349_N0511_R123_T29UPA_20250812T152613.SAFE,sentinel-2-c1-l2a,05.11,L1279,Washing Bay,-6.569769770482481,54.523188284062314,True,396.0713035201496,True,provisional_filtered_view_no_row_flags,39.887866,49.3076387489913,2.9916338562335136,Sen2Cor_BOA_not_aquatic_Rw,False,0.0,0.0,0.682778000831604,9,False,False,352.9038840688248,True,zero_or_negative_probe_requires_review,False,0.017299999999999996,0.0018705874003163338,36,1123,0,0,0.10755653475704842,0.02205,0.0015962605800765024,36,1195,0,0,0.07205690392821829,0.014299999999999993,0.0010732867484714622,36,1117,0,0,0.07514259615902885,0.020000000000000004,0.001317404856357966,9,1176,0,0,0.06598020983428876,0.019299999999999998,0.0014140389573273815,9,1170,0,0,0.07411968908530246,0.019799999999999998,0.002148901528171492,9,1173,0,0,0.10533831020448492,0.018049999999999997,0.00160147501454822,36,1155,0,0,0.08856083029759741,0.017699999999999994,0.001334258937980272,9,1162,0,0,0.0751930522343297,0.008199999999999999,0.00020548046676563343,9,1081,0,0,0.02485650807648792,0.004599999999999993,0.0002871743996293335,9,1043,0,0,0.06168423858386644,0.0,False,False,920674,2025-08-12T12:00:00Z,13.73773333231608,True,4,0,0.0,0.0,0.0,1
S2B_T29UPA_20250812T114349_L2A,2025-08-12,2025-08-12T11:46:15.736000Z,sentinel-2b,S2B_MSIL2A_20250812T114349_N0511_R123_T29UPA_20250812T152613.SAFE,sentinel-2-c1-l2a,05.11,L1284,Toome,-6.466696920835618,54.75354853784675,False,338.87523315847875,True,provisional_filtered_view_no_row_flags,39.887866,49.3076387489913,2.9916338562335136,Sen2Cor_BOA_not_aquatic_Rw,False,33.9647674560547,28.429515838623,1.11570334434509,0,True,False,298.5451035583995,False,footprint_shore_buffer_100m;outside_lake_polygon;scl_cloud_shadow_snow_nearby;scl_core_not_all_water;spectra_not_sampled_after_scl_rejection,False,,,,,,,,,,,,,,,,,,,,,,,,,,,,,,,,,,,,,,,,,,,,,,,,,,,,,,,,,,,,,,,,,,,,,,,25.504789352417,False,False,921671,2025-08-12T12:00:00Z,13.73773333231608,True,4,0,25.4126033782959,33.9647674560547,26.111230850219748,1
S2C_T29UPA_20250814T113337_L2A,2025-08-14,2025-08-14T11:36:35.072000Z,sentinel-2c,S2C_MSIL2A_20250814T113341_N0511_R080_T29UPA_20250814T165614.SAFE,sentinel-2-c1-l2a,05.11,L1278,Rea's Wood,-6.241996568375846,54.712602169290584,True,270.8840794505137,True,provisional_filtered_view_no_row_flags,82.144022,48.2794217924268,9.315113643385294,Sen2Cor_BOA_not_aquatic_Rw,False,6.72235107421875,0.913273572921753,0.604095339775085,0,True,False,219.1519161730116,True,scl_cloud_shadow_snow_nearby;scl_core_not_all_water;spectra_not_sampled_after_scl_rejection,False,,,,,,,,,,,,,,,,,,,,,,,,,,,,,,,,,,,,,,,,,,,,,,,,,,,,,,,,,,,,,,,,,,,,,,,2.43491291999817,False,False,927143,2025-08-14T11:30:00Z,-6.584533333778381,True,4,0,0.913273572921753,2.44204020500183,2.319382309913635,1
S2C_T29UPA_20250814T113337_L2A,2025-08-14,2025-08-14T11:36:35.072000Z,sentinel-2c,S2C_MSIL2A_20250814T113341_N0511_R080_T29UPA_20250814T165614.SAFE,sentinel-2-c1-l2a,05.11,L1279,Washing Bay,-6.569769770482481,54.523188284062314,True,396.0713035201496,True,provisional_filtered_view_no_row_flags,82.144022,48.2794217924268,9.315113643385294,Sen2Cor_BOA_not_aquatic_Rw,False,0.0,1.77195131778717,1.13082110881805,0,True,False,352.9038840688248,True,scl_cloud_shadow_snow_nearby;scl_core_not_all_water;spectra_not_sampled_after_scl_rejection;zero_or_negative_probe_requires_review,False,,,,,,,,,,,,,,,,,,,,,,,,,,,,,,,,,,,,,,,,,,,,,,,,,,,,,,,,,,,,,,,,,,,,,,,0.0,False,False,925046,2025-08-14T11:30:00Z,-6.584533333778381,True,4,0,0.0,2.71301174163818,1.914757907390595,1
S2C_T29UPA_20250814T113337_L2A,2025-08-14,2025-08-14T11:36:35.072000Z,sentinel-2c,S2C_MSIL2A_20250814T113341_N0511_R080_T29UPA_20250814T165614.SAFE,sentinel-2-c1-l2a,05.11,L1284,Toome,-6.466696920835618,54.75354853784675,False,338.87523315847875,True,provisional_filtered_view_no_row_flags,82.144022,48.2794217924268,9.315113643385294,Sen2Cor_BOA_not_aquatic_Rw,False,30.5443630218506,34.1173706054688,0.582467198371887,0,True,False,298.5451035583995,False,footprint_shore_buffer_100m;outside_lake_polygon;probe_gap_or_unbracketed;scl_cloud_shadow_snow_nearby;scl_core_not_all_water;spectra_not_sampled_after_scl_rejection,False,,,,,,,,,,,,,,,,,,,,,,,,,,,,,,,,,,,,,,,,,,,,,,,,,,,,,,,,,,,,,,,,,,,,,,,34.6944961547852,False,False,927002,2025-08-14T11:30:00Z,-6.584533333778381,False,3,0,27.3927764892578,34.6944961547852,34.1173706054688,1
S2A_T29UPA_20250816T113530_L2A,2025-08-16,2025-08-16T11:36:28.868000Z,sentinel-2a,S2A_MSIL2A_20250816T113331_N0511_R080_T29UPA_20250816T163615.SAFE,sentinel-2-c1-l2a,05.11,L1278,Rea's Wood,-6.241996568375846,54.712602169290584,True,270.8840794505137,True,provisional_filtered_view_no_row_flags,81.997949,47.6793743233957,9.323248732908837,Sen2Cor_BOA_not_aquatic_Rw,False,0.0,0.0,0.0131194740533829,0,True,False,219.1519161730116,True,scl_cloud_shadow_snow_nearby;scl_core_not_all_water;spectra_not_sampled_after_scl_rejection;zero_or_negative_probe_requires_review,False,,,,,,,,,,,,,,,,,,,,,,,,,,,,,,,,,,,,,,,,,,,,,,,,,,,,,,,,,,,,,,,,,,,,,,,0.0,False,False,928190,2025-08-16T11:30:00Z,-6.481133333841959,True,4,0,0.0,0.0,0.0,1
S2A_T29UPA_20250816T113530_L2A,2025-08-16,2025-08-16T11:36:28.868000Z,sentinel-2a,S2A_MSIL2A_20250816T113331_N0511_R080_T29UPA_20250816T163615.SAFE,sentinel-2-c1-l2a,05.11,L1279,Washing Bay,-6.569769770482481,54.523188284062314,True,396.0713035201496,True,provisional_filtered_view_no_row_flags,81.997949,47.6793743233957,9.323248732908837,Sen2Cor_BOA_not_aquatic_Rw,False,17.1302623748779,11.6812696456909,1.95304179191589,0,True,False,352.9038840688248,True,scl_cloud_shadow_snow_nearby;scl_core_not_all_water;spectra_not_sampled_after_scl_rejection,False,,,,,,,,,,,,,,,,,,,,,,,,,,,,,,,,,,,,,,,,,,,,,,,,,,,,,,,,,,,,,,,,,,,,,,,13.1036128997803,False,False,928250,2025-08-16T11:30:00Z,-6.481133333841959,True,4,0,11.1118049621582,14.4414978027344,12.3924412727356,1
S2A_T29UPA_20250816T113530_L2A,2025-08-16,2025-08-16T11:36:28.868000Z,sentinel-2a,S2A_MSIL2A_20250816T113331_N0511_R080_T29UPA_20250816T163615.SAFE,sentinel-2-c1-l2a,05.11,L1284,Toome,-6.466696920835618,54.75354853784675,False,338.87523315847875,True,provisional_filtered_view_no_row_flags,81.997949,47.6793743233957,9.323248732908837,Sen2Cor_BOA_not_aquatic_Rw,False,38.6352577209473,39.955265045166,0.263783365488052,0,True,False,298.5451035583995,False,footprint_shore_buffer_100m;outside_lake_polygon;probe_gap_or_unbracketed;scl_cloud_shadow_snow_nearby;scl_core_not_all_water;spectra_not_sampled_after_scl_rejection,False,,,,,,,,,,,,,,,,,,,,,,,,,,,,,,,,,,,,,,,,,,,,,,,,,,,,,,,,,,,,,,,,,,,,,,,31.6584987640381,False,False,928153,2025-08-16T11:30:00Z,-6.481133333841959,False,3,0,31.6584987640381,39.955265045166,38.0164833068848,1
S2C_T29UPA_20250817T114406_L2A,2025-08-17,2025-08-17T11:46:33.022000Z,sentinel-2c,S2C_MSIL2A_20250817T114411_N0511_R123_T29UPA_20250817T162213.SAFE,sentinel-2-c1-l2a,05.11,L1278,Rea's Wood,-6.241996568375846,54.712602169290584,True,270.8840794505137,True,provisional_filtered_view_no_row_flags,41.122422,47.8219165908856,2.9964564855857274,Sen2Cor_BOA_not_aquatic_Rw,False,0.0,0.0,0.00524082034826279,0,True,False,219.1519161730116,True,scl_cloud_shadow_snow_nearby;scl_core_not_all_water;spectra_not_sampled_after_scl_rejection;zero_or_negative_probe_requires_review,False,,,,,,,,,,,,,,,,,,,,,,,,,,,,,,,,,,,,,,,,,,,,,,,,,,,,,,,,,,,,,,,,,,,,,,,0.0,False,False,932156,2025-08-17T12:00:00Z,13.449633332093557,True,4,0,0.0,0.0,0.0,1
S2C_T29UPA_20250817T114406_L2A,2025-08-17,2025-08-17T11:46:33.022000Z,sentinel-2c,S2C_MSIL2A_20250817T114411_N0511_R123_T29UPA_20250817T162213.SAFE,sentinel-2-c1-l2a,05.11,L1279,Washing Bay,-6.569769770482481,54.523188284062314,True,396.0713035201496,True,provisional_filtered_view_no_row_flags,41.122422,47.8219165908856,2.9964564855857274,Sen2Cor_BOA_not_aquatic_Rw,False,0.76611453294754,2.49365901947021,0.722491919994354,9,False,False,352.9038840688248,True,,True,0.018500000000000003,0.0015203252575974938,36,1147,0,0,0.08181122462408037,0.03405,0.0030135944556641766,36,1307,0,0,0.08643884981587949,0.01765,0.0011765815466011989,36,1158,0,0,0.0660279589674874,0.02840000000000001,0.0028326578715552513,9,1256,0,0,0.09675112274761767,0.019000000000000003,0.0018856180831641253,9,1177,0,0,0.09620500424306762,0.018600000000000005,0.001456615390232345,9,1168,0,0,0.0773880667773973,0.015600000000000003,0.001825682689831564,36,1132,0,0,0.11289003234959862,0.014399999999999996,0.0009558139185602919,9,1132,0,0,0.06617173282340481,0.0059000000000000025,0.00032810717911629803,9,1057,0,0,0.05388621554829712,0.004199999999999995,0.0002586765939293946,9,1040,0,0,0.06078562259437468,3.68637084960938,False,False,932333,2025-08-17T12:00:00Z,13.449633332093557,True,4,0,0.340567588806152,3.68637084960938,0.8154926300048825,1
S2C_T29UPA_20250817T114406_L2A,2025-08-17,2025-08-17T11:46:33.022000Z,sentinel-2c,S2C_MSIL2A_20250817T114411_N0511_R123_T29UPA_20250817T162213.SAFE,sentinel-2-c1-l2a,05.11,L1284,Toome,-6.466696920835618,54.75354853784675,False,338.87523315847875,True,provisional_filtered_view_no_row_flags,41.122422,47.8219165908856,2.9964564855857274,Sen2Cor_BOA_not_aquatic_Rw,False,14.4571838378906,15.1328191757202,,0,True,False,298.5451035583995,False,footprint_shore_buffer_100m;no_probe_within_15min;outside_lake_polygon;scl_cloud_shadow_snow_nearby;scl_core_not_all_water;spectra_not_sampled_after_scl_rejection,False,,,,,,,,,,,,,,,,,,,,,,,,,,,,,,,,,,,,,,,,,,,,,,,,,,,,,,,,,,,,,,,,,,,,,,,,,,,,,,,,,,,
S2B_T29UPA_20250819T113320_L2A,2025-08-19,2025-08-19T11:36:18.097000Z,sentinel-2b,S2B_MSIL2A_20250819T113319_N0511_R080_T29UPA_20250819T134015.SAFE,sentinel-2-c1-l2a,05.11,L1278,Rea's Wood,-6.241996568375846,54.712602169290584,True,270.8840794505137,True,provisional_filtered_view_no_row_flags,99.999863,46.7534495962492,9.293654367202818,Sen2Cor_BOA_not_aquatic_Rw,False,0.0,0.0,0.150226905941963,0,True,False,219.1519161730116,True,scl_cloud_shadow_snow_nearby;scl_core_not_all_water;spectra_not_sampled_after_scl_rejection,False,,,,,,,,,,,,,,,,,,,,,,,,,,,,,,,,,,,,,,,,,,,,,,,,,,,,,,,,,,,,,,,,,,,,,,,0.197125196456909,False,False,968365,2025-08-19T11:30:00Z,-6.301616664727529,True,4,0,0.0,0.197125196456909,0.0,1
S2B_T29UPA_20250819T113320_L2A,2025-08-19,2025-08-19T11:36:18.097000Z,sentinel-2b,S2B_MSIL2A_20250819T113319_N0511_R080_T29UPA_20250819T134015.SAFE,sentinel-2-c1-l2a,05.11,L1279,Washing Bay,-6.569769770482481,54.523188284062314,True,396.0713035201496,True,provisional_filtered_view_no_row_flags,99.999863,46.7534495962492,9.293654367202818,Sen2Cor_BOA_not_aquatic_Rw,False,5.75687313079834,5.08412027359009,3.99709105491638,0,True,False,352.9038840688248,True,scl_cloud_shadow_snow_nearby;scl_core_not_all_water;spectra_not_sampled_after_scl_rejection,False,,,,,,,,,,,,,,,,,,,,,,,,,,,,,,,,,,,,,,,,,,,,,,,,,,,,,,,,,,,,,,,,,,,,,,,2.99510884284973,False,False,968543,2025-08-19T11:30:00Z,-6.301616664727529,True,4,0,2.55261135101318,5.08412027359009,3.01087439060211,1
S2B_T29UPA_20250819T113320_L2A,2025-08-19,2025-08-19T11:36:18.097000Z,sentinel-2b,S2B_MSIL2A_20250819T113319_N0511_R080_T29UPA_20250819T134015.SAFE,sentinel-2-c1-l2a,05.11,L1284,Toome,-6.466696920835618,54.75354853784675,False,338.87523315847875,True,provisional_filtered_view_no_row_flags,99.999863,46.7534495962492,9.293654367202818,Sen2Cor_BOA_not_aquatic_Rw,False,12.9486541748047,,1.24171364307404,0,True,False,298.5451035583995,False,footprint_shore_buffer_100m;outside_lake_polygon;probe_gap_or_unbracketed;scl_cloud_shadow_snow_nearby;scl_core_not_all_water;spectra_not_sampled_after_scl_rejection,False,,,,,,,,,,,,,,,,,,,,,,,,,,,,,,,,,,,,,,,,,,,,,,,,,,,,,,,,,,,,,,,,,,,,,,,14.5190811157227,False,False,968255,2025-08-19T11:30:00Z,-6.301616664727529,False,2,0,14.5190811157227,14.7116546630859,14.6153678894043,1
S2A_T29UPA_20250819T114400_L2A,2025-08-19,2025-08-19T11:46:27.243000Z,sentinel-2a,S2A_MSIL2A_20250819T114401_N0511_R123_T29UPA_20250819T151412.SAFE,sentinel-2-c1-l2a,05.11,L1278,Rea's Wood,-6.241996568375846,54.712602169290584,True,270.8840794505137,True,provisional_filtered_view_no_row_flags,99.893308,47.1952015659668,2.9773783810390375,Sen2Cor_BOA_not_aquatic_Rw,False,0.0,0.0,0.18800063431263,0,True,False,219.1519161730116,True,scl_cloud_shadow_snow_nearby;scl_core_not_all_water;spectra_not_sampled_after_scl_rejection;zero_or_negative_probe_requires_review,False,,,,,,,,,,,,,,,,,,,,,,,,,,,,,,,,,,,,,,,,,,,,,,,,,,,,,,,,,,,,,,,,,,,,,,,0.0,False,False,968367,2025-08-19T12:00:00Z,13.545949999491373,True,4,0,0.0,0.197125196456909,0.0,1
S2A_T29UPA_20250819T114400_L2A,2025-08-19,2025-08-19T11:46:27.243000Z,sentinel-2a,S2A_MSIL2A_20250819T114401_N0511_R123_T29UPA_20250819T151412.SAFE,sentinel-2-c1-l2a,05.11,L1279,Washing Bay,-6.569769770482481,54.523188284062314,True,396.0713035201496,True,provisional_filtered_view_no_row_flags,99.893308,47.1952015659668,2.9773783810390375,Sen2Cor_BOA_not_aquatic_Rw,False,3.02663993835449,8.59691333770752,3.20722079277039,0,True,False,352.9038840688248,True,scl_cloud_shadow_snow_nearby;scl_core_not_all_water;spectra_not_sampled_after_scl_rejection,False,,,,,,,,,,,,,,,,,,,,,,,,,,,,,,,,,,,,,,,,,,,,,,,,,,,,,,,,,,,,,,,,,,,,,,,2.55261135101318,False,False,968546,2025-08-19T12:00:00Z,13.545949999491373,True,4,0,2.55261135101318,5.08412027359009,3.01087439060211,1
S2A_T29UPA_20250819T114400_L2A,2025-08-19,2025-08-19T11:46:27.243000Z,sentinel-2a,S2A_MSIL2A_20250819T114401_N0511_R123_T29UPA_20250819T151412.SAFE,sentinel-2-c1-l2a,05.11,L1284,Toome,-6.466696920835618,54.75354853784675,False,338.87523315847875,True,provisional_filtered_view_no_row_flags,99.893308,47.1952015659668,2.9773783810390375,Sen2Cor_BOA_not_aquatic_Rw,False,14.7116546630859,14.6393918991089,,0,True,False,298.5451035583995,False,footprint_shore_buffer_100m;no_probe_within_15min;outside_lake_polygon;scl_cloud_shadow_snow_nearby;scl_core_not_all_water;spectra_not_sampled_after_scl_rejection,False,,,,,,,,,,,,,,,,,,,,,,,,,,,,,,,,,,,,,,,,,,,,,,,,,,,,,,,,,,,,,,,,,,,,,,,,,,,,,,,,,,,
S2B_T29UPA_20250822T114349_L2A,2025-08-22,2025-08-22T11:46:15.702000Z,sentinel-2b,S2B_MSIL2A_20250822T114349_N0511_R123_T29UPA_20250822T134743.SAFE,sentinel-2-c1-l2a,05.11,L1278,Rea's Wood,-6.241996568375846,54.712602169290584,True,270.8840794505137,True,provisional_filtered_view_no_row_flags,96.865624,46.2299150037522,2.994505276629716,Sen2Cor_BOA_not_aquatic_Rw,False,0.305527359247208,0.733444392681122,0.570166409015656,0,True,False,219.1519161730116,True,scl_cloud_shadow_snow_nearby;scl_core_not_all_water;spectra_not_sampled_after_scl_rejection,False,,,,,,,,,,,,,,,,,,,,,,,,,,,,,,,,,,,,,,,,,,,,,,,,,,,,,,,,,,,,,,,,,,,,,,,0.945096075534821,False,False,981160,2025-08-22T12:00:00Z,13.738300001621246,True,4,0,0.25914540886879,0.945096075534821,0.2854841947555545,1
S2B_T29UPA_20250822T114349_L2A,2025-08-22,2025-08-22T11:46:15.702000Z,sentinel-2b,S2B_MSIL2A_20250822T114349_N0511_R123_T29UPA_20250822T134743.SAFE,sentinel-2-c1-l2a,05.11,L1279,Washing Bay,-6.569769770482481,54.523188284062314,True,396.0713035201496,True,provisional_filtered_view_no_row_flags,96.865624,46.2299150037522,2.994505276629716,Sen2Cor_BOA_not_aquatic_Rw,False,22.7908782958984,0.0,2.95202851295471,0,True,False,352.9038840688248,True,no_probe_within_15min;scl_cloud_shadow_snow_nearby;scl_core_not_all_water;spectra_not_sampled_after_scl_rejection,False,,,,,,,,,,,,,,,,,,,,,,,,,,,,,,,,,,,,,,,,,,,,,,,,,,,,,,,,,,,,,,,,,,,,,,,,,,,,,,,,,,,
S2B_T29UPA_20250822T114349_L2A,2025-08-22,2025-08-22T11:46:15.702000Z,sentinel-2b,S2B_MSIL2A_20250822T114349_N0511_R123_T29UPA_20250822T134743.SAFE,sentinel-2-c1-l2a,05.11,L1284,Toome,-6.466696920835618,54.75354853784675,False,338.87523315847875,True,provisional_filtered_view_no_row_flags,96.865624,46.2299150037522,2.994505276629716,Sen2Cor_BOA_not_aquatic_Rw,False,11.8581390380859,13.4898014068604,1.36196303367615,0,True,False,298.5451035583995,False,footprint_shore_buffer_100m;outside_lake_polygon;scl_cloud_shadow_snow_nearby;scl_core_not_all_water;spectra_not_sampled_after_scl_rejection,False,,,,,,,,,,,,,,,,,,,,,,,,,,,,,,,,,,,,,,,,,,,,,,,,,,,,,,,,,,,,,,,,,,,,,,,14.2914257049561,False,False,981532,2025-08-22T12:00:00Z,13.738300001621246,True,3,0,11.8581390380859,15.4170618057251,14.2914257049561,1
S2C_T29UPA_20250824T113540_L2A,2025-08-24,2025-08-24T11:36:35.294000Z,sentinel-2c,S2C_MSIL2A_20250824T113341_N0511_R080_T29UPA_20250824T151212.SAFE,sentinel-2-c1-l2a,05.11,L1278,Rea's Wood,-6.241996568375846,54.712602169290584,True,270.8840794505137,True,provisional_filtered_view_no_row_flags,97.927046,45.1763227142977,9.290747686424657,Sen2Cor_BOA_not_aquatic_Rw,False,0.330644130706787,0.4698346555233,3.11541628837585,0,True,False,219.1519161730116,True,scl_cloud_shadow_snow_nearby;scl_core_not_all_water;spectra_not_sampled_after_scl_rejection,False,,,,,,,,,,,,,,,,,,,,,,,,,,,,,,,,,,,,,,,,,,,,,,,,,,,,,,,,,,,,,,,,,,,,,,,2.08828568458557,False,False,983453,2025-08-24T11:30:00Z,-6.588233331839244,True,4,0,0.179938867688179,2.08828568458557,0.43423378467559803,1
S2C_T29UPA_20250824T113540_L2A,2025-08-24,2025-08-24T11:36:35.294000Z,sentinel-2c,S2C_MSIL2A_20250824T113341_N0511_R080_T29UPA_20250824T151212.SAFE,sentinel-2-c1-l2a,05.11,L1279,Washing Bay,-6.569769770482481,54.523188284062314,True,396.0713035201496,True,provisional_filtered_view_no_row_flags,97.927046,45.1763227142977,9.290747686424657,Sen2Cor_BOA_not_aquatic_Rw,False,2.95202326774597,14.7158508300781,1.36493015289307,0,True,False,352.9038840688248,True,scl_cloud_shadow_snow_nearby;scl_core_not_all_water;spectra_not_sampled_after_scl_rejection,False,,,,,,,,,,,,,,,,,,,,,,,,,,,,,,,,,,,,,,,,,,,,,,,,,,,,,,,,,,,,,,,,,,,,,,,2.61961531639099,False,False,983509,2025-08-24T11:30:00Z,-6.588233331839244,True,4,0,0.222252205014229,14.7158508300781,2.27963250875473,1
S2C_T29UPA_20250824T113540_L2A,2025-08-24,2025-08-24T11:36:35.294000Z,sentinel-2c,S2C_MSIL2A_20250824T113341_N0511_R080_T29UPA_20250824T151212.SAFE,sentinel-2-c1-l2a,05.11,L1284,Toome,-6.466696920835618,54.75354853784675,False,338.87523315847875,True,provisional_filtered_view_no_row_flags,97.927046,45.1763227142977,9.290747686424657,Sen2Cor_BOA_not_aquatic_Rw,False,,22.6325912475586,3.99713778495789,0,True,False,298.5451035583995,False,footprint_shore_buffer_100m;outside_lake_polygon;scl_cloud_shadow_snow_nearby;scl_core_not_all_water;spectra_not_sampled_after_scl_rejection,False,,,,,,,,,,,,,,,,,,,,,,,,,,,,,,,,,,,,,,,,,,,,,,,,,,,,,,,,,,,,,,,,,,,,,,,25.7768993377686,False,False,984066,2025-08-24T11:30:00Z,-6.588233331839244,True,4,0,21.9366836547852,25.7768993377686,23.500765800476103,1
S2A_T29UPA_20250826T113331_L2A,2025-08-26,2025-08-26T11:36:30.284000Z,sentinel-2a,S2A_MSIL2A_20250826T113331_N0511_R080_T29UPA_20250826T150313.SAFE,sentinel-2-c1-l2a,05.11,L1278,Rea's Wood,-6.241996568375846,54.712602169290584,True,270.8840794505137,True,provisional_filtered_view_no_row_flags,80.892736,44.5165080579312,9.296017646347655,Sen2Cor_BOA_not_aquatic_Rw,False,5.01697731018066,0.322961181402206,0.411162495613098,9,False,False,219.1519161730116,True,,True,0.031700000000000006,0.0010552448373087014,36,1296,0,0,0.03324478353295988,0.027700000000000002,0.0009747110999650438,36,1259,0,0,0.03503354592526116,0.017799999999999996,0.0008363786947236606,36,1157,0,0,0.0470242589568199,0.0184,0.0004898979485566339,9,1172,0,0,0.02706618500312895,0.014100000000000001,0.0009784088872333916,9,1120,0,0,0.07153273749066226,0.012700000000000003,0.0006202349216423484,9,1116,0,0,0.04939924154673571,0.010800000000000004,0.0006250123455570828,36,1098,0,0,0.0567476530644514,0.011499999999999996,0.0003402976184691909,9,1109,0,0,0.029967500647971806,0.0076999999999999985,0.0002499382639822665,9,1074,0,0,0.03227323351277474,0.006099999999999994,0.000391578004149023,9,1055,0,0,0.06490243162690991,3.41329121589661,False,False,988805,2025-08-26T11:30:00Z,-6.50473333199819,True,4,0,0.322961181402206,3.41329121589661,1.424715995788576,1
S2A_T29UPA_20250826T113331_L2A,2025-08-26,2025-08-26T11:36:30.284000Z,sentinel-2a,S2A_MSIL2A_20250826T113331_N0511_R080_T29UPA_20250826T150313.SAFE,sentinel-2-c1-l2a,05.11,L1279,Washing Bay,-6.569769770482481,54.523188284062314,True,396.0713035201496,True,provisional_filtered_view_no_row_flags,80.892736,44.5165080579312,9.296017646347655,Sen2Cor_BOA_not_aquatic_Rw,False,6.99488210678101,16.4171619415283,0.974852204322815,0,True,False,352.9038840688248,True,scl_cloud_shadow_snow_nearby;scl_core_not_all_water;spectra_not_sampled_after_scl_rejection,False,,,,,,,,,,,,,,,,,,,,,,,,,,,,,,,,,,,,,,,,,,,,,,,,,,,,,,,,,,,,,,,,,,,,,,,1.6549905538559,False,False,988865,2025-08-26T11:30:00Z,-6.50473333199819,True,4,0,1.21826362609863,16.4171619415283,1.66365456581116,1
S2A_T29UPA_20250826T113331_L2A,2025-08-26,2025-08-26T11:36:30.284000Z,sentinel-2a,S2A_MSIL2A_20250826T113331_N0511_R080_T29UPA_20250826T150313.SAFE,sentinel-2-c1-l2a,05.11,L1284,Toome,-6.466696920835618,54.75354853784675,False,338.87523315847875,True,provisional_filtered_view_no_row_flags,80.892736,44.5165080579312,9.296017646347655,Sen2Cor_BOA_not_aquatic_Rw,False,32.6675109863281,25.1622867584229,5.25191593170166,0,True,False,298.5451035583995,False,footprint_shore_buffer_100m;no_probe_within_15min;outside_lake_polygon;scl_cloud_shadow_snow_nearby;scl_core_not_all_water;spectra_not_sampled_after_scl_rejection,False,,,,,,,,,,,,,,,,,,,,,,,,,,,,,,,,,,,,,,,,,,,,,,,,,,,,,,,,,,,,,,,,,,,,,,,,,,,,,,,,,,,
S2C_T29UPA_20250827T114518_L2A,2025-08-27,2025-08-27T11:46:32.767000Z,sentinel-2c,S2C_MSIL2A_20250827T114411_N0511_R123_T29UPA_20250827T163813.SAFE,sentinel-2-c1-l2a,05.11,L1278,Rea's Wood,-6.241996568375846,54.712602169290584,True,270.8840794505137,True,provisional_filtered_view_no_row_flags,55.367476,44.586088439155,3.0034367338377614,Sen2Cor_BOA_not_aquatic_Rw,False,2.09917378425598,2.8362979888916,0.441161096096039,0,True,False,219.1519161730116,True,scl_cloud_shadow_snow_nearby;scl_core_not_all_water;spectra_not_sampled_after_scl_rejection,False,,,,,,,,,,,,,,,,,,,,,,,,,,,,,,,,,,,,,,,,,,,,,,,,,,,,,,,,,,,,,,,,,,,,,,,0.418220371007919,False,False,989446,2025-08-27T12:00:00Z,13.453883334000905,True,4,0,0.418220371007919,2.09917378425598,0.8027314245700835,1
S2C_T29UPA_20250827T114518_L2A,2025-08-27,2025-08-27T11:46:32.767000Z,sentinel-2c,S2C_MSIL2A_20250827T114411_N0511_R123_T29UPA_20250827T163813.SAFE,sentinel-2-c1-l2a,05.11,L1279,Washing Bay,-6.569769770482481,54.523188284062314,True,396.0713035201496,True,provisional_filtered_view_no_row_flags,55.367476,44.586088439155,3.0034367338377614,Sen2Cor_BOA_not_aquatic_Rw,False,1.80395555496216,0.162971496582031,0.803056418895721,0,True,False,352.9038840688248,True,scl_cloud_shadow_snow_nearby;scl_core_not_all_water;spectra_not_sampled_after_scl_rejection,False,,,,,,,,,,,,,,,,,,,,,,,,,,,,,,,,,,,,,,,,,,,,,,,,,,,,,,,,,,,,,,,,,,,,,,,3.03882789611816,False,False,989650,2025-08-27T12:00:00Z,13.453883334000905,True,4,0,0.0,3.03882789611816,1.766808807849885,1
S2C_T29UPA_20250827T114518_L2A,2025-08-27,2025-08-27T11:46:32.767000Z,sentinel-2c,S2C_MSIL2A_20250827T114411_N0511_R123_T29UPA_20250827T163813.SAFE,sentinel-2-c1-l2a,05.11,L1284,Toome,-6.466696920835618,54.75354853784675,False,338.87523315847875,True,provisional_filtered_view_no_row_flags,55.367476,44.586088439155,3.0034367338377614,Sen2Cor_BOA_not_aquatic_Rw,False,,,,0,True,False,298.5451035583995,False,footprint_shore_buffer_100m;no_probe_within_15min;outside_lake_polygon;scl_cloud_shadow_snow_nearby;scl_core_not_all_water;spectra_not_sampled_after_scl_rejection,False,,,,,,,,,,,,,,,,,,,,,,,,,,,,,,,,,,,,,,,,,,,,,,,,,,,,,,,,,,,,,,,,,,,,,,,,,,,,,,,,,,,
S2B_T29UPA_20250829T113318_L2A,2025-08-29,2025-08-29T11:36:16.865000Z,sentinel-2b,S2B_MSIL2A_20250829T113319_N0511_R080_T29UPA_20250829T121524.SAFE,sentinel-2-c1-l2a,05.11,L1278,Rea's Wood,-6.241996568375846,54.712602169290584,True,270.8840794505137,True,provisional_filtered_view_no_row_flags,73.887736,43.5034532878908,9.281718584382526,Sen2Cor_BOA_not_aquatic_Rw,False,6.95470094680786,14.7487258911133,5.63968992233276,0,True,False,219.1519161730116,True,scl_cloud_shadow_snow_nearby;scl_core_not_all_water;spectra_not_sampled_after_scl_rejection,False,,,,,,,,,,,,,,,,,,,,,,,,,,,,,,,,,,,,,,,,,,,,,,,,,,,,,,,,,,,,,,,,,,,,,,,15.8471488952637,False,False,993124,2025-08-29T11:30:00Z,-6.281083333492279,True,4,0,7.65790414810181,15.8471488952637,15.2343635559082,1
S2B_T29UPA_20250829T113318_L2A,2025-08-29,2025-08-29T11:36:16.865000Z,sentinel-2b,S2B_MSIL2A_20250829T113319_N0511_R080_T29UPA_20250829T121524.SAFE,sentinel-2-c1-l2a,05.11,L1279,Washing Bay,-6.569769770482481,54.523188284062314,True,396.0713035201496,True,provisional_filtered_view_no_row_flags,73.887736,43.5034532878908,9.281718584382526,Sen2Cor_BOA_not_aquatic_Rw,False,32.7854194641113,1.00820243358612,1.426304936409,0,True,False,352.9038840688248,True,scl_cloud_shadow_snow_nearby;scl_core_not_all_water;spectra_not_sampled_after_scl_rejection,False,,,,,,,,,,,,,,,,,,,,,,,,,,,,,,,,,,,,,,,,,,,,,,,,,,,,,,,,,,,,,,,,,,,,,,,12.8984794616699,False,False,993188,2025-08-29T11:30:00Z,-6.281083333492279,True,4,0,1.00820243358612,12.8984794616699,7.119549512863159,1
S2B_T29UPA_20250829T113318_L2A,2025-08-29,2025-08-29T11:36:16.865000Z,sentinel-2b,S2B_MSIL2A_20250829T113319_N0511_R080_T29UPA_20250829T121524.SAFE,sentinel-2-c1-l2a,05.11,L1284,Toome,-6.466696920835618,54.75354853784675,False,338.87523315847875,True,provisional_filtered_view_no_row_flags,73.887736,43.5034532878908,9.281718584382526,Sen2Cor_BOA_not_aquatic_Rw,False,,,10.0974159240723,0,True,False,298.5451035583995,False,footprint_shore_buffer_100m;no_probe_within_15min;outside_lake_polygon;scl_cloud_shadow_snow_nearby;scl_core_not_all_water;spectra_not_sampled_after_scl_rejection,False,,,,,,,,,,,,,,,,,,,,,,,,,,,,,,,,,,,,,,,,,,,,,,,,,,,,,,,,,,,,,,,,,,,,,,,,,,,,,,,,,,,
S2A_T29UPA_20250829T114401_L2A,2025-08-29,2025-08-29T11:46:28.073000Z,sentinel-2a,S2A_MSIL2A_20250829T114401_N0511_R123_T29UPA_20250829T154102.SAFE,sentinel-2-c1-l2a,05.11,L1278,Rea's Wood,-6.241996568375846,54.712602169290584,True,270.8840794505137,True,provisional_filtered_view_no_row_flags,67.996645,43.9030890634347,2.997180971967643,Sen2Cor_BOA_not_aquatic_Rw,False,7.65790414810181,,5.04113006591797,0,True,False,219.1519161730116,True,scl_cloud_shadow_snow_nearby;scl_core_not_all_water;spectra_not_sampled_after_scl_rejection,False,,,,,,,,,,,,,,,,,,,,,,,,,,,,,,,,,,,,,,,,,,,,,,,,,,,,,,,,,,,,,,,,,,,,,,,15.7200012207031,False,False,993127,2025-08-29T12:00:00Z,13.532116667429607,True,4,0,7.65790414810181,15.8471488952637,15.2343635559082,1
S2A_T29UPA_20250829T114401_L2A,2025-08-29,2025-08-29T11:46:28.073000Z,sentinel-2a,S2A_MSIL2A_20250829T114401_N0511_R123_T29UPA_20250829T154102.SAFE,sentinel-2-c1-l2a,05.11,L1279,Washing Bay,-6.569769770482481,54.523188284062314,True,396.0713035201496,True,provisional_filtered_view_no_row_flags,67.996645,43.9030890634347,2.997180971967643,Sen2Cor_BOA_not_aquatic_Rw,False,8.30790710449219,3.23569989204407,1.20022940635681,9,False,False,352.9038840688248,True,,True,0.04669999999999999,0.004225024654760411,36,1402,0,0,0.0899260302538576,0.0577,0.003394316009572399,36,1514,0,0,0.058570376429375626,0.03760000000000001,0.0038895505389519905,36,1319,0,0,0.10154747944178089,0.042800000000000005,0.0035845346823386876,9,1381,0,0,0.08265644924685675,0.02560000000000001,0.004677790973853121,9,1196,0,0,0.17403934999866924,0.0233,0.0063524273575802,9,1178,0,0,0.2394130913660879,0.026999999999999996,0.006079062427710379,36,1147,0,0,0.22739635016372986,0.023500000000000007,0.00811616281043155,9,1152,0,0,0.33415125934988077,0.016799999999999995,0.004427188724235733,9,1102,0,0,0.2564008913650039,0.019299999999999998,0.00791923739937466,9,1123,0,0,0.4143787011300693,5.93119192123413,False,False,993189,2025-08-29T12:00:00Z,13.532116667429607,True,4,0,1.00820243358612,12.8984794616699,7.119549512863159,1
S2A_T29UPA_20250829T114401_L2A,2025-08-29,2025-08-29T11:46:28.073000Z,sentinel-2a,S2A_MSIL2A_20250829T114401_N0511_R123_T29UPA_20250829T154102.SAFE,sentinel-2-c1-l2a,05.11,L1284,Toome,-6.466696920835618,54.75354853784675,False,338.87523315847875,True,provisional_filtered_view_no_row_flags,67.996645,43.9030890634347,2.997180971967643,Sen2Cor_BOA_not_aquatic_Rw,False,,,,0,True,False,298.5451035583995,False,footprint_shore_buffer_100m;no_probe_within_15min;outside_lake_polygon;scl_cloud_shadow_snow_nearby;scl_core_not_all_water;spectra_not_sampled_after_scl_rejection,False,,,,,,,,,,,,,,,,,,,,,,,,,,,,,,,,,,,,,,,,,,,,,,,,,,,,,,,,,,,,,,,,,,,,,,,,,,,,,,,,,,,
S2B_T29UPA_20250901T114347_L2A,2025-09-01,2025-09-01T11:46:13.793000Z,sentinel-2b,S2B_MSIL2A_20250901T114349_N0511_R123_T29UPA_20250901T152549.SAFE,sentinel-2-c1-l2a,05.11,L1278,Rea's Wood,-6.241996568375846,54.712602169290584,True,270.8840794505137,True,provisional_filtered_view_no_row_flags,91.036218,42.8569471453384,2.9927710978033484,Sen2Cor_BOA_not_aquatic_Rw,False,30.8435459136963,,5.15052223205566,0,True,False,219.1519161730116,True,scl_cloud_shadow_snow_nearby;scl_core_not_all_water;spectra_not_sampled_after_scl_rejection,False,,,,,,,,,,,,,,,,,,,,,,,,,,,,,,,,,,,,,,,,,,,,,,,,,,,,,,,,,,,,,,,,,,,,,,,12.4461469650269,False,False,995401,2025-09-01T12:00:00Z,13.770116666952768,True,4,0,12.4461469650269,39.4333801269531,23.4925117492676,1
S2B_T29UPA_20250901T114347_L2A,2025-09-01,2025-09-01T11:46:13.793000Z,sentinel-2b,S2B_MSIL2A_20250901T114349_N0511_R123_T29UPA_20250901T152549.SAFE,sentinel-2-c1-l2a,05.11,L1279,Washing Bay,-6.569769770482481,54.523188284062314,True,396.0713035201496,True,provisional_filtered_view_no_row_flags,91.036218,42.8569471453384,2.9927710978033484,Sen2Cor_BOA_not_aquatic_Rw,False,0.129537269473076,2.27435898780823,1.00744426250458,9,False,False,352.9038840688248,True,heterogeneous_red_cv_above_0.2,False,0.06025000000000001,0.014585986002129613,36,1442,0,0,0.22443815014389898,0.06555,0.01239684721966252,36,1506,0,0,0.17956324933928167,0.05184999999999999,0.011246896348288082,36,1362,0,0,0.213943602926484,0.05860000000000001,0.010335853933914214,9,1455,0,0,0.17462490220617216,0.04419999999999999,0.011275615556271842,9,1301,0,0,0.24848320275819438,0.04250000000000001,0.011181112822551126,9,1312,0,0,0.24724819509326812,0.04375,0.01856745023780415,36,1256,0,0,0.3739040155288636,0.038000000000000006,0.010805348469880812,9,1267,0,0,0.2712639783233676,0.03989999999999999,0.01184004504495936,9,1269,0,0,0.281236224345828,0.04089999999999999,0.013351857502438837,9,1288,0,0,0.3047596183665979,0.347541004419327,False,False,995666,2025-09-01T12:00:00Z,13.770116666952768,True,4,0,0.129537269473076,7.7499532699585,1.6330219060182585,1
S2B_T29UPA_20250901T114347_L2A,2025-09-01,2025-09-01T11:46:13.793000Z,sentinel-2b,S2B_MSIL2A_20250901T114349_N0511_R123_T29UPA_20250901T152549.SAFE,sentinel-2-c1-l2a,05.11,L1284,Toome,-6.466696920835618,54.75354853784675,False,338.87523315847875,True,provisional_filtered_view_no_row_flags,91.036218,42.8569471453384,2.9927710978033484,Sen2Cor_BOA_not_aquatic_Rw,False,,,4.95919799804688,0,True,False,298.5451035583995,False,footprint_shore_buffer_100m;no_probe_within_15min;outside_lake_polygon;scl_cloud_shadow_snow_nearby;scl_core_not_all_water;spectra_not_sampled_after_scl_rejection,False,,,,,,,,,,,,,,,,,,,,,,,,,,,,,,,,,,,,,,,,,,,,,,,,,,,,,,,,,,,,,,,,,,,,,,,,,,,,,,,,,,,
S2C_T29UPA_20250903T113516_L2A,2025-09-03,2025-09-03T11:36:33.452000Z,sentinel-2c,S2C_MSIL2A_20250903T113341_N0511_R080_T29UPA_20250903T150614.SAFE,sentinel-2-c1-l2a,05.11,L1278,Rea's Wood,-6.241996568375846,54.712602169290584,True,270.8840794505137,True,provisional_filtered_view_no_row_flags,99.130571,41.7964164862255,9.290919950676539,Sen2Cor_BOA_not_aquatic_Rw,False,,7.14852285385132,5.39207458496094,0,True,False,219.1519161730116,True,scl_cloud_shadow_snow_nearby;scl_core_not_all_water;spectra_not_sampled_after_scl_rejection,False,,,,,,,,,,,,,,,,,,,,,,,,,,,,,,,,,,,,,,,,,,,,,,,,,,,,,,,,,,,,,,,,,,,,,,,19.713939666748,False,False,1000520,2025-09-03T11:30:00Z,-6.557533331712087,True,4,0,7.14852285385132,28.2208557128906,14.066067218780496,1
S2C_T29UPA_20250903T113516_L2A,2025-09-03,2025-09-03T11:36:33.452000Z,sentinel-2c,S2C_MSIL2A_20250903T113341_N0511_R080_T29UPA_20250903T150614.SAFE,sentinel-2-c1-l2a,05.11,L1279,Washing Bay,-6.569769770482481,54.523188284062314,True,396.0713035201496,True,provisional_filtered_view_no_row_flags,99.130571,41.7964164862255,9.290919950676539,Sen2Cor_BOA_not_aquatic_Rw,False,12.1778526306152,1.6728583574295,1.06465816497803,0,True,False,352.9038840688248,True,scl_cloud_shadow_snow_nearby;scl_core_not_all_water;spectra_not_sampled_after_scl_rejection,False,,,,,,,,,,,,,,,,,,,,,,,,,,,,,,,,,,,,,,,,,,,,,,,,,,,,,,,,,,,,,,,,,,,,,,,6.08506011962891,False,False,1000592,2025-09-03T11:30:00Z,-6.557533331712087,True,4,0,0.0,6.08506011962891,1.2851002812385535,1
S2C_T29UPA_20250903T113516_L2A,2025-09-03,2025-09-03T11:36:33.452000Z,sentinel-2c,S2C_MSIL2A_20250903T113341_N0511_R080_T29UPA_20250903T150614.SAFE,sentinel-2-c1-l2a,05.11,L1284,Toome,-6.466696920835618,54.75354853784675,False,338.87523315847875,True,provisional_filtered_view_no_row_flags,99.130571,41.7964164862255,9.290919950676539,Sen2Cor_BOA_not_aquatic_Rw,False,25.4287281036377,28.0235233306885,1.92790460586548,0,True,False,298.5451035583995,False,footprint_shore_buffer_100m;outside_lake_polygon;probe_gap_or_unbracketed;scl_cloud_shadow_snow_nearby;scl_core_not_all_water;spectra_not_sampled_after_scl_rejection,False,,,,,,,,,,,,,,,,,,,,,,,,,,,,,,,,,,,,,,,,,,,,,,,,,,,,,,,,,,,,,,,,,,,,,,,28.3848724365234,False,False,999475,2025-09-03T11:30:00Z,-6.557533331712087,False,3,0,26.6797122955322,28.3848724365234,28.0235233306885,1
S2A_T29UPA_20250905T113432_L2A,2025-09-05,2025-09-05T11:36:29.214000Z,sentinel-2a,S2A_MSIL2A_20250905T113331_N0511_R080_T29UPA_20250905T151905.SAFE,sentinel-2-c1-l2a,05.11,L1278,Rea's Wood,-6.241996568375846,54.712602169290584,True,270.8840794505137,True,provisional_filtered_view_no_row_flags,86.569107,41.0914055570423,9.295748684452725,Sen2Cor_BOA_not_aquatic_Rw,False,21.6863536834717,21.3194389343262,10.926812171936,0,True,False,219.1519161730116,True,scl_cloud_shadow_snow_nearby;scl_core_not_all_water;spectra_not_sampled_after_scl_rejection,False,,,,,,,,,,,,,,,,,,,,,,,,,,,,,,,,,,,,,,,,,,,,,,,,,,,,,,,,,,,,,,,,,,,,,,,30.9834899902344,False,False,1004667,2025-09-05T11:30:00Z,-6.486899999777476,True,4,0,9.17866802215576,30.9834899902344,16.82107782363895,1
S2A_T29UPA_20250905T113432_L2A,2025-09-05,2025-09-05T11:36:29.214000Z,sentinel-2a,S2A_MSIL2A_20250905T113331_N0511_R080_T29UPA_20250905T151905.SAFE,sentinel-2-c1-l2a,05.11,L1279,Washing Bay,-6.569769770482481,54.523188284062314,True,396.0713035201496,True,provisional_filtered_view_no_row_flags,86.569107,41.0914055570423,9.295748684452725,Sen2Cor_BOA_not_aquatic_Rw,False,6.39733600616455,0.992398917675018,0.742495536804199,0,True,False,352.9038840688248,True,scl_cloud_shadow_snow_nearby;scl_core_not_all_water;spectra_not_sampled_after_scl_rejection,False,,,,,,,,,,,,,,,,,,,,,,,,,,,,,,,,,,,,,,,,,,,,,,,,,,,,,,,,,,,,,,,,,,,,,,,3.39385223388672,False,False,1004959,2025-09-05T11:30:00Z,-6.486899999777476,True,4,0,0.23637866973877,3.39385223388672,1.591029852628709,1
S2A_T29UPA_20250905T113432_L2A,2025-09-05,2025-09-05T11:36:29.214000Z,sentinel-2a,S2A_MSIL2A_20250905T113331_N0511_R080_T29UPA_20250905T151905.SAFE,sentinel-2-c1-l2a,05.11,L1284,Toome,-6.466696920835618,54.75354853784675,False,338.87523315847875,True,provisional_filtered_view_no_row_flags,86.569107,41.0914055570423,9.295748684452725,Sen2Cor_BOA_not_aquatic_Rw,False,30.7011871337891,30.1822662353516,1.98638200759888,0,True,False,298.5451035583995,False,footprint_shore_buffer_100m;outside_lake_polygon;scl_cloud_shadow_snow_nearby;scl_core_not_all_water;spectra_not_sampled_after_scl_rejection,False,,,,,,,,,,,,,,,,,,,,,,,,,,,,,,,,,,,,,,,,,,,,,,,,,,,,,,,,,,,,,,,,,,,,,,,29.4292316436768,False,False,1004638,2025-09-05T11:30:00Z,-6.486899999777476,True,3,0,28.4969177246094,30.1822662353516,29.4292316436768,1
S2C_T29UPA_20250906T114457_L2A,2025-09-06,2025-09-06T11:46:30.004000Z,sentinel-2c,S2C_MSIL2A_20250906T114401_N0511_R123_T29UPA_20250906T163813.SAFE,sentinel-2-c1-l2a,05.11,L1278,Rea's Wood,-6.241996568375846,54.712602169290584,True,270.8840794505137,True,provisional_filtered_view_no_row_flags,100,41.0934907904985,2.995640640305536,Sen2Cor_BOA_not_aquatic_Rw,False,25.1663761138916,7.83988189697266,3.97352600097656,0,True,False,219.1519161730116,True,probe_gap_or_unbracketed;scl_cloud_shadow_snow_nearby;scl_core_not_all_water;spectra_not_sampled_after_scl_rejection,False,,,,,,,,,,,,,,,,,,,,,,,,,,,,,,,,,,,,,,,,,,,,,,,,,,,,,,,,,,,,,,,,,,,,,,,4.32734060287476,False,False,1003317,2025-09-06T12:00:00Z,13.49993333419164,False,3,0,4.32734060287476,25.1663761138916,5.28281211853027,1
S2C_T29UPA_20250906T114457_L2A,2025-09-06,2025-09-06T11:46:30.004000Z,sentinel-2c,S2C_MSIL2A_20250906T114401_N0511_R123_T29UPA_20250906T163813.SAFE,sentinel-2-c1-l2a,05.11,L1279,Washing Bay,-6.569769770482481,54.523188284062314,True,396.0713035201496,True,provisional_filtered_view_no_row_flags,100,41.0934907904985,2.995640640305536,Sen2Cor_BOA_not_aquatic_Rw,False,0.331681400537491,1.79478204250336,0.631164312362671,0,True,False,352.9038840688248,True,scl_cloud_shadow_snow_nearby;scl_core_not_all_water;spectra_not_sampled_after_scl_rejection,False,,,,,,,,,,,,,,,,,,,,,,,,,,,,,,,,,,,,,,,,,,,,,,,,,,,,,,,,,,,,,,,,,,,,,,,14.7731819152832,False,False,1003493,2025-09-06T12:00:00Z,13.49993333419164,True,4,0,0.331681400537491,14.7731819152832,1.8565305471420301,1
S2C_T29UPA_20250906T114457_L2A,2025-09-06,2025-09-06T11:46:30.004000Z,sentinel-2c,S2C_MSIL2A_20250906T114401_N0511_R123_T29UPA_20250906T163813.SAFE,sentinel-2-c1-l2a,05.11,L1284,Toome,-6.466696920835618,54.75354853784675,False,338.87523315847875,True,provisional_filtered_view_no_row_flags,100,41.0934907904985,2.995640640305536,Sen2Cor_BOA_not_aquatic_Rw,False,25.4346160888672,27.9949035644531,2.2802369594574,0,True,False,298.5451035583995,False,footprint_shore_buffer_100m;no_probe_within_15min;outside_lake_polygon;scl_cloud_shadow_snow_nearby;scl_core_not_all_water;spectra_not_sampled_after_scl_rejection,False,,,,,,,,,,,,,,,,,,,,,,,,,,,,,,,,,,,,,,,,,,,,,,,,,,,,,,,,,,,,,,,,,,,,,,,,,,,,,,,,,,,
S2B_T29UPA_20250908T113316_L2A,2025-09-08,2025-09-08T11:36:14.729000Z,sentinel-2b,S2B_MSIL2A_20250908T113319_N0511_R080_T29UPA_20250908T134405.SAFE,sentinel-2-c1-l2a,05.11,L1278,Rea's Wood,-6.241996568375846,54.712602169290584,True,270.8840794505137,True,provisional_filtered_view_no_row_flags,43.74609,40.0149426807601,9.293351846800912,Sen2Cor_BOA_not_aquatic_Rw,False,4.45948171615601,4.68586730957031,0.806803107261658,0,True,False,219.1519161730116,True,scl_cloud_shadow_snow_nearby;scl_core_not_all_water;spectra_not_sampled_after_scl_rejection,False,,,,,,,,,,,,,,,,,,,,,,,,,,,,,,,,,,,,,,,,,,,,,,,,,,,,,,,,,,,,,,,,,,,,,,,2.18744802474976,False,False,1008068,2025-09-08T11:30:00Z,-6.2454833348592125,True,4,0,2.18744802474976,24.2657032012939,3.7096494436264047,1
S2B_T29UPA_20250908T113316_L2A,2025-09-08,2025-09-08T11:36:14.729000Z,sentinel-2b,S2B_MSIL2A_20250908T113319_N0511_R080_T29UPA_20250908T134405.SAFE,sentinel-2-c1-l2a,05.11,L1279,Washing Bay,-6.569769770482481,54.523188284062314,True,396.0713035201496,True,provisional_filtered_view_no_row_flags,43.74609,40.0149426807601,9.293351846800912,Sen2Cor_BOA_not_aquatic_Rw,False,2.19861817359924,0.670160949230194,1.67819738388062,9,False,False,352.9038840688248,True,,True,0.027650000000000008,0.0011419167068714333,36,1249,0,0,0.04120377011864448,0.02735,0.000800631502296241,36,1246,0,0,0.029360022494310557,0.019199999999999995,0.0008073113050180073,36,1173,0,0,0.04196852993595417,0.021099999999999994,0.0005249338582674547,9,1203,0,0,0.024878381908410175,0.012300000000000005,0.000331476308670583,9,1118,0,0,0.02697365983757005,0.012800000000000006,0.00042975732457363556,9,1125,0,0,0.03294562113426507,0.012200000000000003,0.00064334196885396,36,1101,0,0,0.05361183073783001,0.010499999999999995,0.0004280302285390683,9,1099,0,0,0.04072169193289234,0.005199999999999996,0.00043574825669172556,9,1043,0,0,0.08695641486087649,0.0039000000000000007,0.000413954133559936,9,1031,0,0,0.1073656254190036,2.74547648429871,False,False,1008128,2025-09-08T11:30:00Z,-6.2454833348592125,True,4,0,0.670160949230194,4.99995136260986,3.140545248985295,1
S2B_T29UPA_20250908T113316_L2A,2025-09-08,2025-09-08T11:36:14.729000Z,sentinel-2b,S2B_MSIL2A_20250908T113319_N0511_R080_T29UPA_20250908T134405.SAFE,sentinel-2-c1-l2a,05.11,L1284,Toome,-6.466696920835618,54.75354853784675,False,338.87523315847875,True,provisional_filtered_view_no_row_flags,43.74609,40.0149426807601,9.293351846800912,Sen2Cor_BOA_not_aquatic_Rw,False,,30.5342350006104,1.71155118942261,5,True,True,298.5451035583995,False,footprint_shore_buffer_100m;outside_lake_polygon;scl_cloud_shadow_snow_nearby;scl_core_not_all_water;spectra_not_sampled_after_scl_rejection,False,,,,,,,,,,,,,,,,,,,,,,,,,,,,,,,,,,,,,,,,,,,,,,,,,,,,,,,,,,,,,,,,,,,,,,,28.5855617523193,False,False,1008039,2025-09-08T11:30:00Z,-6.2454833348592125,True,4,0,27.8418483734131,31.274377822876,29.55989837646485,1
S2A_T29UPA_20250908T114359_L2A,2025-09-08,2025-09-08T11:46:26.024000Z,sentinel-2a,S2A_MSIL2A_20250908T114401_N0511_R123_T29UPA_20250908T152614.SAFE,sentinel-2-c1-l2a,05.11,L1278,Rea's Wood,-6.241996568375846,54.712602169290584,True,270.8840794505137,True,provisional_filtered_view_no_row_flags,36.303523,40.3692804307419,2.9882400320859217,Sen2Cor_BOA_not_aquatic_Rw,False,24.2657032012939,5.39242935180664,1.37200355529785,0,True,False,219.1519161730116,True,scl_cloud_shadow_snow_nearby;scl_core_not_all_water;spectra_not_sampled_after_scl_rejection,False,,,,,,,,,,,,,,,,,,,,,,,,,,,,,,,,,,,,,,,,,,,,,,,,,,,,,,,,,,,,,,,,,,,,,,,2.7334315776825,False,False,1008069,2025-09-08T12:00:00Z,13.566266667842864,True,4,0,2.18744802474976,24.2657032012939,3.7096494436264047,1
S2A_T29UPA_20250908T114359_L2A,2025-09-08,2025-09-08T11:46:26.024000Z,sentinel-2a,S2A_MSIL2A_20250908T114401_N0511_R123_T29UPA_20250908T152614.SAFE,sentinel-2-c1-l2a,05.11,L1279,Washing Bay,-6.569769770482481,54.523188284062314,True,396.0713035201496,True,provisional_filtered_view_no_row_flags,36.303523,40.3692804307419,2.9882400320859217,Sen2Cor_BOA_not_aquatic_Rw,False,4.99995136260986,4.91922044754028,0.995544075965881,9,False,False,352.9038840688248,True,,True,0.0649,0.009960519285882862,36,1514,0,0,0.15019631996807534,0.065,0.007167775538675825,36,1574,0,0,0.10607577053043235,0.057999999999999996,0.004657278917305711,36,1502,0,0,0.07847876849981539,0.06740000000000002,0.004810867327670184,9,1574,0,0,0.07151933589202453,0.0744,0.005345495392164724,9,1629,0,0,0.07214975784265523,0.07680000000000001,0.006063572674607512,9,1644,0,0,0.07849849549980956,0.0887,0.011893442469084893,36,1754,0,0,0.13198234607042206,0.08050000000000002,0.010086624807139401,9,1608,0,0,0.12540354090931702,0.0749,0.004027681991198188,9,1669,0,0,0.05367856940735034,0.07370000000000002,0.006900402564746169,9,1619,0,0,0.09237486699794067,3.53561401367188,False,False,1008129,2025-09-08T12:00:00Z,13.566266667842864,True,4,0,0.670160949230194,4.99995136260986,3.140545248985295,1
S2A_T29UPA_20250908T114359_L2A,2025-09-08,2025-09-08T11:46:26.024000Z,sentinel-2a,S2A_MSIL2A_20250908T114401_N0511_R123_T29UPA_20250908T152614.SAFE,sentinel-2-c1-l2a,05.11,L1284,Toome,-6.466696920835618,54.75354853784675,False,338.87523315847875,True,provisional_filtered_view_no_row_flags,36.303523,40.3692804307419,2.9882400320859217,Sen2Cor_BOA_not_aquatic_Rw,False,27.8418483734131,33.2080116271973,2.07123041152954,5,False,True,298.5451035583995,False,footprint_shore_buffer_100m;outside_lake_polygon;scl_core_not_all_water;spectra_not_sampled_after_scl_rejection,False,,,,,,,,,,,,,,,,,,,,,,,,,,,,,,,,,,,,,,,,,,,,,,,,,,,,,,,,,,,,,,,,,,,,,,,31.274377822876,False,False,1008172,2025-09-08T12:00:00Z,13.566266667842864,True,4,0,27.8418483734131,31.274377822876,29.55989837646485,1
S2B_T29UPA_20250911T114345_L2A,2025-09-11,2025-09-11T11:46:12.243000Z,sentinel-2b,S2B_MSIL2A_20250911T114349_N0511_R123_T29UPA_20250911T152752.SAFE,sentinel-2-c1-l2a,05.11,L1278,Rea's Wood,-6.241996568375846,54.712602169290584,True,270.8840794505137,True,provisional_filtered_view_no_row_flags,73.153627,39.2668804025086,2.9913825739173214,Sen2Cor_BOA_not_aquatic_Rw,False,8.59589099884033,7.24742746353149,1.55211687088013,9,False,False,219.1519161730116,True,,True,0.0479,0.00206268096849168,36,1437,0,0,0.043220135536755994,0.05360000000000001,0.0023453444165194054,36,1481,0,0,0.04362304262190576,0.04139999999999999,0.0019147494436867615,36,1372,0,0,0.046181816945412985,0.04319999999999999,0.001842569327975224,9,1409,0,0,0.042728997556756035,0.024900000000000005,0.0012427567921538154,9,1217,0,0,0.05086317021093379,0.024599999999999997,0.0012245432507018716,9,1226,0,0,0.04993606368970025,0.021699999999999997,0.0020048937042726474,36,1190,0,0,0.09087909009546122,0.017600000000000005,0.001450755443906619,9,1161,0,0,0.0812495270389519,0.011099999999999999,0.0010457438725202152,9,1093,0,0,0.09643129972010182,0.009599999999999997,0.0008116436607888745,9,1082,0,0,0.08357886667162323,7.02062845230103,False,False,1012930,2025-09-11T12:00:00Z,13.795949999491373,True,4,0,7.02062845230103,11.5226383209229,7.932477235794066,1
S2B_T29UPA_20250911T114345_L2A,2025-09-11,2025-09-11T11:46:12.243000Z,sentinel-2b,S2B_MSIL2A_20250911T114349_N0511_R123_T29UPA_20250911T152752.SAFE,sentinel-2-c1-l2a,05.11,L1279,Washing Bay,-6.569769770482481,54.523188284062314,True,396.0713035201496,True,provisional_filtered_view_no_row_flags,73.153627,39.2668804025086,2.9913825739173214,Sen2Cor_BOA_not_aquatic_Rw,False,1.05717992782593,4.63074827194214,0.735877990722656,9,True,False,352.9038840688248,True,scl_cloud_shadow_snow_nearby;spectra_not_sampled_after_scl_rejection,False,,,,,,,,,,,,,,,,,,,,,,,,,,,,,,,,,,,,,,,,,,,,,,,,,,,,,,,,,,,,,,,,,,,,,,,3.31346416473389,False,False,1012990,2025-09-11T12:00:00Z,13.795949999491373,True,4,0,1.05717992782593,10.251841545105,3.35256814956665,1
S2B_T29UPA_20250911T114345_L2A,2025-09-11,2025-09-11T11:46:12.243000Z,sentinel-2b,S2B_MSIL2A_20250911T114349_N0511_R123_T29UPA_20250911T152752.SAFE,sentinel-2-c1-l2a,05.11,L1284,Toome,-6.466696920835618,54.75354853784675,False,338.87523315847875,True,provisional_filtered_view_no_row_flags,73.153627,39.2668804025086,2.9913825739173214,Sen2Cor_BOA_not_aquatic_Rw,False,37.4048347473145,,1.43901455402374,0,True,False,298.5451035583995,False,footprint_shore_buffer_100m;outside_lake_polygon;scl_cloud_shadow_snow_nearby;scl_core_not_all_water;spectra_not_sampled_after_scl_rejection,False,,,,,,,,,,,,,,,,,,,,,,,,,,,,,,,,,,,,,,,,,,,,,,,,,,,,,,,,,,,,,,,,,,,,,,,39.1789436340332,False,False,1013033,2025-09-11T12:00:00Z,13.795949999491373,True,3,0,37.4048347473145,39.1789436340332,37.5348014831543,1
S2C_T29UPA_20250913T113331_L2A,2025-09-13,2025-09-13T11:36:29.405000Z,sentinel-2c,S2C_MSIL2A_20250913T113331_N0511_R080_T29UPA_20250913T170406.SAFE,sentinel-2-c1-l2a,05.11,L1278,Rea's Wood,-6.241996568375846,54.712602169290584,True,270.8840794505137,True,provisional_filtered_view_no_row_flags,64.04053,38.2128567764002,9.321405925736661,Sen2Cor_BOA_not_aquatic_Rw,False,4.36468362808228,6.58767127990723,2.55658411979675,0,True,False,219.1519161730116,True,scl_cloud_shadow_snow_nearby;scl_core_not_all_water;spectra_not_sampled_after_scl_rejection,False,,,,,,,,,,,,,,,,,,,,,,,,,,,,,,,,,,,,,,,,,,,,,,,,,,,,,,,,,,,,,,,,,,,,,,,9.00467014312744,False,False,1016193,2025-09-13T11:30:00Z,-6.490083332856496,True,4,0,6.10340118408203,9.00467014312744,6.413337469100956,1
S2C_T29UPA_20250913T113331_L2A,2025-09-13,2025-09-13T11:36:29.405000Z,sentinel-2c,S2C_MSIL2A_20250913T113331_N0511_R080_T29UPA_20250913T170406.SAFE,sentinel-2-c1-l2a,05.11,L1279,Washing Bay,-6.569769770482481,54.523188284062314,True,396.0713035201496,True,provisional_filtered_view_no_row_flags,64.04053,38.2128567764002,9.321405925736661,Sen2Cor_BOA_not_aquatic_Rw,False,2.06876540184021,0.465394496917725,0.444223463535309,0,True,False,352.9038840688248,True,scl_cloud_shadow_snow_nearby;scl_core_not_all_water;spectra_not_sampled_after_scl_rejection,False,,,,,,,,,,,,,,,,,,,,,,,,,,,,,,,,,,,,,,,,,,,,,,,,,,,,,,,,,,,,,,,,,,,,,,,2.92122721672058,False,False,1016369,2025-09-13T11:30:00Z,-6.490083332856496,True,4,0,0.380025714635849,4.07525587081909,1.6933108568191526,1
S2C_T29UPA_20250913T113331_L2A,2025-09-13,2025-09-13T11:36:29.405000Z,sentinel-2c,S2C_MSIL2A_20250913T113331_N0511_R080_T29UPA_20250913T170406.SAFE,sentinel-2-c1-l2a,05.11,L1284,Toome,-6.466696920835618,54.75354853784675,False,338.87523315847875,True,provisional_filtered_view_no_row_flags,64.04053,38.2128567764002,9.321405925736661,Sen2Cor_BOA_not_aquatic_Rw,False,38.6835060119629,39.9959526062012,1.72385919094086,2,True,True,298.5451035583995,False,footprint_shore_buffer_100m;no_probe_within_15min;outside_lake_polygon;scl_cloud_shadow_snow_nearby;scl_core_not_all_water;spectra_not_sampled_after_scl_rejection,False,,,,,,,,,,,,,,,,,,,,,,,,,,,,,,,,,,,,,,,,,,,,,,,,,,,,,,,,,,,,,,,,,,,,,,,,,,,,,,,,,,,
S2A_T29UPA_20250915T113536_L2A,2025-09-15,2025-09-15T11:36:29.212000Z,sentinel-2a,S2A_MSIL2A_20250915T113331_N0511_R080_T29UPA_20250915T161212.SAFE,sentinel-2-c1-l2a,05.11,L1278,Rea's Wood,-6.241996568375846,54.712602169290584,True,270.8840794505137,True,provisional_filtered_view_no_row_flags,81.010878,37.4781863336381,9.306430976940362,Sen2Cor_BOA_not_aquatic_Rw,False,2.07258892059326,8.63855266571045,1.23231208324432,0,True,False,219.1519161730116,True,scl_cloud_shadow_snow_nearby;scl_core_not_all_water;spectra_not_sampled_after_scl_rejection,False,,,,,,,,,,,,,,,,,,,,,,,,,,,,,,,,,,,,,,,,,,,,,,,,,,,,,,,,,,,,,,,,,,,,,,,3.51889514923096,False,False,1019397,2025-09-15T11:30:00Z,-6.486866664886475,True,4,0,3.15326881408691,8.63855266571045,4.118869304656985,1
S2A_T29UPA_20250915T113536_L2A,2025-09-15,2025-09-15T11:36:29.212000Z,sentinel-2a,S2A_MSIL2A_20250915T113331_N0511_R080_T29UPA_20250915T161212.SAFE,sentinel-2-c1-l2a,05.11,L1279,Washing Bay,-6.569769770482481,54.523188284062314,True,396.0713035201496,True,provisional_filtered_view_no_row_flags,81.010878,37.4781863336381,9.306430976940362,Sen2Cor_BOA_not_aquatic_Rw,False,3.14555191993713,2.7296257019043,0.596632719039917,9,False,False,352.9038840688248,True,,True,0.050850000000000006,0.0019150395670089661,36,1472,0,0,0.037504854973519075,0.0494,0.0013843119028760966,36,1458,0,0,0.028131655943290708,0.03815,0.0011200473975861496,36,1355,0,0,0.029457704787479094,0.03939999999999999,0.0008517230176327538,9,1379,0,0,0.02156867517921999,0.025999999999999995,0.000927095557555699,9,1243,0,0,0.03576450929276164,0.025400000000000006,0.0008166477700005785,9,1239,0,0,0.032095327205262904,0.02735,0.001096553945574751,36,1248,0,0,0.03995945140266326,0.022599999999999995,0.0009370297174359134,9,1208,0,0,0.04172819127621585,0.0184,0.0006402160129283518,9,1175,0,0,0.03462706800694211,0.016,0.0008577892918052814,9,1158,0,0,0.05212764096048301,6.4453649520874,False,False,1019616,2025-09-15T11:30:00Z,-6.486866664886475,True,3,0,2.7296257019043,6.4453649520874,2.83751797676086,1
S2A_T29UPA_20250915T113536_L2A,2025-09-15,2025-09-15T11:36:29.212000Z,sentinel-2a,S2A_MSIL2A_20250915T113331_N0511_R080_T29UPA_20250915T161212.SAFE,sentinel-2-c1-l2a,05.11,L1284,Toome,-6.466696920835618,54.75354853784675,False,338.87523315847875,True,provisional_filtered_view_no_row_flags,81.010878,37.4781863336381,9.306430976940362,Sen2Cor_BOA_not_aquatic_Rw,False,,,1.38266575336456,0,True,False,298.5451035583995,False,footprint_shore_buffer_100m;no_probe_within_15min;outside_lake_polygon;scl_cloud_shadow_snow_nearby;scl_core_not_all_water;spectra_not_sampled_after_scl_rejection,False,,,,,,,,,,,,,,,,,,,,,,,,,,,,,,,,,,,,,,,,,,,,,,,,,,,,,,,,,,,,,,,,,,,,,,,,,,,,,,,,,,,
S2C_T29UPA_20250916T114400_L2A,2025-09-16,2025-09-16T11:46:26.578000Z,sentinel-2c,S2C_MSIL2A_20250916T114401_N0511_R123_T29UPA_20250916T164115.SAFE,sentinel-2-c1-l2a,05.11,L1278,Rea's Wood,-6.241996568375846,54.712602169290584,True,270.8840794505137,True,provisional_filtered_view_no_row_flags,76.151025,37.419465408342,2.9847699203817517,Sen2Cor_BOA_not_aquatic_Rw,False,10.3314332962036,6.33778762817383,1.25143229961395,8,True,False,219.1519161730116,True,scl_cloud_shadow_snow_nearby;scl_core_not_all_water;spectra_not_sampled_after_scl_rejection,False,,,,,,,,,,,,,,,,,,,,,,,,,,,,,,,,,,,,,,,,,,,,,,,,,,,,,,,,,,,,,,,,,,,,,,,5.60581731796265,False,False,1021030,2025-09-16T12:00:00Z,13.557033332188924,True,4,0,3.96970677375793,10.3314332962036,6.162780284881595,1
S2C_T29UPA_20250916T114400_L2A,2025-09-16,2025-09-16T11:46:26.578000Z,sentinel-2c,S2C_MSIL2A_20250916T114401_N0511_R123_T29UPA_20250916T164115.SAFE,sentinel-2-c1-l2a,05.11,L1279,Washing Bay,-6.569769770482481,54.523188284062314,True,396.0713035201496,True,provisional_filtered_view_no_row_flags,76.151025,37.419465408342,2.9847699203817517,Sen2Cor_BOA_not_aquatic_Rw,False,15.1500825881958,12.4922771453857,0.534312725067139,0,True,False,352.9038840688248,True,scl_cloud_shadow_snow_nearby;scl_core_not_all_water;spectra_not_sampled_after_scl_rejection,False,,,,,,,,,,,,,,,,,,,,,,,,,,,,,,,,,,,,,,,,,,,,,,,,,,,,,,,,,,,,,,,,,,,,,,,15.2407646179199,False,False,1021134,2025-09-16T12:00:00Z,13.557033332188924,True,4,0,9.24640369415283,18.0417804718018,15.19542360305785,1
S2C_T29UPA_20250916T114400_L2A,2025-09-16,2025-09-16T11:46:26.578000Z,sentinel-2c,S2C_MSIL2A_20250916T114401_N0511_R123_T29UPA_20250916T164115.SAFE,sentinel-2-c1-l2a,05.11,L1284,Toome,-6.466696920835618,54.75354853784675,False,338.87523315847875,True,provisional_filtered_view_no_row_flags,76.151025,37.419465408342,2.9847699203817517,Sen2Cor_BOA_not_aquatic_Rw,False,39.8559226989746,,0.612789034843445,0,True,False,298.5451035583995,False,footprint_shore_buffer_100m;no_probe_within_15min;outside_lake_polygon;scl_cloud_shadow_snow_nearby;scl_core_not_all_water;spectra_not_sampled_after_scl_rejection,False,,,,,,,,,,,,,,,,,,,,,,,,,,,,,,,,,,,,,,,,,,,,,,,,,,,,,,,,,,,,,,,,,,,,,,,,,,,,,,,,,,,
S2B_T29UPA_20250918T113525_L2A,2025-09-18,2025-09-18T11:36:13.227000Z,sentinel-2b,S2B_MSIL2A_20250918T113319_N0511_R080_T29UPA_20250918T152659.SAFE,sentinel-2-c1-l2a,05.11,L1278,Rea's Wood,-6.241996568375846,54.712602169290584,True,270.8840794505137,True,provisional_filtered_view_no_row_flags,90.1631,36.3586403064051,9.286542805968779,Sen2Cor_BOA_not_aquatic_Rw,False,,2.54107069969177,0.681991875171661,0,True,False,219.1519161730116,True,scl_cloud_shadow_snow_nearby;scl_core_not_all_water;spectra_not_sampled_after_scl_rejection,False,,,,,,,,,,,,,,,,,,,,,,,,,,,,,,,,,,,,,,,,,,,,,,,,,,,,,,,,,,,,,,,,,,,,,,,2.5809326171875,False,False,1024361,2025-09-18T11:30:00Z,-6.220449999968211,True,3,0,1.64561092853546,2.5809326171875,2.54107069969177,1
S2B_T29UPA_20250918T113525_L2A,2025-09-18,2025-09-18T11:36:13.227000Z,sentinel-2b,S2B_MSIL2A_20250918T113319_N0511_R080_T29UPA_20250918T152659.SAFE,sentinel-2-c1-l2a,05.11,L1279,Washing Bay,-6.569769770482481,54.523188284062314,True,396.0713035201496,True,provisional_filtered_view_no_row_flags,90.1631,36.3586403064051,9.286542805968779,Sen2Cor_BOA_not_aquatic_Rw,False,31.7527866363525,38.1496925354004,0.315739750862122,0,True,False,352.9038840688248,True,scl_cloud_shadow_snow_nearby;scl_core_not_all_water;spectra_not_sampled_after_scl_rejection,False,,,,,,,,,,,,,,,,,,,,,,,,,,,,,,,,,,,,,,,,,,,,,,,,,,,,,,,,,,,,,,,,,,,,,,,35.204402923584,False,False,1024805,2025-09-18T11:30:00Z,-6.220449999968211,True,4,0,33.8330039978027,38.1496925354004,35.775051116943345,1
S2B_T29UPA_20250918T113525_L2A,2025-09-18,2025-09-18T11:36:13.227000Z,sentinel-2b,S2B_MSIL2A_20250918T113319_N0511_R080_T29UPA_20250918T152659.SAFE,sentinel-2-c1-l2a,05.11,L1284,Toome,-6.466696920835618,54.75354853784675,False,338.87523315847875,True,provisional_filtered_view_no_row_flags,90.1631,36.3586403064051,9.286542805968779,Sen2Cor_BOA_not_aquatic_Rw,False,,38.6727523803711,0.514449536800385,0,True,False,298.5451035583995,False,footprint_shore_buffer_100m;outside_lake_polygon;scl_cloud_shadow_snow_nearby;scl_core_not_all_water;spectra_not_sampled_after_scl_rejection,False,,,,,,,,,,,,,,,,,,,,,,,,,,,,,,,,,,,,,,,,,,,,,,,,,,,,,,,,,,,,,,,,,,,,,,,31.2900161743164,False,False,1024320,2025-09-18T11:30:00Z,-6.220449999968211,True,3,0,29.6877593994141,38.6727523803711,31.2900161743164,1
S2A_T29UPA_20250918T114401_L2A,2025-09-18,2025-09-18T11:46:27.891000Z,sentinel-2a,S2A_MSIL2A_20250918T114401_N0511_R123_T29UPA_20250918T151018.SAFE,sentinel-2-c1-l2a,05.11,L1278,Rea's Wood,-6.241996568375846,54.712602169290584,True,270.8840794505137,True,provisional_filtered_view_no_row_flags,95.284021,36.6702825658138,2.979926694744395,Sen2Cor_BOA_not_aquatic_Rw,False,,1.17987072467804,0.625421822071075,0,True,False,219.1519161730116,True,scl_cloud_shadow_snow_nearby;scl_core_not_all_water;spectra_not_sampled_after_scl_rejection,False,,,,,,,,,,,,,,,,,,,,,,,,,,,,,,,,,,,,,,,,,,,,,,,,,,,,,,,,,,,,,,,,,,,,,,,1.64561092853546,False,False,1024362,2025-09-18T12:00:00Z,13.535149999459584,True,3,0,1.64561092853546,2.5809326171875,2.54107069969177,1
S2A_T29UPA_20250918T114401_L2A,2025-09-18,2025-09-18T11:46:27.891000Z,sentinel-2a,S2A_MSIL2A_20250918T114401_N0511_R123_T29UPA_20250918T151018.SAFE,sentinel-2-c1-l2a,05.11,L1279,Washing Bay,-6.569769770482481,54.523188284062314,True,396.0713035201496,True,provisional_filtered_view_no_row_flags,95.284021,36.6702825658138,2.979926694744395,Sen2Cor_BOA_not_aquatic_Rw,False,33.8330039978027,34.8576698303223,0.3343266248703,0,True,False,352.9038840688248,True,scl_cloud_shadow_snow_nearby;scl_core_not_all_water;spectra_not_sampled_after_scl_rejection,False,,,,,,,,,,,,,,,,,,,,,,,,,,,,,,,,,,,,,,,,,,,,,,,,,,,,,,,,,,,,,,,,,,,,,,,36.3456993103027,False,False,1024806,2025-09-18T12:00:00Z,13.535149999459584,True,4,0,33.8330039978027,38.1496925354004,35.775051116943345,1
S2A_T29UPA_20250918T114401_L2A,2025-09-18,2025-09-18T11:46:27.891000Z,sentinel-2a,S2A_MSIL2A_20250918T114401_N0511_R123_T29UPA_20250918T151018.SAFE,sentinel-2-c1-l2a,05.11,L1284,Toome,-6.466696920835618,54.75354853784675,False,338.87523315847875,True,provisional_filtered_view_no_row_flags,95.284021,36.6702825658138,2.979926694744395,Sen2Cor_BOA_not_aquatic_Rw,False,,28.0609836578369,0.71515953540802,0,True,False,298.5451035583995,False,footprint_shore_buffer_100m;outside_lake_polygon;scl_cloud_shadow_snow_nearby;scl_core_not_all_water;spectra_not_sampled_after_scl_rejection,False,,,,,,,,,,,,,,,,,,,,,,,,,,,,,,,,,,,,,,,,,,,,,,,,,,,,,,,,,,,,,,,,,,,,,,,29.6877593994141,False,False,1024405,2025-09-18T12:00:00Z,13.535149999459584,True,3,0,29.6877593994141,38.6727523803711,31.2900161743164,1
S2B_T29UPA_20250921T114345_L2A,2025-09-21,2025-09-21T11:46:12.151000Z,sentinel-2b,S2B_MSIL2A_20250921T114349_N0511_R123_T29UPA_20250921T152420.SAFE,sentinel-2-c1-l2a,05.11,L1278,Rea's Wood,-6.241996568375846,54.712602169290584,True,270.8840794505137,True,provisional_filtered_view_no_row_flags,37.912893,35.532720703571,2.9825882267578963,Sen2Cor_BOA_not_aquatic_Rw,False,3.55289459228516,0.613722026348114,0.603138148784637,9,False,False,219.1519161730116,True,,True,0.018199999999999994,0.0016660832312142555,36,1160,0,0,0.08933422151282873,0.019299999999999998,0.0011617754611895634,36,1172,0,0,0.059324704401169194,0.011399999999999993,0.0008009639254526656,36,1098,0,0,0.07019158061415766,0.011700000000000002,0.00046294814791110565,9,1114,0,0,0.03886691540298462,0.006400000000000003,0.0005925462944877053,9,1054,0,0,0.09455525975867637,0.0068000000000000005,0.0005685155024651559,9,1059,0,0,0.08252644390623229,0.004900000000000002,0.0005262257882762059,36,1040,0,0,0.10837602046878385,0.0040000000000000036,0.0005159194118330593,9,1034,0,0,0.122191439644672,0.0032999999999999974,0.00031071403231354563,9,1028,0,0,0.09676215539176163,0.002799999999999997,0.00029731307022799367,9,1025,0,0,0.10174211528714616,1.82938587665558,False,False,1029646,2025-09-21T12:00:00Z,13.797483332951863,True,4,0,0.64707738161087,3.55289459228516,2.57397812604904,1
S2B_T29UPA_20250921T114345_L2A,2025-09-21,2025-09-21T11:46:12.151000Z,sentinel-2b,S2B_MSIL2A_20250921T114349_N0511_R123_T29UPA_20250921T152420.SAFE,sentinel-2-c1-l2a,05.11,L1279,Washing Bay,-6.569769770482481,54.523188284062314,True,396.0713035201496,True,provisional_filtered_view_no_row_flags,37.912893,35.532720703571,2.9825882267578963,Sen2Cor_BOA_not_aquatic_Rw,False,14.4022397994995,11.3212461471558,3.92090010643005,9,False,False,352.9038840688248,True,,True,0.019100000000000006,0.001301100555038305,36,1171,0,0,0.06701905849388894,0.023350000000000003,0.0014188844296458248,36,1201,0,0,0.061742825416716655,0.018049999999999997,0.0012519984025548905,36,1152,0,0,0.06949112317603462,0.020100000000000007,0.0010760008261045985,9,1189,0,0,0.053092146024897945,0.008900000000000005,0.0005144816401240121,9,1081,0,0,0.058097048445622454,0.010400000000000006,0.0005921294486433004,9,1091,0,0,0.05817865761779152,0.007900000000000004,0.0003580963902238589,36,1074,0,0,0.04465351592677144,0.0058,0.00047401620017114454,9,1054,0,0,0.07842179782243204,0.004199999999999995,0.00042368168810972347,9,1034,0,0,0.1003456629733556,0.002600000000000005,0.0008000000000000021,9,1017,0,0,0.2758620689655181,8.38998126983643,False,False,1029706,2025-09-21T12:00:00Z,13.797483332951863,True,4,0,8.38998126983643,14.4022397994995,9.4228196144104,1
S2B_T29UPA_20250921T114345_L2A,2025-09-21,2025-09-21T11:46:12.151000Z,sentinel-2b,S2B_MSIL2A_20250921T114349_N0511_R123_T29UPA_20250921T152420.SAFE,sentinel-2-c1-l2a,05.11,L1284,Toome,-6.466696920835618,54.75354853784675,False,338.87523315847875,True,provisional_filtered_view_no_row_flags,37.912893,35.532720703571,2.9825882267578963,Sen2Cor_BOA_not_aquatic_Rw,False,13.1047286987305,7.35119867324829,0.267383426427841,0,True,False,298.5451035583995,False,footprint_shore_buffer_100m;outside_lake_polygon;scl_cloud_shadow_snow_nearby;scl_core_not_all_water;spectra_not_sampled_after_scl_rejection,False,,,,,,,,,,,,,,,,,,,,,,,,,,,,,,,,,,,,,,,,,,,,,,,,,,,,,,,,,,,,,,,,,,,,,,,9.57049465179443,False,False,1029777,2025-09-21T12:00:00Z,13.797483332951863,True,4,0,8.07794189453125,13.1047286987305,8.879718780517575,1
S2C_T29UPA_20250923T113332_L2A,2025-09-23,2025-09-23T11:36:30.257000Z,sentinel-2c,S2C_MSIL2A_20250923T113331_N0511_R080_T29UPA_20250923T163314.SAFE,sentinel-2-c1-l2a,05.11,L1278,Rea's Wood,-6.241996568375846,54.712602169290584,True,270.8840794505137,True,provisional_filtered_view_no_row_flags,39.376888,34.500795841218,9.328434334618548,Sen2Cor_BOA_not_aquatic_Rw,False,0.628463447093964,0.826372385025024,0.31948584318161,9,False,False,219.1519161730116,True,,True,0.02225,0.0012313391034375228,36,1195,0,0,0.056005316138661804,0.0228,0.0010912531023247228,36,1200,0,0,0.04796716933295485,0.013499999999999998,0.0006231639698613297,36,1121,0,0,0.04593346215194076,0.012999999999999998,0.0002514157444218829,9,1126,0,0,0.01935621642255728,0.0097,0.00019876159799998294,9,1091,0,0,0.0206565171131622,0.008199999999999999,0.00038999841721742897,9,1078,0,0,0.046924943248086375,0.008800000000000002,0.0006181601035170794,36,1075,0,0,0.06969547048736255,0.008300000000000002,7.856742013184085e-05,9,1082,0,0,0.009440677986469526,0.005400000000000002,0.0002624669291337271,9,1050,0,0,0.04890688120504234,0.004299999999999998,0.00047140452079103104,9,1030,0,0,0.11404948083653979,1.21478772163391,False,False,1033084,2025-09-23T11:30:00Z,-6.504283332824707,True,4,0,0.78790408372879,3.22406697273254,1.0205800533294669,1
S2C_T29UPA_20250923T113332_L2A,2025-09-23,2025-09-23T11:36:30.257000Z,sentinel-2c,S2C_MSIL2A_20250923T113331_N0511_R080_T29UPA_20250923T163314.SAFE,sentinel-2-c1-l2a,05.11,L1279,Washing Bay,-6.569769770482481,54.523188284062314,True,396.0713035201496,True,provisional_filtered_view_no_row_flags,39.376888,34.500795841218,9.328434334618548,Sen2Cor_BOA_not_aquatic_Rw,False,0.0,0.0,0.503807783126831,0,True,False,352.9038840688248,True,scl_cloud_shadow_snow_nearby;scl_core_not_all_water;spectra_not_sampled_after_scl_rejection;zero_or_negative_probe_requires_review,False,,,,,,,,,,,,,,,,,,,,,,,,,,,,,,,,,,,,,,,,,,,,,,,,,,,,,,,,,,,,,,,,,,,,,,,0.0,False,False,1033287,2025-09-23T11:30:00Z,-6.504283332824707,True,3,0,0.0,0.0,0.0,1
S2C_T29UPA_20250923T113332_L2A,2025-09-23,2025-09-23T11:36:30.257000Z,sentinel-2c,S2C_MSIL2A_20250923T113331_N0511_R080_T29UPA_20250923T163314.SAFE,sentinel-2-c1-l2a,05.11,L1284,Toome,-6.466696920835618,54.75354853784675,False,338.87523315847875,True,provisional_filtered_view_no_row_flags,39.376888,34.500795841218,9.328434334618548,Sen2Cor_BOA_not_aquatic_Rw,False,0.198911368846893,0.00892885494977236,0.254503577947617,5,False,True,298.5451035583995,False,footprint_shore_buffer_100m;outside_lake_polygon;scl_core_not_all_water;spectra_not_sampled_after_scl_rejection;zero_or_negative_probe_requires_review,False,,,,,,,,,,,,,,,,,,,,,,,,,,,,,,,,,,,,,,,,,,,,,,,,,,,,,,,,,,,,,,,,,,,,,,,0.0,False,False,1033419,2025-09-23T11:30:00Z,-6.504283332824707,True,4,0,0.0,0.793077528476715,0.00446442747488618,1
S2A_T29UPA_20250925T113351_L2A,2025-09-25,2025-09-25T11:36:31.305000Z,sentinel-2a,S2A_MSIL2A_20250925T113331_N0511_R080_T29UPA_20250925T153214.SAFE,sentinel-2-c1-l2a,05.11,L1278,Rea's Wood,-6.241996568375846,54.712602169290584,True,270.8840794505137,True,provisional_filtered_view_no_row_flags,72.752178,33.7506419694158,9.292497512317404,Sen2Cor_BOA_not_aquatic_Rw,False,1.01121890544891,0.590419709682465,0.396006047725677,0,True,False,219.1519161730116,True,scl_cloud_shadow_snow_nearby;scl_core_not_all_water;spectra_not_sampled_after_scl_rejection,False,,,,,,,,,,,,,,,,,,,,,,,,,,,,,,,,,,,,,,,,,,,,,,,,,,,,,,,,,,,,,,,,,,,,,,,37.9276504516602,False,False,1036756,2025-09-25T11:30:00Z,-6.52175000111262,True,4,0,0.0904920920729637,37.9276504516602,1.1977212727069875,1
S2A_T29UPA_20250925T113351_L2A,2025-09-25,2025-09-25T11:36:31.305000Z,sentinel-2a,S2A_MSIL2A_20250925T113331_N0511_R080_T29UPA_20250925T153214.SAFE,sentinel-2-c1-l2a,05.11,L1279,Washing Bay,-6.569769770482481,54.523188284062314,True,396.0713035201496,True,provisional_filtered_view_no_row_flags,72.752178,33.7506419694158,9.292497512317404,Sen2Cor_BOA_not_aquatic_Rw,False,0.0,0.0,0.0400031730532646,0,True,False,352.9038840688248,True,scl_cloud_shadow_snow_nearby;scl_core_not_all_water;spectra_not_sampled_after_scl_rejection;zero_or_negative_probe_requires_review,False,,,,,,,,,,,,,,,,,,,,,,,,,,,,,,,,,,,,,,,,,,,,,,,,,,,,,,,,,,,,,,,,,,,,,,,0.0,False,False,1036816,2025-09-25T11:30:00Z,-6.52175000111262,True,4,0,0.0,0.0,0.0,1
S2A_T29UPA_20250925T113351_L2A,2025-09-25,2025-09-25T11:36:31.305000Z,sentinel-2a,S2A_MSIL2A_20250925T113331_N0511_R080_T29UPA_20250925T153214.SAFE,sentinel-2-c1-l2a,05.11,L1284,Toome,-6.466696920835618,54.75354853784675,False,338.87523315847875,True,provisional_filtered_view_no_row_flags,72.752178,33.7506419694158,9.292497512317404,Sen2Cor_BOA_not_aquatic_Rw,False,1.92771589756012,0.789274513721466,0.493889659643173,0,True,False,298.5451035583995,False,footprint_shore_buffer_100m;outside_lake_polygon;scl_cloud_shadow_snow_nearby;scl_core_not_all_water;spectra_not_sampled_after_scl_rejection,False,,,,,,,,,,,,,,,,,,,,,,,,,,,,,,,,,,,,,,,,,,,,,,,,,,,,,,,,,,,,,,,,,,,,,,,0.938000500202179,False,False,1036715,2025-09-25T11:30:00Z,-6.52175000111262,True,4,0,0.48720645904541,1.96776854991913,0.8636375069618225,1
S2C_T29UPA_20250926T114402_L2A,2025-09-26,2025-09-26T11:46:28.763000Z,sentinel-2c,S2C_MSIL2A_20250926T114401_N0511_R123_T29UPA_20250926T164614.SAFE,sentinel-2-c1-l2a,05.11,L1278,Rea's Wood,-6.241996568375846,54.712602169290584,True,270.8840794505137,True,provisional_filtered_view_no_row_flags,47.661114,33.644695810701,2.993306737926644,Sen2Cor_BOA_not_aquatic_Rw,False,1.45649683475494,0.842212617397308,0.473527133464813,9,True,False,219.1519161730116,True,scl_cloud_shadow_snow_nearby;spectra_not_sampled_after_scl_rejection,False,,,,,,,,,,,,,,,,,,,,,,,,,,,,,,,,,,,,,,,,,,,,,,,,,,,,,,,,,,,,,,,,,,,,,,,1.03257489204407,False,False,1038533,2025-09-26T12:00:00Z,13.520616666475933,True,4,0,0.356042057275772,1.45649683475494,0.7007119655609145,1
S2C_T29UPA_20250926T114402_L2A,2025-09-26,2025-09-26T11:46:28.763000Z,sentinel-2c,S2C_MSIL2A_20250926T114401_N0511_R123_T29UPA_20250926T164614.SAFE,sentinel-2-c1-l2a,05.11,L1279,Washing Bay,-6.569769770482481,54.523188284062314,True,396.0713035201496,True,provisional_filtered_view_no_row_flags,47.661114,33.644695810701,2.993306737926644,Sen2Cor_BOA_not_aquatic_Rw,False,0.0,0.0,0.152295187115669,9,False,False,352.9038840688248,True,zero_or_negative_probe_requires_review,False,0.03420000000000001,0.0015045891732452807,36,1316,0,0,0.0437627940832432,0.027749999999999997,0.0011155847439740553,36,1252,0,0,0.04044008738602959,0.024300000000000002,0.0011385873584576242,36,1222,0,0,0.04695743487739084,0.023900000000000005,0.000474016200171146,9,1232,0,0,0.019796500239166185,0.020199999999999996,0.00022333056935823983,9,1195,0,0,0.01111711904991238,0.0194,0.00068331074940097,9,1184,0,0,0.03496189166917982,0.020699999999999996,0.0009499837555466227,36,1175,0,0,0.046016435952204546,0.020000000000000004,0.0006178417233092371,9,1193,0,0,0.03077241566011695,0.020199999999999996,0.00045078806166890705,9,1195,0,0,0.02230397226509161,0.017799999999999996,0.0008180072141913753,9,1165,0,0,0.046070493915659434,0.0,False,False,1038593,2025-09-26T12:00:00Z,13.520616666475933,True,4,0,0.0,0.0,0.0,1
S2C_T29UPA_20250926T114402_L2A,2025-09-26,2025-09-26T11:46:28.763000Z,sentinel-2c,S2C_MSIL2A_20250926T114401_N0511_R123_T29UPA_20250926T164614.SAFE,sentinel-2-c1-l2a,05.11,L1284,Toome,-6.466696920835618,54.75354853784675,False,338.87523315847875,True,provisional_filtered_view_no_row_flags,47.661114,33.644695810701,2.993306737926644,Sen2Cor_BOA_not_aquatic_Rw,False,0.0999131873250008,5.58313751220703,0.604869425296783,0,True,True,298.5451035583995,False,footprint_shore_buffer_100m;outside_lake_polygon;scl_cloud_shadow_snow_nearby;scl_core_not_all_water;spectra_not_sampled_after_scl_rejection,False,,,,,,,,,,,,,,,,,,,,,,,,,,,,,,,,,,,,,,,,,,,,,,,,,,,,,,,,,,,,,,,,,,,,,,,0.564007520675659,False,False,1038636,2025-09-26T12:00:00Z,13.520616666475933,True,4,0,0.0999131873250008,4.47054481506348,0.7338404953479765,1
S2B_T29UPA_20250928T113542_L2A,2025-09-28,2025-09-28T11:36:16.072000Z,sentinel-2b,S2B_MSIL2A_20250928T113319_N0511_R080_T29UPA_20250928T153627.SAFE,sentinel-2-c1-l2a,05.11,L1278,Rea's Wood,-6.241996568375846,54.712602169290584,True,270.8840794505137,True,provisional_filtered_view_no_row_flags,54.041886,32.6153817234769,9.287621078238653,Sen2Cor_BOA_not_aquatic_Rw,False,0.144290134310722,0.779232442378998,0.443874359130859,9,False,False,219.1519161730116,True,nonphysical_feature_pixels:nir,False,0.02529999999999999,0.001915923769070391,36,1218,0,0,0.07515882716196369,0.021000000000000005,0.0009221385504211614,36,1194,0,0,0.04376085923432877,0.011349999999999999,0.0010020773176842627,36,1098,0,0,0.08715821076741595,0.008900000000000005,0.00022986845406196892,9,1082,0,0,0.02605561821861108,0.0013999999999999985,0.0004003085229922628,9,1006,0,0,0.2977501410686256,0.0016999999999999932,0.0002897423291201203,9,1012,0,0,0.16823748142458614,0.000449999999999999,0.0008709828420302612,36,985,10,0,1.6857732426392174,-0.00020000000000000573,0.0004740162001711462,9,991,6,0,,0.001899999999999999,0.0005086899174337605,9,1011,0,0,0.2693064268766969,0.0016999999999999932,0.0006701759488889021,9,1008,0,0,0.38174579367089373,0.995131015777588,False,False,1042024,2025-09-28T11:30:00Z,-6.267866667111715,True,4,0,0.279534012079239,0.995131015777588,0.7718820571899415,1
S2B_T29UPA_20250928T113542_L2A,2025-09-28,2025-09-28T11:36:16.072000Z,sentinel-2b,S2B_MSIL2A_20250928T113319_N0511_R080_T29UPA_20250928T153627.SAFE,sentinel-2-c1-l2a,05.11,L1279,Washing Bay,-6.569769770482481,54.523188284062314,True,396.0713035201496,True,provisional_filtered_view_no_row_flags,54.041886,32.6153817234769,9.287621078238653,Sen2Cor_BOA_not_aquatic_Rw,False,0.0,0.0,0.049010194838047,9,False,False,352.9038840688248,True,heterogeneous_red_cv_above_0.2;nonphysical_feature_pixels:nir;zero_or_negative_probe_requires_review,False,0.013499999999999998,0.0014822691771673071,36,1104,0,0,0.11077785006855523,0.0076999999999999985,0.001151930746375164,36,1054,0,0,0.1479996676285007,0.004249999999999997,0.0008939612221269249,36,1028,0,0,0.21892927888822658,0.0040999999999999925,0.0009765143352319908,9,1025,0,0,0.25327461144345587,0.0015000000000000013,0.0009683892697555952,9,997,2,0,0.8069910581296623,0.0022999999999999965,0.0012763760427355012,9,1000,1,0,0.5418577539914868,0.001349999999999997,0.0012160545136822244,36,994,2,0,0.8275607276476389,0.0012999999999999956,0.0015428048851297584,9,992,2,0,1.2287826518732599,0.0016999999999999932,0.0005497474167490234,9,1010,0,0,0.3054152315272354,0.0025000000000000022,0.0004886362983843572,9,1021,0,0,0.1802347002237383,0.0,False,False,1042127,2025-09-28T11:30:00Z,-6.267866667111715,True,3,0,0.0,0.0,0.0,1
S2B_T29UPA_20250928T113542_L2A,2025-09-28,2025-09-28T11:36:16.072000Z,sentinel-2b,S2B_MSIL2A_20250928T113319_N0511_R080_T29UPA_20250928T153627.SAFE,sentinel-2-c1-l2a,05.11,L1284,Toome,-6.466696920835618,54.75354853784675,False,338.87523315847875,True,provisional_filtered_view_no_row_flags,54.041886,32.6153817234769,9.287621078238653,Sen2Cor_BOA_not_aquatic_Rw,False,0.526034116744995,0.16399385035038,0.200748682022095,0,True,False,298.5451035583995,False,footprint_shore_buffer_100m;outside_lake_polygon;scl_cloud_shadow_snow_nearby;scl_core_not_all_water;spectra_not_sampled_after_scl_rejection;zero_or_negative_probe_requires_review,False,,,,,,,,,,,,,,,,,,,,,,,,,,,,,,,,,,,,,,,,,,,,,,,,,,,,,,,,,,,,,,,,,,,,,,,0.0,False,False,1041983,2025-09-28T11:30:00Z,-6.267866667111715,True,4,0,0.0,0.873941898345947,0.43388319760561,1
S2A_T29UPA_20250928T114402_L2A,2025-09-28,2025-09-28T11:46:28.988000Z,sentinel-2a,S2A_MSIL2A_20250928T114401_N0511_R123_T29UPA_20250928T161612.SAFE,sentinel-2-c1-l2a,05.11,L1278,Rea's Wood,-6.241996568375846,54.712602169290584,True,270.8840794505137,True,provisional_filtered_view_no_row_flags,49.800184,32.8854676915116,2.9935467830387363,Sen2Cor_BOA_not_aquatic_Rw,False,0.279534012079239,0.50578635931015,0.425706088542938,9,False,False,219.1519161730116,True,,True,0.017749999999999995,0.0011875381735254866,36,1148,0,0,0.0665080495440534,0.019500000000000003,0.0012119358812441002,36,1158,0,0,0.06256947042132167,0.011700000000000002,0.000771542466606847,36,1102,0,0,0.06584999714994429,0.010300000000000004,0.0004374448818895426,9,1093,0,0,0.04312162033960441,0.002699999999999994,0.0004103596736137635,9,1024,0,0,0.1425960255800723,0.0034000000000000002,0.0006784150009988334,9,1023,0,0,0.20284833916908648,0.0023999999999999994,0.0007397864222985479,36,1009,0,0,0.3054164128755473,0.0016000000000000042,0.00032998316455372324,9,1010,0,0,0.21062755184280227,0.0022999999999999965,0.0005678636595191415,9,1012,0,0,0.2530085611718948,0.0031000000000000055,0.00035101264442069546,9,1024,0,0,0.11657246493676234,0.764531672000885,False,False,1042025,2025-09-28T12:00:00Z,13.516866668065388,True,4,0,0.279534012079239,0.995131015777588,0.7718820571899415,1
S2A_T29UPA_20250928T114402_L2A,2025-09-28,2025-09-28T11:46:28.988000Z,sentinel-2a,S2A_MSIL2A_20250928T114401_N0511_R123_T29UPA_20250928T161612.SAFE,sentinel-2-c1-l2a,05.11,L1279,Washing Bay,-6.569769770482481,54.523188284062314,True,396.0713035201496,True,provisional_filtered_view_no_row_flags,49.800184,32.8854676915116,2.9935467830387363,Sen2Cor_BOA_not_aquatic_Rw,False,,0.0,0.0893137454986572,9,False,False,352.9038840688248,True,heterogeneous_red_cv_above_0.2;zero_or_negative_probe_requires_review,False,0.006150000000000003,0.0017704950657309892,36,1035,0,0,0.27700053179624334,0.008199999999999999,0.0011147994338793765,36,1058,0,0,0.13819827692719547,0.005500000000000005,0.001165184243365681,36,1030,0,0,0.21228053016783663,0.006900000000000003,0.001051982255870631,9,1055,0,0,0.15028317941009017,0.006099999999999994,0.0018318175552045467,9,1028,0,0,0.3290690218930326,0.005699999999999997,0.0019846323166014326,9,1034,0,0,0.3357460685979867,0.0040999999999999995,0.002015409387692733,36,1013,0,0,0.4589167486207362,0.003600000000000006,0.0011242555836125298,9,1028,0,0,0.27273046502729836,0.003799999999999998,0.0008246211251235315,9,1028,0,0,0.207887678602571,0.0032999999999999974,0.0006562143582325963,9,1020,0,0,0.20650102182144647,0.0,False,False,1042128,2025-09-28T12:00:00Z,13.516866668065388,True,3,0,0.0,0.0,0.0,1
S2A_T29UPA_20250928T114402_L2A,2025-09-28,2025-09-28T11:46:28.988000Z,sentinel-2a,S2A_MSIL2A_20250928T114401_N0511_R123_T29UPA_20250928T161612.SAFE,sentinel-2-c1-l2a,05.11,L1284,Toome,-6.466696920835618,54.75354853784675,False,338.87523315847875,True,provisional_filtered_view_no_row_flags,49.800184,32.8854676915116,2.9935467830387363,Sen2Cor_BOA_not_aquatic_Rw,False,0.873941898345947,1.21216952800751,0.249052047729492,0,True,False,298.5451035583995,False,footprint_shore_buffer_100m;outside_lake_polygon;scl_cloud_shadow_snow_nearby;scl_core_not_all_water;spectra_not_sampled_after_scl_rejection,False,,,,,,,,,,,,,,,,,,,,,,,,,,,,,,,,,,,,,,,,,,,,,,,,,,,,,,,,,,,,,,,,,,,,,,,0.70377254486084,False,False,1042188,2025-09-28T12:00:00Z,13.516866668065388,True,4,0,0.0,0.873941898345947,0.43388319760561,1
S2B_T29UPA_20251001T114347_L2A,2025-10-01,2025-10-01T11:46:13.853000Z,sentinel-2b,S2B_MSIL2A_20251001T114349_N0511_R123_T29UPA_20251001T170740.SAFE,sentinel-2-c1-l2a,05.11,L1278,Rea's Wood,-6.241996568375846,54.712602169290584,True,270.8840794505137,True,provisional_filtered_view_no_row_flags,99.897295,31.7420865188866,2.990954293912872,Sen2Cor_BOA_not_aquatic_Rw,False,3.68424987792969,0.413340091705322,0.380687355995178,0,True,False,219.1519161730116,True,scl_cloud_shadow_snow_nearby;scl_core_not_all_water;spectra_not_sampled_after_scl_rejection,False,,,,,,,,,,,,,,,,,,,,,,,,,,,,,,,,,,,,,,,,,,,,,,,,,,,,,,,,,,,,,,,,,,,,,,,0.894981443881989,False,False,1047413,2025-10-01T12:00:00Z,13.769116667906443,True,4,0,0.894981443881989,3.68424987792969,1.49992734193802,1
S2B_T29UPA_20251001T114347_L2A,2025-10-01,2025-10-01T11:46:13.853000Z,sentinel-2b,S2B_MSIL2A_20251001T114349_N0511_R123_T29UPA_20251001T170740.SAFE,sentinel-2-c1-l2a,05.11,L1279,Washing Bay,-6.569769770482481,54.523188284062314,True,396.0713035201496,True,provisional_filtered_view_no_row_flags,99.897295,31.7420865188866,2.990954293912872,Sen2Cor_BOA_not_aquatic_Rw,False,,,0.0349426046013832,0,True,False,352.9038840688248,True,no_probe_within_15min;scl_cloud_shadow_snow_nearby;scl_core_not_all_water;spectra_not_sampled_after_scl_rejection,False,,,,,,,,,,,,,,,,,,,,,,,,,,,,,,,,,,,,,,,,,,,,,,,,,,,,,,,,,,,,,,,,,,,,,,,,,,,,,,,,,,,
S2B_T29UPA_20251001T114347_L2A,2025-10-01,2025-10-01T11:46:13.853000Z,sentinel-2b,S2B_MSIL2A_20251001T114349_N0511_R123_T29UPA_20251001T170740.SAFE,sentinel-2-c1-l2a,05.11,L1284,Toome,-6.466696920835618,54.75354853784675,False,338.87523315847875,True,provisional_filtered_view_no_row_flags,99.897295,31.7420865188866,2.990954293912872,Sen2Cor_BOA_not_aquatic_Rw,False,5.32805061340332,1.53556060791016,0.577258467674255,0,True,False,298.5451035583995,False,footprint_shore_buffer_100m;outside_lake_polygon;scl_cloud_shadow_snow_nearby;scl_core_not_all_water;spectra_not_sampled_after_scl_rejection,False,,,,,,,,,,,,,,,,,,,,,,,,,,,,,,,,,,,,,,,,,,,,,,,,,,,,,,,,,,,,,,,,,,,,,,,0.59618866443634,False,False,1047516,2025-10-01T12:00:00Z,13.769116667906443,True,4,0,0.59618866443634,5.32805061340332,2.1624748110771153,1
S2C_T29UPA_20251003T113333_L2A,2025-10-03,2025-10-03T11:36:31.075000Z,sentinel-2c,S2C_MSIL2A_20251003T113331_N0511_R080_T29UPA_20251003T144412.SAFE,sentinel-2-c1-l2a,05.11,L1278,Rea's Wood,-6.241996568375846,54.712602169290584,True,270.8840794505137,True,provisional_filtered_view_no_row_flags,100,30.745836493712297,9.309784305793343,Sen2Cor_BOA_not_aquatic_Rw,False,0.748414039611816,1.47425901889801,0.50169837474823,0,True,False,219.1519161730116,True,scl_cloud_shadow_snow_nearby;scl_core_not_all_water;spectra_not_sampled_after_scl_rejection,False,,,,,,,,,,,,,,,,,,,,,,,,,,,,,,,,,,,,,,,,,,,,,,,,,,,,,,,,,,,,,,,,,,,,,,,3.32553362846375,False,False,1050904,2025-10-03T11:30:00Z,-6.517916667461395,True,4,0,0.829900026321411,3.32553362846375,1.35483729839325,1
S2C_T29UPA_20251003T113333_L2A,2025-10-03,2025-10-03T11:36:31.075000Z,sentinel-2c,S2C_MSIL2A_20251003T113331_N0511_R080_T29UPA_20251003T144412.SAFE,sentinel-2-c1-l2a,05.11,L1279,Washing Bay,-6.569769770482481,54.523188284062314,True,396.0713035201496,True,provisional_filtered_view_no_row_flags,100,30.745836493712297,9.309784305793343,Sen2Cor_BOA_not_aquatic_Rw,False,,,0.422955453395844,0,True,False,352.9038840688248,True,no_probe_within_15min;scl_cloud_shadow_snow_nearby;scl_core_not_all_water;spectra_not_sampled_after_scl_rejection,False,,,,,,,,,,,,,,,,,,,,,,,,,,,,,,,,,,,,,,,,,,,,,,,,,,,,,,,,,,,,,,,,,,,,,,,,,,,,,,,,,,,
S2C_T29UPA_20251003T113333_L2A,2025-10-03,2025-10-03T11:36:31.075000Z,sentinel-2c,S2C_MSIL2A_20251003T113331_N0511_R080_T29UPA_20251003T144412.SAFE,sentinel-2-c1-l2a,05.11,L1284,Toome,-6.466696920835618,54.75354853784675,False,338.87523315847875,True,provisional_filtered_view_no_row_flags,100,30.745836493712297,9.309784305793343,Sen2Cor_BOA_not_aquatic_Rw,False,6.15381622314453,4.84949684143066,6.28799057006836,0,True,False,298.5451035583995,False,footprint_shore_buffer_100m;outside_lake_polygon;scl_cloud_shadow_snow_nearby;scl_core_not_all_water;spectra_not_sampled_after_scl_rejection,False,,,,,,,,,,,,,,,,,,,,,,,,,,,,,,,,,,,,,,,,,,,,,,,,,,,,,,,,,,,,,,,,,,,,,,,3.78387069702148,False,False,1050863,2025-10-03T11:30:00Z,-6.517916667461395,True,4,0,3.78387069702148,5.35334157943726,4.479158163070675,1
S2A_T29UPA_20251005T113554_L2A,2025-10-05,2025-10-05T11:36:31.440000Z,sentinel-2a,S2A_MSIL2A_20251005T113331_N0511_R080_T29UPA_20251005T163518.SAFE,sentinel-2-c1-l2a,05.11,L1278,Rea's Wood,-6.241996568375846,54.712602169290584,True,270.8840794505137,True,provisional_filtered_view_no_row_flags,100,29.998217498706502,9.298204198151485,Sen2Cor_BOA_not_aquatic_Rw,False,11.4801912307739,11.3595275878906,0.907305896282196,0,True,False,219.1519161730116,True,scl_cloud_shadow_snow_nearby;scl_core_not_all_water;spectra_not_sampled_after_scl_rejection,False,,,,,,,,,,,,,,,,,,,,,,,,,,,,,,,,,,,,,,,,,,,,,,,,,,,,,,,,,,,,,,,,,,,,,,,12.6581716537476,False,False,1054516,2025-10-05T11:30:00Z,-6.5240000009536745,True,4,0,11.3595275878906,12.6581716537476,12.18095541000365,1
S2A_T29UPA_20251005T113554_L2A,2025-10-05,2025-10-05T11:36:31.440000Z,sentinel-2a,S2A_MSIL2A_20251005T113331_N0511_R080_T29UPA_20251005T163518.SAFE,sentinel-2-c1-l2a,05.11,L1279,Washing Bay,-6.569769770482481,54.523188284062314,True,396.0713035201496,True,provisional_filtered_view_no_row_flags,100,29.998217498706502,9.298204198151485,Sen2Cor_BOA_not_aquatic_Rw,False,,,0.224575474858284,0,True,False,352.9038840688248,True,no_probe_within_15min;scl_cloud_shadow_snow_nearby;scl_core_not_all_water;spectra_not_sampled_after_scl_rejection,False,,,,,,,,,,,,,,,,,,,,,,,,,,,,,,,,,,,,,,,,,,,,,,,,,,,,,,,,,,,,,,,,,,,,,,,,,,,,,,,,,,,
S2A_T29UPA_20251005T113554_L2A,2025-10-05,2025-10-05T11:36:31.440000Z,sentinel-2a,S2A_MSIL2A_20251005T113331_N0511_R080_T29UPA_20251005T163518.SAFE,sentinel-2-c1-l2a,05.11,L1284,Toome,-6.466696920835618,54.75354853784675,False,338.87523315847875,True,provisional_filtered_view_no_row_flags,100,29.998217498706502,9.298204198151485,Sen2Cor_BOA_not_aquatic_Rw,False,3.51328945159912,3.16014575958252,0.43132820725441,0,True,False,298.5451035583995,False,footprint_shore_buffer_100m;outside_lake_polygon;scl_cloud_shadow_snow_nearby;scl_core_not_all_water;spectra_not_sampled_after_scl_rejection,False,,,,,,,,,,,,,,,,,,,,,,,,,,,,,,,,,,,,,,,,,,,,,,,,,,,,,,,,,,,,,,,,,,,,,,,5.17769193649292,False,False,1054475,2025-10-05T11:30:00Z,-6.5240000009536745,True,4,0,1.9631495475769,5.17769193649292,2.793203353881835,1
S2C_T29UPA_20251006T114605_L2A,2025-10-06,2025-10-06T11:46:28.147000Z,sentinel-2c,S2C_MSIL2A_20251006T114401_N0511_R123_T29UPA_20251006T163319.SAFE,sentinel-2-c1-l2a,05.11,L1278,Rea's Wood,-6.241996568375846,54.712602169290584,True,270.8840794505137,True,provisional_filtered_view_no_row_flags,82.892507,29.860141591792697,2.9869287152520223,Sen2Cor_BOA_not_aquatic_Rw,False,2.58238291740417,4.70532369613647,0.661973178386688,9,False,False,219.1519161730116,True,,True,0.0194,0.0014661904740424548,36,1154,0,0,0.07539331104917636,0.024,0.0016123438770243078,36,1211,0,0,0.06753272783347887,0.018199999999999994,0.001534849793591831,36,1147,0,0,0.0853089278513292,0.017699999999999994,0.0012119772641798563,9,1153,0,0,0.06992176524114556,0.013300000000000006,0.0005244632764980433,9,1124,0,0,0.039367552030712176,0.012800000000000006,0.000447489568124493,9,1117,0,0,0.03539021189033776,0.012700000000000003,0.0005426842294000325,36,1118,0,0,0.04265640231091957,0.013899999999999996,0.0004637474834379843,9,1134,0,0,0.033072324492407754,0.0131,0.0003059088866208046,9,1125,0,0,0.023632446176714512,0.010400000000000006,0.0002160246899469263,9,1104,0,0,0.020573779994945356,2.7519211769104,False,False,1056293,2025-10-06T12:00:00Z,13.530883332093557,True,4,0,1.71271693706512,8.5121431350708,2.667152047157285,1
S2C_T29UPA_20251006T114605_L2A,2025-10-06,2025-10-06T11:46:28.147000Z,sentinel-2c,S2C_MSIL2A_20251006T114401_N0511_R123_T29UPA_20251006T163319.SAFE,sentinel-2-c1-l2a,05.11,L1279,Washing Bay,-6.569769770482481,54.523188284062314,True,396.0713035201496,True,provisional_filtered_view_no_row_flags,82.892507,29.860141591792697,2.9869287152520223,Sen2Cor_BOA_not_aquatic_Rw,False,,,0.141852766275406,0,True,False,352.9038840688248,True,no_probe_within_15min;scl_cloud_shadow_snow_nearby;scl_core_not_all_water;spectra_not_sampled_after_scl_rejection,False,,,,,,,,,,,,,,,,,,,,,,,,,,,,,,,,,,,,,,,,,,,,,,,,,,,,,,,,,,,,,,,,,,,,,,,,,,,,,,,,,,,
S2C_T29UPA_20251006T114605_L2A,2025-10-06,2025-10-06T11:46:28.147000Z,sentinel-2c,S2C_MSIL2A_20251006T114401_N0511_R123_T29UPA_20251006T163319.SAFE,sentinel-2-c1-l2a,05.11,L1284,Toome,-6.466696920835618,54.75354853784675,False,338.87523315847875,True,provisional_filtered_view_no_row_flags,82.892507,29.860141591792697,2.9869287152520223,Sen2Cor_BOA_not_aquatic_Rw,False,4.52078437805176,4.39145994186401,0.346667140722275,0,True,True,298.5451035583995,False,footprint_shore_buffer_100m;outside_lake_polygon;scl_cloud_shadow_snow_nearby;scl_core_not_all_water;spectra_not_sampled_after_scl_rejection,False,,,,,,,,,,,,,,,,,,,,,,,,,,,,,,,,,,,,,,,,,,,,,,,,,,,,,,,,,,,,,,,,,,,,,,,7.17152786254883,False,False,1056396,2025-10-06T12:00:00Z,13.530883332093557,True,4,0,4.52078437805176,7.17152786254883,5.797619581222535,1
S2B_T29UPA_20251008T113316_L2A,2025-10-08,2025-10-08T11:36:14.324000Z,sentinel-2b,S2B_MSIL2A_20251008T113319_N0511_R080_T29UPA_20251008T133503.SAFE,sentinel-2-c1-l2a,05.11,L1278,Rea's Wood,-6.241996568375846,54.712602169290584,True,270.8840794505137,True,provisional_filtered_view_no_row_flags,82.7999,28.874437948323,9.314935890911702,Sen2Cor_BOA_not_aquatic_Rw,False,1.12491190433502,4.2830605506897,0.341830849647522,0,True,False,219.1519161730116,True,scl_cloud_shadow_snow_nearby;scl_core_not_all_water;spectra_not_sampled_after_scl_rejection,False,,,,,,,,,,,,,,,,,,,,,,,,,,,,,,,,,,,,,,,,,,,,,,,,,,,,,,,,,,,,,,,,,,,,,,,1.3752304315567,False,False,1081112,2025-10-08T11:30:00Z,-6.238733331362407,True,4,0,0.641555070877075,4.2830605506897,2.012082278728485,1
S2B_T29UPA_20251008T113316_L2A,2025-10-08,2025-10-08T11:36:14.324000Z,sentinel-2b,S2B_MSIL2A_20251008T113319_N0511_R080_T29UPA_20251008T133503.SAFE,sentinel-2-c1-l2a,05.11,L1279,Washing Bay,-6.569769770482481,54.523188284062314,True,396.0713035201496,True,provisional_filtered_view_no_row_flags,82.7999,28.874437948323,9.314935890911702,Sen2Cor_BOA_not_aquatic_Rw,False,,,0.130437925457954,0,True,False,352.9038840688248,True,no_probe_within_15min;scl_cloud_shadow_snow_nearby;scl_core_not_all_water;spectra_not_sampled_after_scl_rejection,False,,,,,,,,,,,,,,,,,,,,,,,,,,,,,,,,,,,,,,,,,,,,,,,,,,,,,,,,,,,,,,,,,,,,,,,,,,,,,,,,,,,
S2B_T29UPA_20251008T113316_L2A,2025-10-08,2025-10-08T11:36:14.324000Z,sentinel-2b,S2B_MSIL2A_20251008T113319_N0511_R080_T29UPA_20251008T133503.SAFE,sentinel-2-c1-l2a,05.11,L1284,Toome,-6.466696920835618,54.75354853784675,False,338.87523315847875,True,provisional_filtered_view_no_row_flags,82.7999,28.874437948323,9.314935890911702,Sen2Cor_BOA_not_aquatic_Rw,False,5.07333564758301,4.09005880355835,0.317604660987854,0,True,False,298.5451035583995,False,footprint_shore_buffer_100m;outside_lake_polygon;scl_cloud_shadow_snow_nearby;scl_core_not_all_water;spectra_not_sampled_after_scl_rejection,False,,,,,,,,,,,,,,,,,,,,,,,,,,,,,,,,,,,,,,,,,,,,,,,,,,,,,,,,,,,,,,,,,,,,,,,4.55588674545288,False,False,1059803,2025-10-08T11:30:00Z,-6.238733331362407,True,4,0,3.93712544441223,5.33774995803833,4.322972774505615,1
S2A_T29UPA_20251008T114402_L2A,2025-10-08,2025-10-08T11:46:28.863000Z,sentinel-2a,S2A_MSIL2A_20251008T114401_N0511_R123_T29UPA_20251008T150823.SAFE,sentinel-2-c1-l2a,05.11,L1278,Rea's Wood,-6.241996568375846,54.712602169290584,True,270.8840794505137,True,provisional_filtered_view_no_row_flags,86.53996,29.110957948731503,2.9852143061633587,Sen2Cor_BOA_not_aquatic_Rw,False,0.641555070877075,1.31263852119446,0.389390587806702,0,True,False,219.1519161730116,True,scl_cloud_shadow_snow_nearby;scl_core_not_all_water;spectra_not_sampled_after_scl_rejection,False,,,,,,,,,,,,,,,,,,,,,,,,,,,,,,,,,,,,,,,,,,,,,,,,,,,,,,,,,,,,,,,,,,,,,,,2.64893412590027,False,False,1081113,2025-10-08T12:00:00Z,13.518950001398723,True,4,0,0.641555070877075,4.2830605506897,2.012082278728485,1
S2A_T29UPA_20251008T114402_L2A,2025-10-08,2025-10-08T11:46:28.863000Z,sentinel-2a,S2A_MSIL2A_20251008T114401_N0511_R123_T29UPA_20251008T150823.SAFE,sentinel-2-c1-l2a,05.11,L1279,Washing Bay,-6.569769770482481,54.523188284062314,True,396.0713035201496,True,provisional_filtered_view_no_row_flags,86.53996,29.110957948731503,2.9852143061633587,Sen2Cor_BOA_not_aquatic_Rw,False,,,0.180217444896698,0,True,False,352.9038840688248,True,no_probe_within_15min;scl_cloud_shadow_snow_nearby;scl_core_not_all_water;spectra_not_sampled_after_scl_rejection,False,,,,,,,,,,,,,,,,,,,,,,,,,,,,,,,,,,,,,,,,,,,,,,,,,,,,,,,,,,,,,,,,,,,,,,,,,,,,,,,,,,,
S2A_T29UPA_20251008T114402_L2A,2025-10-08,2025-10-08T11:46:28.863000Z,sentinel-2a,S2A_MSIL2A_20251008T114401_N0511_R123_T29UPA_20251008T150823.SAFE,sentinel-2-c1-l2a,05.11,L1284,Toome,-6.466696920835618,54.75354853784675,False,338.87523315847875,True,provisional_filtered_view_no_row_flags,86.53996,29.110957948731503,2.9852143061633587,Sen2Cor_BOA_not_aquatic_Rw,False,5.33774995803833,4.14467191696167,0.137342095375061,0,True,False,298.5451035583995,False,footprint_shore_buffer_100m;outside_lake_polygon;scl_cloud_shadow_snow_nearby;scl_core_not_all_water;spectra_not_sampled_after_scl_rejection,False,,,,,,,,,,,,,,,,,,,,,,,,,,,,,,,,,,,,,,,,,,,,,,,,,,,,,,,,,,,,,,,,,,,,,,,3.93712544441223,False,False,1102452,2025-10-08T12:00:00Z,13.518950001398723,True,4,0,3.93712544441223,5.33774995803833,4.322972774505615,1
S2B_T29UPA_20251011T114345_L2A,2025-10-11,2025-10-11T11:46:12.255000Z,sentinel-2b,S2B_MSIL2A_20251011T114349_N0511_R123_T29UPA_20251011T165825.SAFE,sentinel-2-c1-l2a,05.11,L1278,Rea's Wood,-6.241996568375846,54.712602169290584,True,270.8840794505137,True,provisional_filtered_view_no_row_flags,99.973619,27.989664294229797,2.98576064715813,Sen2Cor_BOA_not_aquatic_Rw,False,0.0,0.0,0.254852592945099,0,True,False,219.1519161730116,True,scl_cloud_shadow_snow_nearby;scl_core_not_all_water;spectra_not_sampled_after_scl_rejection;zero_or_negative_probe_requires_review,False,,,,,,,,,,,,,,,,,,,,,,,,,,,,,,,,,,,,,,,,,,,,,,,,,,,,,,,,,,,,,,,,,,,,,,,0.0,False,False,1107737,2025-10-11T12:00:00Z,13.795749998092651,True,4,0,0.0,1.01796901226044,0.0,1
S2B_T29UPA_20251011T114345_L2A,2025-10-11,2025-10-11T11:46:12.255000Z,sentinel-2b,S2B_MSIL2A_20251011T114349_N0511_R123_T29UPA_20251011T165825.SAFE,sentinel-2-c1-l2a,05.11,L1279,Washing Bay,-6.569769770482481,54.523188284062314,True,396.0713035201496,True,provisional_filtered_view_no_row_flags,99.973619,27.989664294229797,2.98576064715813,Sen2Cor_BOA_not_aquatic_Rw,False,,,0.136851817369461,0,True,False,352.9038840688248,True,no_probe_within_15min;scl_cloud_shadow_snow_nearby;scl_core_not_all_water;spectra_not_sampled_after_scl_rejection,False,,,,,,,,,,,,,,,,,,,,,,,,,,,,,,,,,,,,,,,,,,,,,,,,,,,,,,,,,,,,,,,,,,,,,,,,,,,,,,,,,,,
S2B_T29UPA_20251011T114345_L2A,2025-10-11,2025-10-11T11:46:12.255000Z,sentinel-2b,S2B_MSIL2A_20251011T114349_N0511_R123_T29UPA_20251011T165825.SAFE,sentinel-2-c1-l2a,05.11,L1284,Toome,-6.466696920835618,54.75354853784675,False,338.87523315847875,True,provisional_filtered_view_no_row_flags,99.973619,27.989664294229797,2.98576064715813,Sen2Cor_BOA_not_aquatic_Rw,False,9.20091724395752,8.65420246124268,0.0467202737927437,0,True,False,298.5451035583995,False,footprint_shore_buffer_100m;outside_lake_polygon;scl_cloud_shadow_snow_nearby;scl_core_not_all_water;spectra_not_sampled_after_scl_rejection,False,,,,,,,,,,,,,,,,,,,,,,,,,,,,,,,,,,,,,,,,,,,,,,,,,,,,,,,,,,,,,,,,,,,,,,,9.55634212493896,False,False,1107840,2025-10-11T12:00:00Z,13.795749998092651,True,4,0,9.20091724395752,9.78959941864014,9.479129791259766,1
S2C_T29UPA_20251013T113329_L2A,2025-10-13,2025-10-13T11:36:27.791000Z,sentinel-2c,S2C_MSIL2A_20251013T113331_N0511_R080_T29UPA_20251013T144203.SAFE,sentinel-2-c1-l2a,05.11,L1278,Rea's Wood,-6.241996568375846,54.712602169290584,True,270.8840794505137,True,provisional_filtered_view_no_row_flags,94.362128,27.0406611088617,9.33129621266293,Sen2Cor_BOA_not_aquatic_Rw,False,0.0,0.0,0.452681183815002,0,True,False,219.1519161730116,True,scl_cloud_shadow_snow_nearby;scl_core_not_all_water;spectra_not_sampled_after_scl_rejection;zero_or_negative_probe_requires_review,False,,,,,,,,,,,,,,,,,,,,,,,,,,,,,,,,,,,,,,,,,,,,,,,,,,,,,,,,,,,,,,,,,,,,,,,0.0,False,False,1111288,2025-10-13T11:30:00Z,-6.463183331489563,True,4,0,0.0,0.0,0.0,1
S2C_T29UPA_20251013T113329_L2A,2025-10-13,2025-10-13T11:36:27.791000Z,sentinel-2c,S2C_MSIL2A_20251013T113331_N0511_R080_T29UPA_20251013T144203.SAFE,sentinel-2-c1-l2a,05.11,L1279,Washing Bay,-6.569769770482481,54.523188284062314,True,396.0713035201496,True,provisional_filtered_view_no_row_flags,94.362128,27.0406611088617,9.33129621266293,Sen2Cor_BOA_not_aquatic_Rw,False,,,0.351282954216003,0,True,False,352.9038840688248,True,no_probe_within_15min;scl_cloud_shadow_snow_nearby;scl_core_not_all_water;spectra_not_sampled_after_scl_rejection,False,,,,,,,,,,,,,,,,,,,,,,,,,,,,,,,,,,,,,,,,,,,,,,,,,,,,,,,,,,,,,,,,,,,,,,,,,,,,,,,,,,,
S2C_T29UPA_20251013T113329_L2A,2025-10-13,2025-10-13T11:36:27.791000Z,sentinel-2c,S2C_MSIL2A_20251013T113331_N0511_R080_T29UPA_20251013T144203.SAFE,sentinel-2-c1-l2a,05.11,L1284,Toome,-6.466696920835618,54.75354853784675,False,338.87523315847875,True,provisional_filtered_view_no_row_flags,94.362128,27.0406611088617,9.33129621266293,Sen2Cor_BOA_not_aquatic_Rw,False,11.3596229553223,10.9761953353882,0.0654454901814461,0,True,False,298.5451035583995,False,footprint_shore_buffer_100m;outside_lake_polygon;scl_cloud_shadow_snow_nearby;scl_core_not_all_water;spectra_not_sampled_after_scl_rejection,False,,,,,,,,,,,,,,,,,,,,,,,,,,,,,,,,,,,,,,,,,,,,,,,,,,,,,,,,,,,,,,,,,,,,,,,12.9628190994263,False,False,1111247,2025-10-13T11:30:00Z,-6.463183331489563,True,4,0,10.1373605728149,12.9628190994263,10.7888469696045,1
S2A_T29UPA_20251015T113330_L2A,2025-10-15,2025-10-15T11:36:29.149000Z,sentinel-2a,S2A_MSIL2A_20251015T113331_N0511_R080_T29UPA_20251015T150616.SAFE,sentinel-2-c1-l2a,05.11,L1278,Rea's Wood,-6.241996568375846,54.712602169290584,True,270.8840794505137,True,provisional_filtered_view_no_row_flags,100,26.3148111119991,9.305495233033518,Sen2Cor_BOA_not_aquatic_Rw,False,0.0,0.0,0.53771835565567,0,True,False,219.1519161730116,True,scl_cloud_shadow_snow_nearby;scl_core_not_all_water;spectra_not_sampled_after_scl_rejection;zero_or_negative_probe_requires_review,False,,,,,,,,,,,,,,,,,,,,,,,,,,,,,,,,,,,,,,,,,,,,,,,,,,,,,,,,,,,,,,,,,,,,,,,0.0,False,False,1155144,2025-10-15T11:30:00Z,-6.485816665490469,True,4,0,0.0,0.0,0.0,1
S2A_T29UPA_20251015T113330_L2A,2025-10-15,2025-10-15T11:36:29.149000Z,sentinel-2a,S2A_MSIL2A_20251015T113331_N0511_R080_T29UPA_20251015T150616.SAFE,sentinel-2-c1-l2a,05.11,L1279,Washing Bay,-6.569769770482481,54.523188284062314,True,396.0713035201496,True,provisional_filtered_view_no_row_flags,100,26.3148111119991,9.305495233033518,Sen2Cor_BOA_not_aquatic_Rw,False,,,0.368718981742859,0,True,False,352.9038840688248,True,no_probe_within_15min;scl_cloud_shadow_snow_nearby;scl_core_not_all_water;spectra_not_sampled_after_scl_rejection,False,,,,,,,,,,,,,,,,,,,,,,,,,,,,,,,,,,,,,,,,,,,,,,,,,,,,,,,,,,,,,,,,,,,,,,,,,,,,,,,,,,,
S2A_T29UPA_20251015T113330_L2A,2025-10-15,2025-10-15T11:36:29.149000Z,sentinel-2a,S2A_MSIL2A_20251015T113331_N0511_R080_T29UPA_20251015T150616.SAFE,sentinel-2-c1-l2a,05.11,L1284,Toome,-6.466696920835618,54.75354853784675,False,338.87523315847875,True,provisional_filtered_view_no_row_flags,100,26.3148111119991,9.305495233033518,Sen2Cor_BOA_not_aquatic_Rw,False,14.6941480636597,15.4715528488159,0.165192514657974,0,True,False,298.5451035583995,False,footprint_shore_buffer_100m;outside_lake_polygon;scl_cloud_shadow_snow_nearby;scl_core_not_all_water;spectra_not_sampled_after_scl_rejection,False,,,,,,,,,,,,,,,,,,,,,,,,,,,,,,,,,,,,,,,,,,,,,,,,,,,,,,,,,,,,,,,,,,,,,,,15.2156858444214,False,False,1155103,2025-10-15T11:30:00Z,-6.485816665490469,True,4,0,13.6796102523804,15.4715528488159,15.08340454101565,1
S2C_T29UPA_20251016T114545_L2A,2025-10-16,2025-10-16T11:46:23.976000Z,sentinel-2c,S2C_MSIL2A_20251016T114401_N0511_R123_T29UPA_20251016T152116.SAFE,sentinel-2-c1-l2a,05.11,L1278,Rea's Wood,-6.241996568375846,54.712602169290584,True,270.8840794505137,True,provisional_filtered_view_no_row_flags,100,26.161385072021503,2.9718307050317723,Sen2Cor_BOA_not_aquatic_Rw,False,0.0,0.28497377038002,0.478634655475616,0,True,False,219.1519161730116,True,scl_cloud_shadow_snow_nearby;scl_core_not_all_water;spectra_not_sampled_after_scl_rejection;zero_or_negative_probe_requires_review,False,,,,,,,,,,,,,,,,,,,,,,,,,,,,,,,,,,,,,,,,,,,,,,,,,,,,,,,,,,,,,,,,,,,,,,,0.0,False,False,1156921,2025-10-16T12:00:00Z,13.600399998823802,True,4,0,0.0,0.0,0.0,1
S2C_T29UPA_20251016T114545_L2A,2025-10-16,2025-10-16T11:46:23.976000Z,sentinel-2c,S2C_MSIL2A_20251016T114401_N0511_R123_T29UPA_20251016T152116.SAFE,sentinel-2-c1-l2a,05.11,L1279,Washing Bay,-6.569769770482481,54.523188284062314,True,396.0713035201496,True,provisional_filtered_view_no_row_flags,100,26.161385072021503,2.9718307050317723,Sen2Cor_BOA_not_aquatic_Rw,False,,,0.3745978474617,0,True,False,352.9038840688248,True,no_probe_within_15min;scl_cloud_shadow_snow_nearby;scl_core_not_all_water;spectra_not_sampled_after_scl_rejection,False,,,,,,,,,,,,,,,,,,,,,,,,,,,,,,,,,,,,,,,,,,,,,,,,,,,,,,,,,,,,,,,,,,,,,,,,,,,,,,,,,,,
S2C_T29UPA_20251016T114545_L2A,2025-10-16,2025-10-16T11:46:23.976000Z,sentinel-2c,S2C_MSIL2A_20251016T114401_N0511_R123_T29UPA_20251016T152116.SAFE,sentinel-2-c1-l2a,05.11,L1284,Toome,-6.466696920835618,54.75354853784675,False,338.87523315847875,True,provisional_filtered_view_no_row_flags,100,26.161385072021503,2.9718307050317723,Sen2Cor_BOA_not_aquatic_Rw,False,18.6983108520508,18.82346534729,0.206279098987579,0,True,False,298.5451035583995,False,footprint_shore_buffer_100m;outside_lake_polygon;scl_cloud_shadow_snow_nearby;scl_core_not_all_water;spectra_not_sampled_after_scl_rejection,False,,,,,,,,,,,,,,,,,,,,,,,,,,,,,,,,,,,,,,,,,,,,,,,,,,,,,,,,,,,,,,,,,,,,,,,18.2935848236084,False,False,1156964,2025-10-16T12:00:00Z,13.600399998823802,True,4,0,17.8786296844482,18.6983108520508,18.474582672119148,1
S2B_T29UPA_20251018T113317_L2A,2025-10-18,2025-10-18T11:36:15.809000Z,sentinel-2b,S2B_MSIL2A_20251018T113319_N0511_R080_T29UPA_20251018T133914.SAFE,sentinel-2-c1-l2a,05.11,L1278,Rea's Wood,-6.241996568375846,54.712602169290584,True,270.8840794505137,True,provisional_filtered_view_no_row_flags,100,25.232797419211394,9.286319179664574,Sen2Cor_BOA_not_aquatic_Rw,False,0.0,0.0,0.15638679265976,0,True,False,219.1519161730116,True,scl_cloud_shadow_snow_nearby;scl_core_not_all_water;spectra_not_sampled_after_scl_rejection;zero_or_negative_probe_requires_review,False,,,,,,,,,,,,,,,,,,,,,,,,,,,,,,,,,,,,,,,,,,,,,,,,,,,,,,,,,,,,,,,,,,,,,,,0.0,False,False,1160428,2025-10-18T11:30:00Z,-6.263483333587646,True,4,0,0.0,0.0,0.0,1
S2B_T29UPA_20251018T113317_L2A,2025-10-18,2025-10-18T11:36:15.809000Z,sentinel-2b,S2B_MSIL2A_20251018T113319_N0511_R080_T29UPA_20251018T133914.SAFE,sentinel-2-c1-l2a,05.11,L1279,Washing Bay,-6.569769770482481,54.523188284062314,True,396.0713035201496,True,provisional_filtered_view_no_row_flags,100,25.232797419211394,9.286319179664574,Sen2Cor_BOA_not_aquatic_Rw,False,,,0.151520892977715,0,True,False,352.9038840688248,True,no_probe_within_15min;scl_cloud_shadow_snow_nearby;scl_core_not_all_water;spectra_not_sampled_after_scl_rejection,False,,,,,,,,,,,,,,,,,,,,,,,,,,,,,,,,,,,,,,,,,,,,,,,,,,,,,,,,,,,,,,,,,,,,,,,,,,,,,,,,,,,
S2B_T29UPA_20251018T113317_L2A,2025-10-18,2025-10-18T11:36:15.809000Z,sentinel-2b,S2B_MSIL2A_20251018T113319_N0511_R080_T29UPA_20251018T133914.SAFE,sentinel-2-c1-l2a,05.11,L1284,Toome,-6.466696920835618,54.75354853784675,False,338.87523315847875,True,provisional_filtered_view_no_row_flags,100,25.232797419211394,9.286319179664574,Sen2Cor_BOA_not_aquatic_Rw,False,16.7598171234131,17.8083877563477,0.093477763235569,0,True,False,298.5451035583995,False,footprint_shore_buffer_100m;outside_lake_polygon;scl_cloud_shadow_snow_nearby;scl_core_not_all_water;spectra_not_sampled_after_scl_rejection,False,,,,,,,,,,,,,,,,,,,,,,,,,,,,,,,,,,,,,,,,,,,,,,,,,,,,,,,,,,,,,,,,,,,,,,,17.0965824127197,False,False,1160559,2025-10-18T11:30:00Z,-6.263483333587646,True,4,0,17.0965824127197,19.3173198699951,17.5870065689087,1
S2A_T29UPA_20251018T114622_L2A,2025-10-18,2025-10-18T11:46:31.034000Z,sentinel-2a,S2A_MSIL2A_20251018T114401_N0511_R123_T29UPA_20251018T151416.SAFE,sentinel-2-c1-l2a,05.11,L1278,Rea's Wood,-6.241996568375846,54.712602169290584,True,270.8840794505137,True,provisional_filtered_view_no_row_flags,99.815112,25.442178861464697,3.001451409379924,Sen2Cor_BOA_not_aquatic_Rw,False,0.0,0.0,0.123150557279587,0,False,False,219.1519161730116,True,scl_core_not_all_water;spectra_not_sampled_after_scl_rejection;zero_or_negative_probe_requires_review,False,,,,,,,,,,,,,,,,,,,,,,,,,,,,,,,,,,,,,,,,,,,,,,,,,,,,,,,,,,,,,,,,,,,,,,,0.0,False,False,1160429,2025-10-18T12:00:00Z,13.48276666800181,True,4,0,0.0,0.0,0.0,1
S2A_T29UPA_20251018T114622_L2A,2025-10-18,2025-10-18T11:46:31.034000Z,sentinel-2a,S2A_MSIL2A_20251018T114401_N0511_R123_T29UPA_20251018T151416.SAFE,sentinel-2-c1-l2a,05.11,L1279,Washing Bay,-6.569769770482481,54.523188284062314,True,396.0713035201496,True,provisional_filtered_view_no_row_flags,99.815112,25.442178861464697,3.001451409379924,Sen2Cor_BOA_not_aquatic_Rw,False,,,0.0916068106889725,0,True,False,352.9038840688248,True,no_probe_within_15min;scl_cloud_shadow_snow_nearby;scl_core_not_all_water;spectra_not_sampled_after_scl_rejection,False,,,,,,,,,,,,,,,,,,,,,,,,,,,,,,,,,,,,,,,,,,,,,,,,,,,,,,,,,,,,,,,,,,,,,,,,,,,,,,,,,,,
S2A_T29UPA_20251018T114622_L2A,2025-10-18,2025-10-18T11:46:31.034000Z,sentinel-2a,S2A_MSIL2A_20251018T114401_N0511_R123_T29UPA_20251018T151416.SAFE,sentinel-2-c1-l2a,05.11,L1284,Toome,-6.466696920835618,54.75354853784675,False,338.87523315847875,True,provisional_filtered_view_no_row_flags,99.815112,25.442178861464697,3.001451409379924,Sen2Cor_BOA_not_aquatic_Rw,False,19.3173198699951,15.4955825805664,0.128906279802322,0,False,False,298.5451035583995,False,footprint_shore_buffer_100m;outside_lake_polygon;scl_core_not_all_water;spectra_not_sampled_after_scl_rejection,False,,,,,,,,,,,,,,,,,,,,,,,,,,,,,,,,,,,,,,,,,,,,,,,,,,,,,,,,,,,,,,,,,,,,,,,17.3656253814697,False,False,1160560,2025-10-18T12:00:00Z,13.48276666800181,True,4,0,17.0965824127197,19.3173198699951,17.5870065689087,1
S2B_T29UPA_20251021T114347_L2A,2025-10-21,2025-10-21T11:46:13.631000Z,sentinel-2b,S2B_MSIL2A_20251021T114349_N0511_R123_T29UPA_20251021T152751.SAFE,sentinel-2-c1-l2a,05.11,L1278,Rea's Wood,-6.241996568375846,54.712602169290584,True,270.8840794505137,True,provisional_filtered_view_no_row_flags,92.121279,24.3738765609326,2.9917200551566308,Sen2Cor_BOA_not_aquatic_Rw,False,0.074069656431675,0.983585894107819,0.124681189656258,0,True,False,219.1519161730116,True,scl_cloud_shadow_snow_nearby;scl_core_not_all_water;spectra_not_sampled_after_scl_rejection,False,,,,,,,,,,,,,,,,,,,,,,,,,,,,,,,,,,,,,,,,,,,,,,,,,,,,,,,,,,,,,,,,,,,,,,,0.00571854924783111,False,False,1165801,2025-10-21T12:00:00Z,13.772816665967305,True,4,0,0.0,0.190907880663872,0.03989410283975305,1
S2B_T29UPA_20251021T114347_L2A,2025-10-21,2025-10-21T11:46:13.631000Z,sentinel-2b,S2B_MSIL2A_20251021T114349_N0511_R123_T29UPA_20251021T152751.SAFE,sentinel-2-c1-l2a,05.11,L1279,Washing Bay,-6.569769770482481,54.523188284062314,True,396.0713035201496,True,provisional_filtered_view_no_row_flags,92.121279,24.3738765609326,2.9917200551566308,Sen2Cor_BOA_not_aquatic_Rw,False,,,0.222511693835258,0,True,False,352.9038840688248,True,no_probe_within_15min;scl_cloud_shadow_snow_nearby;scl_core_not_all_water;spectra_not_sampled_after_scl_rejection,False,,,,,,,,,,,,,,,,,,,,,,,,,,,,,,,,,,,,,,,,,,,,,,,,,,,,,,,,,,,,,,,,,,,,,,,,,,,,,,,,,,,
S2B_T29UPA_20251021T114347_L2A,2025-10-21,2025-10-21T11:46:13.631000Z,sentinel-2b,S2B_MSIL2A_20251021T114349_N0511_R123_T29UPA_20251021T152751.SAFE,sentinel-2-c1-l2a,05.11,L1284,Toome,-6.466696920835618,54.75354853784675,False,338.87523315847875,True,provisional_filtered_view_no_row_flags,92.121279,24.3738765609326,2.9917200551566308,Sen2Cor_BOA_not_aquatic_Rw,False,27.9570560455322,32.3379936218262,0.0978415086865425,0,True,False,298.5451035583995,False,footprint_shore_buffer_100m;outside_lake_polygon;scl_cloud_shadow_snow_nearby;scl_core_not_all_water;spectra_not_sampled_after_scl_rejection,False,,,,,,,,,,,,,,,,,,,,,,,,,,,,,,,,,,,,,,,,,,,,,,,,,,,,,,,,,,,,,,,,,,,,,,,27.5333766937256,False,False,1165904,2025-10-21T12:00:00Z,13.772816665967305,True,4,0,26.7287349700928,27.9570560455322,27.40667152404785,1
S2C_T29UPA_20251023T113330_L2A,2025-10-23,2025-10-23T11:36:28.213000Z,sentinel-2c,S2C_MSIL2A_20251023T113331_N0511_R080_T29UPA_20251023T150927.SAFE,sentinel-2-c1-l2a,05.11,L1278,Rea's Wood,-6.241996568375846,54.712602169290584,True,270.8840794505137,True,provisional_filtered_view_no_row_flags,80.757833,23.485390266622503,9.314756495130675,Sen2Cor_BOA_not_aquatic_Rw,False,0.0,0.122020721435547,0.14613750576973,0,True,False,219.1519161730116,True,scl_cloud_shadow_snow_nearby;scl_core_not_all_water;spectra_not_sampled_after_scl_rejection;zero_or_negative_probe_requires_review,False,,,,,,,,,,,,,,,,,,,,,,,,,,,,,,,,,,,,,,,,,,,,,,,,,,,,,,,,,,,,,,,,,,,,,,,0.0,False,False,1169292,2025-10-23T11:30:00Z,-6.47021666765213,True,4,0,0.0,0.122020721435547,0.0237421989440918,1
S2C_T29UPA_20251023T113330_L2A,2025-10-23,2025-10-23T11:36:28.213000Z,sentinel-2c,S2C_MSIL2A_20251023T113331_N0511_R080_T29UPA_20251023T150927.SAFE,sentinel-2-c1-l2a,05.11,L1279,Washing Bay,-6.569769770482481,54.523188284062314,True,396.0713035201496,True,provisional_filtered_view_no_row_flags,80.757833,23.485390266622503,9.314756495130675,Sen2Cor_BOA_not_aquatic_Rw,False,,,0.195883244276047,0,True,False,352.9038840688248,True,no_probe_within_15min;scl_cloud_shadow_snow_nearby;scl_core_not_all_water;spectra_not_sampled_after_scl_rejection,False,,,,,,,,,,,,,,,,,,,,,,,,,,,,,,,,,,,,,,,,,,,,,,,,,,,,,,,,,,,,,,,,,,,,,,,,,,,,,,,,,,,
S2C_T29UPA_20251023T113330_L2A,2025-10-23,2025-10-23T11:36:28.213000Z,sentinel-2c,S2C_MSIL2A_20251023T113331_N0511_R080_T29UPA_20251023T150927.SAFE,sentinel-2-c1-l2a,05.11,L1284,Toome,-6.466696920835618,54.75354853784675,False,338.87523315847875,True,provisional_filtered_view_no_row_flags,80.757833,23.485390266622503,9.314756495130675,Sen2Cor_BOA_not_aquatic_Rw,False,28.9381694793701,30.2387161254883,0.0337315127253532,0,True,True,298.5451035583995,False,footprint_shore_buffer_100m;outside_lake_polygon;scl_cloud_shadow_snow_nearby;scl_core_not_all_water;spectra_not_sampled_after_scl_rejection,False,,,,,,,,,,,,,,,,,,,,,,,,,,,,,,,,,,,,,,,,,,,,,,,,,,,,,,,,,,,,,,,,,,,,,,,29.8741817474365,False,False,1169251,2025-10-23T11:30:00Z,-6.47021666765213,True,4,0,29.3847351074219,30.3791046142578,30.0564489364624,1
S2A_T29UPA_20251025T113533_L2A,2025-10-25,2025-10-25T11:36:31.862000Z,sentinel-2a,S2A_MSIL2A_20251025T113331_N0511_R080_T29UPA_20251025T153013.SAFE,sentinel-2-c1-l2a,05.11,L1278,Rea's Wood,-6.241996568375846,54.712602169290584,True,270.8840794505137,True,provisional_filtered_view_no_row_flags,66.880465,22.803275636768305,9.297724988755496,Sen2Cor_BOA_not_aquatic_Rw,False,0.444635391235352,0.122019685804844,0.246188536286354,0,True,False,219.1519161730116,True,scl_cloud_shadow_snow_nearby;scl_core_not_all_water;spectra_not_sampled_after_scl_rejection,False,,,,,,,,,,,,,,,,,,,,,,,,,,,,,,,,,,,,,,,,,,,,,,,,,,,,,,,,,,,,,,,,,,,,,,,0.169352367520332,False,False,1172904,2025-10-25T11:30:00Z,-6.531033333142599,True,4,0,0.122019685804844,0.278417348861694,0.1457264386117455,1
S2A_T29UPA_20251025T113533_L2A,2025-10-25,2025-10-25T11:36:31.862000Z,sentinel-2a,S2A_MSIL2A_20251025T113331_N0511_R080_T29UPA_20251025T153013.SAFE,sentinel-2-c1-l2a,05.11,L1279,Washing Bay,-6.569769770482481,54.523188284062314,True,396.0713035201496,True,provisional_filtered_view_no_row_flags,66.880465,22.803275636768305,9.297724988755496,Sen2Cor_BOA_not_aquatic_Rw,False,,,0.038325697183609,0,True,False,352.9038840688248,True,no_probe_within_15min;scl_cloud_shadow_snow_nearby;scl_core_not_all_water;spectra_not_sampled_after_scl_rejection,False,,,,,,,,,,,,,,,,,,,,,,,,,,,,,,,,,,,,,,,,,,,,,,,,,,,,,,,,,,,,,,,,,,,,,,,,,,,,,,,,,,,
S2A_T29UPA_20251025T113533_L2A,2025-10-25,2025-10-25T11:36:31.862000Z,sentinel-2a,S2A_MSIL2A_20251025T113331_N0511_R080_T29UPA_20251025T153013.SAFE,sentinel-2-c1-l2a,05.11,L1284,Toome,-6.466696920835618,54.75354853784675,False,338.87523315847875,True,provisional_filtered_view_no_row_flags,66.880465,22.803275636768305,9.297724988755496,Sen2Cor_BOA_not_aquatic_Rw,False,31.6466159820557,31.1730880737305,0.0413573011755943,0,True,False,298.5451035583995,False,footprint_shore_buffer_100m;outside_lake_polygon;scl_cloud_shadow_snow_nearby;scl_core_not_all_water;spectra_not_sampled_after_scl_rejection,False,,,,,,,,,,,,,,,,,,,,,,,,,,,,,,,,,,,,,,,,,,,,,,,,,,,,,,,,,,,,,,,,,,,,,,,31.8847198486328,False,False,1172863,2025-10-25T11:30:00Z,-6.531033333142599,True,4,0,29.1604633331299,31.9529590606689,31.528903961181648,1
S2C_T29UPA_20251026T114400_L2A,2025-10-26,2025-10-26T11:46:26.375000Z,sentinel-2c,S2C_MSIL2A_20251026T114401_N0511_R123_T29UPA_20251026T145102.SAFE,sentinel-2-c1-l2a,05.11,L1278,Rea's Wood,-6.241996568375846,54.712602169290584,True,270.8840794505137,True,provisional_filtered_view_no_row_flags,99.957335,22.654482171890095,2.9924370889488237,Sen2Cor_BOA_not_aquatic_Rw,False,0.669480383396149,2.41025137901306,0.19217537343502,0,True,False,219.1519161730116,True,scl_cloud_shadow_snow_nearby;scl_core_not_all_water;spectra_not_sampled_after_scl_rejection,False,,,,,,,,,,,,,,,,,,,,,,,,,,,,,,,,,,,,,,,,,,,,,,,,,,,,,,,,,,,,,,,,,,,,,,,1.80043840408325,False,False,1174871,2025-10-26T12:00:00Z,13.560416666666667,True,4,0,0.669480383396149,2.35996198654175,1.546088874340055,1
S2C_T29UPA_20251026T114400_L2A,2025-10-26,2025-10-26T11:46:26.375000Z,sentinel-2c,S2C_MSIL2A_20251026T114401_N0511_R123_T29UPA_20251026T145102.SAFE,sentinel-2-c1-l2a,05.11,L1279,Washing Bay,-6.569769770482481,54.523188284062314,True,396.0713035201496,True,provisional_filtered_view_no_row_flags,99.957335,22.654482171890095,2.9924370889488237,Sen2Cor_BOA_not_aquatic_Rw,False,,,0.0355107560753822,0,True,False,352.9038840688248,True,no_probe_within_15min;scl_cloud_shadow_snow_nearby;scl_core_not_all_water;spectra_not_sampled_after_scl_rejection,False,,,,,,,,,,,,,,,,,,,,,,,,,,,,,,,,,,,,,,,,,,,,,,,,,,,,,,,,,,,,,,,,,,,,,,,,,,,,,,,,,,,
S2C_T29UPA_20251026T114400_L2A,2025-10-26,2025-10-26T11:46:26.375000Z,sentinel-2c,S2C_MSIL2A_20251026T114401_N0511_R123_T29UPA_20251026T145102.SAFE,sentinel-2-c1-l2a,05.11,L1284,Toome,-6.466696920835618,54.75354853784675,False,338.87523315847875,True,provisional_filtered_view_no_row_flags,99.957335,22.654482171890095,2.9924370889488237,Sen2Cor_BOA_not_aquatic_Rw,False,28.0627765655518,28.5827026367188,0.0284527167677879,0,True,False,298.5451035583995,False,footprint_shore_buffer_100m;outside_lake_polygon;scl_cloud_shadow_snow_nearby;scl_core_not_all_water;spectra_not_sampled_after_scl_rejection,False,,,,,,,,,,,,,,,,,,,,,,,,,,,,,,,,,,,,,,,,,,,,,,,,,,,,,,,,,,,,,,,,,,,,,,,30.1153049468994,False,False,1174914,2025-10-26T12:00:00Z,13.560416666666667,True,4,0,26.912145614624,30.1153049468994,28.8302326202393,1
S2B_T29UPA_20251028T113316_L2A,2025-10-28,2025-10-28T11:36:14.730000Z,sentinel-2b,S2B_MSIL2A_20251028T113319_N0511_R080_T29UPA_20251028T122149.SAFE,sentinel-2-c1-l2a,05.11,L1278,Rea's Wood,-6.241996568375846,54.712602169290584,True,270.8840794505137,True,provisional_filtered_view_no_row_flags,38.586283,21.793320567272602,9.281619932504917,Sen2Cor_BOA_not_aquatic_Rw,False,0.813802301883698,2.54870939254761,0.113689795136452,9,False,False,219.1519161730116,True,,True,0.034400000000000014,0.0019311769583454676,36,1298,0,0,0.05624787257316896,0.029550000000000007,0.0016867379394983695,36,1264,0,0,0.05710765148306337,0.0242,0.0016208327382651489,36,1202,0,0,0.06728549190215101,0.023900000000000005,0.0017436303833038252,9,1195,0,0,0.0740569771105919,0.013800000000000007,0.0006396372428721879,9,1128,0,0,0.04616467671090369,0.013999999999999999,0.0006289320754704388,9,1123,0,0,0.045685138654027034,0.014299999999999993,0.0010496766109875549,36,1117,0,0,0.07309160153878526,0.010999999999999996,0.001409841948938835,9,1100,0,0,0.12379100039462945,0.008400000000000005,0.0007098947931094784,9,1077,0,0,0.08233315899465597,0.007400000000000004,0.001087413967080831,9,1056,0,0,0.1402109699674424,1.12371873855591,False,False,1178302,2025-10-28T11:30:00Z,-6.245500000317891,True,4,0,0.65248030424118,2.54870939254761,1.044631093740464,1
S2B_T29UPA_20251028T113316_L2A,2025-10-28,2025-10-28T11:36:14.730000Z,sentinel-2b,S2B_MSIL2A_20251028T113319_N0511_R080_T29UPA_20251028T122149.SAFE,sentinel-2-c1-l2a,05.11,L1279,Washing Bay,-6.569769770482481,54.523188284062314,True,396.0713035201496,True,provisional_filtered_view_no_row_flags,38.586283,21.793320567272602,9.281619932504917,Sen2Cor_BOA_not_aquatic_Rw,False,,,0.031561091542244,9,False,False,352.9038840688248,True,no_probe_within_15min,False,0.0262,0.0011393495003512426,36,1241,0,0,0.043440565571536464,0.019299999999999998,0.0011966388111892589,36,1165,0,0,0.06270596390511401,0.014499999999999999,0.0010878502699712609,36,1119,0,0,0.07509608766819825,0.013600000000000001,0.001168200050515617,9,1127,0,0,0.08311304707225733,0.011499999999999996,0.0005144816401240102,9,1101,0,0,0.045306602359257264,0.011899999999999994,0.0012257524773796977,9,1112,0,0,0.09849796693229713,0.012499999999999997,0.0010233802317640458,36,1107,0,0,0.08081089788002997,0.009499999999999995,0.0009768935395703699,9,1085,0,0,0.10059544457818456,0.008999999999999994,0.0005858411700650708,9,1077,0,0,0.06665702314267559,0.010700000000000001,0.0019530286704639872,9,1066,0,0,0.19168220320802493,,,,,,,,,,,,,
S2B_T29UPA_20251028T113316_L2A,2025-10-28,2025-10-28T11:36:14.730000Z,sentinel-2b,S2B_MSIL2A_20251028T113319_N0511_R080_T29UPA_20251028T122149.SAFE,sentinel-2-c1-l2a,05.11,L1284,Toome,-6.466696920835618,54.75354853784675,False,338.87523315847875,True,provisional_filtered_view_no_row_flags,38.586283,21.793320567272602,9.281619932504917,Sen2Cor_BOA_not_aquatic_Rw,False,26.8426113128662,25.7246246337891,0.0207161046564579,0,True,False,298.5451035583995,False,footprint_shore_buffer_100m;outside_lake_polygon;scl_cloud_shadow_snow_nearby;scl_core_not_all_water;spectra_not_sampled_after_scl_rejection,False,,,,,,,,,,,,,,,,,,,,,,,,,,,,,,,,,,,,,,,,,,,,,,,,,,,,,,,,,,,,,,,,,,,,,,,27.38623046875,False,False,1178345,2025-10-28T11:30:00Z,-6.245500000317891,True,4,0,25.7246246337891,28.4079608917236,27.3148069381714,1
S2A_T29UPA_20251028T114403_L2A,2025-10-28,2025-10-28T11:46:30.053000Z,sentinel-2a,S2A_MSIL2A_20251028T114401_N0511_R123_T29UPA_20251028T133013.SAFE,sentinel-2-c1-l2a,05.11,L1278,Rea's Wood,-6.241996568375846,54.712602169290584,True,270.8840794505137,True,provisional_filtered_view_no_row_flags,40.225607,21.9868378677167,2.9864501200893283,Sen2Cor_BOA_not_aquatic_Rw,False,0.965543448925018,0.934747874736786,0.168124705553055,9,False,False,219.1519161730116,True,,True,0.01745,0.0016262008858033653,36,1138,0,0,0.09353448136910232,0.022599999999999995,0.0015681705744648058,36,1196,0,0,0.06909085874523685,0.022650000000000003,0.0016190894407919366,36,1190,0,0,0.07237052379998722,0.022000000000000006,0.0006607141665474901,9,1207,0,0,0.030292549663410134,0.012899999999999995,0.0014768167301060032,9,1108,0,0,0.11438339561922571,0.013800000000000007,0.001134313301811571,9,1120,0,0,0.0823956393567727,0.01355,0.0011728769893295566,36,1100,0,0,0.08679048636354376,0.011800000000000005,0.0009138171197756493,9,1110,0,0,0.07601066615509099,0.009999999999999995,0.0007571877794400369,9,1089,0,0,0.07622695766174867,0.0087,0.0007375300789011572,9,1070,0,0,0.08699568427405524,0.65248030424118,False,False,1178303,2025-10-28T12:00:00Z,13.499116667111714,True,4,0,0.65248030424118,2.54870939254761,1.044631093740464,1
S2A_T29UPA_20251028T114403_L2A,2025-10-28,2025-10-28T11:46:30.053000Z,sentinel-2a,S2A_MSIL2A_20251028T114401_N0511_R123_T29UPA_20251028T133013.SAFE,sentinel-2-c1-l2a,05.11,L1279,Washing Bay,-6.569769770482481,54.523188284062314,True,396.0713035201496,True,provisional_filtered_view_no_row_flags,40.225607,21.9868378677167,2.9864501200893283,Sen2Cor_BOA_not_aquatic_Rw,False,,,0.032925933599472,0,True,False,352.9038840688248,True,no_probe_within_15min;scl_cloud_shadow_snow_nearby;scl_core_not_all_water;spectra_not_sampled_after_scl_rejection,False,,,,,,,,,,,,,,,,,,,,,,,,,,,,,,,,,,,,,,,,,,,,,,,,,,,,,,,,,,,,,,,,,,,,,,,,,,,,,,,,,,,
S2A_T29UPA_20251028T114403_L2A,2025-10-28,2025-10-28T11:46:30.053000Z,sentinel-2a,S2A_MSIL2A_20251028T114401_N0511_R123_T29UPA_20251028T133013.SAFE,sentinel-2-c1-l2a,05.11,L1284,Toome,-6.466696920835618,54.75354853784675,False,338.87523315847875,True,provisional_filtered_view_no_row_flags,40.225607,21.9868378677167,2.9864501200893283,Sen2Cor_BOA_not_aquatic_Rw,False,27.2433834075928,26.1863555908203,0.0283123552799225,5,False,True,298.5451035583995,False,footprint_shore_buffer_100m;outside_lake_polygon;scl_core_not_all_water;spectra_not_sampled_after_scl_rejection,False,,,,,,,,,,,,,,,,,,,,,,,,,,,,,,,,,,,,,,,,,,,,,,,,,,,,,,,,,,,,,,,,,,,,,,,28.4079608917236,False,False,1178346,2025-10-28T12:00:00Z,13.499116667111714,True,4,0,25.7246246337891,28.4079608917236,27.3148069381714,1
S2B_T29UPA_20251031T114345_L2A,2025-10-31,2025-10-31T11:46:11.593000Z,sentinel-2b,S2B_MSIL2A_20251031T114349_N0511_R123_T29UPA_20251031T134957.SAFE,sentinel-2-c1-l2a,05.11,L1278,Rea's Wood,-6.241996568375846,54.712602169290584,True,270.8840794505137,True,provisional_filtered_view_no_row_flags,88.029814,21.004165454072705,2.9887934032627315,Sen2Cor_BOA_not_aquatic_Rw,False,0.0,0.0,0.135814070701599,0,True,False,219.1519161730116,True,scl_cloud_shadow_snow_nearby;scl_core_not_all_water;spectra_not_sampled_after_scl_rejection,False,,,,,,,,,,,,,,,,,,,,,,,,,,,,,,,,,,,,,,,,,,,,,,,,,,,,,,,,,,,,,,,,,,,,,,,0.0378449745476246,False,False,1183691,2025-10-31T12:00:00Z,13.806783334414165,True,4,0,0.0,0.153159067034721,0.019808291748631753,1
S2B_T29UPA_20251031T114345_L2A,2025-10-31,2025-10-31T11:46:11.593000Z,sentinel-2b,S2B_MSIL2A_20251031T114349_N0511_R123_T29UPA_20251031T134957.SAFE,sentinel-2-c1-l2a,05.11,L1279,Washing Bay,-6.569769770482481,54.523188284062314,True,396.0713035201496,True,provisional_filtered_view_no_row_flags,88.029814,21.004165454072705,2.9887934032627315,Sen2Cor_BOA_not_aquatic_Rw,False,,,0.0809584707021713,0,True,False,352.9038840688248,True,no_probe_within_15min;scl_cloud_shadow_snow_nearby;scl_core_not_all_water;spectra_not_sampled_after_scl_rejection,False,,,,,,,,,,,,,,,,,,,,,,,,,,,,,,,,,,,,,,,,,,,,,,,,,,,,,,,,,,,,,,,,,,,,,,,,,,,,,,,,,,,
S2B_T29UPA_20251031T114345_L2A,2025-10-31,2025-10-31T11:46:11.593000Z,sentinel-2b,S2B_MSIL2A_20251031T114349_N0511_R123_T29UPA_20251031T134957.SAFE,sentinel-2-c1-l2a,05.11,L1284,Toome,-6.466696920835618,54.75354853784675,False,338.87523315847875,True,provisional_filtered_view_no_row_flags,88.029814,21.004165454072705,2.9887934032627315,Sen2Cor_BOA_not_aquatic_Rw,False,,,0.104896180331707,0,True,False,298.5451035583995,False,footprint_shore_buffer_100m;no_probe_within_15min;outside_lake_polygon;scl_cloud_shadow_snow_nearby;scl_core_not_all_water;spectra_not_sampled_after_scl_rejection,False,,,,,,,,,,,,,,,,,,,,,,,,,,,,,,,,,,,,,,,,,,,,,,,,,,,,,,,,,,,,,,,,,,,,,,,,,,,,,,,,,,,
S2C_T29UPA_20251102T113332_L2A,2025-11-02,2025-11-02T11:36:28.577000Z,sentinel-2c,S2C_MSIL2A_20251102T113331_N0511_R080_T29UPA_20251102T132611.SAFE,sentinel-2-c1-l2a,05.11,L1278,Rea's Wood,-6.241996568375846,54.712602169290584,True,270.8840794505137,True,provisional_filtered_view_no_row_flags,8.023994,20.191081385412502,9.289373835038266,Sen2Cor_BOA_not_aquatic_Rw,False,0.489442497491837,1.48686182498932,0.162300184369087,9,False,False,219.1519161730116,True,,True,0.0038499999999999993,0.0018508256415868994,36,1008,0,0,0.4745706773299743,0.007599999999999996,0.0018323903298663343,36,1029,0,0,0.240752014143022,0.009049999999999996,0.0012378296418418097,36,1053,0,0,0.1401316575669973,0.007499999999999993,0.0007253777219533089,9,1066,0,0,0.09643130720206473,0.006699999999999998,0.0002499382639822657,9,1065,0,0,0.03705839169424037,0.007499999999999993,0.0003695175366292399,9,1064,0,0,0.05000989217538587,0.008199999999999999,0.0006741249472052234,36,1071,0,0,0.08154737264579318,0.007800000000000001,0.0009254961965759473,9,1071,0,0,0.11410227081073324,0.007400000000000004,0.00048330140379847735,9,1065,0,0,0.06570562891520085,0.005199999999999996,0.0005659036256998583,9,1045,0,0,0.10588633329103381,0.6187863945961,False,False,1187302,2025-11-02T11:30:00Z,-6.476283331712087,True,4,0,0.429745107889175,1.53546965122223,1.05282410979271,1
S2C_T29UPA_20251102T113332_L2A,2025-11-02,2025-11-02T11:36:28.577000Z,sentinel-2c,S2C_MSIL2A_20251102T113331_N0511_R080_T29UPA_20251102T132611.SAFE,sentinel-2-c1-l2a,05.11,L1279,Washing Bay,-6.569769770482481,54.523188284062314,True,396.0713035201496,True,provisional_filtered_view_no_row_flags,8.023994,20.191081385412502,9.289373835038266,Sen2Cor_BOA_not_aquatic_Rw,False,,,0.136703178286552,9,False,False,352.9038840688248,True,no_probe_within_15min,False,0.0031999999999999945,0.001848345523120476,36,988,3,0,0.6065673548982422,0.0097,0.0021309810526876066,36,1064,0,0,0.21087223171180278,0.016350000000000003,0.0020031225624010125,36,1120,0,0,0.12428888701557475,0.014499999999999999,0.0021461996271330795,9,1128,0,0,0.1409912163810052,0.009499999999999995,0.0011093319088309934,9,1074,0,0,0.11773569787121393,0.007900000000000004,0.0011773584159066317,9,1053,0,0,0.15334624809203595,0.008499999999999994,0.001181372266518377,36,1061,0,0,0.13759107600990483,0.007599999999999996,0.000469304712932063,9,1064,0,0,0.06389928012690724,0.006000000000000005,0.0007228202652129158,9,1051,0,0,0.11936481443883011,0.005099999999999993,0.0006253887679764598,9,1041,0,0,0.12104298735028259,,,,,,,,,,,,,
S2C_T29UPA_20251102T113332_L2A,2025-11-02,2025-11-02T11:36:28.577000Z,sentinel-2c,S2C_MSIL2A_20251102T113331_N0511_R080_T29UPA_20251102T132611.SAFE,sentinel-2-c1-l2a,05.11,L1284,Toome,-6.466696920835618,54.75354853784675,False,338.87523315847875,True,provisional_filtered_view_no_row_flags,8.023994,20.191081385412502,9.289373835038266,Sen2Cor_BOA_not_aquatic_Rw,False,38.2873840332031,38.5471229553223,0.0299864336848259,5,False,True,298.5451035583995,False,footprint_shore_buffer_100m;outside_lake_polygon;scl_core_not_all_water;spectra_not_sampled_after_scl_rejection,False,,,,,,,,,,,,,,,,,,,,,,,,,,,,,,,,,,,,,,,,,,,,,,,,,,,,,,,,,,,,,,,,,,,,,,,37.8269500732422,False,False,1187345,2025-11-02T11:30:00Z,-6.476283331712087,True,4,0,37.8269500732422,39.2952919006348,38.9083576202393,1
S2A_T29UPA_20251104T113333_L2A,2025-11-04,2025-11-04T11:36:32.150000Z,sentinel-2a,S2A_MSIL2A_20251104T113331_N0511_R080_T29UPA_20251104T131709.SAFE,sentinel-2-c1-l2a,05.11,L1278,Rea's Wood,-6.241996568375846,54.712602169290584,True,270.8840794505137,True,provisional_filtered_view_no_row_flags,89.681506,19.574884871508203,9.302982730701736,Sen2Cor_BOA_not_aquatic_Rw,False,0.0430467911064625,0.0479691028594971,0.159339636564255,0,True,False,219.1519161730116,True,scl_cloud_shadow_snow_nearby;scl_core_not_all_water;spectra_not_sampled_after_scl_rejection;zero_or_negative_probe_requires_review,False,,,,,,,,,,,,,,,,,,,,,,,,,,,,,,,,,,,,,,,,,,,,,,,,,,,,,,,,,,,,,,,,,,,,,,,0.0,False,False,1190854,2025-11-04T11:30:00Z,-6.53583333492279,True,4,0,0.0,0.0479691028594971,0.01197751332074405,1
S2A_T29UPA_20251104T113333_L2A,2025-11-04,2025-11-04T11:36:32.150000Z,sentinel-2a,S2A_MSIL2A_20251104T113331_N0511_R080_T29UPA_20251104T131709.SAFE,sentinel-2-c1-l2a,05.11,L1279,Washing Bay,-6.569769770482481,54.523188284062314,True,396.0713035201496,True,provisional_filtered_view_no_row_flags,89.681506,19.574884871508203,9.302982730701736,Sen2Cor_BOA_not_aquatic_Rw,False,,,0.0502166450023651,0,True,False,352.9038840688248,True,no_probe_within_15min;scl_cloud_shadow_snow_nearby;scl_core_not_all_water;spectra_not_sampled_after_scl_rejection,False,,,,,,,,,,,,,,,,,,,,,,,,,,,,,,,,,,,,,,,,,,,,,,,,,,,,,,,,,,,,,,,,,,,,,,,,,,,,,,,,,,,
S2A_T29UPA_20251104T113333_L2A,2025-11-04,2025-11-04T11:36:32.150000Z,sentinel-2a,S2A_MSIL2A_20251104T113331_N0511_R080_T29UPA_20251104T131709.SAFE,sentinel-2-c1-l2a,05.11,L1284,Toome,-6.466696920835618,54.75354853784675,False,338.87523315847875,True,provisional_filtered_view_no_row_flags,89.681506,19.574884871508203,9.302982730701736,Sen2Cor_BOA_not_aquatic_Rw,False,,,0.0213549137115479,0,True,False,298.5451035583995,False,footprint_shore_buffer_100m;outside_lake_polygon;probe_gap_or_unbracketed;scl_cloud_shadow_snow_nearby;scl_core_not_all_water;spectra_not_sampled_after_scl_rejection,False,,,,,,,,,,,,,,,,,,,,,,,,,,,,,,,,,,,,,,,,,,,,,,,,,,,,,,,,,,,,,,,,,,,,,,,39.944019317627,False,False,1190957,2025-11-04T11:30:00Z,-6.53583333492279,False,1,0,39.944019317627,39.944019317627,39.944019317627,1
S2C_T29UPA_20251105T114359_L2A,2025-11-05,2025-11-05T11:46:25.836000Z,sentinel-2c,S2C_MSIL2A_20251105T114401_N0511_R123_T29UPA_20251105T133909.SAFE,sentinel-2-c1-l2a,05.11,L1278,Rea's Wood,-6.241996568375846,54.712602169290584,True,270.8840794505137,True,provisional_filtered_view_no_row_flags,99.821907,19.4518513988953,3.0014773468322637,Sen2Cor_BOA_not_aquatic_Rw,False,0.0,0.0,0.186544224619865,0,True,False,219.1519161730116,True,scl_cloud_shadow_snow_nearby;scl_core_not_all_water;spectra_not_sampled_after_scl_rejection;zero_or_negative_probe_requires_review,False,,,,,,,,,,,,,,,,,,,,,,,,,,,,,,,,,,,,,,,,,,,,,,,,,,,,,,,,,,,,,,,,,,,,,,,0.0,False,False,1192571,2025-11-05T12:00:00Z,13.569400000572205,True,4,0,0.0,0.151446342468262,0.0,1
S2C_T29UPA_20251105T114359_L2A,2025-11-05,2025-11-05T11:46:25.836000Z,sentinel-2c,S2C_MSIL2A_20251105T114401_N0511_R123_T29UPA_20251105T133909.SAFE,sentinel-2-c1-l2a,05.11,L1279,Washing Bay,-6.569769770482481,54.523188284062314,True,396.0713035201496,True,provisional_filtered_view_no_row_flags,99.821907,19.4518513988953,3.0014773468322637,Sen2Cor_BOA_not_aquatic_Rw,False,,,0.0981028527021408,0,True,False,352.9038840688248,True,no_probe_within_15min;scl_cloud_shadow_snow_nearby;scl_core_not_all_water;spectra_not_sampled_after_scl_rejection,False,,,,,,,,,,,,,,,,,,,,,,,,,,,,,,,,,,,,,,,,,,,,,,,,,,,,,,,,,,,,,,,,,,,,,,,,,,,,,,,,,,,
S2C_T29UPA_20251105T114359_L2A,2025-11-05,2025-11-05T11:46:25.836000Z,sentinel-2c,S2C_MSIL2A_20251105T114401_N0511_R123_T29UPA_20251105T133909.SAFE,sentinel-2-c1-l2a,05.11,L1284,Toome,-6.466696920835618,54.75354853784675,False,338.87523315847875,True,provisional_filtered_view_no_row_flags,99.821907,19.4518513988953,3.0014773468322637,Sen2Cor_BOA_not_aquatic_Rw,False,38.5956687927246,,0.0476238653063774,0,True,False,298.5451035583995,False,footprint_shore_buffer_100m;no_probe_within_15min;outside_lake_polygon;scl_cloud_shadow_snow_nearby;scl_core_not_all_water;spectra_not_sampled_after_scl_rejection,False,,,,,,,,,,,,,,,,,,,,,,,,,,,,,,,,,,,,,,,,,,,,,,,,,,,,,,,,,,,,,,,,,,,,,,,,,,,,,,,,,,,
S2B_T29UPA_20251107T113313_L2A,2025-11-07,2025-11-07T11:36:11.216000Z,sentinel-2b,S2B_MSIL2A_20251107T113319_N0511_R080_T29UPA_20251107T122118.SAFE,sentinel-2-c1-l2a,05.11,L1278,Rea's Wood,-6.241996568375846,54.712602169290584,True,270.8840794505137,True,provisional_filtered_view_no_row_flags,99.524611,18.671029817907296,9.323686929197667,Sen2Cor_BOA_not_aquatic_Rw,False,0.066106952726841,0.0,0.20079530775547,0,True,False,219.1519161730116,True,scl_cloud_shadow_snow_nearby;scl_core_not_all_water;spectra_not_sampled_after_scl_rejection,False,,,,,,,,,,,,,,,,,,,,,,,,,,,,,,,,,,,,,,,,,,,,,,,,,,,,,,,,,,,,,,,,,,,,,,,0.0342622585594654,False,False,1196182,2025-11-07T11:30:00Z,-6.186933334668478,True,4,0,0.0,1.45862674713135,0.0171311292797327,1
S2B_T29UPA_20251107T113313_L2A,2025-11-07,2025-11-07T11:36:11.216000Z,sentinel-2b,S2B_MSIL2A_20251107T113319_N0511_R080_T29UPA_20251107T122118.SAFE,sentinel-2-c1-l2a,05.11,L1279,Washing Bay,-6.569769770482481,54.523188284062314,True,396.0713035201496,True,provisional_filtered_view_no_row_flags,99.524611,18.671029817907296,9.323686929197667,Sen2Cor_BOA_not_aquatic_Rw,False,,,0.107805132865906,0,True,False,352.9038840688248,True,no_probe_within_15min;scl_cloud_shadow_snow_nearby;scl_core_not_all_water;spectra_not_sampled_after_scl_rejection,False,,,,,,,,,,,,,,,,,,,,,,,,,,,,,,,,,,,,,,,,,,,,,,,,,,,,,,,,,,,,,,,,,,,,,,,,,,,,,,,,,,,
S2B_T29UPA_20251107T113313_L2A,2025-11-07,2025-11-07T11:36:11.216000Z,sentinel-2b,S2B_MSIL2A_20251107T113319_N0511_R080_T29UPA_20251107T122118.SAFE,sentinel-2-c1-l2a,05.11,L1284,Toome,-6.466696920835618,54.75354853784675,False,338.87523315847875,True,provisional_filtered_view_no_row_flags,99.524611,18.671029817907296,9.323686929197667,Sen2Cor_BOA_not_aquatic_Rw,False,30.5404567718506,32.5812034606934,0.0304450541734695,0,True,False,298.5451035583995,False,footprint_shore_buffer_100m;outside_lake_polygon;scl_cloud_shadow_snow_nearby;scl_core_not_all_water;spectra_not_sampled_after_scl_rejection,False,,,,,,,,,,,,,,,,,,,,,,,,,,,,,,,,,,,,,,,,,,,,,,,,,,,,,,,,,,,,,,,,,,,,,,,32.4207916259766,False,False,1196225,2025-11-07T11:30:00Z,-6.186933334668478,True,4,0,32.4207916259766,35.3043785095215,33.85234451293945,1
S2A_T29UPA_20251107T114616_L2A,2025-11-07,2025-11-07T11:46:29.596000Z,sentinel-2a,S2A_MSIL2A_20251107T114401_N0511_R123_T29UPA_20251107T151410.SAFE,sentinel-2-c1-l2a,05.11,L1278,Rea's Wood,-6.241996568375846,54.712602169290584,True,270.8840794505137,True,provisional_filtered_view_no_row_flags,99.172616,18.858640651737105,2.9505021604923263,Sen2Cor_BOA_not_aquatic_Rw,False,0.0,0.0,0.15464198589325,0,True,False,219.1519161730116,True,scl_cloud_shadow_snow_nearby;scl_core_not_all_water;spectra_not_sampled_after_scl_rejection,False,,,,,,,,,,,,,,,,,,,,,,,,,,,,,,,,,,,,,,,,,,,,,,,,,,,,,,,,,,,,,,,,,,,,,,,1.45862674713135,False,False,1196183,2025-11-07T12:00:00Z,13.506733334064483,True,4,0,0.0,1.45862674713135,0.0171311292797327,1
S2A_T29UPA_20251107T114616_L2A,2025-11-07,2025-11-07T11:46:29.596000Z,sentinel-2a,S2A_MSIL2A_20251107T114401_N0511_R123_T29UPA_20251107T151410.SAFE,sentinel-2-c1-l2a,05.11,L1279,Washing Bay,-6.569769770482481,54.523188284062314,True,396.0713035201496,True,provisional_filtered_view_no_row_flags,99.172616,18.858640651737105,2.9505021604923263,Sen2Cor_BOA_not_aquatic_Rw,False,,,0.0954019129276276,0,True,False,352.9038840688248,True,no_probe_within_15min;scl_cloud_shadow_snow_nearby;scl_core_not_all_water;spectra_not_sampled_after_scl_rejection,False,,,,,,,,,,,,,,,,,,,,,,,,,,,,,,,,,,,,,,,,,,,,,,,,,,,,,,,,,,,,,,,,,,,,,,,,,,,,,,,,,,,
S2A_T29UPA_20251107T114616_L2A,2025-11-07,2025-11-07T11:46:29.596000Z,sentinel-2a,S2A_MSIL2A_20251107T114401_N0511_R123_T29UPA_20251107T151410.SAFE,sentinel-2-c1-l2a,05.11,L1284,Toome,-6.466696920835618,54.75354853784675,False,338.87523315847875,True,provisional_filtered_view_no_row_flags,99.172616,18.858640651737105,2.9505021604923263,Sen2Cor_BOA_not_aquatic_Rw,False,35.3043785095215,34.1757392883301,0.0339825376868248,0,True,False,298.5451035583995,False,footprint_shore_buffer_100m;outside_lake_polygon;scl_cloud_shadow_snow_nearby;scl_core_not_all_water;spectra_not_sampled_after_scl_rejection,False,,,,,,,,,,,,,,,,,,,,,,,,,,,,,,,,,,,,,,,,,,,,,,,,,,,,,,,,,,,,,,,,,,,,,,,35.1234855651855,False,False,1196226,2025-11-07T12:00:00Z,13.506733334064483,True,4,0,32.4207916259766,35.3043785095215,33.85234451293945,1
S2B_T29UPA_20251110T114343_L2A,2025-11-10,2025-11-10T11:46:09.656000Z,sentinel-2b,S2B_MSIL2A_20251110T114349_N0511_R123_T29UPA_20251110T134908.SAFE,sentinel-2-c1-l2a,05.11,L1278,Rea's Wood,-6.241996568375846,54.712602169290584,True,270.8840794505137,True,provisional_filtered_view_no_row_flags,57.266575,17.995390667063504,2.983922900224398,Sen2Cor_BOA_not_aquatic_Rw,False,0.348839670419693,0.413989067077637,0.13225793838501,9,False,False,219.1519161730116,True,,True,0.1003,0.018491413589642357,36,1646,0,0,0.189774470958186,0.0707,0.01455697618173347,36,1448,0,0,0.20050931379798168,0.059050000000000005,0.01167358888556282,36,1450,0,0,0.19033887398897664,0.05829999999999999,0.010223405728589569,9,1515,0,0,0.16771901486931484,0.057999999999999996,0.00949188087099368,9,1506,0,0,0.15600242483371643,0.06079999999999999,0.008503985993507856,9,1532,0,0,0.13476998404925286,0.07900000000000001,0.01591071053965043,36,1506,0,0,0.20466861267327074,0.056999999999999995,0.0086731741950271,9,1507,0,0,0.14062073095882524,0.05349999999999999,0.007195523299632593,9,1498,0,0,0.12712938691930373,0.043399999999999994,0.004877157642179172,9,1407,0,0,0.10564240380171493,0.384035348892212,False,False,1201511,2025-11-10T12:00:00Z,13.83906666835149,True,4,0,0.223930910229683,0.45719376206398,0.3664375096559525,1
S2B_T29UPA_20251110T114343_L2A,2025-11-10,2025-11-10T11:46:09.656000Z,sentinel-2b,S2B_MSIL2A_20251110T114349_N0511_R123_T29UPA_20251110T134908.SAFE,sentinel-2-c1-l2a,05.11,L1279,Washing Bay,-6.569769770482481,54.523188284062314,True,396.0713035201496,True,provisional_filtered_view_no_row_flags,57.266575,17.995390667063504,2.983922900224398,Sen2Cor_BOA_not_aquatic_Rw,False,,,0.0383617877960205,0,True,False,352.9038840688248,True,no_probe_within_15min;scl_cloud_shadow_snow_nearby;scl_core_not_all_water;spectra_not_sampled_after_scl_rejection,False,,,,,,,,,,,,,,,,,,,,,,,,,,,,,,,,,,,,,,,,,,,,,,,,,,,,,,,,,,,,,,,,,,,,,,,,,,,,,,,,,,,
S2B_T29UPA_20251110T114343_L2A,2025-11-10,2025-11-10T11:46:09.656000Z,sentinel-2b,S2B_MSIL2A_20251110T114349_N0511_R123_T29UPA_20251110T134908.SAFE,sentinel-2-c1-l2a,05.11,L1284,Toome,-6.466696920835618,54.75354853784675,False,338.87523315847875,True,provisional_filtered_view_no_row_flags,57.266575,17.995390667063504,2.983922900224398,Sen2Cor_BOA_not_aquatic_Rw,False,33.175365447998,32.857780456543,0.0227170139551163,0,True,False,298.5451035583995,False,footprint_shore_buffer_100m;outside_lake_polygon;scl_cloud_shadow_snow_nearby;scl_core_not_all_water;spectra_not_sampled_after_scl_rejection,False,,,,,,,,,,,,,,,,,,,,,,,,,,,,,,,,,,,,,,,,,,,,,,,,,,,,,,,,,,,,,,,,,,,,,,,30.2515544891357,False,False,1201614,2025-11-10T12:00:00Z,13.83906666835149,True,4,0,30.2515544891357,33.175365447998,31.12139797210695,1
S2C_T29UPA_20251112T113615_L2A,2025-11-12,2025-11-12T11:36:27.128000Z,sentinel-2c,S2C_MSIL2A_20251112T113331_N0511_R080_T29UPA_20251112T131315.SAFE,sentinel-2-c1-l2a,05.11,L1278,Rea's Wood,-6.241996568375846,54.712602169290584,True,270.8840794505137,True,provisional_filtered_view_no_row_flags,99.808508,17.268604073769197,9.240950644689828,Sen2Cor_BOA_not_aquatic_Rw,False,0.413606256246567,0.347976922988892,0.123285248875618,0,True,False,219.1519161730116,True,scl_cloud_shadow_snow_nearby;scl_core_not_all_water;spectra_not_sampled_after_scl_rejection,False,,,,,,,,,,,,,,,,,,,,,,,,,,,,,,,,,,,,,,,,,,,,,,,,,,,,,,,,,,,,,,,,,,,,,,,0.0720100402832031,False,False,1236230,2025-11-12T11:30:00Z,-6.452133333683014,True,4,0,0.0720100402832031,0.347976922988892,0.14527217671275133,1
S2C_T29UPA_20251112T113615_L2A,2025-11-12,2025-11-12T11:36:27.128000Z,sentinel-2c,S2C_MSIL2A_20251112T113331_N0511_R080_T29UPA_20251112T131315.SAFE,sentinel-2-c1-l2a,05.11,L1279,Washing Bay,-6.569769770482481,54.523188284062314,True,396.0713035201496,True,provisional_filtered_view_no_row_flags,99.808508,17.268604073769197,9.240950644689828,Sen2Cor_BOA_not_aquatic_Rw,False,,,0.186564296483994,0,True,False,352.9038840688248,True,no_probe_within_15min;scl_cloud_shadow_snow_nearby;scl_core_not_all_water;spectra_not_sampled_after_scl_rejection,False,,,,,,,,,,,,,,,,,,,,,,,,,,,,,,,,,,,,,,,,,,,,,,,,,,,,,,,,,,,,,,,,,,,,,,,,,,,,,,,,,,,
S2C_T29UPA_20251112T113615_L2A,2025-11-12,2025-11-12T11:36:27.128000Z,sentinel-2c,S2C_MSIL2A_20251112T113331_N0511_R080_T29UPA_20251112T131315.SAFE,sentinel-2-c1-l2a,05.11,L1284,Toome,-6.466696920835618,54.75354853784675,False,338.87523315847875,True,provisional_filtered_view_no_row_flags,99.808508,17.268604073769197,9.240950644689828,Sen2Cor_BOA_not_aquatic_Rw,False,29.7145233154297,28.9653377532959,0.0352931469678879,0,True,False,298.5451035583995,False,footprint_shore_buffer_100m;outside_lake_polygon;scl_cloud_shadow_snow_nearby;scl_core_not_all_water;spectra_not_sampled_after_scl_rejection,False,,,,,,,,,,,,,,,,,,,,,,,,,,,,,,,,,,,,,,,,,,,,,,,,,,,,,,,,,,,,,,,,,,,,,,,31.7808170318604,False,False,1236333,2025-11-12T11:30:00Z,-6.452133333683014,True,4,0,28.9653377532959,33.7106018066406,31.7473077774048,1
S2A_T29UPA_20251114T113418_L2A,2025-11-14,2025-11-14T11:36:30.605000Z,sentinel-2a,S2A_MSIL2A_20251114T113351_N0511_R080_T29UPA_20251114T153218.SAFE,sentinel-2-c1-l2a,05.11,L1278,Rea's Wood,-6.241996568375846,54.712602169290584,True,270.8840794505137,True,provisional_filtered_view_no_row_flags,89.195824,16.7401351766882,9.341723049525546,Sen2Cor_BOA_not_aquatic_Rw,False,7.16914033889771,7.29851007461548,0.128383681178093,9,False,False,219.1519161730116,True,,True,0.027499999999999997,0.0025019375208075625,36,1226,0,0,0.09183294325965767,0.0262,0.001875448506028739,36,1220,0,0,0.07203258958394815,0.02500000000000001,0.0016958737141429445,36,1194,0,0,0.0692507415031148,0.0257,0.0015533317437601128,9,1245,0,0,0.0585671792787642,0.02529999999999999,0.0016861820413416832,9,1219,0,0,0.06694150142071084,0.02779999999999999,0.0021858128414340016,9,1212,0,0,0.08145886365592551,0.029299999999999993,0.0024101812723179364,36,1236,0,0,0.08173954385628422,0.028700000000000003,0.0014494784076766985,9,1262,0,0,0.050348535967156646,0.019500000000000003,0.0007588164923983957,9,1187,0,0,0.03862753637774638,0.018500000000000003,0.0015849601778694924,9,1160,0,0,0.0865572912671446,0.453972905874252,False,False,1239782,2025-11-14T11:30:00Z,-6.510083333651225,True,4,0,0.44805583357811,7.54549551010132,3.8762414902448663,1
S2A_T29UPA_20251114T113418_L2A,2025-11-14,2025-11-14T11:36:30.605000Z,sentinel-2a,S2A_MSIL2A_20251114T113351_N0511_R080_T29UPA_20251114T153218.SAFE,sentinel-2-c1-l2a,05.11,L1279,Washing Bay,-6.569769770482481,54.523188284062314,True,396.0713035201496,True,provisional_filtered_view_no_row_flags,89.195824,16.7401351766882,9.341723049525546,Sen2Cor_BOA_not_aquatic_Rw,False,,,0.162151306867599,0,True,False,352.9038840688248,True,no_probe_within_15min;scl_cloud_shadow_snow_nearby;scl_core_not_all_water;spectra_not_sampled_after_scl_rejection,False,,,,,,,,,,,,,,,,,,,,,,,,,,,,,,,,,,,,,,,,,,,,,,,,,,,,,,,,,,,,,,,,,,,,,,,,,,,,,,,,,,,
S2A_T29UPA_20251114T113418_L2A,2025-11-14,2025-11-14T11:36:30.605000Z,sentinel-2a,S2A_MSIL2A_20251114T113351_N0511_R080_T29UPA_20251114T153218.SAFE,sentinel-2-c1-l2a,05.11,L1284,Toome,-6.466696920835618,54.75354853784675,False,338.87523315847875,True,provisional_filtered_view_no_row_flags,89.195824,16.7401351766882,9.341723049525546,Sen2Cor_BOA_not_aquatic_Rw,False,26.1489562988281,26.3356342315674,0.024642325937748,0,True,False,298.5451035583995,False,footprint_shore_buffer_100m;outside_lake_polygon;scl_cloud_shadow_snow_nearby;scl_core_not_all_water;spectra_not_sampled_after_scl_rejection,False,,,,,,,,,,,,,,,,,,,,,,,,,,,,,,,,,,,,,,,,,,,,,,,,,,,,,,,,,,,,,,,,,,,,,,,32.2752990722656,False,False,1239885,2025-11-14T11:30:00Z,-6.510083333651225,True,4,0,26.3356342315674,32.6073303222656,32.1509609222412,1
S2C_T29UPA_20251115T114501_L2A,2025-11-15,2025-11-15T11:46:22.921000Z,sentinel-2c,S2C_MSIL2A_20251115T114401_N0511_R123_T29UPA_20251115T132513.SAFE,sentinel-2-c1-l2a,05.11,L1278,Rea's Wood,-6.241996568375846,54.712602169290584,True,270.8840794505137,True,provisional_filtered_view_no_row_flags,98.727834,16.663257805761205,2.9942746329729,Sen2Cor_BOA_not_aquatic_Rw,False,0.0,0.0,0.168989062309265,0,True,False,219.1519161730116,True,scl_cloud_shadow_snow_nearby;scl_core_not_all_water;spectra_not_sampled_after_scl_rejection,False,,,,,,,,,,,,,,,,,,,,,,,,,,,,,,,,,,,,,,,,,,,,,,,,,,,,,,,,,,,,,,,,,,,,,,,0.0434697456657887,False,False,1241559,2025-11-15T12:00:00Z,13.617983333269756,True,4,0,0.0,0.198856756091118,0.0281540150754154,1
S2C_T29UPA_20251115T114501_L2A,2025-11-15,2025-11-15T11:46:22.921000Z,sentinel-2c,S2C_MSIL2A_20251115T114401_N0511_R123_T29UPA_20251115T132513.SAFE,sentinel-2-c1-l2a,05.11,L1279,Washing Bay,-6.569769770482481,54.523188284062314,True,396.0713035201496,True,provisional_filtered_view_no_row_flags,98.727834,16.663257805761205,2.9942746329729,Sen2Cor_BOA_not_aquatic_Rw,False,,,0.0762205719947815,0,True,False,352.9038840688248,True,no_probe_within_15min;scl_cloud_shadow_snow_nearby;scl_core_not_all_water;spectra_not_sampled_after_scl_rejection,False,,,,,,,,,,,,,,,,,,,,,,,,,,,,,,,,,,,,,,,,,,,,,,,,,,,,,,,,,,,,,,,,,,,,,,,,,,,,,,,,,,,
S2C_T29UPA_20251115T114501_L2A,2025-11-15,2025-11-15T11:46:22.921000Z,sentinel-2c,S2C_MSIL2A_20251115T114401_N0511_R123_T29UPA_20251115T132513.SAFE,sentinel-2-c1-l2a,05.11,L1284,Toome,-6.466696920835618,54.75354853784675,False,338.87523315847875,True,provisional_filtered_view_no_row_flags,98.727834,16.663257805761205,2.9942746329729,Sen2Cor_BOA_not_aquatic_Rw,False,30.5099716186523,23.3550415039063,0.0185401514172554,0,True,False,298.5451035583995,False,footprint_shore_buffer_100m;outside_lake_polygon;scl_cloud_shadow_snow_nearby;scl_core_not_all_water;spectra_not_sampled_after_scl_rejection,False,,,,,,,,,,,,,,,,,,,,,,,,,,,,,,,,,,,,,,,,,,,,,,,,,,,,,,,,,,,,,,,,,,,,,,,25.1045436859131,False,False,1241662,2025-11-15T12:00:00Z,13.617983333269756,True,4,0,25.1045436859131,31.3612117767334,29.556686401367152,1
S2B_T29UPA_20251117T113313_L2A,2025-11-17,2025-11-17T11:36:11.529000Z,sentinel-2b,S2B_MSIL2A_20251117T113319_N0511_R080_T29UPA_20251117T134850.SAFE,sentinel-2-c1-l2a,05.11,L1278,Rea's Wood,-6.241996568375846,54.712602169290584,True,270.8840794505137,True,provisional_filtered_view_no_row_flags,68.530917,15.975971875685701,9.302108259080569,Sen2Cor_BOA_not_aquatic_Rw,False,0.483133941888809,0.0,0.120972245931625,0,True,False,219.1519161730116,True,scl_cloud_shadow_snow_nearby;scl_core_not_all_water;spectra_not_sampled_after_scl_rejection;zero_or_negative_probe_requires_review,False,,,,,,,,,,,,,,,,,,,,,,,,,,,,,,,,,,,,,,,,,,,,,,,,,,,,,,,,,,,,,,,,,,,,,,,0.0,False,False,1245110,2025-11-17T11:30:00Z,-6.19215000073115,True,4,0,0.0,0.0,0.0,1
S2B_T29UPA_20251117T113313_L2A,2025-11-17,2025-11-17T11:36:11.529000Z,sentinel-2b,S2B_MSIL2A_20251117T113319_N0511_R080_T29UPA_20251117T134850.SAFE,sentinel-2-c1-l2a,05.11,L1279,Washing Bay,-6.569769770482481,54.523188284062314,True,396.0713035201496,True,provisional_filtered_view_no_row_flags,68.530917,15.975971875685701,9.302108259080569,Sen2Cor_BOA_not_aquatic_Rw,False,,,0.0393480286002159,2,True,False,352.9038840688248,True,no_probe_within_15min;scl_cloud_shadow_snow_nearby;scl_core_not_all_water;spectra_not_sampled_after_scl_rejection,False,,,,,,,,,,,,,,,,,,,,,,,,,,,,,,,,,,,,,,,,,,,,,,,,,,,,,,,,,,,,,,,,,,,,,,,,,,,,,,,,,,,
S2B_T29UPA_20251117T113313_L2A,2025-11-17,2025-11-17T11:36:11.529000Z,sentinel-2b,S2B_MSIL2A_20251117T113319_N0511_R080_T29UPA_20251117T134850.SAFE,sentinel-2-c1-l2a,05.11,L1284,Toome,-6.466696920835618,54.75354853784675,False,338.87523315847875,True,provisional_filtered_view_no_row_flags,68.530917,15.975971875685701,9.302108259080569,Sen2Cor_BOA_not_aquatic_Rw,False,27.2978610992432,30.2048778533936,0.0190120451152325,0,True,False,298.5451035583995,False,footprint_shore_buffer_100m;outside_lake_polygon;scl_cloud_shadow_snow_nearby;scl_core_not_all_water;spectra_not_sampled_after_scl_rejection,False,,,,,,,,,,,,,,,,,,,,,,,,,,,,,,,,,,,,,,,,,,,,,,,,,,,,,,,,,,,,,,,,,,,,,,,29.3611450195313,False,False,1245153,2025-11-17T11:30:00Z,-6.19215000073115,True,4,0,24.4113464355469,30.2048778533936,29.287301063537598,1
S2A_T29UPA_20251117T114419_L2A,2025-11-17,2025-11-17T11:46:29.391000Z,sentinel-2a,S2A_MSIL2A_20251117T114411_N0511_R123_T29UPA_20251117T151110.SAFE,sentinel-2-c1-l2a,05.11,L1278,Rea's Wood,-6.241996568375846,54.712602169290584,True,270.8840794505137,True,provisional_filtered_view_no_row_flags,51.544487,16.166589077726,2.9701925165291536,Sen2Cor_BOA_not_aquatic_Rw,False,0.0,0.0,0.124167963862419,0,True,False,219.1519161730116,True,scl_cloud_shadow_snow_nearby;scl_core_not_all_water;spectra_not_sampled_after_scl_rejection;zero_or_negative_probe_requires_review,False,,,,,,,,,,,,,,,,,,,,,,,,,,,,,,,,,,,,,,,,,,,,,,,,,,,,,,,,,,,,,,,,,,,,,,,0.0,False,False,1245111,2025-11-17T12:00:00Z,13.510149999459584,True,4,0,0.0,0.0,0.0,1
S2A_T29UPA_20251117T114419_L2A,2025-11-17,2025-11-17T11:46:29.391000Z,sentinel-2a,S2A_MSIL2A_20251117T114411_N0511_R123_T29UPA_20251117T151110.SAFE,sentinel-2-c1-l2a,05.11,L1279,Washing Bay,-6.569769770482481,54.523188284062314,True,396.0713035201496,True,provisional_filtered_view_no_row_flags,51.544487,16.166589077726,2.9701925165291536,Sen2Cor_BOA_not_aquatic_Rw,False,,,0.043469101190567,0,True,False,352.9038840688248,True,no_probe_within_15min;scl_cloud_shadow_snow_nearby;scl_core_not_all_water;spectra_not_sampled_after_scl_rejection,False,,,,,,,,,,,,,,,,,,,,,,,,,,,,,,,,,,,,,,,,,,,,,,,,,,,,,,,,,,,,,,,,,,,,,,,,,,,,,,,,,,,
S2A_T29UPA_20251117T114419_L2A,2025-11-17,2025-11-17T11:46:29.391000Z,sentinel-2a,S2A_MSIL2A_20251117T114411_N0511_R123_T29UPA_20251117T151110.SAFE,sentinel-2-c1-l2a,05.11,L1284,Toome,-6.466696920835618,54.75354853784675,False,338.87523315847875,True,provisional_filtered_view_no_row_flags,51.544487,16.166589077726,2.9701925165291536,Sen2Cor_BOA_not_aquatic_Rw,False,24.4113464355469,26.5051555633545,0.0273149684071541,0,True,True,298.5451035583995,False,footprint_shore_buffer_100m;outside_lake_polygon;scl_cloud_shadow_snow_nearby;scl_core_not_all_water;spectra_not_sampled_after_scl_rejection,False,,,,,,,,,,,,,,,,,,,,,,,,,,,,,,,,,,,,,,,,,,,,,,,,,,,,,,,,,,,,,,,,,,,,,,,29.2134571075439,False,False,1245154,2025-11-17T12:00:00Z,13.510149999459584,True,4,0,24.4113464355469,30.2048778533936,29.287301063537598,1
S2B_T29UPA_20251120T114451_L2A,2025-11-20,2025-11-20T11:46:08.553000Z,sentinel-2b,S2B_MSIL2A_20251120T114339_N0511_R123_T29UPA_20251120T134442.SAFE,sentinel-2-c1-l2a,05.11,L1278,Rea's Wood,-6.241996568375846,54.712602169290584,True,270.8840794505137,True,provisional_filtered_view_no_row_flags,17.188497,15.454801708960602,2.9836313889385586,Sen2Cor_BOA_not_aquatic_Rw,False,0.0,0.0,0.111696287989616,9,False,False,219.1519161730116,True,zero_or_negative_probe_requires_review,False,0.033850000000000005,0.0024912625090280785,36,1294,0,0,0.07374235349861111,0.020050000000000005,0.0018774161387462016,36,1169,0,0,0.09361077700119565,0.01185,0.0021651918057196593,36,1090,0,0,0.17484725214425242,0.011099999999999999,0.001358103252497559,9,1080,0,0,0.12497882691695328,0.009400000000000006,0.0008736188393934802,9,1089,0,0,0.0899607500519602,0.007499999999999993,0.002063318674033966,9,1055,0,0,0.25403376287695884,0.007749999999999993,0.0014429559638395929,36,1030,0,0,0.18545667510969427,0.005699999999999997,0.001389999555910756,9,1029,0,0,0.25221766135477436,0.0050000000000000044,0.0006782329983125293,9,1039,0,0,0.13298686241422145,0.004299999999999998,0.0011682000505156187,9,1029,0,0,0.2509260251704194,0.0,False,False,1250439,2025-11-20T12:00:00Z,13.857450000445048,True,4,0,0.0,0.0,0.0,1
S2B_T29UPA_20251120T114451_L2A,2025-11-20,2025-11-20T11:46:08.553000Z,sentinel-2b,S2B_MSIL2A_20251120T114339_N0511_R123_T29UPA_20251120T134442.SAFE,sentinel-2-c1-l2a,05.11,L1279,Washing Bay,-6.569769770482481,54.523188284062314,True,396.0713035201496,True,provisional_filtered_view_no_row_flags,17.188497,15.454801708960602,2.9836313889385586,Sen2Cor_BOA_not_aquatic_Rw,False,26.6030502319336,21.9906330108643,0.0240058675408363,0,True,False,352.9038840688248,True,scl_cloud_shadow_snow_nearby;scl_core_not_all_water;spectra_not_sampled_after_scl_rejection,False,,,,,,,,,,,,,,,,,,,,,,,,,,,,,,,,,,,,,,,,,,,,,,,,,,,,,,,,,,,,,,,,,,,,,,,20.5752925872803,False,False,1250499,2025-11-20T12:00:00Z,13.857450000445048,True,4,0,18.9773769378662,26.6030502319336,23.148603439331048,1
S2B_T29UPA_20251120T114451_L2A,2025-11-20,2025-11-20T11:46:08.553000Z,sentinel-2b,S2B_MSIL2A_20251120T114339_N0511_R123_T29UPA_20251120T134442.SAFE,sentinel-2-c1-l2a,05.11,L1284,Toome,-6.466696920835618,54.75354853784675,False,338.87523315847875,True,provisional_filtered_view_no_row_flags,17.188497,15.454801708960602,2.9836313889385586,Sen2Cor_BOA_not_aquatic_Rw,False,28.3151035308838,28.4282474517822,0.0235253050923347,0,True,False,298.5451035583995,False,footprint_shore_buffer_100m;outside_lake_polygon;scl_cloud_shadow_snow_nearby;scl_core_not_all_water;spectra_not_sampled_after_scl_rejection,False,,,,,,,,,,,,,,,,,,,,,,,,,,,,,,,,,,,,,,,,,,,,,,,,,,,,,,,,,,,,,,,,,,,,,,,25.1602935791016,False,False,1250542,2025-11-20T12:00:00Z,13.857450000445048,True,4,0,25.1602935791016,29.5122394561768,28.3521966934204,1
S2C_T29UPA_20251122T113456_L2A,2025-11-22,2025-11-22T11:36:25.528000Z,sentinel-2c,S2C_MSIL2A_20251122T113421_N0511_R080_T29UPA_20251122T131415.SAFE,sentinel-2-c1-l2a,05.11,L1278,Rea's Wood,-6.241996568375846,54.712602169290584,True,270.8840794505137,True,provisional_filtered_view_no_row_flags,97.372842,14.827317140650393,9.283511121152962,Sen2Cor_BOA_not_aquatic_Rw,False,0.605880796909332,0.954663217067719,0.140504479408264,0,True,False,219.1519161730116,True,scl_cloud_shadow_snow_nearby;scl_core_not_all_water;spectra_not_sampled_after_scl_rejection,False,,,,,,,,,,,,,,,,,,,,,,,,,,,,,,,,,,,,,,,,,,,,,,,,,,,,,,,,,,,,,,,,,,,,,,,0.323750495910645,False,False,1253866,2025-11-22T11:30:00Z,-6.425466668605805,True,4,0,0.2949558198452,1.33330273628235,0.639206856489182,1
S2C_T29UPA_20251122T113456_L2A,2025-11-22,2025-11-22T11:36:25.528000Z,sentinel-2c,S2C_MSIL2A_20251122T113421_N0511_R080_T29UPA_20251122T131415.SAFE,sentinel-2-c1-l2a,05.11,L1279,Washing Bay,-6.569769770482481,54.523188284062314,True,396.0713035201496,True,provisional_filtered_view_no_row_flags,97.372842,14.827317140650393,9.283511121152962,Sen2Cor_BOA_not_aquatic_Rw,False,0.0,0.0,0.0264142453670502,0,True,False,352.9038840688248,True,scl_cloud_shadow_snow_nearby;scl_core_not_all_water;spectra_not_sampled_after_scl_rejection;zero_or_negative_probe_requires_review,False,,,,,,,,,,,,,,,,,,,,,,,,,,,,,,,,,,,,,,,,,,,,,,,,,,,,,,,,,,,,,,,,,,,,,,,0.0,False,False,1254142,2025-11-22T11:30:00Z,-6.425466668605805,True,4,0,0.0,0.0,0.0,1
S2C_T29UPA_20251122T113456_L2A,2025-11-22,2025-11-22T11:36:25.528000Z,sentinel-2c,S2C_MSIL2A_20251122T113421_N0511_R080_T29UPA_20251122T131415.SAFE,sentinel-2-c1-l2a,05.11,L1284,Toome,-6.466696920835618,54.75354853784675,False,338.87523315847875,True,provisional_filtered_view_no_row_flags,97.372842,14.827317140650393,9.283511121152962,Sen2Cor_BOA_not_aquatic_Rw,False,0.0,0.0,0.0114977844059467,0,True,False,298.5451035583995,False,footprint_shore_buffer_100m;outside_lake_polygon;scl_cloud_shadow_snow_nearby;scl_core_not_all_water;spectra_not_sampled_after_scl_rejection;zero_or_negative_probe_requires_review,False,,,,,,,,,,,,,,,,,,,,,,,,,,,,,,,,,,,,,,,,,,,,,,,,,,,,,,,,,,,,,,,,,,,,,,,0.0,False,False,1253909,2025-11-22T11:30:00Z,-6.425466668605805,True,4,0,0.0,0.0,0.0,1
S2A_T29UPA_20251124T113430_L2A,2025-11-24,2025-11-24T11:36:32.815000Z,sentinel-2a,S2A_MSIL2A_20251124T113431_N0511_R080_T29UPA_20251124T124313.SAFE,sentinel-2-c1-l2a,05.11,L1278,Rea's Wood,-6.241996568375846,54.712602169290584,True,270.8840794505137,True,provisional_filtered_view_no_row_flags,14.780395,14.408961988302096,9.307200471250608,Sen2Cor_BOA_not_aquatic_Rw,False,0.173998758196831,0.308040767908096,0.0892340689897537,9,False,False,219.1519161730116,True,,True,0.01895,0.0026350600878664357,36,1103,0,0,0.13985281315522877,0.015600000000000003,0.0016323976911960581,36,1110,0,0,0.1019186903972565,0.010400000000000006,0.0017777951388041192,36,1044,0,0,0.16824559673225103,0.008199999999999999,0.000501356185452377,9,1071,0,0,0.06155805824108314,0.006099999999999994,0.001359556935817108,9,1041,0,0,0.2131709481246337,0.005099999999999993,0.0012355835328567099,9,1025,0,0,0.24877520795772673,0.004799999999999999,0.0012210695322008227,36,1031,0,0,0.2312388382915814,0.0040000000000000036,0.0009350513288875198,9,1016,0,0,0.25347776987914694,0.0058,0.001610459638399417,9,1038,0,0,0.2755539305246151,0.004900000000000002,0.0007355186294860157,9,1042,0,0,0.14677755355596775,0.116386495530605,False,False,1257538,2025-11-24T11:30:00Z,-6.546916667620341,True,4,0,0.076283298432827,0.308040767908096,0.204637166112661,1
S2A_T29UPA_20251124T113430_L2A,2025-11-24,2025-11-24T11:36:32.815000Z,sentinel-2a,S2A_MSIL2A_20251124T113431_N0511_R080_T29UPA_20251124T124313.SAFE,sentinel-2-c1-l2a,05.11,L1279,Washing Bay,-6.569769770482481,54.523188284062314,True,396.0713035201496,True,provisional_filtered_view_no_row_flags,14.780395,14.408961988302096,9.307200471250608,Sen2Cor_BOA_not_aquatic_Rw,False,22.2459106445313,22.2671527862549,0.0667461380362511,9,False,False,352.9038840688248,True,,True,0.02650000000000001,0.0032613465275618124,36,1200,0,0,0.1219068372881583,0.025749999999999995,0.0023106770425703658,36,1212,0,0,0.09071360254365668,0.025749999999999995,0.0026653063660096107,36,1193,0,0,0.10132104453679619,0.029099999999999987,0.003340806437721437,9,1247,0,0,0.11436766047734093,0.014299999999999993,0.0018937193138124175,9,1108,0,0,0.1322224501498197,0.014100000000000001,0.0022902908327907673,9,1112,0,0,0.15486564609404138,0.012449999999999996,0.002076916042336229,36,1061,0,0,0.16689503911630413,0.007800000000000001,0.0022473578451040286,9,1069,0,0,0.2503245124497062,0.004900000000000002,0.0009669858987570943,9,1043,0,0,0.181688373461667,0.003600000000000006,0.0007673909622147536,9,1024,0,0,0.20018894666471837,17.0178451538086,False,False,1257598,2025-11-24T11:30:00Z,-6.546916667620341,True,4,0,17.0178451538086,22.2671527862549,18.296665191650398,1
S2A_T29UPA_20251124T113430_L2A,2025-11-24,2025-11-24T11:36:32.815000Z,sentinel-2a,S2A_MSIL2A_20251124T113431_N0511_R080_T29UPA_20251124T124313.SAFE,sentinel-2-c1-l2a,05.11,L1284,Toome,-6.466696920835618,54.75354853784675,False,338.87523315847875,True,provisional_filtered_view_no_row_flags,14.780395,14.408961988302096,9.307200471250608,Sen2Cor_BOA_not_aquatic_Rw,False,1.55314218997955,1.39652025699615,0.0165716037154198,5,False,True,298.5451035583995,False,footprint_shore_buffer_100m;outside_lake_polygon;scl_core_not_all_water;spectra_not_sampled_after_scl_rejection,False,,,,,,,,,,,,,,,,,,,,,,,,,,,,,,,,,,,,,,,,,,,,,,,,,,,,,,,,,,,,,,,,,,,,,,,1.42657148838043,False,False,1257641,2025-11-24T11:30:00Z,-6.546916667620341,True,4,0,1.27063179016113,2.3969087600708,1.41154587268829,1
S2C_T29UPA_20251125T114429_L2A,2025-11-25,2025-11-25T11:46:22.981000Z,sentinel-2c,S2C_MSIL2A_20251125T114431_N0511_R123_T29UPA_20251125T150420.SAFE,sentinel-2-c1-l2a,05.11,L1278,Rea's Wood,-6.241996568375846,54.712602169290584,True,270.8840794505137,True,provisional_filtered_view_no_row_flags,8.767166,14.397868839402406,3.0146445838592038,Sen2Cor_BOA_not_aquatic_Rw,False,0.487442016601563,0.341403722763062,0.122716426849365,9,False,False,219.1519161730116,True,,True,0.019050000000000004,0.002298912786514529,36,1142,0,0,0.1229365126478358,0.012250000000000004,0.0019438649930257797,36,1073,0,0,0.1604290228081799,0.007999999999999993,0.0009719642514891384,36,1053,0,0,0.12078257871456327,0.006900000000000003,0.001220604990654171,9,1055,0,0,0.16746105054706611,0.005699999999999997,0.00023147407395555364,9,1051,0,0,0.040928618184675504,0.005199999999999996,0.0005033222956847185,9,1041,0,0,0.09869064621268996,0.003500000000000003,0.0006133481781617357,36,1014,0,0,0.18233306700101143,0.001799999999999996,0.0009425471137977107,9,1007,0,0,0.5172514648889877,0.0040999999999999925,0.0009696632990787305,9,1028,0,0,0.23909506004681022,0.004500000000000004,0.001531157877047448,9,1012,0,0,0.39943248966455175,0.321463912725449,False,False,1259255,2025-11-25T12:00:00Z,13.616983334223429,True,4,0,0.321463912725449,0.487442016601563,0.39470243453979503,1
S2C_T29UPA_20251125T114429_L2A,2025-11-25,2025-11-25T11:46:22.981000Z,sentinel-2c,S2C_MSIL2A_20251125T114431_N0511_R123_T29UPA_20251125T150420.SAFE,sentinel-2-c1-l2a,05.11,L1279,Washing Bay,-6.569769770482481,54.523188284062314,True,396.0713035201496,True,provisional_filtered_view_no_row_flags,8.767166,14.397868839402406,3.0146445838592038,Sen2Cor_BOA_not_aquatic_Rw,False,8.90451908111572,6.45137977600098,0.0527389124035835,9,False,False,352.9038840688248,True,,True,0.04820000000000001,0.00835426630124386,36,1342,0,0,0.17115501186249657,0.0426,0.00758085836698239,36,1337,0,0,0.1707186921127024,0.045,0.007668455407272922,36,1338,0,0,0.16813715491919434,0.048000000000000015,0.006339139638627998,9,1391,0,0,0.13055436326693817,0.0441,0.009265680736253157,9,1340,0,0,0.20509376937107332,0.04469999999999999,0.0078011395179023516,9,1340,0,0,0.17246439612164374,0.0446,0.009986031524949436,36,1287,0,0,0.2161608651904153,0.04400000000000001,0.008169183285711954,9,1334,0,0,0.18100110677352926,0.040700000000000014,0.00762657795856206,9,1312,0,0,0.18006086470896782,0.038000000000000006,0.00741636495432921,9,1305,0,0,0.18474199996945162,7.97729110717773,False,False,1259359,2025-11-25T12:00:00Z,13.616983334223429,True,4,0,6.47478532791138,11.1526575088501,8.440905094146725,1
S2C_T29UPA_20251125T114429_L2A,2025-11-25,2025-11-25T11:46:22.981000Z,sentinel-2c,S2C_MSIL2A_20251125T114431_N0511_R123_T29UPA_20251125T150420.SAFE,sentinel-2-c1-l2a,05.11,L1284,Toome,-6.466696920835618,54.75354853784675,False,338.87523315847875,True,provisional_filtered_view_no_row_flags,8.767166,14.397868839402406,3.0146445838592038,Sen2Cor_BOA_not_aquatic_Rw,False,0.0,0.0,0.0189500190317631,5,False,True,298.5451035583995,False,footprint_shore_buffer_100m;outside_lake_polygon;scl_core_not_all_water;spectra_not_sampled_after_scl_rejection;zero_or_negative_probe_requires_review,False,,,,,,,,,,,,,,,,,,,,,,,,,,,,,,,,,,,,,,,,,,,,,,,,,,,,,,,,,,,,,,,,,,,,,,,0.0,False,False,1259418,2025-11-25T12:00:00Z,13.616983334223429,True,4,0,0.0,0.0,0.0,1
S2B_T29UPA_20251127T113320_L2A,2025-11-27,2025-11-27T11:36:07.947000Z,sentinel-2b,S2B_MSIL2A_20251127T113319_N0511_R080_T29UPA_20251127T121241.SAFE,sentinel-2-c1-l2a,05.11,L1278,Rea's Wood,-6.241996568375846,54.712602169290584,True,270.8840794505137,True,provisional_filtered_view_no_row_flags,87.376624,13.8137748075643,9.331488537185518,Sen2Cor_BOA_not_aquatic_Rw,False,0.0,0.532186508178711,0.110464125871658,0,True,False,219.1519161730116,True,scl_cloud_shadow_snow_nearby;scl_core_not_all_water;spectra_not_sampled_after_scl_rejection;zero_or_negative_probe_requires_review,False,,,,,,,,,,,,,,,,,,,,,,,,,,,,,,,,,,,,,,,,,,,,,,,,,,,,,,,,,,,,,,,,,,,,,,,0.0,False,False,1262762,2025-11-27T11:30:00Z,-6.132450000445048,True,4,0,0.0,0.532186508178711,0.0706514930352569,1
S2B_T29UPA_20251127T113320_L2A,2025-11-27,2025-11-27T11:36:07.947000Z,sentinel-2b,S2B_MSIL2A_20251127T113319_N0511_R080_T29UPA_20251127T121241.SAFE,sentinel-2-c1-l2a,05.11,L1279,Washing Bay,-6.569769770482481,54.523188284062314,True,396.0713035201496,True,provisional_filtered_view_no_row_flags,87.376624,13.8137748075643,9.331488537185518,Sen2Cor_BOA_not_aquatic_Rw,False,1.36113846302032,3.55013847351074,0.0275595784187317,0,True,False,352.9038840688248,True,scl_cloud_shadow_snow_nearby;scl_core_not_all_water;spectra_not_sampled_after_scl_rejection,False,,,,,,,,,,,,,,,,,,,,,,,,,,,,,,,,,,,,,,,,,,,,,,,,,,,,,,,,,,,,,,,,,,,,,,,4.42149066925049,False,False,1263550,2025-11-27T11:30:00Z,-6.132450000445048,True,4,0,1.99796807765961,4.42149066925049,3.4062317609787,1
S2B_T29UPA_20251127T113320_L2A,2025-11-27,2025-11-27T11:36:07.947000Z,sentinel-2b,S2B_MSIL2A_20251127T113319_N0511_R080_T29UPA_20251127T121241.SAFE,sentinel-2-c1-l2a,05.11,L1284,Toome,-6.466696920835618,54.75354853784675,False,338.87523315847875,True,provisional_filtered_view_no_row_flags,87.376624,13.8137748075643,9.331488537185518,Sen2Cor_BOA_not_aquatic_Rw,False,0.0,1.02352106571198,0.0213284008204937,0,True,False,298.5451035583995,False,footprint_shore_buffer_100m;outside_lake_polygon;scl_cloud_shadow_snow_nearby;scl_core_not_all_water;spectra_not_sampled_after_scl_rejection;zero_or_negative_probe_requires_review,False,,,,,,,,,,,,,,,,,,,,,,,,,,,,,,,,,,,,,,,,,,,,,,,,,,,,,,,,,,,,,,,,,,,,,,,0.0,False,False,1262833,2025-11-27T11:30:00Z,-6.132450000445048,True,4,0,0.0,1.02352106571198,0.152092084288597,1
S2A_T29UPA_20251127T114443_L2A,2025-11-27,2025-11-27T11:46:30.648000Z,sentinel-2a,S2A_MSIL2A_20251127T114441_N0511_R123_T29UPA_20251127T162415.SAFE,sentinel-2-c1-l2a,05.11,L1278,Rea's Wood,-6.241996568375846,54.712602169290584,True,270.8840794505137,True,provisional_filtered_view_no_row_flags,92.663103,14.018762190310895,2.978341917885214,Sen2Cor_BOA_not_aquatic_Rw,False,0.121679149568081,1.09136152267456,0.0995859503746033,0,True,False,219.1519161730116,True,scl_cloud_shadow_snow_nearby;scl_core_not_all_water;spectra_not_sampled_after_scl_rejection,False,,,,,,,,,,,,,,,,,,,,,,,,,,,,,,,,,,,,,,,,,,,,,,,,,,,,,,,,,,,,,,,,,,,,,,,0.0196238365024328,False,False,1262763,2025-11-27T12:00:00Z,13.48919999996821,True,4,0,0.0,0.532186508178711,0.0706514930352569,1
S2A_T29UPA_20251127T114443_L2A,2025-11-27,2025-11-27T11:46:30.648000Z,sentinel-2a,S2A_MSIL2A_20251127T114441_N0511_R123_T29UPA_20251127T162415.SAFE,sentinel-2-c1-l2a,05.11,L1279,Washing Bay,-6.569769770482481,54.523188284062314,True,396.0713035201496,True,provisional_filtered_view_no_row_flags,92.663103,14.018762190310895,2.978341917885214,Sen2Cor_BOA_not_aquatic_Rw,False,1.99796807765961,2.68272376060486,0.0359482318162918,0,True,False,352.9038840688248,True,scl_cloud_shadow_snow_nearby;scl_core_not_all_water;spectra_not_sampled_after_scl_rejection,False,,,,,,,,,,,,,,,,,,,,,,,,,,,,,,,,,,,,,,,,,,,,,,,,,,,,,,,,,,,,,,,,,,,,,,,3.26232504844666,False,False,1263551,2025-11-27T12:00:00Z,13.48919999996821,True,4,0,1.99796807765961,4.42149066925049,3.4062317609787,1
S2A_T29UPA_20251127T114443_L2A,2025-11-27,2025-11-27T11:46:30.648000Z,sentinel-2a,S2A_MSIL2A_20251127T114441_N0511_R123_T29UPA_20251127T162415.SAFE,sentinel-2-c1-l2a,05.11,L1284,Toome,-6.466696920835618,54.75354853784675,False,338.87523315847875,True,provisional_filtered_view_no_row_flags,92.663103,14.018762190310895,2.978341917885214,Sen2Cor_BOA_not_aquatic_Rw,False,0.304184168577194,0.391064405441284,0.0169197283685207,0,True,False,298.5451035583995,False,footprint_shore_buffer_100m;outside_lake_polygon;scl_cloud_shadow_snow_nearby;scl_core_not_all_water;spectra_not_sampled_after_scl_rejection;zero_or_negative_probe_requires_review,False,,,,,,,,,,,,,,,,,,,,,,,,,,,,,,,,,,,,,,,,,,,,,,,,,,,,,,,,,,,,,,,,,,,,,,,0.0,False,False,1262834,2025-11-27T12:00:00Z,13.48919999996821,True,4,0,0.0,1.02352106571198,0.152092084288597,1
S2B_T29UPA_20251130T114341_L2A,2025-11-30,2025-11-30T11:46:07.342000Z,sentinel-2b,S2B_MSIL2A_20251130T114339_N0511_R123_T29UPA_20251130T122415.SAFE,sentinel-2-c1-l2a,05.11,L1278,Rea's Wood,-6.241996568375846,54.712602169290584,True,270.8840794505137,True,provisional_filtered_view_no_row_flags,68.030286,13.488650021943798,2.961172908479767,Sen2Cor_BOA_not_aquatic_Rw,False,1.00885593891144,0.971937596797943,0.141513496637344,0,True,False,219.1519161730116,True,scl_cloud_shadow_snow_nearby;scl_core_not_all_water;spectra_not_sampled_after_scl_rejection,False,,,,,,,,,,,,,,,,,,,,,,,,,,,,,,,,,,,,,,,,,,,,,,,,,,,,,,,,,,,,,,,,,,,,,,,0.91939514875412,False,False,1268135,2025-11-30T12:00:00Z,13.877633333206177,True,4,0,0.91939514875412,1.17253971099854,1.055654644966125,1
S2B_T29UPA_20251130T114341_L2A,2025-11-30,2025-11-30T11:46:07.342000Z,sentinel-2b,S2B_MSIL2A_20251130T114339_N0511_R123_T29UPA_20251130T122415.SAFE,sentinel-2-c1-l2a,05.11,L1279,Washing Bay,-6.569769770482481,54.523188284062314,True,396.0713035201496,True,provisional_filtered_view_no_row_flags,68.030286,13.488650021943798,2.961172908479767,Sen2Cor_BOA_not_aquatic_Rw,False,1.6655935049057,1.635085105896,0.0299663692712784,0,True,False,352.9038840688248,True,scl_cloud_shadow_snow_nearby;scl_core_not_all_water;spectra_not_sampled_after_scl_rejection,False,,,,,,,,,,,,,,,,,,,,,,,,,,,,,,,,,,,,,,,,,,,,,,,,,,,,,,,,,,,,,,,,,,,,,,,1.17633354663849,False,False,1268239,2025-11-30T12:00:00Z,13.877633333206177,True,4,0,1.17633354663849,1.6655935049057,1.391355335712435,1
S2B_T29UPA_20251130T114341_L2A,2025-11-30,2025-11-30T11:46:07.342000Z,sentinel-2b,S2B_MSIL2A_20251130T114339_N0511_R123_T29UPA_20251130T122415.SAFE,sentinel-2-c1-l2a,05.11,L1284,Toome,-6.466696920835618,54.75354853784675,False,338.87523315847875,True,provisional_filtered_view_no_row_flags,68.030286,13.488650021943798,2.961172908479767,Sen2Cor_BOA_not_aquatic_Rw,False,0.0,0.0,0.0278145745396614,0,True,False,298.5451035583995,False,footprint_shore_buffer_100m;outside_lake_polygon;scl_cloud_shadow_snow_nearby;scl_core_not_all_water;spectra_not_sampled_after_scl_rejection;zero_or_negative_probe_requires_review,False,,,,,,,,,,,,,,,,,,,,,,,,,,,,,,,,,,,,,,,,,,,,,,,,,,,,,,,,,,,,,,,,,,,,,,,0.0,False,False,1268298,2025-11-30T12:00:00Z,13.877633333206177,True,4,0,0.0,0.0,0.0,1
S2C_T29UPA_20251202T113447_L2A,2025-12-02,2025-12-02T11:36:23.634000Z,sentinel-2c,S2C_MSIL2A_20251202T113451_N0511_R080_T29UPA_20251202T130612.SAFE,sentinel-2-c1-l2a,05.11,L1278,Rea's Wood,-6.241996568375846,54.712602169290584,True,270.8840794505137,True,provisional_filtered_view_no_row_flags,5.119286,12.971314784703196,9.284224147327086,Sen2Cor_BOA_not_aquatic_Rw,False,0.885139942169189,0.950743973255157,0.104932770133018,9,False,False,219.1519161730116,True,,True,0.02785,0.0032907593686294064,36,1186,0,0,0.11862154527952201,0.020450000000000003,0.002460507513140779,36,1146,0,0,0.12317934984434437,0.015349999999999996,0.0019792655920695987,36,1110,0,0,0.12934028192867228,0.012700000000000003,0.0017978038729049698,9,1116,0,0,0.13328035301601918,0.010099999999999998,0.0001369869778437547,9,1099,0,0,0.013578004411825904,0.0076999999999999985,0.0012622730819174342,9,1063,0,0,0.1591100523425337,0.009099999999999997,0.0003699662146737187,36,1087,0,0,0.04025017748036831,0.007900000000000004,0.001037089945740271,9,1063,0,0,0.13706034525201813,0.006000000000000005,0.001001233806761672,9,1042,0,0,0.16294944413842768,0.006099999999999994,0.0012344839477627706,9,1046,0,0,0.19526108136845238,1.25268137454987,False,False,1271746,2025-12-02T11:30:00Z,-6.393900001049042,True,4,0,0.950743973255157,1.26459074020386,1.21479278802872,1
S2C_T29UPA_20251202T113447_L2A,2025-12-02,2025-12-02T11:36:23.634000Z,sentinel-2c,S2C_MSIL2A_20251202T113451_N0511_R080_T29UPA_20251202T130612.SAFE,sentinel-2-c1-l2a,05.11,L1279,Washing Bay,-6.569769770482481,54.523188284062314,True,396.0713035201496,True,provisional_filtered_view_no_row_flags,5.119286,12.971314784703196,9.284224147327086,Sen2Cor_BOA_not_aquatic_Rw,False,35.3698425292969,33.644401550293,0.134036049246788,9,False,False,352.9038840688248,True,,True,0.028999999999999998,0.0033412821890206564,36,1216,0,0,0.11449282201098764,0.025249999999999995,0.002574423104500823,36,1200,0,0,0.10131092234590035,0.03225,0.001699691330001998,36,1291,0,0,0.052495614173019844,0.03140000000000001,0.0014803236216082542,9,1301,0,0,0.046324452692886965,0.015899999999999997,0.0010681702365826285,9,1140,0,0,0.06639179647267719,0.012700000000000003,0.0008152860590152957,9,1113,0,0,0.06493428788617399,0.01165,0.0013202366043092528,36,1079,0,0,0.11241371276048512,0.007400000000000004,0.0011811273125260716,9,1056,0,0,0.15586724065593321,0.003500000000000003,0.0008894442709417554,9,1019,0,0,0.27227885845155786,0.0023999999999999994,0.001526069752301279,9,1000,1,0,0.6023959548557684,30.3215179443359,False,False,1271934,2025-12-02T11:30:00Z,-6.393900001049042,True,4,0,30.3215179443359,35.5367698669434,33.87331581115725,1
S2C_T29UPA_20251202T113447_L2A,2025-12-02,2025-12-02T11:36:23.634000Z,sentinel-2c,S2C_MSIL2A_20251202T113451_N0511_R080_T29UPA_20251202T130612.SAFE,sentinel-2-c1-l2a,05.11,L1284,Toome,-6.466696920835618,54.75354853784675,False,338.87523315847875,True,provisional_filtered_view_no_row_flags,5.119286,12.971314784703196,9.284224147327086,Sen2Cor_BOA_not_aquatic_Rw,False,0.0,0.0,0.0146976560354233,5,False,True,298.5451035583995,False,footprint_shore_buffer_100m;outside_lake_polygon;scl_core_not_all_water;spectra_not_sampled_after_scl_rejection;zero_or_negative_probe_requires_review,False,,,,,,,,,,,,,,,,,,,,,,,,,,,,,,,,,,,,,,,,,,,,,,,,,,,,,,,,,,,,,,,,,,,,,,,0.0,False,False,1271789,2025-12-02T11:30:00Z,-6.393900001049042,True,4,0,0.0,0.0,0.0,1
S2A_T29UPA_20251204T113500_L2A,2025-12-04,2025-12-04T11:36:31.986000Z,sentinel-2a,S2A_MSIL2A_20251204T113501_N0511_R080_T29UPA_20251204T151609.SAFE,sentinel-2-c1-l2a,05.11,L1278,Rea's Wood,-6.241996568375846,54.712602169290584,True,270.8840794505137,True,provisional_filtered_view_no_row_flags,74.582791,12.681894706523394,9.335437878321633,Sen2Cor_BOA_not_aquatic_Rw,False,28.6786060333252,31.3151550292969,0.206945523619652,0,True,False,219.1519161730116,True,scl_cloud_shadow_snow_nearby;scl_core_not_all_water;spectra_not_sampled_after_scl_rejection,False,,,,,,,,,,,,,,,,,,,,,,,,,,,,,,,,,,,,,,,,,,,,,,,,,,,,,,,,,,,,,,,,,,,,,,,28.3539524078369,False,False,1275178,2025-12-04T11:30:00Z,-6.533100001017252,True,4,0,18.3458061218262,31.3151550292969,24.23123359680175,1
S2A_T29UPA_20251204T113500_L2A,2025-12-04,2025-12-04T11:36:31.986000Z,sentinel-2a,S2A_MSIL2A_20251204T113501_N0511_R080_T29UPA_20251204T151609.SAFE,sentinel-2-c1-l2a,05.11,L1279,Washing Bay,-6.569769770482481,54.523188284062314,True,396.0713035201496,True,provisional_filtered_view_no_row_flags,74.582791,12.681894706523394,9.335437878321633,Sen2Cor_BOA_not_aquatic_Rw,False,16.4887104034424,2.94855904579163,0.036751925945282,9,False,False,352.9038840688248,True,,True,0.03259999999999999,0.0031857127039484822,36,1285,0,0,0.0971583000187609,0.0216,0.002484619353811231,36,1169,0,0,0.11646653220990147,0.019049999999999997,0.0019145801847795813,36,1157,0,0,0.10118157171471655,0.0175,0.0009626352718795761,9,1164,0,0,0.05418209785438515,0.010899999999999993,0.0016566364853052254,9,1076,0,0,0.15060331684592956,0.0116,0.001140608457938565,9,1102,0,0,0.0959390291724027,0.009499999999999995,0.0018538664967182306,36,1060,0,0,0.19851039227202946,0.008099999999999996,0.0016193277068654816,9,1048,0,0,0.20849712963933237,0.0039000000000000007,0.0010640012995443654,9,1022,0,0,0.258811126916197,0.004699999999999996,0.0014818240344709615,9,1021,0,0,0.33257896035507867,1.9813324213028,False,False,1275326,2025-12-04T11:30:00Z,-6.533100001017252,True,4,0,1.68309938907623,3.40559840202332,2.464945733547215,1
S2A_T29UPA_20251204T113500_L2A,2025-12-04,2025-12-04T11:36:31.986000Z,sentinel-2a,S2A_MSIL2A_20251204T113501_N0511_R080_T29UPA_20251204T151609.SAFE,sentinel-2-c1-l2a,05.11,L1284,Toome,-6.466696920835618,54.75354853784675,False,338.87523315847875,True,provisional_filtered_view_no_row_flags,74.582791,12.681894706523394,9.335437878321633,Sen2Cor_BOA_not_aquatic_Rw,False,0.0,0.0,0.0186324678361416,0,True,False,298.5451035583995,False,footprint_shore_buffer_100m;outside_lake_polygon;scl_cloud_shadow_snow_nearby;scl_core_not_all_water;spectra_not_sampled_after_scl_rejection;zero_or_negative_probe_requires_review,False,,,,,,,,,,,,,,,,,,,,,,,,,,,,,,,,,,,,,,,,,,,,,,,,,,,,,,,,,,,,,,,,,,,,,,,0.0,False,False,1275401,2025-12-04T11:30:00Z,-6.533100001017252,True,4,0,0.0,0.0,0.0,1
S2C_T29UPA_20251205T114455_L2A,2025-12-05,2025-12-05T11:46:20.821000Z,sentinel-2c,S2C_MSIL2A_20251205T114501_N0511_R123_T29UPA_20251205T133410.SAFE,sentinel-2-c1-l2a,05.11,L1278,Rea's Wood,-6.241996568375846,54.712602169290584,True,270.8840794505137,True,provisional_filtered_view_no_row_flags,99.962866,12.754128204010797,2.9916280999482825,Sen2Cor_BOA_not_aquatic_Rw,False,0.346574872732162,0.47734522819519,0.0642854049801826,0,True,False,219.1519161730116,True,scl_cloud_shadow_snow_nearby;scl_core_not_all_water;spectra_not_sampled_after_scl_rejection,False,,,,,,,,,,,,,,,,,,,,,,,,,,,,,,,,,,,,,,,,,,,,,,,,,,,,,,,,,,,,,,,,,,,,,,,0.369666427373886,False,False,1277053,2025-12-05T12:00:00Z,13.652983331680298,True,4,0,0.346574872732162,0.416015535593033,0.391046807169914,1
S2C_T29UPA_20251205T114455_L2A,2025-12-05,2025-12-05T11:46:20.821000Z,sentinel-2c,S2C_MSIL2A_20251205T114501_N0511_R123_T29UPA_20251205T133410.SAFE,sentinel-2-c1-l2a,05.11,L1279,Washing Bay,-6.569769770482481,54.523188284062314,True,396.0713035201496,True,provisional_filtered_view_no_row_flags,99.962866,12.754128204010797,2.9916280999482825,Sen2Cor_BOA_not_aquatic_Rw,False,16.9091281890869,13.1822357177734,0.0535962507128716,0,True,False,352.9038840688248,True,scl_cloud_shadow_snow_nearby;scl_core_not_all_water;spectra_not_sampled_after_scl_rejection,False,,,,,,,,,,,,,,,,,,,,,,,,,,,,,,,,,,,,,,,,,,,,,,,,,,,,,,,,,,,,,,,,,,,,,,,12.7323408126831,False,False,1308369,2025-12-05T12:00:00Z,13.652983331680298,True,4,0,11.4785194396973,17.0454349517822,14.820734500884999,1
S2C_T29UPA_20251205T114455_L2A,2025-12-05,2025-12-05T11:46:20.821000Z,sentinel-2c,S2C_MSIL2A_20251205T114501_N0511_R123_T29UPA_20251205T133410.SAFE,sentinel-2-c1-l2a,05.11,L1284,Toome,-6.466696920835618,54.75354853784675,False,338.87523315847875,True,provisional_filtered_view_no_row_flags,99.962866,12.754128204010797,2.9916280999482825,Sen2Cor_BOA_not_aquatic_Rw,False,0.0,0.377735763788223,0.0155200362205505,0,True,False,298.5451035583995,False,footprint_shore_buffer_100m;outside_lake_polygon;scl_cloud_shadow_snow_nearby;scl_core_not_all_water;spectra_not_sampled_after_scl_rejection;zero_or_negative_probe_requires_review,False,,,,,,,,,,,,,,,,,,,,,,,,,,,,,,,,,,,,,,,,,,,,,,,,,,,,,,,,,,,,,,,,,,,,,,,0.0,False,False,1277124,2025-12-05T12:00:00Z,13.652983331680298,True,4,0,0.0,0.0,0.0,1
S2B_T29UPA_20251207T113353_L2A,2025-12-07,2025-12-07T11:36:12.584000Z,sentinel-2b,S2B_MSIL2A_20251207T113359_N0511_R080_T29UPA_20251207T121527.SAFE,sentinel-2-c1-l2a,05.11,L1278,Rea's Wood,-6.241996568375846,54.712602169290584,True,270.8840794505137,True,provisional_filtered_view_no_row_flags,99.995077,12.286411421715101,9.320927572990286,Sen2Cor_BOA_not_aquatic_Rw,False,0.354261785745621,0.37925061583519,0.126920476555824,0,True,False,219.1519161730116,True,scl_cloud_shadow_snow_nearby;scl_core_not_all_water;spectra_not_sampled_after_scl_rejection,False,,,,,,,,,,,,,,,,,,,,,,,,,,,,,,,,,,,,,,,,,,,,,,,,,,,,,,,,,,,,,,,,,,,,,,,0.362872451543808,False,False,1311743,2025-12-07T11:30:00Z,-6.209733335177104,True,4,0,0.362872451543808,0.403699964284897,0.38226401805877697,1
S2B_T29UPA_20251207T113353_L2A,2025-12-07,2025-12-07T11:36:12.584000Z,sentinel-2b,S2B_MSIL2A_20251207T113359_N0511_R080_T29UPA_20251207T121527.SAFE,sentinel-2-c1-l2a,05.11,L1279,Washing Bay,-6.569769770482481,54.523188284062314,True,396.0713035201496,True,provisional_filtered_view_no_row_flags,99.995077,12.286411421715101,9.320927572990286,Sen2Cor_BOA_not_aquatic_Rw,False,19.6608123779297,18.1941013336182,0.0899794846773148,0,True,False,352.9038840688248,True,scl_cloud_shadow_snow_nearby;scl_core_not_all_water;spectra_not_sampled_after_scl_rejection,False,,,,,,,,,,,,,,,,,,,,,,,,,,,,,,,,,,,,,,,,,,,,,,,,,,,,,,,,,,,,,,,,,,,,,,,26.7516536712646,False,False,1311803,2025-12-07T11:30:00Z,-6.209733335177104,True,4,0,18.1941013336182,26.7516536712646,22.5846490859985,1
S2B_T29UPA_20251207T113353_L2A,2025-12-07,2025-12-07T11:36:12.584000Z,sentinel-2b,S2B_MSIL2A_20251207T113359_N0511_R080_T29UPA_20251207T121527.SAFE,sentinel-2-c1-l2a,05.11,L1284,Toome,-6.466696920835618,54.75354853784675,False,338.87523315847875,True,provisional_filtered_view_no_row_flags,99.995077,12.286411421715101,9.320927572990286,Sen2Cor_BOA_not_aquatic_Rw,False,0.0,0.0688392221927643,0.0232091918587685,0,True,False,298.5451035583995,False,footprint_shore_buffer_100m;outside_lake_polygon;scl_cloud_shadow_snow_nearby;scl_core_not_all_water;spectra_not_sampled_after_scl_rejection,False,,,,,,,,,,,,,,,,,,,,,,,,,,,,,,,,,,,,,,,,,,,,,,,,,,,,,,,,,,,,,,,,,,,,,,,0.465714484453201,False,False,1311974,2025-12-07T11:30:00Z,-6.209733335177104,True,4,0,0.0,0.465714484453201,0.03441961109638215,1
S2A_T29UPA_20251207T114509_L2A,2025-12-07,2025-12-07T11:46:28.778000Z,sentinel-2a,S2A_MSIL2A_20251207T114511_N0511_R123_T29UPA_20251207T133012.SAFE,sentinel-2-c1-l2a,05.11,L1278,Rea's Wood,-6.241996568375846,54.712602169290584,True,270.8840794505137,True,provisional_filtered_view_no_row_flags,99.996126,12.509659111789404,2.9632489069397763,Sen2Cor_BOA_not_aquatic_Rw,False,0.385277420282364,0.290867328643799,0.130212739109993,0,True,False,219.1519161730116,True,scl_cloud_shadow_snow_nearby;scl_core_not_all_water;spectra_not_sampled_after_scl_rejection,False,,,,,,,,,,,,,,,,,,,,,,,,,,,,,,,,,,,,,,,,,,,,,,,,,,,,,,,,,,,,,,,,,,,,,,,0.403699964284897,False,False,1311744,2025-12-07T12:00:00Z,13.52036666472753,True,4,0,0.362872451543808,0.403699964284897,0.38226401805877697,1
S2A_T29UPA_20251207T114509_L2A,2025-12-07,2025-12-07T11:46:28.778000Z,sentinel-2a,S2A_MSIL2A_20251207T114511_N0511_R123_T29UPA_20251207T133012.SAFE,sentinel-2-c1-l2a,05.11,L1279,Washing Bay,-6.569769770482481,54.523188284062314,True,396.0713035201496,True,provisional_filtered_view_no_row_flags,99.996126,12.509659111789404,2.9632489069397763,Sen2Cor_BOA_not_aquatic_Rw,False,23.8352298736572,17.6875438690186,0.133907318115234,0,True,False,352.9038840688248,True,scl_cloud_shadow_snow_nearby;scl_core_not_all_water;spectra_not_sampled_after_scl_rejection,False,,,,,,,,,,,,,,,,,,,,,,,,,,,,,,,,,,,,,,,,,,,,,,,,,,,,,,,,,,,,,,,,,,,,,,,21.3340682983398,False,False,1311804,2025-12-07T12:00:00Z,13.52036666472753,True,4,0,18.1941013336182,26.7516536712646,22.5846490859985,1
S2A_T29UPA_20251207T114509_L2A,2025-12-07,2025-12-07T11:46:28.778000Z,sentinel-2a,S2A_MSIL2A_20251207T114511_N0511_R123_T29UPA_20251207T133012.SAFE,sentinel-2-c1-l2a,05.11,L1284,Toome,-6.466696920835618,54.75354853784675,False,338.87523315847875,True,provisional_filtered_view_no_row_flags,99.996126,12.509659111789404,2.9632489069397763,Sen2Cor_BOA_not_aquatic_Rw,False,0.0,0.0035246554762125,0.0228394940495491,0,True,False,298.5451035583995,False,footprint_shore_buffer_100m;outside_lake_polygon;scl_cloud_shadow_snow_nearby;scl_core_not_all_water;spectra_not_sampled_after_scl_rejection;zero_or_negative_probe_requires_review,False,,,,,,,,,,,,,,,,,,,,,,,,,,,,,,,,,,,,,,,,,,,,,,,,,,,,,,,,,,,,,,,,,,,,,,,0.0,False,False,1311975,2025-12-07T12:00:00Z,13.52036666472753,True,4,0,0.0,0.465714484453201,0.03441961109638215,1
S2B_T29UPA_20251210T114402_L2A,2025-12-10,2025-12-10T11:46:11.056000Z,sentinel-2b,S2B_MSIL2A_20251210T114359_N0511_R123_T29UPA_20251210T134425.SAFE,sentinel-2-c1-l2a,05.11,L1278,Rea's Wood,-6.241996568375846,54.712602169290584,True,270.8840794505137,True,provisional_filtered_view_no_row_flags,57.894605,12.186990452502698,2.9814324780802086,Sen2Cor_BOA_not_aquatic_Rw,False,8.59034442901611,4.35549211502075,0.109027937054634,0,True,False,219.1519161730116,True,scl_cloud_shadow_snow_nearby;scl_core_not_all_water;spectra_not_sampled_after_scl_rejection,False,,,,,,,,,,,,,,,,,,,,,,,,,,,,,,,,,,,,,,,,,,,,,,,,,,,,,,,,,,,,,,,,,,,,,,,5.24502277374268,False,False,1317072,2025-12-10T12:00:00Z,13.815733333428701,True,4,0,5.10479021072388,8.59034442901611,5.634385347366335,1
S2B_T29UPA_20251210T114402_L2A,2025-12-10,2025-12-10T11:46:11.056000Z,sentinel-2b,S2B_MSIL2A_20251210T114359_N0511_R123_T29UPA_20251210T134425.SAFE,sentinel-2-c1-l2a,05.11,L1279,Washing Bay,-6.569769770482481,54.523188284062314,True,396.0713035201496,True,provisional_filtered_view_no_row_flags,57.894605,12.186990452502698,2.9814324780802086,Sen2Cor_BOA_not_aquatic_Rw,False,26.2809810638428,26.9273376464844,0.0908225476741791,9,False,False,352.9038840688248,True,,True,0.0635,0.0029590987533535886,36,1574,0,0,0.04611981778540531,0.04955,0.0019253887694645581,36,1452,0,0,0.03884225032262488,0.04855000000000001,0.002383365708145822,36,1428,0,0,0.049029237424714045,0.04780000000000001,0.002965730189271362,9,1436,0,0,0.06064887912620371,0.04150000000000001,0.0011352924243950928,9,1405,0,0,0.027138464328169548,0.04350000000000001,0.0024962688205983252,9,1405,0,0,0.057195568700063454,0.03955,0.001954695202156422,36,1365,0,0,0.04892854072982283,0.03820000000000001,0.0014863161852274708,9,1348,0,0,0.03957646647055395,0.02510000000000001,0.000982940913537622,9,1234,0,0,0.039195694381207784,0.0213,0.0012183777921664714,9,1192,0,0,0.05811022856119896,24.1753387451172,False,False,1317132,2025-12-10T12:00:00Z,13.815733333428701,True,4,0,21.3633003234863,29.4883670806885,25.228159904480002,1
S2B_T29UPA_20251210T114402_L2A,2025-12-10,2025-12-10T11:46:11.056000Z,sentinel-2b,S2B_MSIL2A_20251210T114359_N0511_R123_T29UPA_20251210T134425.SAFE,sentinel-2-c1-l2a,05.11,L1284,Toome,-6.466696920835618,54.75354853784675,False,338.87523315847875,True,provisional_filtered_view_no_row_flags,57.894605,12.186990452502698,2.9814324780802086,Sen2Cor_BOA_not_aquatic_Rw,False,14.1609258651733,9.76003265380859,0.0360501781105995,5,True,True,298.5451035583995,False,footprint_shore_buffer_100m;outside_lake_polygon;scl_cloud_shadow_snow_nearby;scl_core_not_all_water;spectra_not_sampled_after_scl_rejection,False,,,,,,,,,,,,,,,,,,,,,,,,,,,,,,,,,,,,,,,,,,,,,,,,,,,,,,,,,,,,,,,,,,,,,,,13.8842172622681,False,False,1317303,2025-12-10T12:00:00Z,13.815733333428701,True,4,0,10.8914842605591,14.1609258651733,13.697452545166051,1
S2C_T29UPA_20251212T113507_L2A,2025-12-12,2025-12-12T11:36:24.080000Z,sentinel-2c,S2C_MSIL2A_20251212T113511_N0511_R080_T29UPA_20251212T130307.SAFE,sentinel-2-c1-l2a,05.11,L1278,Rea's Wood,-6.241996568375846,54.712602169290584,True,270.8840794505137,True,provisional_filtered_view_no_row_flags,0.372293,11.786804369823003,9.290349185188115,Sen2Cor_BOA_not_aquatic_Rw,False,2.24814057350159,2.30025315284729,0.10064198076725,9,True,False,219.1519161730116,True,scl_cloud_shadow_snow_nearby;spectra_not_sampled_after_scl_rejection,False,,,,,,,,,,,,,,,,,,,,,,,,,,,,,,,,,,,,,,,,,,,,,,,,,,,,,,,,,,,,,,,,,,,,,,,2.58616495132446,False,False,1320590,2025-12-12T11:30:00Z,-6.401333332061768,True,4,0,2.30025315284729,2.81857109069824,2.49108278751373,1
S2C_T29UPA_20251212T113507_L2A,2025-12-12,2025-12-12T11:36:24.080000Z,sentinel-2c,S2C_MSIL2A_20251212T113511_N0511_R080_T29UPA_20251212T130307.SAFE,sentinel-2-c1-l2a,05.11,L1279,Washing Bay,-6.569769770482481,54.523188284062314,True,396.0713035201496,True,provisional_filtered_view_no_row_flags,0.372293,11.786804369823003,9.290349185188115,Sen2Cor_BOA_not_aquatic_Rw,False,32.6827926635742,21.0325946807861,0.0764667615294456,9,False,False,352.9038840688248,True,,True,0.031200000000000006,0.003218220695422305,36,1254,0,0,0.10353525025487309,0.0218,0.0031054561701449536,36,1142,0,0,0.1486259267817313,0.017350000000000004,0.0016873416706702433,36,1127,0,0,0.09770677198669575,0.011800000000000005,0.0009439868172337534,9,1108,0,0,0.07801543944080606,0.0059000000000000025,0.0009982701086762745,9,1042,0,0,0.16607081290363165,0.0031999999999999945,0.0011498792207106912,9,1018,0,0,0.32853692020305464,0.00605,0.0017328235539534327,36,1019,0,0,0.2897429073029427,0.004400000000000001,0.00040764302950764856,9,1040,0,0,0.09014219325721957,0.005299999999999999,0.0015048071120394274,9,1038,0,0,0.25505205288803856,0.005500000000000005,0.0018939148819962612,9,1030,0,0,0.32905857023101065,25.0200138092041,False,False,1320650,2025-12-12T11:30:00Z,-6.401333332061768,True,4,0,21.0325946807861,28.3924350738525,23.1371326446533,1
S2C_T29UPA_20251212T113507_L2A,2025-12-12,2025-12-12T11:36:24.080000Z,sentinel-2c,S2C_MSIL2A_20251212T113511_N0511_R080_T29UPA_20251212T130307.SAFE,sentinel-2-c1-l2a,05.11,L1284,Toome,-6.466696920835618,54.75354853784675,False,338.87523315847875,True,provisional_filtered_view_no_row_flags,0.372293,11.786804369823003,9.290349185188115,Sen2Cor_BOA_not_aquatic_Rw,False,3.78738021850586,4.3062481880188,0.0242858454585075,5,True,True,298.5451035583995,False,footprint_shore_buffer_100m;outside_lake_polygon;scl_cloud_shadow_snow_nearby;scl_core_not_all_water;spectra_not_sampled_after_scl_rejection,False,,,,,,,,,,,,,,,,,,,,,,,,,,,,,,,,,,,,,,,,,,,,,,,,,,,,,,,,,,,,,,,,,,,,,,,3.80233263969421,False,False,1320721,2025-12-12T11:30:00Z,-6.401333332061768,True,4,0,3.17991137504578,5.03903436660767,4.054290413856505,1
S2A_T29UPA_20251214T113515_L2A,2025-12-14,2025-12-14T11:36:30.576000Z,sentinel-2a,S2A_MSIL2A_20251214T113521_N0511_R080_T29UPA_20251214T145908.SAFE,sentinel-2-c1-l2a,05.11,L1278,Rea's Wood,-6.241996568375846,54.712602169290584,True,270.8840794505137,True,provisional_filtered_view_no_row_flags,98.920411,11.638894896774701,9.348528294978085,Sen2Cor_BOA_not_aquatic_Rw,False,2.87599110603333,2.06473612785339,0.122360467910767,0,True,False,219.1519161730116,True,scl_cloud_shadow_snow_nearby;scl_core_not_all_water;spectra_not_sampled_after_scl_rejection,False,,,,,,,,,,,,,,,,,,,,,,,,,,,,,,,,,,,,,,,,,,,,,,,,,,,,,,,,,,,,,,,,,,,,,,,2.74839282035828,False,False,1324186,2025-12-14T11:30:00Z,-6.509599999586741,True,4,0,2.01407289505005,2.74839282035828,2.20804727077484,1
S2A_T29UPA_20251214T113515_L2A,2025-12-14,2025-12-14T11:36:30.576000Z,sentinel-2a,S2A_MSIL2A_20251214T113521_N0511_R080_T29UPA_20251214T145908.SAFE,sentinel-2-c1-l2a,05.11,L1279,Washing Bay,-6.569769770482481,54.523188284062314,True,396.0713035201496,True,provisional_filtered_view_no_row_flags,98.920411,11.638894896774701,9.348528294978085,Sen2Cor_BOA_not_aquatic_Rw,False,17.3062477111816,14.0539503097534,0.0383748859167099,0,True,False,352.9038840688248,True,scl_cloud_shadow_snow_nearby;scl_core_not_all_water;spectra_not_sampled_after_scl_rejection,False,,,,,,,,,,,,,,,,,,,,,,,,,,,,,,,,,,,,,,,,,,,,,,,,,,,,,,,,,,,,,,,,,,,,,,,17.6382484436035,False,False,1324246,2025-12-14T11:30:00Z,-6.509599999586741,True,4,0,14.0539503097534,17.6382484436035,16.44447803497315,1
S2A_T29UPA_20251214T113515_L2A,2025-12-14,2025-12-14T11:36:30.576000Z,sentinel-2a,S2A_MSIL2A_20251214T113521_N0511_R080_T29UPA_20251214T145908.SAFE,sentinel-2-c1-l2a,05.11,L1284,Toome,-6.466696920835618,54.75354853784675,False,338.87523315847875,True,provisional_filtered_view_no_row_flags,98.920411,11.638894896774701,9.348528294978085,Sen2Cor_BOA_not_aquatic_Rw,False,1.15745306015015,4.68083906173706,0.0252298191189766,0,True,False,298.5451035583995,False,footprint_shore_buffer_100m;outside_lake_polygon;scl_cloud_shadow_snow_nearby;scl_core_not_all_water;spectra_not_sampled_after_scl_rejection,False,,,,,,,,,,,,,,,,,,,,,,,,,,,,,,,,,,,,,,,,,,,,,,,,,,,,,,,,,,,,,,,,,,,,,,,3.33806252479553,False,False,1324289,2025-12-14T11:30:00Z,-6.509599999586741,True,4,0,2.70697712898254,4.68083906173706,3.1714918613433847,1
S2C_T29UPA_20251215T114514_L2A,2025-12-15,2025-12-15T11:46:21.698000Z,sentinel-2c,S2C_MSIL2A_20251215T114511_N0511_R123_T29UPA_20251215T133219.SAFE,sentinel-2-c1-l2a,05.11,L1278,Rea's Wood,-6.241996568375846,54.712602169290584,True,270.8840794505137,True,provisional_filtered_view_no_row_flags,97.671151,11.808405006899505,2.997558431544377,Sen2Cor_BOA_not_aquatic_Rw,False,2.40248894691467,0.279099613428116,0.0825643166899681,0,True,False,219.1519161730116,True,scl_cloud_shadow_snow_nearby;scl_core_not_all_water;spectra_not_sampled_after_scl_rejection,False,,,,,,,,,,,,,,,,,,,,,,,,,,,,,,,,,,,,,,,,,,,,,,,,,,,,,,,,,,,,,,,,,,,,,,,1.00038325786591,False,False,1325963,2025-12-15T12:00:00Z,13.638366667429606,True,4,0,0.486090511083603,2.40248894691467,1.6264460682869002,1
S2C_T29UPA_20251215T114514_L2A,2025-12-15,2025-12-15T11:46:21.698000Z,sentinel-2c,S2C_MSIL2A_20251215T114511_N0511_R123_T29UPA_20251215T133219.SAFE,sentinel-2-c1-l2a,05.11,L1279,Washing Bay,-6.569769770482481,54.523188284062314,True,396.0713035201496,True,provisional_filtered_view_no_row_flags,97.671151,11.808405006899505,2.997558431544377,Sen2Cor_BOA_not_aquatic_Rw,False,20.4640102386475,24.2584762573242,0.0355076864361763,0,True,False,352.9038840688248,True,scl_cloud_shadow_snow_nearby;scl_core_not_all_water;spectra_not_sampled_after_scl_rejection,False,,,,,,,,,,,,,,,,,,,,,,,,,,,,,,,,,,,,,,,,,,,,,,,,,,,,,,,,,,,,,,,,,,,,,,,24.7780990600586,False,False,1326023,2025-12-15T12:00:00Z,13.638366667429606,True,4,0,20.4640102386475,24.7780990600586,23.48314285278325,1
S2C_T29UPA_20251215T114514_L2A,2025-12-15,2025-12-15T11:46:21.698000Z,sentinel-2c,S2C_MSIL2A_20251215T114511_N0511_R123_T29UPA_20251215T133219.SAFE,sentinel-2-c1-l2a,05.11,L1284,Toome,-6.466696920835618,54.75354853784675,False,338.87523315847875,True,provisional_filtered_view_no_row_flags,97.671151,11.808405006899505,2.997558431544377,Sen2Cor_BOA_not_aquatic_Rw,False,1.70585489273071,2.33242321014404,0.0261732786893845,0,True,False,298.5451035583995,False,footprint_shore_buffer_100m;outside_lake_polygon;scl_cloud_shadow_snow_nearby;scl_core_not_all_water;spectra_not_sampled_after_scl_rejection,False,,,,,,,,,,,,,,,,,,,,,,,,,,,,,,,,,,,,,,,,,,,,,,,,,,,,,,,,,,,,,,,,,,,,,,,2.31096816062927,False,False,1326066,2025-12-15T12:00:00Z,13.638366667429606,True,4,0,1.64018189907074,2.31096816062927,1.85988140106201,1
S2B_T29UPA_20251217T113408_L2A,2025-12-17,2025-12-17T11:36:13.638000Z,sentinel-2b,S2B_MSIL2A_20251217T113409_N0511_R080_T29UPA_20251217T133823.SAFE,sentinel-2-c1-l2a,05.11,L1278,Rea's Wood,-6.241996568375846,54.712602169290584,True,270.8840794505137,True,provisional_filtered_view_no_row_flags,99.968225,11.460924061353793,9.316582251255095,Sen2Cor_BOA_not_aquatic_Rw,False,2.52373552322388,0.999080240726471,0.0758285224437714,0,True,False,219.1519161730116,True,scl_cloud_shadow_snow_nearby;scl_core_not_all_water;spectra_not_sampled_after_scl_rejection,False,,,,,,,,,,,,,,,,,,,,,,,,,,,,,,,,,,,,,,,,,,,,,,,,,,,,,,,,,,,,,,,,,,,,,,,1.71427929401398,False,False,1329514,2025-12-17T11:30:00Z,-6.227300000190735,True,4,0,0.927890956401825,1.71427929401398,1.1946962773799905,1
S2B_T29UPA_20251217T113408_L2A,2025-12-17,2025-12-17T11:36:13.638000Z,sentinel-2b,S2B_MSIL2A_20251217T113409_N0511_R080_T29UPA_20251217T133823.SAFE,sentinel-2-c1-l2a,05.11,L1279,Washing Bay,-6.569769770482481,54.523188284062314,True,396.0713035201496,True,provisional_filtered_view_no_row_flags,99.968225,11.460924061353793,9.316582251255095,Sen2Cor_BOA_not_aquatic_Rw,False,25.354642868042,24.65087890625,0.106587260961533,0,True,False,352.9038840688248,True,probe_gap_or_unbracketed;scl_cloud_shadow_snow_nearby;scl_core_not_all_water;spectra_not_sampled_after_scl_rejection,False,,,,,,,,,,,,,,,,,,,,,,,,,,,,,,,,,,,,,,,,,,,,,,,,,,,,,,,,,,,,,,,,,,,,,,,22.5977420806885,False,False,1329702,2025-12-17T11:30:00Z,-6.227300000190735,False,3,0,21.2185764312744,24.65087890625,22.5977420806885,1
S2B_T29UPA_20251217T113408_L2A,2025-12-17,2025-12-17T11:36:13.638000Z,sentinel-2b,S2B_MSIL2A_20251217T113409_N0511_R080_T29UPA_20251217T133823.SAFE,sentinel-2-c1-l2a,05.11,L1284,Toome,-6.466696920835618,54.75354853784675,False,338.87523315847875,True,provisional_filtered_view_no_row_flags,99.968225,11.460924061353793,9.316582251255095,Sen2Cor_BOA_not_aquatic_Rw,False,1.54941320419312,3.30920720100403,0.0202172510325909,0,True,False,298.5451035583995,False,footprint_shore_buffer_100m;outside_lake_polygon;scl_cloud_shadow_snow_nearby;scl_core_not_all_water;spectra_not_sampled_after_scl_rejection,False,,,,,,,,,,,,,,,,,,,,,,,,,,,,,,,,,,,,,,,,,,,,,,,,,,,,,,,,,,,,,,,,,,,,,,,2.6906840801239,False,False,1329557,2025-12-17T11:30:00Z,-6.227300000190735,True,4,0,1.6867755651474,3.73308753967285,2.999945640563965,1
S2A_T29UPA_20251217T114523_L2A,2025-12-17,2025-12-17T11:46:28.910000Z,sentinel-2a,S2A_MSIL2A_20251217T114521_N0511_R123_T29UPA_20251217T124509.SAFE,sentinel-2-c1-l2a,05.11,L1278,Rea's Wood,-6.241996568375846,54.712602169290584,True,270.8840794505137,True,provisional_filtered_view_no_row_flags,99.982148,11.710407502825205,2.96277833141434,Sen2Cor_BOA_not_aquatic_Rw,False,1.39031231403351,1.95697927474976,0.0921274721622467,0,True,False,219.1519161730116,True,scl_cloud_shadow_snow_nearby;scl_core_not_all_water;spectra_not_sampled_after_scl_rejection,False,,,,,,,,,,,,,,,,,,,,,,,,,,,,,,,,,,,,,,,,,,,,,,,,,,,,,,,,,,,,,,,,,,,,,,,0.927890956401825,False,False,1329515,2025-12-17T12:00:00Z,13.518166665236155,True,4,0,0.927890956401825,1.71427929401398,1.1946962773799905,1
S2A_T29UPA_20251217T114523_L2A,2025-12-17,2025-12-17T11:46:28.910000Z,sentinel-2a,S2A_MSIL2A_20251217T114521_N0511_R123_T29UPA_20251217T124509.SAFE,sentinel-2-c1-l2a,05.11,L1279,Washing Bay,-6.569769770482481,54.523188284062314,True,396.0713035201496,True,provisional_filtered_view_no_row_flags,99.982148,11.710407502825205,2.96277833141434,Sen2Cor_BOA_not_aquatic_Rw,False,21.2185764312744,25.5952663421631,,0,True,False,352.9038840688248,True,no_probe_within_15min;scl_cloud_shadow_snow_nearby;scl_core_not_all_water;spectra_not_sampled_after_scl_rejection,False,,,,,,,,,,,,,,,,,,,,,,,,,,,,,,,,,,,,,,,,,,,,,,,,,,,,,,,,,,,,,,,,,,,,,,,,,,,,,,,,,,,
S2A_T29UPA_20251217T114523_L2A,2025-12-17,2025-12-17T11:46:28.910000Z,sentinel-2a,S2A_MSIL2A_20251217T114521_N0511_R123_T29UPA_20251217T124509.SAFE,sentinel-2-c1-l2a,05.11,L1284,Toome,-6.466696920835618,54.75354853784675,False,338.87523315847875,True,provisional_filtered_view_no_row_flags,99.982148,11.710407502825205,2.96277833141434,Sen2Cor_BOA_not_aquatic_Rw,False,1.6867755651474,4.22180414199829,0.0381589531898499,0,True,False,298.5451035583995,False,footprint_shore_buffer_100m;outside_lake_polygon;scl_cloud_shadow_snow_nearby;scl_core_not_all_water;spectra_not_sampled_after_scl_rejection,False,,,,,,,,,,,,,,,,,,,,,,,,,,,,,,,,,,,,,,,,,,,,,,,,,,,,,,,,,,,,,,,,,,,,,,,3.73308753967285,False,False,1329558,2025-12-17T12:00:00Z,13.518166665236155,True,4,0,1.6867755651474,3.73308753967285,2.999945640563965,1
S2B_T29UPA_20251220T114413_L2A,2025-12-20,2025-12-20T11:46:11.844000Z,sentinel-2b,S2B_MSIL2A_20251220T114419_N0511_R123_T29UPA_20251220T122102.SAFE,sentinel-2-c1-l2a,05.11,L1278,Rea's Wood,-6.241996568375846,54.712602169290584,True,270.8840794505137,True,provisional_filtered_view_no_row_flags,93.115914,11.610178436580298,2.980661538896024,Sen2Cor_BOA_not_aquatic_Rw,False,0.0447203330695629,0.0,0.0969916582107544,9,False,False,219.1519161730116,True,,True,0.07320000000000002,0.0028439493384211645,36,1679,0,0,0.03887979956068883,0.0493,0.002703238798182653,36,1430,0,0,0.054962496743801825,0.0363,0.001924837655492014,36,1340,0,0,0.05249557242250947,0.0335,0.0023865880392593495,9,1309,0,0,0.0694673103277301,0.03270000000000001,0.0012355835328567136,9,1310,0,0,0.03790133536370286,0.028700000000000003,0.0017693550474539095,9,1272,0,0,0.06022766802982295,0.032200000000000006,0.0017414252003445517,36,1286,0,0,0.054886453521628326,0.026999999999999996,0.0014429907214608935,9,1241,0,0,0.053977209032202995,0.017200000000000007,0.0013998236220465422,9,1156,0,0,0.08055251022006957,0.016,0.0009589088449062863,9,1146,0,0,0.060015157191631266,0.00898528099060059,False,False,1334854,2025-12-20T12:00:00Z,13.802599998315175,True,4,0,0.00898528099060059,0.135074213147163,0.08525260351598246,1
S2B_T29UPA_20251220T114413_L2A,2025-12-20,2025-12-20T11:46:11.844000Z,sentinel-2b,S2B_MSIL2A_20251220T114419_N0511_R123_T29UPA_20251220T122102.SAFE,sentinel-2-c1-l2a,05.11,L1279,Washing Bay,-6.569769770482481,54.523188284062314,True,396.0713035201496,True,provisional_filtered_view_no_row_flags,93.115914,11.610178436580298,2.980661538896024,Sen2Cor_BOA_not_aquatic_Rw,False,,,0.0458980724215508,0,True,False,352.9038840688248,True,no_probe_within_15min;scl_cloud_shadow_snow_nearby;scl_core_not_all_water;spectra_not_sampled_after_scl_rejection,False,,,,,,,,,,,,,,,,,,,,,,,,,,,,,,,,,,,,,,,,,,,,,,,,,,,,,,,,,,,,,,,,,,,,,,,,,,,,,,,,,,,
S2B_T29UPA_20251220T114413_L2A,2025-12-20,2025-12-20T11:46:11.844000Z,sentinel-2b,S2B_MSIL2A_20251220T114419_N0511_R123_T29UPA_20251220T122102.SAFE,sentinel-2-c1-l2a,05.11,L1284,Toome,-6.466696920835618,54.75354853784675,False,338.87523315847875,True,provisional_filtered_view_no_row_flags,93.115914,11.610178436580298,2.980661538896024,Sen2Cor_BOA_not_aquatic_Rw,False,1.76340997219086,0.473072052001953,0.0197029560804367,0,True,False,298.5451035583995,False,footprint_shore_buffer_100m;outside_lake_polygon;scl_cloud_shadow_snow_nearby;scl_core_not_all_water;spectra_not_sampled_after_scl_rejection,False,,,,,,,,,,,,,,,,,,,,,,,,,,,,,,,,,,,,,,,,,,,,,,,,,,,,,,,,,,,,,,,,,,,,,,,1.2564754486084,False,False,1334957,2025-12-20T12:00:00Z,13.802599998315175,True,4,0,0.73947286605835,1.76340997219086,1.364766120910645,1
S2A_T29UPA_20251224T113525_L2A,2025-12-24,2025-12-24T11:36:34.772000Z,sentinel-2a,S2A_MSIL2A_20251224T113531_N0511_R080_T29UPA_20251224T131513.SAFE,sentinel-2-c1-l2a,05.11,L1278,Rea's Wood,-6.241996568375846,54.712602169290584,True,270.8840794505137,True,provisional_filtered_view_no_row_flags,22.088929,11.3381540455906,9.313665774381116,Sen2Cor_BOA_not_aquatic_Rw,False,1.18586528301239,0.979272305965424,0.0662640035152435,9,True,False,219.1519161730116,True,scl_cloud_shadow_snow_nearby;spectra_not_sampled_after_scl_rejection,False,,,,,,,,,,,,,,,,,,,,,,,,,,,,,,,,,,,,,,,,,,,,,,,,,,,,,,,,,,,,,,,,,,,,,,,1.16193854808807,False,False,1341957,2025-12-24T11:30:00Z,-6.57953333457311,True,4,0,0.979272305965424,1.56715357303619,1.12208318710327,1
S2A_T29UPA_20251224T113525_L2A,2025-12-24,2025-12-24T11:36:34.772000Z,sentinel-2a,S2A_MSIL2A_20251224T113531_N0511_R080_T29UPA_20251224T131513.SAFE,sentinel-2-c1-l2a,05.11,L1279,Washing Bay,-6.569769770482481,54.523188284062314,True,396.0713035201496,True,provisional_filtered_view_no_row_flags,22.088929,11.3381540455906,9.313665774381116,Sen2Cor_BOA_not_aquatic_Rw,False,,,0.0414402112364769,9,False,False,352.9038840688248,True,no_probe_within_15min,False,0.06259999999999999,0.0028326578715552548,36,1541,0,0,0.04509006162716181,0.04379999999999999,0.0022981121479258688,36,1400,0,0,0.051905412714305335,0.03584999999999999,0.0018285543774006565,36,1324,0,0,0.050769672671929375,0.03720000000000001,0.0016328419517841215,9,1357,0,0,0.04310817707848956,0.026900000000000007,0.0017067042819928805,9,1244,0,0,0.06269525933851397,0.023900000000000005,0.0015019329109969635,9,1209,0,0,0.06295946063797238,0.021099999999999994,0.0005794513688730823,36,1196,0,0,0.027429650597542356,0.019299999999999998,0.0022445544527495923,9,1137,0,0,0.11656659016010577,0.007900000000000004,0.001259433539138201,9,1043,0,0,0.1707063531964429,0.0058,0.0015456030825826176,9,1032,0,0,0.2590396227792097,,,,,,,,,,,,,
S2A_T29UPA_20251224T113525_L2A,2025-12-24,2025-12-24T11:36:34.772000Z,sentinel-2a,S2A_MSIL2A_20251224T113531_N0511_R080_T29UPA_20251224T131513.SAFE,sentinel-2-c1-l2a,05.11,L1284,Toome,-6.466696920835618,54.75354853784675,False,338.87523315847875,True,provisional_filtered_view_no_row_flags,22.088929,11.3381540455906,9.313665774381116,Sen2Cor_BOA_not_aquatic_Rw,False,0.0,0.0,0.0163300037384033,5,True,True,298.5451035583995,False,footprint_shore_buffer_100m;outside_lake_polygon;scl_cloud_shadow_snow_nearby;scl_core_not_all_water;spectra_not_sampled_after_scl_rejection;zero_or_negative_probe_requires_review,False,,,,,,,,,,,,,,,,,,,,,,,,,,,,,,,,,,,,,,,,,,,,,,,,,,,,,,,,,,,,,,,,,,,,,,,0.0,False,False,1342000,2025-12-24T11:30:00Z,-6.57953333457311,True,4,0,0.0,0.0,0.0,1
S2C_T29UPA_20251225T114517_L2A,2025-12-25,2025-12-25T11:46:21.232000Z,sentinel-2c,S2C_MSIL2A_20251225T114521_N0511_R123_T29UPA_20251225T132609.SAFE,sentinel-2-c1-l2a,05.11,L1278,Rea's Wood,-6.241996568375846,54.712602169290584,True,270.8840794505137,True,provisional_filtered_view_no_row_flags,47.165605,11.609952322177804,3.004317705007847,Sen2Cor_BOA_not_aquatic_Rw,False,0.53988641500473,0.558072328567505,0.026343896985054,9,False,False,219.1519161730116,True,,True,0.04735,0.0027090383697705163,36,1426,0,0,0.05655612462986465,0.026749999999999996,0.0025255163877297183,36,1210,0,0,0.0948352873247834,0.014899999999999997,0.0011745862155575373,36,1123,0,0,0.07800240501765605,0.010300000000000004,0.0023879326251429744,9,1069,0,0,0.222478194889097,0.007900000000000004,0.0016513369069474917,9,1043,0,0,0.22450199641280105,0.004799999999999999,0.0018103270286379972,9,1010,0,0,0.3565195461212687,0.0040000000000000036,0.0015463492450459957,36,1004,0,0,0.39791688936137154,0.003500000000000003,0.002107189339755741,9,1002,0,0,0.5610859188698717,0.002699999999999994,0.0010687479694587592,9,1014,0,0,0.3602521245366606,0.0040000000000000036,0.0008685165442605681,9,1028,0,0,0.2177339526001425,0.666853487491608,False,False,1343690,2025-12-25T12:00:00Z,13.646133331457774,True,4,0,0.53988641500473,0.717881917953491,0.648435115814209,1
S2C_T29UPA_20251225T114517_L2A,2025-12-25,2025-12-25T11:46:21.232000Z,sentinel-2c,S2C_MSIL2A_20251225T114521_N0511_R123_T29UPA_20251225T132609.SAFE,sentinel-2-c1-l2a,05.11,L1279,Washing Bay,-6.569769770482481,54.523188284062314,True,396.0713035201496,True,provisional_filtered_view_no_row_flags,47.165605,11.609952322177804,3.004317705007847,Sen2Cor_BOA_not_aquatic_Rw,False,,,0.0633638054132462,0,True,False,352.9038840688248,True,no_probe_within_15min;scl_cloud_shadow_snow_nearby;scl_core_not_all_water;spectra_not_sampled_after_scl_rejection,False,,,,,,,,,,,,,,,,,,,,,,,,,,,,,,,,,,,,,,,,,,,,,,,,,,,,,,,,,,,,,,,,,,,,,,,,,,,,,,,,,,,
S2C_T29UPA_20251225T114517_L2A,2025-12-25,2025-12-25T11:46:21.232000Z,sentinel-2c,S2C_MSIL2A_20251225T114521_N0511_R123_T29UPA_20251225T132609.SAFE,sentinel-2-c1-l2a,05.11,L1284,Toome,-6.466696920835618,54.75354853784675,False,338.87523315847875,True,provisional_filtered_view_no_row_flags,47.165605,11.609952322177804,3.004317705007847,Sen2Cor_BOA_not_aquatic_Rw,False,0.0,0.0,0.0168895721435547,0,True,False,298.5451035583995,False,footprint_shore_buffer_100m;outside_lake_polygon;scl_cloud_shadow_snow_nearby;scl_core_not_all_water;spectra_not_sampled_after_scl_rejection;zero_or_negative_probe_requires_review,False,,,,,,,,,,,,,,,,,,,,,,,,,,,,,,,,,,,,,,,,,,,,,,,,,,,,,,,,,,,,,,,,,,,,,,,0.0,False,False,1343821,2025-12-25T12:00:00Z,13.646133331457774,True,4,0,0.0,0.0,0.0,1
S2B_T29UPA_20251227T113407_L2A,2025-12-27,2025-12-27T11:36:15.039000Z,sentinel-2b,S2B_MSIL2A_20251227T113409_N0511_R080_T29UPA_20251227T133308.SAFE,sentinel-2-c1-l2a,05.11,L1278,Rea's Wood,-6.241996568375846,54.712602169290584,True,270.8840794505137,True,provisional_filtered_view_no_row_flags,43.360966,11.386265982841195,9.281174083543215,Sen2Cor_BOA_not_aquatic_Rw,False,0.00152802467346191,0.0818517208099365,0.0732461661100388,9,False,False,219.1519161730116,True,,True,0.0655,0.0028180456300137373,36,1598,0,0,0.04312051799230439,0.04195,0.0019744881349508595,36,1375,0,0,0.047403516410957615,0.026600000000000013,0.002183714979366838,36,1225,0,0,0.08183816287445989,0.021400000000000002,0.0006057339186861788,9,1208,0,0,0.027985653327390194,0.018699999999999994,0.0013045031219057035,9,1175,0,0,0.06786432426099034,0.0165,0.0014492228653938085,9,1128,0,0,0.09256923909541713,0.015199999999999998,0.0017155133666372608,36,1115,0,0,0.11121642571392291,0.012700000000000003,0.001982765246995053,9,1099,0,0,0.15932935020495959,0.0016999999999999932,0.0008252197612278719,9,995,1,0,0.5848014055945561,0.002600000000000005,0.001471289012405344,9,1003,0,0,0.517250043423754,0.196776151657104,False,False,1349181,2025-12-27T11:30:00Z,-6.250650000572205,True,4,0,0.0739191398024559,0.196776151657104,0.10283339023590074,1
S2B_T29UPA_20251227T113407_L2A,2025-12-27,2025-12-27T11:36:15.039000Z,sentinel-2b,S2B_MSIL2A_20251227T113409_N0511_R080_T29UPA_20251227T133308.SAFE,sentinel-2-c1-l2a,05.11,L1279,Washing Bay,-6.569769770482481,54.523188284062314,True,396.0713035201496,True,provisional_filtered_view_no_row_flags,43.360966,11.386265982841195,9.281174083543215,Sen2Cor_BOA_not_aquatic_Rw,False,28.0068836212158,27.2669143676758,0.0369249358773232,0,True,False,352.9038840688248,True,no_probe_within_15min;scl_cloud_shadow_snow_nearby;scl_core_not_all_water;spectra_not_sampled_after_scl_rejection,False,,,,,,,,,,,,,,,,,,,,,,,,,,,,,,,,,,,,,,,,,,,,,,,,,,,,,,,,,,,,,,,,,,,,,,,,,,,,,,,,,,,
S2B_T29UPA_20251227T113407_L2A,2025-12-27,2025-12-27T11:36:15.039000Z,sentinel-2b,S2B_MSIL2A_20251227T113409_N0511_R080_T29UPA_20251227T133308.SAFE,sentinel-2-c1-l2a,05.11,L1284,Toome,-6.466696920835618,54.75354853784675,False,338.87523315847875,True,provisional_filtered_view_no_row_flags,43.360966,11.386265982841195,9.281174083543215,Sen2Cor_BOA_not_aquatic_Rw,False,0.0,0.0,0.0124554224312305,5,False,True,298.5451035583995,False,footprint_shore_buffer_100m;outside_lake_polygon;scl_core_not_all_water;spectra_not_sampled_after_scl_rejection;zero_or_negative_probe_requires_review,False,,,,,,,,,,,,,,,,,,,,,,,,,,,,,,,,,,,,,,,,,,,,,,,,,,,,,,,,,,,,,,,,,,,,,,,0.0,False,False,1360790,2025-12-27T11:30:00Z,-6.250650000572205,True,4,0,0.0,0.0,0.0,1
S2A_T29UPA_20251227T114528_L2A,2025-12-27,2025-12-27T11:46:33.751000Z,sentinel-2a,S2A_MSIL2A_20251227T114531_N0511_R123_T29UPA_20251227T133210.SAFE,sentinel-2-c1-l2a,05.11,L1278,Rea's Wood,-6.241996568375846,54.712602169290584,True,270.8840794505137,True,provisional_filtered_view_no_row_flags,42.021912,11.667284589784103,2.9824074696502247,Sen2Cor_BOA_not_aquatic_Rw,False,0.0739191398024559,0.055858451873064,0.0731535777449608,9,False,False,219.1519161730116,True,nonphysical_feature_pixels:nir,False,0.038349999999999995,0.0034955483153135446,36,1293,0,0,0.09320081421366287,0.0199,0.0032479468823577284,36,1145,0,0,0.16037043994634237,0.012049999999999998,0.001985757544286654,36,1081,0,0,0.1723831000586437,0.0097,0.0017213976520674172,9,1056,0,0,0.17726062778726262,0.004500000000000004,0.0027934226097286485,9,988,2,0,0.9043454491927282,0.003600000000000006,0.0018320871185280856,9,1000,1,0,0.7361064315514628,0.0020000000000000018,0.0017718477486636495,36,987,3,0,0.7593633208558501,0.0006000000000000033,0.0024561839316657144,9,966,4,0,,-0.0007000000000000062,0.0015246128834705685,9,966,6,0,,0.0011000000000000038,0.0009309493362512632,9,1005,0,0,0.5942229805859119,0.123815059661865,False,False,1349182,2025-12-27T12:00:00Z,13.437483334541321,True,4,0,0.0739191398024559,0.196776151657104,0.10283339023590074,1
S2A_T29UPA_20251227T114528_L2A,2025-12-27,2025-12-27T11:46:33.751000Z,sentinel-2a,S2A_MSIL2A_20251227T114531_N0511_R123_T29UPA_20251227T133210.SAFE,sentinel-2-c1-l2a,05.11,L1279,Washing Bay,-6.569769770482481,54.523188284062314,True,396.0713035201496,True,provisional_filtered_view_no_row_flags,42.021912,11.667284589784103,2.9824074696502247,Sen2Cor_BOA_not_aquatic_Rw,False,25.2528095245361,,0.029569536447525,3,True,False,352.9038840688248,True,no_probe_within_15min;scl_cloud_shadow_snow_nearby;scl_core_not_all_water;spectra_not_sampled_after_scl_rejection,False,,,,,,,,,,,,,,,,,,,,,,,,,,,,,,,,,,,,,,,,,,,,,,,,,,,,,,,,,,,,,,,,,,,,,,,,,,,,,,,,,,,
S2A_T29UPA_20251227T114528_L2A,2025-12-27,2025-12-27T11:46:33.751000Z,sentinel-2a,S2A_MSIL2A_20251227T114531_N0511_R123_T29UPA_20251227T133210.SAFE,sentinel-2-c1-l2a,05.11,L1284,Toome,-6.466696920835618,54.75354853784675,False,338.87523315847875,True,provisional_filtered_view_no_row_flags,42.021912,11.667284589784103,2.9824074696502247,Sen2Cor_BOA_not_aquatic_Rw,False,0.0,0.0,0.00929595902562141,5,False,True,298.5451035583995,False,footprint_shore_buffer_100m;outside_lake_polygon;scl_core_not_all_water;spectra_not_sampled_after_scl_rejection;zero_or_negative_probe_requires_review,False,,,,,,,,,,,,,,,,,,,,,,,,,,,,,,,,,,,,,,,,,,,,,,,,,,,,,,,,,,,,,,,,,,,,,,,0.0,False,False,1360791,2025-12-27T12:00:00Z,13.437483334541321,True,4,0,0.0,0.0,0.0,1
S2B_T29UPA_20251230T114408_L2A,2025-12-30,2025-12-30T11:46:12.817000Z,sentinel-2b,S2B_MSIL2A_20251230T114409_N0511_R123_T29UPA_20251230T152151.SAFE,sentinel-2-c1-l2a,05.11,L1278,Rea's Wood,-6.241996568375846,54.712602169290584,True,270.8840794505137,True,provisional_filtered_view_no_row_flags,98.219115,11.794546114777503,2.9943151661681084,Sen2Cor_BOA_not_aquatic_Rw,False,0.150432273745537,0.0856371745467186,0.0799286961555481,0,True,False,219.1519161730116,True,scl_cloud_shadow_snow_nearby;scl_core_not_all_water;spectra_not_sampled_after_scl_rejection,False,,,,,,,,,,,,,,,,,,,,,,,,,,,,,,,,,,,,,,,,,,,,,,,,,,,,,,,,,,,,,,,,,,,,,,,0.154229953885078,False,False,1349328,2025-12-30T12:00:00Z,13.786383334795634,True,4,0,0.150432273745537,0.190413638949394,0.154815673828125,1
S2B_T29UPA_20251230T114408_L2A,2025-12-30,2025-12-30T11:46:12.817000Z,sentinel-2b,S2B_MSIL2A_20251230T114409_N0511_R123_T29UPA_20251230T152151.SAFE,sentinel-2-c1-l2a,05.11,L1279,Washing Bay,-6.569769770482481,54.523188284062314,True,396.0713035201496,True,provisional_filtered_view_no_row_flags,98.219115,11.794546114777503,2.9943151661681084,Sen2Cor_BOA_not_aquatic_Rw,False,,38.0911750793457,0.0299784764647484,0,True,False,352.9038840688248,True,no_probe_within_15min;scl_cloud_shadow_snow_nearby;scl_core_not_all_water;spectra_not_sampled_after_scl_rejection,False,,,,,,,,,,,,,,,,,,,,,,,,,,,,,,,,,,,,,,,,,,,,,,,,,,,,,,,,,,,,,,,,,,,,,,,,,,,,,,,,,,,
S2B_T29UPA_20251230T114408_L2A,2025-12-30,2025-12-30T11:46:12.817000Z,sentinel-2b,S2B_MSIL2A_20251230T114409_N0511_R123_T29UPA_20251230T152151.SAFE,sentinel-2-c1-l2a,05.11,L1284,Toome,-6.466696920835618,54.75354853784675,False,338.87523315847875,True,provisional_filtered_view_no_row_flags,98.219115,11.794546114777503,2.9943151661681084,Sen2Cor_BOA_not_aquatic_Rw,False,0.0,0.0,0.0166106484830379,0,True,False,298.5451035583995,False,footprint_shore_buffer_100m;outside_lake_polygon;scl_cloud_shadow_snow_nearby;scl_core_not_all_water;spectra_not_sampled_after_scl_rejection;zero_or_negative_probe_requires_review,False,,,,,,,,,,,,,,,,,,,,,,,,,,,,,,,,,,,,,,,,,,,,,,,,,,,,,,,,,,,,,,,,,,,,,,,0.0,False,False,1360935,2025-12-30T12:00:00Z,13.786383334795634,True,4,0,0.0,0.0,0.0,1
S2C_T29UPA_20260101T113505_L2A,2026-01-01,2026-01-01T11:36:22.799000Z,sentinel-2c,S2C_MSIL2A_20260101T113511_N0511_R080_T29UPA_20260101T130810.SAFE,sentinel-2-c1-l2a,05.11,L1278,Rea's Wood,-6.241996568375846,54.712602169290584,True,270.8840794505137,True,provisional_filtered_view_no_row_flags,99.787295,11.639578227741893,9.29064167437036,Sen2Cor_BOA_not_aquatic_Rw,False,1.1373518705368,1.03957915306091,0.0611309334635735,0,True,False,219.1519161730116,True,scl_cloud_shadow_snow_nearby;scl_core_not_all_water;spectra_not_sampled_after_scl_rejection,False,,,,,,,,,,,,,,,,,,,,,,,,,,,,,,,,,,,,,,,,,,,,,,,,,,,,,,,,,,,,,,,,,,,,,,,1.18257129192352,False,False,1349423,2026-01-01T11:30:00Z,-6.379983333746592,True,4,0,1.03957915306091,1.18257129192352,1.0818065404891999,1
S2C_T29UPA_20260101T113505_L2A,2026-01-01,2026-01-01T11:36:22.799000Z,sentinel-2c,S2C_MSIL2A_20260101T113511_N0511_R080_T29UPA_20260101T130810.SAFE,sentinel-2-c1-l2a,05.11,L1279,Washing Bay,-6.569769770482481,54.523188284062314,True,396.0713035201496,True,provisional_filtered_view_no_row_flags,99.787295,11.639578227741893,9.29064167437036,Sen2Cor_BOA_not_aquatic_Rw,False,,,0.0113979205489159,0,True,False,352.9038840688248,True,no_probe_within_15min;scl_cloud_shadow_snow_nearby;scl_core_not_all_water;spectra_not_sampled_after_scl_rejection,False,,,,,,,,,,,,,,,,,,,,,,,,,,,,,,,,,,,,,,,,,,,,,,,,,,,,,,,,,,,,,,,,,,,,,,,,,,,,,,,,,,,
S2C_T29UPA_20260101T113505_L2A,2026-01-01,2026-01-01T11:36:22.799000Z,sentinel-2c,S2C_MSIL2A_20260101T113511_N0511_R080_T29UPA_20260101T130810.SAFE,sentinel-2-c1-l2a,05.11,L1284,Toome,-6.466696920835618,54.75354853784675,False,338.87523315847875,True,provisional_filtered_view_no_row_flags,99.787295,11.639578227741893,9.29064167437036,Sen2Cor_BOA_not_aquatic_Rw,False,0.0,0.0,0.0097506083548069,0,True,False,298.5451035583995,False,footprint_shore_buffer_100m;outside_lake_polygon;scl_cloud_shadow_snow_nearby;scl_core_not_all_water;spectra_not_sampled_after_scl_rejection;zero_or_negative_probe_requires_review,False,,,,,,,,,,,,,,,,,,,,,,,,,,,,,,,,,,,,,,,,,,,,,,,,,,,,,,,,,,,,,,,,,,,,,,,0.0,False,False,1361030,2026-01-01T11:30:00Z,-6.379983333746592,True,4,0,0.0,0.0,0.0,1
S2A_T29UPA_20260103T113338_L2A,2026-01-03,2026-01-03T11:36:37.596000Z,sentinel-2a,S2A_MSIL2A_20260103T113341_N0511_R080_T29UPA_20260103T151208.SAFE,sentinel-2-c1-l2a,05.11,L1278,Rea's Wood,-6.241996568375846,54.712602169290584,True,270.8840794505137,True,provisional_filtered_view_no_row_flags,31.017512,11.800397053321802,9.291928658449374,Sen2Cor_BOA_not_aquatic_Rw,False,0.0,0.0,0.056319922208786,9,False,False,219.1519161730116,True,zero_or_negative_probe_requires_review,False,0.05789999999999999,0.0030252066045148053,36,1512,0,0,0.052151241566122206,0.0379,0.002039471609129298,36,1340,0,0,0.05352943855982409,0.02305,0.00164938026146598,36,1198,0,0,0.07069614169874422,0.019600000000000006,0.0018619649782546687,9,1161,0,0,0.09478328509214941,0.014499999999999999,0.0020356695746814985,9,1128,0,0,0.13373011804476997,0.012399999999999994,0.002140151142695359,9,1089,0,0,0.18205444503079615,0.013250000000000005,0.0025759976492397835,36,1077,0,0,0.197268486221298,0.010700000000000001,0.0010636531505577177,9,1100,0,0,0.09534739397429741,0.0023999999999999994,0.0001885618083164148,9,1020,0,0,0.07856742013183945,0.0022999999999999965,0.0010453896432301383,9,1007,0,0,0.4589515506864024,0.0,False,False,1349519,2026-01-03T11:30:00Z,-6.62659999926885,True,4,0,0.0,0.0,0.0,1
S2A_T29UPA_20260103T113338_L2A,2026-01-03,2026-01-03T11:36:37.596000Z,sentinel-2a,S2A_MSIL2A_20260103T113341_N0511_R080_T29UPA_20260103T151208.SAFE,sentinel-2-c1-l2a,05.11,L1279,Washing Bay,-6.569769770482481,54.523188284062314,True,396.0713035201496,True,provisional_filtered_view_no_row_flags,31.017512,11.800397053321802,9.291928658449374,Sen2Cor_BOA_not_aquatic_Rw,False,,,0.0212847217917442,9,False,False,352.9038840688248,True,no_probe_within_15min,False,0.0628,0.00325443666779542,36,1554,0,0,0.051621307737326004,0.0411,0.0024413237655819147,36,1364,0,0,0.059868975177758126,0.029450000000000004,0.002389255462830767,36,1236,0,0,0.08046889013182487,0.02529999999999999,0.001071286292728352,9,1238,0,0,0.04166627759099035,0.020000000000000004,0.0010730135249340325,9,1187,0,0,0.0538001210273331,0.0175,0.0021929178937864693,9,1132,0,0,0.12389366631561972,0.01885,0.0019346658881485013,36,1138,0,0,0.10607367038279934,0.015200000000000005,0.00258069758011279,9,1121,0,0,0.1664966180717929,0.005699999999999997,0.001023549862482356,9,1036,0,0,0.19352833534330272,0.003799999999999998,0.0014581401988513238,9,1027,0,0,0.34086394258862135,,,,,,,,,,,,,
S2A_T29UPA_20260103T113338_L2A,2026-01-03,2026-01-03T11:36:37.596000Z,sentinel-2a,S2A_MSIL2A_20260103T113341_N0511_R080_T29UPA_20260103T151208.SAFE,sentinel-2-c1-l2a,05.11,L1284,Toome,-6.466696920835618,54.75354853784675,False,338.87523315847875,True,provisional_filtered_view_no_row_flags,31.017512,11.800397053321802,9.291928658449374,Sen2Cor_BOA_not_aquatic_Rw,False,0.0,0.0,0.0112424977123737,2,True,True,298.5451035583995,False,footprint_shore_buffer_100m;outside_lake_polygon;scl_cloud_shadow_snow_nearby;scl_core_not_all_water;spectra_not_sampled_after_scl_rejection;zero_or_negative_probe_requires_review,False,,,,,,,,,,,,,,,,,,,,,,,,,,,,,,,,,,,,,,,,,,,,,,,,,,,,,,,,,,,,,,,,,,,,,,,0.0,False,False,1361126,2026-01-03T11:30:00Z,-6.62659999926885,True,4,0,0.0,0.0,0.0,1
S2C_T29UPA_20260104T114504_L2A,2026-01-04,2026-01-04T11:46:19.662000Z,sentinel-2c,S2C_MSIL2A_20260104T114501_N0511_R123_T29UPA_20260104T133409.SAFE,sentinel-2-c1-l2a,05.11,L1278,Rea's Wood,-6.241996568375846,54.712602169290584,True,270.8840794505137,True,provisional_filtered_view_no_row_flags,76.085401,12.175718588754904,2.997910697177187,Sen2Cor_BOA_not_aquatic_Rw,False,0.00462778424844146,0.0,0.0750474631786346,0,True,False,219.1519161730116,True,scl_cloud_shadow_snow_nearby;scl_core_not_all_water;spectra_not_sampled_after_scl_rejection;zero_or_negative_probe_requires_review,False,,,,,,,,,,,,,,,,,,,,,,,,,,,,,,,,,,,,,,,,,,,,,,,,,,,,,,,,,,,,,,,,,,,,,,,0.0,False,False,1349568,2026-01-04T12:00:00Z,13.672300000985464,True,4,0,0.0,0.00462778424844146,0.0,1
S2C_T29UPA_20260104T114504_L2A,2026-01-04,2026-01-04T11:46:19.662000Z,sentinel-2c,S2C_MSIL2A_20260104T114501_N0511_R123_T29UPA_20260104T133409.SAFE,sentinel-2-c1-l2a,05.11,L1279,Washing Bay,-6.569769770482481,54.523188284062314,True,396.0713035201496,True,provisional_filtered_view_no_row_flags,76.085401,12.175718588754904,2.997910697177187,Sen2Cor_BOA_not_aquatic_Rw,False,,,0.0211745873093605,0,True,False,352.9038840688248,True,no_probe_within_15min;scl_cloud_shadow_snow_nearby;scl_core_not_all_water;spectra_not_sampled_after_scl_rejection,False,,,,,,,,,,,,,,,,,,,,,,,,,,,,,,,,,,,,,,,,,,,,,,,,,,,,,,,,,,,,,,,,,,,,,,,,,,,,,,,,,,,
S2C_T29UPA_20260104T114504_L2A,2026-01-04,2026-01-04T11:46:19.662000Z,sentinel-2c,S2C_MSIL2A_20260104T114501_N0511_R123_T29UPA_20260104T133409.SAFE,sentinel-2-c1-l2a,05.11,L1284,Toome,-6.466696920835618,54.75354853784675,False,338.87523315847875,True,provisional_filtered_view_no_row_flags,76.085401,12.175718588754904,2.997910697177187,Sen2Cor_BOA_not_aquatic_Rw,False,0.0,0.0,0.0136991702020168,0,True,False,298.5451035583995,False,footprint_shore_buffer_100m;outside_lake_polygon;scl_cloud_shadow_snow_nearby;scl_core_not_all_water;spectra_not_sampled_after_scl_rejection;zero_or_negative_probe_requires_review,False,,,,,,,,,,,,,,,,,,,,,,,,,,,,,,,,,,,,,,,,,,,,,,,,,,,,,,,,,,,,,,,,,,,,,,,0.0,False,False,1361175,2026-01-04T12:00:00Z,13.672300000985464,True,4,0,0.0,0.0,0.0,1
S2B_T29UPA_20260106T113351_L2A,2026-01-06,2026-01-06T11:36:13.601000Z,sentinel-2b,S2B_MSIL2A_20260106T113349_N0511_R080_T29UPA_20260106T151921.SAFE,sentinel-2-c1-l2a,05.11,L1278,Rea's Wood,-6.241996568375846,54.712602169290584,True,270.8840794505137,True,provisional_filtered_view_no_row_flags,93.662333,12.072882439041393,9.300220495041513,Sen2Cor_BOA_not_aquatic_Rw,False,0.700831830501556,0.442081540822983,0.0851834118366241,0,True,False,219.1519161730116,True,scl_cloud_shadow_snow_nearby;scl_core_not_all_water;spectra_not_sampled_after_scl_rejection,False,,,,,,,,,,,,,,,,,,,,,,,,,,,,,,,,,,,,,,,,,,,,,,,,,,,,,,,,,,,,,,,,,,,,,,,0.50801295042038,False,False,1364587,2026-01-06T11:30:00Z,-6.226683334509532,True,4,0,0.101507507264614,0.50801295042038,0.375855088233948,1
S2B_T29UPA_20260106T113351_L2A,2026-01-06,2026-01-06T11:36:13.601000Z,sentinel-2b,S2B_MSIL2A_20260106T113349_N0511_R080_T29UPA_20260106T151921.SAFE,sentinel-2-c1-l2a,05.11,L1279,Washing Bay,-6.569769770482481,54.523188284062314,True,396.0713035201496,True,provisional_filtered_view_no_row_flags,93.662333,12.072882439041393,9.300220495041513,Sen2Cor_BOA_not_aquatic_Rw,False,,,0.0169148370623589,0,True,False,352.9038840688248,True,probe_gap_or_unbracketed;scl_cloud_shadow_snow_nearby;scl_core_not_all_water;spectra_not_sampled_after_scl_rejection,False,,,,,,,,,,,,,,,,,,,,,,,,,,,,,,,,,,,,,,,,,,,,,,,,,,,,,,,,,,,,,,,,,,,,,,,33.9604873657227,False,False,1365127,2026-01-06T11:30:00Z,-6.226683334509532,False,2,0,33.9604873657227,35.0483474731445,34.5044174194336,1
S2B_T29UPA_20260106T113351_L2A,2026-01-06,2026-01-06T11:36:13.601000Z,sentinel-2b,S2B_MSIL2A_20260106T113349_N0511_R080_T29UPA_20260106T151921.SAFE,sentinel-2-c1-l2a,05.11,L1284,Toome,-6.466696920835618,54.75354853784675,False,338.87523315847875,True,provisional_filtered_view_no_row_flags,93.662333,12.072882439041393,9.300220495041513,Sen2Cor_BOA_not_aquatic_Rw,False,0.0,0.0,0.0202765017747879,0,True,False,298.5451035583995,False,footprint_shore_buffer_100m;outside_lake_polygon;scl_cloud_shadow_snow_nearby;scl_core_not_all_water;spectra_not_sampled_after_scl_rejection;zero_or_negative_probe_requires_review,False,,,,,,,,,,,,,,,,,,,,,,,,,,,,,,,,,,,,,,,,,,,,,,,,,,,,,,,,,,,,,,,,,,,,,,,0.0,False,False,1364630,2026-01-06T11:30:00Z,-6.226683334509532,True,4,0,0.0,0.0,0.0,1
S2A_T29UPA_20260106T114409_L2A,2026-01-06,2026-01-06T11:46:35.450000Z,sentinel-2a,S2A_MSIL2A_20260106T114411_N0511_R123_T29UPA_20260106T151409.SAFE,sentinel-2-c1-l2a,05.11,L1278,Rea's Wood,-6.241996568375846,54.712602169290584,True,270.8840794505137,True,provisional_filtered_view_no_row_flags,94.3066,12.386679288087905,2.98865793409963,Sen2Cor_BOA_not_aquatic_Rw,False,0.101507507264614,0.482868194580078,0.0895693451166153,0,True,False,219.1519161730116,True,scl_cloud_shadow_snow_nearby;scl_core_not_all_water;spectra_not_sampled_after_scl_rejection,False,,,,,,,,,,,,,,,,,,,,,,,,,,,,,,,,,,,,,,,,,,,,,,,,,,,,,,,,,,,,,,,,,,,,,,,0.309628635644913,False,False,1364588,2026-01-06T12:00:00Z,13.409166665871938,True,4,0,0.101507507264614,0.50801295042038,0.375855088233948,1
S2A_T29UPA_20260106T114409_L2A,2026-01-06,2026-01-06T11:46:35.450000Z,sentinel-2a,S2A_MSIL2A_20260106T114411_N0511_R123_T29UPA_20260106T151409.SAFE,sentinel-2-c1-l2a,05.11,L1279,Washing Bay,-6.569769770482481,54.523188284062314,True,396.0713035201496,True,provisional_filtered_view_no_row_flags,94.3066,12.386679288087905,2.98865793409963,Sen2Cor_BOA_not_aquatic_Rw,False,35.0483474731445,39.5432319641113,0.0225251019001007,0,True,False,352.9038840688248,True,no_probe_within_15min;scl_cloud_shadow_snow_nearby;scl_core_not_all_water;spectra_not_sampled_after_scl_rejection,False,,,,,,,,,,,,,,,,,,,,,,,,,,,,,,,,,,,,,,,,,,,,,,,,,,,,,,,,,,,,,,,,,,,,,,,,,,,,,,,,,,,
S2A_T29UPA_20260106T114409_L2A,2026-01-06,2026-01-06T11:46:35.450000Z,sentinel-2a,S2A_MSIL2A_20260106T114411_N0511_R123_T29UPA_20260106T151409.SAFE,sentinel-2-c1-l2a,05.11,L1284,Toome,-6.466696920835618,54.75354853784675,False,338.87523315847875,True,provisional_filtered_view_no_row_flags,94.3066,12.386679288087905,2.98865793409963,Sen2Cor_BOA_not_aquatic_Rw,False,0.0,0.0,0.0131978392601013,0,True,False,298.5451035583995,False,footprint_shore_buffer_100m;outside_lake_polygon;scl_cloud_shadow_snow_nearby;scl_core_not_all_water;spectra_not_sampled_after_scl_rejection;zero_or_negative_probe_requires_review,False,,,,,,,,,,,,,,,,,,,,,,,,,,,,,,,,,,,,,,,,,,,,,,,,,,,,,,,,,,,,,,,,,,,,,,,0.0,False,False,1364631,2026-01-06T12:00:00Z,13.409166665871938,True,4,0,0.0,0.0,0.0,1
S2B_T29UPA_20260109T114347_L2A,2026-01-09,2026-01-09T11:46:10.674000Z,sentinel-2b,S2B_MSIL2A_20260109T114349_N0511_R123_T29UPA_20260109T170317.SAFE,sentinel-2-c1-l2a,05.11,L1278,Rea's Wood,-6.241996568375846,54.712602169290584,True,270.8840794505137,True,provisional_filtered_view_no_row_flags,52.363098,12.736273466321506,2.9800199145272708,Sen2Cor_BOA_not_aquatic_Rw,False,0.0,0.0,0.102297991514206,0,True,False,219.1519161730116,True,scl_cloud_shadow_snow_nearby;scl_core_not_all_water;spectra_not_sampled_after_scl_rejection;zero_or_negative_probe_requires_review,False,,,,,,,,,,,,,,,,,,,,,,,,,,,,,,,,,,,,,,,,,,,,,,,,,,,,,,,,,,,,,,,,,,,,,,,0.0,False,False,1370396,2026-01-09T12:00:00Z,13.822099999586742,True,4,0,0.0,0.0,0.0,1
S2B_T29UPA_20260109T114347_L2A,2026-01-09,2026-01-09T11:46:10.674000Z,sentinel-2b,S2B_MSIL2A_20260109T114349_N0511_R123_T29UPA_20260109T170317.SAFE,sentinel-2-c1-l2a,05.11,L1279,Washing Bay,-6.569769770482481,54.523188284062314,True,396.0713035201496,True,provisional_filtered_view_no_row_flags,52.363098,12.736273466321506,2.9800199145272708,Sen2Cor_BOA_not_aquatic_Rw,False,,,0.0216205418109894,9,False,False,352.9038840688248,True,no_probe_within_15min;nonphysical_feature_pixels:nir;nonphysical_feature_pixels:rededge1;nonphysical_or_nonpositive_feature_reflectance,False,0.01985,0.0032650825240549256,36,1126,0,0,0.1633221771098754,0.005150000000000002,0.0014366966354182856,36,1010,0,0,0.304062779982706,0.0040999999999999925,0.0015914315319823379,36,1011,0,0,0.360777929164762,0.001899999999999999,0.002151485275080656,9,982,2,0,1.0939755636003332,0.0007999999999999952,0.0016486432880881254,9,983,4,0,2.2145954616109247,0.0015000000000000013,0.0007972173828734286,9,998,1,0,0.49826086429589345,-0.0001999999999999988,0.001921081871122508,36,939,18,0,,-0.0011000000000000038,0.0005465943944999499,9,989,7,0,,0.0010000000000000009,0.001079551804576991,9,983,1,0,1.330954279615468,0.0016999999999999932,0.0008862460712270777,9,1007,0,0,0.4406748420466134,,,,,,,,,,,,,
S2B_T29UPA_20260109T114347_L2A,2026-01-09,2026-01-09T11:46:10.674000Z,sentinel-2b,S2B_MSIL2A_20260109T114349_N0511_R123_T29UPA_20260109T170317.SAFE,sentinel-2-c1-l2a,05.11,L1284,Toome,-6.466696920835618,54.75354853784675,False,338.87523315847875,True,provisional_filtered_view_no_row_flags,52.363098,12.736273466321506,2.9800199145272708,Sen2Cor_BOA_not_aquatic_Rw,False,0.0,0.137316346168518,0.0162401683628559,0,True,False,298.5451035583995,False,footprint_shore_buffer_100m;outside_lake_polygon;scl_cloud_shadow_snow_nearby;scl_core_not_all_water;spectra_not_sampled_after_scl_rejection,False,,,,,,,,,,,,,,,,,,,,,,,,,,,,,,,,,,,,,,,,,,,,,,,,,,,,,,,,,,,,,,,,,,,,,,,0.0466332174837589,False,False,1370499,2026-01-09T12:00:00Z,13.822099999586742,True,4,0,0.0,0.0989799574017525,0.02331660874187945,1
S2C_T29UPA_20260111T113441_L2A,2026-01-11,2026-01-11T11:36:18.819000Z,sentinel-2c,S2C_MSIL2A_20260111T113441_N0511_R080_T29UPA_20260111T130312.SAFE,sentinel-2-c1-l2a,05.11,L1278,Rea's Wood,-6.241996568375846,54.712602169290584,True,270.8840794505137,True,provisional_filtered_view_no_row_flags,100,12.699151316468004,9.322071071311054,Sen2Cor_BOA_not_aquatic_Rw,False,0.0,0.0,0.0586214661598206,0,True,False,219.1519161730116,True,scl_cloud_shadow_snow_nearby;scl_core_not_all_water;spectra_not_sampled_after_scl_rejection;zero_or_negative_probe_requires_review,False,,,,,,,,,,,,,,,,,,,,,,,,,,,,,,,,,,,,,,,,,,,,,,,,,,,,,,,,,,,,,,,,,,,,,,,0.0,False,False,1373947,2026-01-11T11:30:00Z,-6.313650000095367,True,4,0,0.0,0.0243024025112391,0.0,1
S2C_T29UPA_20260111T113441_L2A,2026-01-11,2026-01-11T11:36:18.819000Z,sentinel-2c,S2C_MSIL2A_20260111T113441_N0511_R080_T29UPA_20260111T130312.SAFE,sentinel-2-c1-l2a,05.11,L1279,Washing Bay,-6.569769770482481,54.523188284062314,True,396.0713035201496,True,provisional_filtered_view_no_row_flags,100,12.699151316468004,9.322071071311054,Sen2Cor_BOA_not_aquatic_Rw,False,,,0.0253071561455727,0,True,False,352.9038840688248,True,no_probe_within_15min;scl_cloud_shadow_snow_nearby;scl_core_not_all_water;spectra_not_sampled_after_scl_rejection,False,,,,,,,,,,,,,,,,,,,,,,,,,,,,,,,,,,,,,,,,,,,,,,,,,,,,,,,,,,,,,,,,,,,,,,,,,,,,,,,,,,,
S2C_T29UPA_20260111T113441_L2A,2026-01-11,2026-01-11T11:36:18.819000Z,sentinel-2c,S2C_MSIL2A_20260111T113441_N0511_R080_T29UPA_20260111T130312.SAFE,sentinel-2-c1-l2a,05.11,L1284,Toome,-6.466696920835618,54.75354853784675,False,338.87523315847875,True,provisional_filtered_view_no_row_flags,100,12.699151316468004,9.322071071311054,Sen2Cor_BOA_not_aquatic_Rw,False,1.40542757511139,1.94277989864349,0.0203636102378368,0,True,False,298.5451035583995,False,footprint_shore_buffer_100m;outside_lake_polygon;scl_cloud_shadow_snow_nearby;scl_core_not_all_water;spectra_not_sampled_after_scl_rejection,False,,,,,,,,,,,,,,,,,,,,,,,,,,,,,,,,,,,,,,,,,,,,,,,,,,,,,,,,,,,,,,,,,,,,,,,1.8044285774231,False,False,1374050,2026-01-11T11:30:00Z,-6.313650000095367,True,4,0,1.42889750003815,2.3212742805481,1.8736042380332951,1
S2C_T29UPA_20260114T114434_L2A,2026-01-14,2026-01-14T11:46:14.922000Z,sentinel-2c,S2C_MSIL2A_20260114T114431_N0511_R123_T29UPA_20260114T132414.SAFE,sentinel-2-c1-l2a,05.11,L1278,Rea's Wood,-6.241996568375846,54.712602169290584,True,270.8840794505137,True,provisional_filtered_view_no_row_flags,99.995303,13.484390396721693,2.9772401878638175,Sen2Cor_BOA_not_aquatic_Rw,False,0.265380144119263,0.200410842895508,0.0773853808641434,0,True,False,219.1519161730116,True,scl_cloud_shadow_snow_nearby;scl_core_not_all_water;spectra_not_sampled_after_scl_rejection,False,,,,,,,,,,,,,,,,,,,,,,,,,,,,,,,,,,,,,,,,,,,,,,,,,,,,,,,,,,,,,,,,,,,,,,,0.146874353289604,False,False,1379276,2026-01-14T12:00:00Z,13.75130000114441,True,4,0,0.146874353289604,0.265380144119263,0.183047413825989,1
S2C_T29UPA_20260114T114434_L2A,2026-01-14,2026-01-14T11:46:14.922000Z,sentinel-2c,S2C_MSIL2A_20260114T114431_N0511_R123_T29UPA_20260114T132414.SAFE,sentinel-2-c1-l2a,05.11,L1279,Washing Bay,-6.569769770482481,54.523188284062314,True,396.0713035201496,True,provisional_filtered_view_no_row_flags,99.995303,13.484390396721693,2.9772401878638175,Sen2Cor_BOA_not_aquatic_Rw,False,,,,0,True,False,352.9038840688248,True,no_probe_within_15min;scl_cloud_shadow_snow_nearby;scl_core_not_all_water;spectra_not_sampled_after_scl_rejection,False,,,,,,,,,,,,,,,,,,,,,,,,,,,,,,,,,,,,,,,,,,,,,,,,,,,,,,,,,,,,,,,,,,,,,,,,,,,,,,,,,,,
S2C_T29UPA_20260114T114434_L2A,2026-01-14,2026-01-14T11:46:14.922000Z,sentinel-2c,S2C_MSIL2A_20260114T114431_N0511_R123_T29UPA_20260114T132414.SAFE,sentinel-2-c1-l2a,05.11,L1284,Toome,-6.466696920835618,54.75354853784675,False,338.87523315847875,True,provisional_filtered_view_no_row_flags,99.995303,13.484390396721693,2.9772401878638175,Sen2Cor_BOA_not_aquatic_Rw,False,3.05889415740967,2.50058722496033,0.0251528099179268,0,True,False,298.5451035583995,False,footprint_shore_buffer_100m;outside_lake_polygon;scl_cloud_shadow_snow_nearby;scl_core_not_all_water;spectra_not_sampled_after_scl_rejection,False,,,,,,,,,,,,,,,,,,,,,,,,,,,,,,,,,,,,,,,,,,,,,,,,,,,,,,,,,,,,,,,,,,,,,,,2.85410237312317,False,False,1379379,2026-01-14T12:00:00Z,13.75130000114441,True,4,0,2.85410237312317,3.66286659240723,3.08797299861908,1
S2B_T29UPA_20260116T113342_L2A,2026-01-16,2026-01-16T11:36:12.763000Z,sentinel-2b,S2B_MSIL2A_20260116T113329_N0511_R080_T29UPA_20260116T152358.SAFE,sentinel-2-c1-l2a,05.11,L1278,Rea's Wood,-6.241996568375846,54.712602169290584,True,270.8840794505137,True,provisional_filtered_view_no_row_flags,35.879549,13.498225467193905,9.313971880497514,Sen2Cor_BOA_not_aquatic_Rw,False,0.0,0.0,0.0580802261829376,9,False,False,219.1519161730116,True,heterogeneous_red_cv_above_0.2;zero_or_negative_probe_requires_review,False,0.024950000000000007,0.003090710643840769,36,1198,0,0,0.12214906485702899,0.012900000000000002,0.002364296870394669,36,1076,0,0,0.18214142378388207,0.005400000000000002,0.0012057731498457275,36,1021,0,0,0.2192314817901323,0.0063,0.0011794537341969415,9,1047,0,0,0.18333477733631218,0.001899999999999999,0.0025747108191929305,9,963,3,0,3.048999654307419,0.0029,0.00018525924445036686,9,1026,0,0,0.06412820000205008,0.0040000000000000036,0.001018607740199857,36,1009,0,0,0.2971627118897476,0.0016999999999999932,0.0003725123247608933,9,1011,0,0,0.22056650808210798,0.0030000000000000027,0.0013915973591080645,9,1001,0,0,0.577160195021778,0.004900000000000002,0.0012993825694261084,9,1022,0,0,0.28733275490995025,0.0,False,False,1424259,2026-01-16T11:30:00Z,-6.212716666857402,True,4,0,0.0,0.0605999641120434,0.0,1
S2B_T29UPA_20260116T113342_L2A,2026-01-16,2026-01-16T11:36:12.763000Z,sentinel-2b,S2B_MSIL2A_20260116T113329_N0511_R080_T29UPA_20260116T152358.SAFE,sentinel-2-c1-l2a,05.11,L1279,Washing Bay,-6.569769770482481,54.523188284062314,True,396.0713035201496,True,provisional_filtered_view_no_row_flags,35.879549,13.498225467193905,9.313971880497514,Sen2Cor_BOA_not_aquatic_Rw,False,,,,1,True,False,352.9038840688248,True,no_probe_within_15min;scl_cloud_shadow_snow_nearby;scl_core_not_all_water;spectra_not_sampled_after_scl_rejection,False,,,,,,,,,,,,,,,,,,,,,,,,,,,,,,,,,,,,,,,,,,,,,,,,,,,,,,,,,,,,,,,,,,,,,,,,,,,,,,,,,,,
S2B_T29UPA_20260116T113342_L2A,2026-01-16,2026-01-16T11:36:12.763000Z,sentinel-2b,S2B_MSIL2A_20260116T113329_N0511_R080_T29UPA_20260116T152358.SAFE,sentinel-2-c1-l2a,05.11,L1284,Toome,-6.466696920835618,54.75354853784675,False,338.87523315847875,False,provisional_filtered_view_no_row_flags,35.879549,13.498225467193905,9.313971880497514,Sen2Cor_BOA_not_aquatic_Rw,False,,,,0,True,False,298.5451035583995,False,footprint_shore_buffer_100m;no_probe_within_15min;outside_lake_polygon;scl_cloud_shadow_snow_nearby;scl_core_not_all_water;spectra_not_sampled_after_scl_rejection,False,,,,,,,,,,,,,,,,,,,,,,,,,,,,,,,,,,,,,,,,,,,,,,,,,,,,,,,,,,,,,,,,,,,,,,,,,,,,,,,,,,,
S2B_T29UPA_20260119T114343_L2A,2026-01-19,2026-01-19T11:46:10.218000Z,sentinel-2b,S2B_MSIL2A_20260119T114349_N0511_R123_T29UPA_20260119T152429.SAFE,sentinel-2-c1-l2a,05.11,L1278,Rea's Wood,-6.241996568375846,54.712602169290584,True,270.8840794505137,True,provisional_filtered_view_no_row_flags,99.965709,14.402000108309295,2.983686335935209,Sen2Cor_BOA_not_aquatic_Rw,False,0.647944211959839,0.995464503765106,0.0873018279671669,0,True,False,219.1519161730116,True,scl_cloud_shadow_snow_nearby;scl_core_not_all_water;spectra_not_sampled_after_scl_rejection,False,,,,,,,,,,,,,,,,,,,,,,,,,,,,,,,,,,,,,,,,,,,,,,,,,,,,,,,,,,,,,,,,,,,,,,,0.878795087337494,False,False,1426924,2026-01-19T12:00:00Z,13.82970000108083,True,4,0,0.647944211959839,0.892090618610382,0.8264866471290591,1
S2B_T29UPA_20260119T114343_L2A,2026-01-19,2026-01-19T11:46:10.218000Z,sentinel-2b,S2B_MSIL2A_20260119T114349_N0511_R123_T29UPA_20260119T152429.SAFE,sentinel-2-c1-l2a,05.11,L1279,Washing Bay,-6.569769770482481,54.523188284062314,True,396.0713035201496,True,provisional_filtered_view_no_row_flags,99.965709,14.402000108309295,2.983686335935209,Sen2Cor_BOA_not_aquatic_Rw,False,0.0,0.693370640277863,0.0250560417771339,0,True,False,352.9038840688248,True,probe_gap_or_unbracketed;scl_cloud_shadow_snow_nearby;scl_core_not_all_water;spectra_not_sampled_after_scl_rejection,False,,,,,,,,,,,,,,,,,,,,,,,,,,,,,,,,,,,,,,,,,,,,,,,,,,,,,,,,,,,,,,,,,,,,,,,0.65881621837616,False,False,1426962,2026-01-19T12:00:00Z,13.82970000108083,False,2,0,0.0,0.65881621837616,0.32940810918808,1
S2B_T29UPA_20260119T114343_L2A,2026-01-19,2026-01-19T11:46:10.218000Z,sentinel-2b,S2B_MSIL2A_20260119T114349_N0511_R123_T29UPA_20260119T152429.SAFE,sentinel-2-c1-l2a,05.11,L1284,Toome,-6.466696920835618,54.75354853784675,False,338.87523315847875,False,provisional_filtered_view_no_row_flags,99.965709,14.402000108309295,2.983686335935209,Sen2Cor_BOA_not_aquatic_Rw,False,0.0,0.0,0.0159322060644627,0,True,False,298.5451035583995,False,footprint_shore_buffer_100m;outside_lake_polygon;scl_cloud_shadow_snow_nearby;scl_core_not_all_water;spectra_not_sampled_after_scl_rejection;zero_or_negative_probe_requires_review,False,,,,,,,,,,,,,,,,,,,,,,,,,,,,,,,,,,,,,,,,,,,,,,,,,,,,,,,,,,,,,,,,,,,,,,,0.0,False,False,1427082,2026-01-19T12:00:00Z,13.82970000108083,True,4,0,0.0,0.0,0.0,1
S2C_T29UPA_20260121T113603_L2A,2026-01-21,2026-01-21T11:36:16.061000Z,sentinel-2c,S2C_MSIL2A_20260121T113401_N0511_R080_T29UPA_20260121T131510.SAFE,sentinel-2-c1-l2a,05.11,L1278,Rea's Wood,-6.241996568375846,54.712602169290584,True,270.8840794505137,True,provisional_filtered_view_no_row_flags,91.179305,14.4738792219445,9.328612128674242,Sen2Cor_BOA_not_aquatic_Rw,False,0.0693344250321388,0.0836722031235695,0.0585410743951797,0,True,False,219.1519161730116,True,scl_cloud_shadow_snow_nearby;scl_core_not_all_water;spectra_not_sampled_after_scl_rejection,False,,,,,,,,,,,,,,,,,,,,,,,,,,,,,,,,,,,,,,,,,,,,,,,,,,,,,,,,,,,,,,,,,,,,,,,0.12193401902914,False,False,1429765,2026-01-21T11:30:00Z,-6.267683335145315,True,4,0,0.0671730861067772,0.12193401902914,0.09314079955220225,1
S2C_T29UPA_20260121T113603_L2A,2026-01-21,2026-01-21T11:36:16.061000Z,sentinel-2c,S2C_MSIL2A_20260121T113401_N0511_R080_T29UPA_20260121T131510.SAFE,sentinel-2-c1-l2a,05.11,L1279,Washing Bay,-6.569769770482481,54.523188284062314,True,396.0713035201496,True,provisional_filtered_view_no_row_flags,91.179305,14.4738792219445,9.328612128674242,Sen2Cor_BOA_not_aquatic_Rw,False,,,,0,True,False,352.9038840688248,True,no_probe_within_15min;scl_cloud_shadow_snow_nearby;scl_core_not_all_water;spectra_not_sampled_after_scl_rejection,False,,,,,,,,,,,,,,,,,,,,,,,,,,,,,,,,,,,,,,,,,,,,,,,,,,,,,,,,,,,,,,,,,,,,,,,,,,,,,,,,,,,
S2C_T29UPA_20260121T113603_L2A,2026-01-21,2026-01-21T11:36:16.061000Z,sentinel-2c,S2C_MSIL2A_20260121T113401_N0511_R080_T29UPA_20260121T131510.SAFE,sentinel-2-c1-l2a,05.11,L1284,Toome,-6.466696920835618,54.75354853784675,False,338.87523315847875,False,provisional_filtered_view_no_row_flags,91.179305,14.4738792219445,9.328612128674242,Sen2Cor_BOA_not_aquatic_Rw,False,2.70063662528992,2.16376948356628,0.0221430733799934,0,True,False,298.5451035583995,False,footprint_shore_buffer_100m;outside_lake_polygon;scl_cloud_shadow_snow_nearby;scl_core_not_all_water;spectra_not_sampled_after_scl_rejection,False,,,,,,,,,,,,,,,,,,,,,,,,,,,,,,,,,,,,,,,,,,,,,,,,,,,,,,,,,,,,,,,,,,,,,,,0.646417498588562,False,False,1429865,2026-01-21T11:30:00Z,-6.267683335145315,True,4,0,0.646417498588562,2.72729277610779,2.140543103218075,1
S2C_T29UPA_20260124T114352_L2A,2026-01-24,2026-01-24T11:46:12.376000Z,sentinel-2c,S2C_MSIL2A_20260124T114351_N0511_R123_T29UPA_20260124T133610.SAFE,sentinel-2-c1-l2a,05.11,L1278,Rea's Wood,-6.241996568375846,54.712602169290584,True,270.8840794505137,True,provisional_filtered_view_no_row_flags,98.702401,15.487585654813302,2.9806644735045063,Sen2Cor_BOA_not_aquatic_Rw,False,2.95310091972351,1.25971662998199,0.0557065531611443,0,True,False,219.1519161730116,True,scl_cloud_shadow_snow_nearby;scl_core_not_all_water;spectra_not_sampled_after_scl_rejection,False,,,,,,,,,,,,,,,,,,,,,,,,,,,,,,,,,,,,,,,,,,,,,,,,,,,,,,,,,,,,,,,,,,,,,,,2.35689187049866,False,False,1433900,2026-01-24T12:00:00Z,13.79373333454132,True,4,0,2.17114090919495,2.95310091972351,2.570375204086305,1
S2C_T29UPA_20260124T114352_L2A,2026-01-24,2026-01-24T11:46:12.376000Z,sentinel-2c,S2C_MSIL2A_20260124T114351_N0511_R123_T29UPA_20260124T133610.SAFE,sentinel-2-c1-l2a,05.11,L1279,Washing Bay,-6.569769770482481,54.523188284062314,True,396.0713035201496,True,provisional_filtered_view_no_row_flags,98.702401,15.487585654813302,2.9806644735045063,Sen2Cor_BOA_not_aquatic_Rw,False,31.7821807861328,32.2775840759277,0.0889565050601959,0,True,False,352.9038840688248,True,probe_gap_or_unbracketed;scl_cloud_shadow_snow_nearby;scl_core_not_all_water;spectra_not_sampled_after_scl_rejection,False,,,,,,,,,,,,,,,,,,,,,,,,,,,,,,,,,,,,,,,,,,,,,,,,,,,,,,,,,,,,,,,,,,,,,,,33.1940727233887,False,False,1433938,2026-01-24T12:00:00Z,13.79373333454132,False,2,0,31.7821807861328,33.1940727233887,32.48812675476075,1
S2C_T29UPA_20260124T114352_L2A,2026-01-24,2026-01-24T11:46:12.376000Z,sentinel-2c,S2C_MSIL2A_20260124T114351_N0511_R123_T29UPA_20260124T133610.SAFE,sentinel-2-c1-l2a,05.11,L1284,Toome,-6.466696920835618,54.75354853784675,False,338.87523315847875,False,provisional_filtered_view_no_row_flags,98.702401,15.487585654813302,2.9806644735045063,Sen2Cor_BOA_not_aquatic_Rw,False,0.0,0.0,0.0174537487328053,0,True,False,298.5451035583995,False,footprint_shore_buffer_100m;outside_lake_polygon;scl_cloud_shadow_snow_nearby;scl_core_not_all_water;spectra_not_sampled_after_scl_rejection;zero_or_negative_probe_requires_review,False,,,,,,,,,,,,,,,,,,,,,,,,,,,,,,,,,,,,,,,,,,,,,,,,,,,,,,,,,,,,,,,,,,,,,,,0.0,False,False,1433970,2026-01-24T12:00:00Z,13.79373333454132,True,4,0,0.0,0.0,0.0,1
S2B_T29UPA_20260126T113312_L2A,2026-01-26,2026-01-26T11:36:11.188000Z,sentinel-2b,S2B_MSIL2A_20260126T113309_N0511_R080_T29UPA_20260126T151425.SAFE,sentinel-2-c1-l2a,05.11,L1278,Rea's Wood,-6.241996568375846,54.712602169290584,True,270.8840794505137,True,provisional_filtered_view_no_row_flags,99.999636,15.606211865855599,9.316593425479478,Sen2Cor_BOA_not_aquatic_Rw,False,2.83736968040466,4.52935457229614,0.0909789055585861,0,True,False,219.1519161730116,True,scl_cloud_shadow_snow_nearby;scl_core_not_all_water;spectra_not_sampled_after_scl_rejection,False,,,,,,,,,,,,,,,,,,,,,,,,,,,,,,,,,,,,,,,,,,,,,,,,,,,,,,,,,,,,,,,,,,,,,,,3.50046467781067,False,False,1436525,2026-01-26T11:30:00Z,-6.186466666062673,True,4,0,2.1050136089325,4.52935457229614,3.82183873653412,1
S2B_T29UPA_20260126T113312_L2A,2026-01-26,2026-01-26T11:36:11.188000Z,sentinel-2b,S2B_MSIL2A_20260126T113309_N0511_R080_T29UPA_20260126T151425.SAFE,sentinel-2-c1-l2a,05.11,L1279,Washing Bay,-6.569769770482481,54.523188284062314,True,396.0713035201496,True,provisional_filtered_view_no_row_flags,99.999636,15.606211865855599,9.316593425479478,Sen2Cor_BOA_not_aquatic_Rw,False,,,,0,True,False,352.9038840688248,True,no_probe_within_15min;scl_cloud_shadow_snow_nearby;scl_core_not_all_water;spectra_not_sampled_after_scl_rejection,False,,,,,,,,,,,,,,,,,,,,,,,,,,,,,,,,,,,,,,,,,,,,,,,,,,,,,,,,,,,,,,,,,,,,,,,,,,,,,,,,,,,
S2B_T29UPA_20260126T113312_L2A,2026-01-26,2026-01-26T11:36:11.188000Z,sentinel-2b,S2B_MSIL2A_20260126T113309_N0511_R080_T29UPA_20260126T151425.SAFE,sentinel-2-c1-l2a,05.11,L1284,Toome,-6.466696920835618,54.75354853784675,False,338.87523315847875,False,provisional_filtered_view_no_row_flags,99.999636,15.606211865855599,9.316593425479478,Sen2Cor_BOA_not_aquatic_Rw,False,0.880523681640625,0.780180990695953,0.0175733119249344,0,True,False,298.5451035583995,False,footprint_shore_buffer_100m;outside_lake_polygon;scl_cloud_shadow_snow_nearby;scl_core_not_all_water;spectra_not_sampled_after_scl_rejection,False,,,,,,,,,,,,,,,,,,,,,,,,,,,,,,,,,,,,,,,,,,,,,,,,,,,,,,,,,,,,,,,,,,,,,,,0.966252505779266,False,False,1436673,2026-01-26T11:30:00Z,-6.186466666062673,True,4,0,0.758707523345947,0.966252505779266,0.8646485209465025,1
S2B_T29UPA_20260129T114341_L2A,2026-01-29,2026-01-29T11:46:08.248000Z,sentinel-2b,S2B_MSIL2A_20260129T114339_N0511_R123_T29UPA_20260129T155440.SAFE,sentinel-2-c1-l2a,05.11,L1278,Rea's Wood,-6.241996568375846,54.712602169290584,True,270.8840794505137,True,provisional_filtered_view_no_row_flags,61.069936,16.723083114934397,2.980155425759227,Sen2Cor_BOA_not_aquatic_Rw,False,1.36578404903412,1.67018985748291,0.0528360158205032,9,True,False,219.1519161730116,True,scl_cloud_shadow_snow_nearby;spectra_not_sampled_after_scl_rejection,False,,,,,,,,,,,,,,,,,,,,,,,,,,,,,,,,,,,,,,,,,,,,,,,,,,,,,,,,,,,,,,,,,,,,,,,1.38054358959198,False,False,1440670,2026-01-29T12:00:00Z,13.862533334891001,True,4,0,1.34025466442108,1.39234864711761,1.37316381931305,1
S2B_T29UPA_20260129T114341_L2A,2026-01-29,2026-01-29T11:46:08.248000Z,sentinel-2b,S2B_MSIL2A_20260129T114339_N0511_R123_T29UPA_20260129T155440.SAFE,sentinel-2-c1-l2a,05.11,L1279,Washing Bay,-6.569769770482481,54.523188284062314,True,396.0713035201496,True,provisional_filtered_view_no_row_flags,61.069936,16.723083114934397,2.980155425759227,Sen2Cor_BOA_not_aquatic_Rw,False,22.1099376678467,39.7105407714844,0.0949402898550034,9,False,False,352.9038840688248,True,probe_gap_or_unbracketed,False,0.0363,0.0027726216033846997,36,1324,0,0,0.07529182901248335,0.03530000000000001,0.0021788687743419678,36,1315,0,0,0.06128068427836783,0.045399999999999996,0.0019025243140186408,36,1396,0,0,0.042335811166195496,0.04500000000000001,0.002173578718253486,9,1404,0,0,0.04866221011015267,0.026600000000000013,0.0015652081469280333,9,1236,0,0,0.05994414179724382,0.026900000000000007,0.002457540675724314,9,1218,0,0,0.09460165133241584,0.023100000000000002,0.001938857051632912,36,1162,0,0,0.0849754734097697,0.014700000000000005,0.0019305215824348906,9,1129,0,0,0.12499780030153966,0.0063,0.000594002951316609,9,1052,0,0,0.09546476003302645,0.004400000000000001,0.0010619106935084767,9,1034,0,0,0.22647384458711586,35.9042167663574,False,False,1440730,2026-01-29T12:00:00Z,13.862533334891001,False,2,0,22.1099376678467,35.9042167663574,29.00707721710205,1
S2B_T29UPA_20260129T114341_L2A,2026-01-29,2026-01-29T11:46:08.248000Z,sentinel-2b,S2B_MSIL2A_20260129T114339_N0511_R123_T29UPA_20260129T155440.SAFE,sentinel-2-c1-l2a,05.11,L1284,Toome,-6.466696920835618,54.75354853784675,False,338.87523315847875,False,provisional_filtered_view_no_row_flags,61.069936,16.723083114934397,2.980155425759227,Sen2Cor_BOA_not_aquatic_Rw,False,1.92587292194366,1.44027996063232,0.0126024298369884,2,True,True,298.5451035583995,False,footprint_shore_buffer_100m;outside_lake_polygon;scl_cloud_shadow_snow_nearby;scl_core_not_all_water;spectra_not_sampled_after_scl_rejection,False,,,,,,,,,,,,,,,,,,,,,,,,,,,,,,,,,,,,,,,,,,,,,,,,,,,,,,,,,,,,,,,,,,,,,,,1.47770214080811,False,False,1440888,2026-01-29T12:00:00Z,13.862533334891001,True,4,0,1.47770214080811,1.92587292194366,1.5977461338043248,1
S2C_T29UPA_20260131T113316_L2A,2026-01-31,2026-01-31T11:36:13.953000Z,sentinel-2c,S2C_MSIL2A_20260131T113321_N0511_R080_T29UPA_20260131T125714.SAFE,sentinel-2-c1-l2a,05.11,L1278,Rea's Wood,-6.241996568375846,54.712602169290584,True,270.8840794505137,True,provisional_filtered_view_no_row_flags,94.097245,16.892965146773506,9.371044913640327,Sen2Cor_BOA_not_aquatic_Rw,False,11.3718299865723,8.41536045074463,0.0739189982414246,0,True,False,219.1519161730116,True,scl_cloud_shadow_snow_nearby;scl_core_not_all_water;spectra_not_sampled_after_scl_rejection,False,,,,,,,,,,,,,,,,,,,,,,,,,,,,,,,,,,,,,,,,,,,,,,,,,,,,,,,,,,,,,,,,,,,,,,,10.7060804367065,False,False,1443475,2026-01-31T11:30:00Z,-6.232550001144409,True,4,0,8.41536045074463,12.4536981582642,10.60722923278805,1
S2C_T29UPA_20260131T113316_L2A,2026-01-31,2026-01-31T11:36:13.953000Z,sentinel-2c,S2C_MSIL2A_20260131T113321_N0511_R080_T29UPA_20260131T125714.SAFE,sentinel-2-c1-l2a,05.11,L1279,Washing Bay,-6.569769770482481,54.523188284062314,True,396.0713035201496,True,provisional_filtered_view_no_row_flags,94.097245,16.892965146773506,9.371044913640327,Sen2Cor_BOA_not_aquatic_Rw,False,,,,0,True,False,352.9038840688248,True,no_probe_within_15min;scl_cloud_shadow_snow_nearby;scl_core_not_all_water;spectra_not_sampled_after_scl_rejection,False,,,,,,,,,,,,,,,,,,,,,,,,,,,,,,,,,,,,,,,,,,,,,,,,,,,,,,,,,,,,,,,,,,,,,,,,,,,,,,,,,,,
S2C_T29UPA_20260131T113316_L2A,2026-01-31,2026-01-31T11:36:13.953000Z,sentinel-2c,S2C_MSIL2A_20260131T113321_N0511_R080_T29UPA_20260131T125714.SAFE,sentinel-2-c1-l2a,05.11,L1284,Toome,-6.466696920835618,54.75354853784675,False,338.87523315847875,False,provisional_filtered_view_no_row_flags,94.097245,16.892965146773506,9.371044913640327,Sen2Cor_BOA_not_aquatic_Rw,False,8.66198062896729,9.82837200164795,0.0319837108254433,0,True,False,298.5451035583995,False,footprint_shore_buffer_100m;outside_lake_polygon;scl_cloud_shadow_snow_nearby;scl_core_not_all_water;spectra_not_sampled_after_scl_rejection,False,,,,,,,,,,,,,,,,,,,,,,,,,,,,,,,,,,,,,,,,,,,,,,,,,,,,,,,,,,,,,,,,,,,,,,,9.81183910369873,False,False,1443545,2026-01-31T11:30:00Z,-6.232550001144409,True,4,0,9.357590675354,9.82837200164795,9.73399496078491,1
S2C_T29UPA_20260203T114346_L2A,2026-02-03,2026-02-03T11:46:12.945000Z,sentinel-2c,S2C_MSIL2A_20260203T114351_N0511_R123_T29UPA_20260203T150012.SAFE,sentinel-2-c1-l2a,05.11,L1278,Rea's Wood,-6.241996568375846,54.712602169290584,True,270.8840794505137,True,provisional_filtered_view_no_row_flags,99.850208,18.104388451327694,2.9713143822972894,Sen2Cor_BOA_not_aquatic_Rw,False,1.3695570230484,1.2788804769516,0.0196665599942207,0,True,False,219.1519161730116,True,scl_cloud_shadow_snow_nearby;scl_core_not_all_water;spectra_not_sampled_after_scl_rejection,False,,,,,,,,,,,,,,,,,,,,,,,,,,,,,,,,,,,,,,,,,,,,,,,,,,,,,,,,,,,,,,,,,,,,,,,1.3127064704895,False,False,1447670,2026-02-03T12:00:00Z,13.78425000111262,True,4,0,1.12108051776886,1.42415904998779,1.34113174676895,1
S2C_T29UPA_20260203T114346_L2A,2026-02-03,2026-02-03T11:46:12.945000Z,sentinel-2c,S2C_MSIL2A_20260203T114351_N0511_R123_T29UPA_20260203T150012.SAFE,sentinel-2-c1-l2a,05.11,L1279,Washing Bay,-6.569769770482481,54.523188284062314,True,396.0713035201496,False,provisional_filtered_view_no_row_flags,99.850208,18.104388451327694,2.9713143822972894,Sen2Cor_BOA_not_aquatic_Rw,False,25.4957256317139,24.7218647003174,0.033378928899765,0,True,False,352.9038840688248,True,scl_cloud_shadow_snow_nearby;scl_core_not_all_water;spectra_not_sampled_after_scl_rejection,False,,,,,,,,,,,,,,,,,,,,,,,,,,,,,,,,,,,,,,,,,,,,,,,,,,,,,,,,,,,,,,,,,,,,,,,28.2087135314941,False,False,1447714,2026-02-03T12:00:00Z,13.78425000111262,True,4,0,24.647367477417,28.2087135314941,25.249033927917502,1
S2C_T29UPA_20260203T114346_L2A,2026-02-03,2026-02-03T11:46:12.945000Z,sentinel-2c,S2C_MSIL2A_20260203T114351_N0511_R123_T29UPA_20260203T150012.SAFE,sentinel-2-c1-l2a,05.11,L1284,Toome,-6.466696920835618,54.75354853784675,False,338.87523315847875,False,provisional_filtered_view_no_row_flags,99.850208,18.104388451327694,2.9713143822972894,Sen2Cor_BOA_not_aquatic_Rw,False,1.7424498796463,2.10323548316956,0.0135507509112358,0,True,False,298.5451035583995,False,footprint_shore_buffer_100m;outside_lake_polygon;scl_cloud_shadow_snow_nearby;scl_core_not_all_water;spectra_not_sampled_after_scl_rejection,False,,,,,,,,,,,,,,,,,,,,,,,,,,,,,,,,,,,,,,,,,,,,,,,,,,,,,,,,,,,,,,,,,,,,,,,1.66303884983063,False,False,1447750,2026-02-03T12:00:00Z,13.78425000111262,True,4,0,1.66303884983063,1.93937122821808,1.81727772951126,1
S2B_T29UPA_20260205T113311_L2A,2026-02-05,2026-02-05T11:36:10.439000Z,sentinel-2b,S2B_MSIL2A_20260205T113309_N0512_R080_T29UPA_20260205T165733.SAFE,sentinel-2-c1-l2a,05.12,L1278,Rea's Wood,-6.241996568375846,54.712602169290584,True,270.8840794505137,False,provisional_filtered_view_no_row_flags,99.999636,18.312737953181696,9.295677666010716,Sen2Cor_BOA_not_aquatic_Rw,False,2.10469174385071,2.15831470489502,,0,True,False,219.1519161730116,True,probe_gap_or_unbracketed;scl_cloud_shadow_snow_nearby;scl_core_not_all_water;spectra_not_sampled_after_scl_rejection,False,,,,,,,,,,,,,,,,,,,,,,,,,,,,,,,,,,,,,,,,,,,,,,,,,,,,,,,,,,,,,,,,,,,,,,,2.28692865371704,False,False,1450580,2026-02-05T11:30:00Z,-6.173983331521352,False,3,0,2.15831470489502,2.41432166099548,2.28692865371704,1
S2B_T29UPA_20260205T113311_L2A,2026-02-05,2026-02-05T11:36:10.439000Z,sentinel-2b,S2B_MSIL2A_20260205T113309_N0512_R080_T29UPA_20260205T165733.SAFE,sentinel-2-c1-l2a,05.12,L1279,Washing Bay,-6.569769770482481,54.523188284062314,True,396.0713035201496,False,provisional_filtered_view_no_row_flags,99.999636,18.312737953181696,9.295677666010716,Sen2Cor_BOA_not_aquatic_Rw,False,31.614953994751,,0.0257555022835732,0,True,False,352.9038840688248,True,probe_gap_or_unbracketed;scl_cloud_shadow_snow_nearby;scl_core_not_all_water;spectra_not_sampled_after_scl_rejection,False,,,,,,,,,,,,,,,,,,,,,,,,,,,,,,,,,,,,,,,,,,,,,,,,,,,,,,,,,,,,,,,,,,,,,,,32.5993690490723,False,False,1450654,2026-02-05T11:30:00Z,-6.173983331521352,False,1,0,32.5993690490723,32.5993690490723,32.5993690490723,1
S2B_T29UPA_20260205T113311_L2A,2026-02-05,2026-02-05T11:36:10.439000Z,sentinel-2b,S2B_MSIL2A_20260205T113309_N0512_R080_T29UPA_20260205T165733.SAFE,sentinel-2-c1-l2a,05.12,L1284,Toome,-6.466696920835618,54.75354853784675,False,338.87523315847875,False,provisional_filtered_view_no_row_flags,99.999636,18.312737953181696,9.295677666010716,Sen2Cor_BOA_not_aquatic_Rw,False,1.8040132522583,1.35021603107452,0.0232206657528877,0,True,False,298.5451035583995,False,footprint_shore_buffer_100m;outside_lake_polygon;scl_cloud_shadow_snow_nearby;scl_core_not_all_water;spectra_not_sampled_after_scl_rejection,False,,,,,,,,,,,,,,,,,,,,,,,,,,,,,,,,,,,,,,,,,,,,,,,,,,,,,,,,,,,,,,,,,,,,,,,1.8177729845047,False,False,1450702,2026-02-05T11:30:00Z,-6.173983331521352,True,4,0,1.34538125991821,1.8177729845047,1.52779924869537,1
S2B_T29UPA_20260208T114341_L2A,2026-02-08,2026-02-08T11:46:07.777000Z,sentinel-2b,S2B_MSIL2A_20260208T114339_N0512_R123_T29UPA_20260208T152313.SAFE,sentinel-2-c1-l2a,05.12,L1278,Rea's Wood,-6.241996568375846,54.712602169290584,True,270.8840794505137,False,provisional_filtered_view_no_row_flags,85.38757,19.6082880798661,2.990301625189504,Sen2Cor_BOA_not_aquatic_Rw,False,5.61368894577026,6.27852773666382,,0,True,False,219.1519161730116,True,scl_cloud_shadow_snow_nearby;scl_core_not_all_water;spectra_not_sampled_after_scl_rejection,False,,,,,,,,,,,,,,,,,,,,,,,,,,,,,,,,,,,,,,,,,,,,,,,,,,,,,,,,,,,,,,,,,,,,,,,5.91999816894531,False,False,1454979,2026-02-08T12:00:00Z,13.87038333415985,True,4,0,5.61368894577026,6.36123895645142,5.7782785892486555,1
S2B_T29UPA_20260208T114341_L2A,2026-02-08,2026-02-08T11:46:07.777000Z,sentinel-2b,S2B_MSIL2A_20260208T114339_N0512_R123_T29UPA_20260208T152313.SAFE,sentinel-2-c1-l2a,05.12,L1279,Washing Bay,-6.569769770482481,54.523188284062314,True,396.0713035201496,False,provisional_filtered_view_no_row_flags,85.38757,19.6082880798661,2.990301625189504,Sen2Cor_BOA_not_aquatic_Rw,False,3.65786814689636,4.48834753036499,0.0467609986662865,0,True,False,352.9038840688248,True,scl_cloud_shadow_snow_nearby;scl_core_not_all_water;spectra_not_sampled_after_scl_rejection,False,,,,,,,,,,,,,,,,,,,,,,,,,,,,,,,,,,,,,,,,,,,,,,,,,,,,,,,,,,,,,,,,,,,,,,,4.24691534042358,False,False,1455037,2026-02-08T12:00:00Z,13.87038333415985,True,4,0,3.65786814689636,4.24691534042358,3.7755348682403547,1
S2B_T29UPA_20260208T114341_L2A,2026-02-08,2026-02-08T11:46:07.777000Z,sentinel-2b,S2B_MSIL2A_20260208T114339_N0512_R123_T29UPA_20260208T152313.SAFE,sentinel-2-c1-l2a,05.12,L1284,Toome,-6.466696920835618,54.75354853784675,False,338.87523315847875,False,provisional_filtered_view_no_row_flags,85.38757,19.6082880798661,2.990301625189504,Sen2Cor_BOA_not_aquatic_Rw,False,0.455122858285904,0.143445029854774,0.0196292400360107,0,True,False,298.5451035583995,False,footprint_shore_buffer_100m;outside_lake_polygon;scl_cloud_shadow_snow_nearby;scl_core_not_all_water;spectra_not_sampled_after_scl_rejection,False,,,,,,,,,,,,,,,,,,,,,,,,,,,,,,,,,,,,,,,,,,,,,,,,,,,,,,,,,,,,,,,,,,,,,,,0.179254293441772,False,False,1455073,2026-02-08T12:00:00Z,13.87038333415985,True,4,0,0.0,0.455122858285904,0.253927543759346,1
S2C_T29UPA_20260210T113453_L2A,2026-02-10,2026-02-10T11:36:17.013000Z,sentinel-2c,S2C_MSIL2A_20260210T113321_N0512_R080_T29UPA_20260210T150512.SAFE,sentinel-2-c1-l2a,05.12,L1278,Rea's Wood,-6.241996568375846,54.712602169290584,True,270.8840794505137,False,provisional_filtered_view_no_row_flags,100,19.8638856939734,9.325905308426384,Sen2Cor_BOA_not_aquatic_Rw,False,2.35632801055908,2.45069313049316,,0,True,False,219.1519161730116,True,scl_cloud_shadow_snow_nearby;scl_core_not_all_water;spectra_not_sampled_after_scl_rejection,False,,,,,,,,,,,,,,,,,,,,,,,,,,,,,,,,,,,,,,,,,,,,,,,,,,,,,,,,,,,,,,,,,,,,,,,2.61463904380798,False,False,1457850,2026-02-10T11:30:00Z,-6.2835500001907345,True,4,0,2.39928221702576,2.61463904380798,2.477439284324645,1
S2C_T29UPA_20260210T113453_L2A,2026-02-10,2026-02-10T11:36:17.013000Z,sentinel-2c,S2C_MSIL2A_20260210T113321_N0512_R080_T29UPA_20260210T150512.SAFE,sentinel-2-c1-l2a,05.12,L1279,Washing Bay,-6.569769770482481,54.523188284062314,True,396.0713035201496,False,provisional_filtered_view_no_row_flags,100,19.8638856939734,9.325905308426384,Sen2Cor_BOA_not_aquatic_Rw,False,2.89500021934509,5.49947500228882,0.0298657342791557,0,True,False,352.9038840688248,True,scl_cloud_shadow_snow_nearby;scl_core_not_all_water;spectra_not_sampled_after_scl_rejection,False,,,,,,,,,,,,,,,,,,,,,,,,,,,,,,,,,,,,,,,,,,,,,,,,,,,,,,,,,,,,,,,,,,,,,,,5.1495213508606,False,False,1458018,2026-02-10T11:30:00Z,-6.2835500001907345,True,4,0,4.08685684204102,6.13542175292969,5.324498176574711,1
S2C_T29UPA_20260210T113453_L2A,2026-02-10,2026-02-10T11:36:17.013000Z,sentinel-2c,S2C_MSIL2A_20260210T113321_N0512_R080_T29UPA_20260210T150512.SAFE,sentinel-2-c1-l2a,05.12,L1284,Toome,-6.466696920835618,54.75354853784675,False,338.87523315847875,False,provisional_filtered_view_no_row_flags,100,19.8638856939734,9.325905308426384,Sen2Cor_BOA_not_aquatic_Rw,False,0.0,0.0,0.0159589238464832,0,True,False,298.5451035583995,False,footprint_shore_buffer_100m;outside_lake_polygon;scl_cloud_shadow_snow_nearby;scl_core_not_all_water;spectra_not_sampled_after_scl_rejection;zero_or_negative_probe_requires_review,False,,,,,,,,,,,,,,,,,,,,,,,,,,,,,,,,,,,,,,,,,,,,,,,,,,,,,,,,,,,,,,,,,,,,,,,0.0,False,False,1457882,2026-02-10T11:30:00Z,-6.2835500001907345,True,4,0,0.0,0.0,0.0,1
S2C_T29UPA_20260213T114349_L2A,2026-02-13,2026-02-13T11:46:15.216000Z,sentinel-2c,S2C_MSIL2A_20260213T114351_N0512_R123_T29UPA_20260213T151813.SAFE,sentinel-2-c1-l2a,05.12,L1278,Rea's Wood,-6.241996568375846,54.712602169290584,True,270.8840794505137,False,provisional_filtered_view_no_row_flags,68.790752,21.234458694172503,2.9841741514145554,Sen2Cor_BOA_not_aquatic_Rw,False,2.52805924415588,5.49431610107422,,0,True,False,219.1519161730116,True,scl_cloud_shadow_snow_nearby;scl_core_not_all_water;spectra_not_sampled_after_scl_rejection,False,,,,,,,,,,,,,,,,,,,,,,,,,,,,,,,,,,,,,,,,,,,,,,,,,,,,,,,,,,,,,,,,,,,,,,,6.23747873306274,False,False,1462301,2026-02-13T12:00:00Z,13.746399998664856,True,4,0,2.52805924415588,6.23747873306274,4.673543453216555,1
S2C_T29UPA_20260213T114349_L2A,2026-02-13,2026-02-13T11:46:15.216000Z,sentinel-2c,S2C_MSIL2A_20260213T114351_N0512_R123_T29UPA_20260213T151813.SAFE,sentinel-2-c1-l2a,05.12,L1279,Washing Bay,-6.569769770482481,54.523188284062314,True,396.0713035201496,False,provisional_filtered_view_no_row_flags,68.790752,21.234458694172503,2.9841741514145554,Sen2Cor_BOA_not_aquatic_Rw,False,18.5350208282471,14.849781036377,0.044251412153244,0,True,False,352.9038840688248,True,scl_cloud_shadow_snow_nearby;scl_core_not_all_water;spectra_not_sampled_after_scl_rejection,False,,,,,,,,,,,,,,,,,,,,,,,,,,,,,,,,,,,,,,,,,,,,,,,,,,,,,,,,,,,,,,,,,,,,,,,12.331901550293,False,False,1462347,2026-02-13T12:00:00Z,13.746399998664856,True,4,0,11.3778343200684,18.5350208282471,12.033504486084,1
S2C_T29UPA_20260213T114349_L2A,2026-02-13,2026-02-13T11:46:15.216000Z,sentinel-2c,S2C_MSIL2A_20260213T114351_N0512_R123_T29UPA_20260213T151813.SAFE,sentinel-2-c1-l2a,05.12,L1284,Toome,-6.466696920835618,54.75354853784675,False,338.87523315847875,False,provisional_filtered_view_no_row_flags,68.790752,21.234458694172503,2.9841741514145554,Sen2Cor_BOA_not_aquatic_Rw,False,0.0,0.0,0.0126670747995377,0,True,False,298.5451035583995,False,footprint_shore_buffer_100m;outside_lake_polygon;scl_cloud_shadow_snow_nearby;scl_core_not_all_water;spectra_not_sampled_after_scl_rejection;zero_or_negative_probe_requires_review,False,,,,,,,,,,,,,,,,,,,,,,,,,,,,,,,,,,,,,,,,,,,,,,,,,,,,,,,,,,,,,,,,,,,,,,,0.0,False,False,1462383,2026-02-13T12:00:00Z,13.746399998664856,True,4,0,0.0,0.0,0.0,1
S2B_T29UPA_20260215T113312_L2A,2026-02-15,2026-02-15T11:36:10.884000Z,sentinel-2b,S2B_MSIL2A_20260215T113309_N0512_R080_T29UPA_20260215T154840.SAFE,sentinel-2-c1-l2a,05.12,L1278,Rea's Wood,-6.241996568375846,54.712602169290584,True,270.8840794505137,False,provisional_filtered_view_no_row_flags,59.29929,21.516788026084996,9.328067002599871,Sen2Cor_BOA_not_aquatic_Rw,False,2.3378050327301,2.11451172828674,,9,False,False,219.1519161730116,True,,True,0.0818,0.007850699819399605,36,1581,0,0,0.09895147171009935,0.07445,0.005795695374719346,36,1609,0,0,0.07867756457253154,0.07055,0.0065276069717606165,36,1495,0,0,0.09614739617175326,0.07730000000000001,0.007008266723601194,9,1604,0,0,0.094521805053815,0.08080000000000001,0.017194687666561938,9,1322,0,0,0.2388888376027438,0.07800000000000001,0.011730723615498316,9,1579,0,0,0.15372235372668147,0.08800000000000001,0.009238730205091453,36,1638,0,0,0.10863414142386082,0.07880000000000001,0.014841466767219107,9,1496,0,0,0.2062906577682965,0.08050000000000002,0.008622938114610068,9,1600,0,0,0.11342654637750746,0.06309999999999999,0.028902394279051145,9,1204,0,0,0.4315221441795957,2.16349649429321,False,False,1465140,2026-02-15T11:30:00Z,-6.181400001049042,True,4,0,2.04387140274048,2.17537951469421,2.139004111289975,1
S2B_T29UPA_20260215T113312_L2A,2026-02-15,2026-02-15T11:36:10.884000Z,sentinel-2b,S2B_MSIL2A_20260215T113309_N0512_R080_T29UPA_20260215T154840.SAFE,sentinel-2-c1-l2a,05.12,L1279,Washing Bay,-6.569769770482481,54.523188284062314,True,396.0713035201496,False,provisional_filtered_view_no_row_flags,59.29929,21.516788026084996,9.328067002599871,Sen2Cor_BOA_not_aquatic_Rw,False,1.5239372253418,0.936085879802704,0.0349423289299011,9,False,False,352.9038840688248,True,,True,0.016799999999999995,0.002100859612423236,36,1115,0,0,0.1269401578503466,0.013600000000000001,0.0018516988362708758,36,1101,0,0,0.13350922913228827,0.015299999999999994,0.0009132892325119256,36,1133,0,0,0.06011777723611139,0.0155,0.0014696938456699093,9,1120,0,0,0.09584959863064625,0.008300000000000002,0.0014672557739442854,9,1057,0,0,0.1852076011991384,0.008800000000000002,0.0006913932971601803,9,1076,0,0,0.07807452540077318,0.007199999999999998,0.0008140358229142343,36,1057,0,0,0.11288632367069505,0.005400000000000002,0.0008171011693711199,9,1039,0,0,0.14886458551295706,0.003799999999999998,0.0005209203630991589,9,1032,0,0,0.135499516413076,0.0040000000000000036,0.0006729335079878555,9,1028,0,0,0.17812945799678526,1.22384691238403,False,False,1465186,2026-02-15T11:30:00Z,-6.181400001049042,True,4,0,0.936085879802704,1.6906042098999,1.21917027235031,1
S2B_T29UPA_20260215T113312_L2A,2026-02-15,2026-02-15T11:36:10.884000Z,sentinel-2b,S2B_MSIL2A_20260215T113309_N0512_R080_T29UPA_20260215T154840.SAFE,sentinel-2-c1-l2a,05.12,L1284,Toome,-6.466696920835618,54.75354853784675,False,338.87523315847875,False,provisional_filtered_view_no_row_flags,59.29929,21.516788026084996,9.328067002599871,Sen2Cor_BOA_not_aquatic_Rw,False,2.91598105430603,2.64359307289124,0.0151421278715134,0,True,False,298.5451035583995,False,footprint_shore_buffer_100m;outside_lake_polygon;scl_cloud_shadow_snow_nearby;scl_core_not_all_water;spectra_not_sampled_after_scl_rejection,False,,,,,,,,,,,,,,,,,,,,,,,,,,,,,,,,,,,,,,,,,,,,,,,,,,,,,,,,,,,,,,,,,,,,,,,2.59536099433899,False,False,1465246,2026-02-15T11:30:00Z,-6.181400001049042,True,4,0,2.15292119979858,3.02792096138,2.619477033615115,1
S2B_T29UPA_20260218T114553_L2A,2026-02-18,2026-02-18T11:46:09.728000Z,sentinel-2b,S2B_MSIL2A_20260218T114349_N0512_R123_T29UPA_20260218T155538.SAFE,sentinel-2-c1-l2a,05.12,L1278,Rea's Wood,-6.241996568375846,54.712602169290584,True,270.8840794505137,False,provisional_filtered_view_no_row_flags,99.999601,22.953180280843497,2.9830762947408744,Sen2Cor_BOA_not_aquatic_Rw,False,1.92774331569672,1.93750143051147,0.0259434022009373,0,True,False,219.1519161730116,True,probe_gap_or_unbracketed;scl_cloud_shadow_snow_nearby;scl_core_not_all_water;spectra_not_sampled_after_scl_rejection,False,,,,,,,,,,,,,,,,,,,,,,,,,,,,,,,,,,,,,,,,,,,,,,,,,,,,,,,,,,,,,,,,,,,,,,,1.91463601589203,False,False,1493441,2026-02-18T12:00:00Z,13.837866667906443,False,2,0,1.91463601589203,1.92774331569672,1.921189665794375,1
S2B_T29UPA_20260218T114553_L2A,2026-02-18,2026-02-18T11:46:09.728000Z,sentinel-2b,S2B_MSIL2A_20260218T114349_N0512_R123_T29UPA_20260218T155538.SAFE,sentinel-2-c1-l2a,05.12,L1279,Washing Bay,-6.569769770482481,54.523188284062314,True,396.0713035201496,False,provisional_filtered_view_no_row_flags,99.999601,22.953180280843497,2.9830762947408744,Sen2Cor_BOA_not_aquatic_Rw,False,10.845404624939,13.738543510437,0.0260718837380409,0,True,False,352.9038840688248,True,scl_cloud_shadow_snow_nearby;scl_core_not_all_water;spectra_not_sampled_after_scl_rejection,False,,,,,,,,,,,,,,,,,,,,,,,,,,,,,,,,,,,,,,,,,,,,,,,,,,,,,,,,,,,,,,,,,,,,,,,9.33252620697021,False,False,1493474,2026-02-18T12:00:00Z,13.837866667906443,True,4,0,8.90299320220947,14.3676910400391,10.088965415954604,1
S2B_T29UPA_20260218T114553_L2A,2026-02-18,2026-02-18T11:46:09.728000Z,sentinel-2b,S2B_MSIL2A_20260218T114349_N0512_R123_T29UPA_20260218T155538.SAFE,sentinel-2-c1-l2a,05.12,L1284,Toome,-6.466696920835618,54.75354853784675,False,338.87523315847875,False,provisional_filtered_view_no_row_flags,99.999601,22.953180280843497,2.9830762947408744,Sen2Cor_BOA_not_aquatic_Rw,False,5.15207052230835,3.93364214897156,0.0161367133259773,0,True,False,298.5451035583995,False,footprint_shore_buffer_100m;outside_lake_polygon;scl_cloud_shadow_snow_nearby;scl_core_not_all_water;spectra_not_sampled_after_scl_rejection,False,,,,,,,,,,,,,,,,,,,,,,,,,,,,,,,,,,,,,,,,,,,,,,,,,,,,,,,,,,,,,,,,,,,,,,,4.36847877502441,False,False,1493534,2026-02-18T12:00:00Z,13.837866667906443,True,4,0,3.37103343009949,5.37328338623047,4.76027464866638,1
S2C_T29UPA_20260220T113319_L2A,2026-02-20,2026-02-20T11:36:17.784000Z,sentinel-2c,S2C_MSIL2A_20260220T113321_N0512_R080_T29UPA_20260220T144811.SAFE,sentinel-2-c1-l2a,05.12,L1278,Rea's Wood,-6.241996568375846,54.712602169290584,True,270.8840794505137,False,provisional_filtered_view_no_row_flags,99.957252,23.274508527053,9.292202980251131,Sen2Cor_BOA_not_aquatic_Rw,False,,,,0,True,False,219.1519161730116,True,no_probe_within_15min;scl_cloud_shadow_snow_nearby;scl_core_not_all_water;spectra_not_sampled_after_scl_rejection,False,,,,,,,,,,,,,,,,,,,,,,,,,,,,,,,,,,,,,,,,,,,,,,,,,,,,,,,,,,,,,,,,,,,,,,,,,,,,,,,,,,,
S2C_T29UPA_20260220T113319_L2A,2026-02-20,2026-02-20T11:36:17.784000Z,sentinel-2c,S2C_MSIL2A_20260220T113321_N0512_R080_T29UPA_20260220T144811.SAFE,sentinel-2-c1-l2a,05.12,L1279,Washing Bay,-6.569769770482481,54.523188284062314,True,396.0713035201496,False,provisional_filtered_view_no_row_flags,99.957252,23.274508527053,9.292202980251131,Sen2Cor_BOA_not_aquatic_Rw,False,17.9770526885986,17.3505344390869,0.0875700861215591,0,True,False,352.9038840688248,True,scl_cloud_shadow_snow_nearby;scl_core_not_all_water;spectra_not_sampled_after_scl_rejection,False,,,,,,,,,,,,,,,,,,,,,,,,,,,,,,,,,,,,,,,,,,,,,,,,,,,,,,,,,,,,,,,,,,,,,,,16.2175369262695,False,False,1512059,2026-02-20T11:30:00Z,-6.296399998664856,True,4,0,14.1342325210571,17.3505344390869,15.7436556816101,1
S2C_T29UPA_20260220T113319_L2A,2026-02-20,2026-02-20T11:36:17.784000Z,sentinel-2c,S2C_MSIL2A_20260220T113321_N0512_R080_T29UPA_20260220T144811.SAFE,sentinel-2-c1-l2a,05.12,L1284,Toome,-6.466696920835618,54.75354853784675,False,338.87523315847875,False,provisional_filtered_view_no_row_flags,99.957252,23.274508527053,9.292202980251131,Sen2Cor_BOA_not_aquatic_Rw,False,4.26000452041626,1.50250148773193,0.0109923928976059,0,True,False,298.5451035583995,False,footprint_shore_buffer_100m;outside_lake_polygon;scl_cloud_shadow_snow_nearby;scl_core_not_all_water;spectra_not_sampled_after_scl_rejection,False,,,,,,,,,,,,,,,,,,,,,,,,,,,,,,,,,,,,,,,,,,,,,,,,,,,,,,,,,,,,,,,,,,,,,,,2.02382922172546,False,False,1511973,2026-02-20T11:30:00Z,-6.296399998664856,True,4,0,1.50250148773193,3.15902876853943,2.15058970451355,1
S2C_T29UPA_20260223T114530_L2A,2026-02-23,2026-02-23T11:46:15.330000Z,sentinel-2c,S2C_MSIL2A_20260223T114351_N0512_R123_T29UPA_20260223T152510.SAFE,sentinel-2-c1-l2a,05.12,L1278,Rea's Wood,-6.241996568375846,54.712602169290584,True,270.8840794505137,False,provisional_filtered_view_no_row_flags,98.940432,24.7636564343871,2.9978762385657722,Sen2Cor_BOA_not_aquatic_Rw,False,2.2685239315033,1.95131957530975,0.0289564989507198,0,True,False,219.1519161730116,True,probe_gap_or_unbracketed;scl_cloud_shadow_snow_nearby;scl_core_not_all_water;spectra_not_sampled_after_scl_rejection,False,,,,,,,,,,,,,,,,,,,,,,,,,,,,,,,,,,,,,,,,,,,,,,,,,,,,,,,,,,,,,,,,,,,,,,,2.04054403305054,False,False,1515473,2026-02-23T12:00:00Z,13.744500001271566,False,2,0,2.04054403305054,2.2685239315033,2.15453398227692,1
S2C_T29UPA_20260223T114530_L2A,2026-02-23,2026-02-23T11:46:15.330000Z,sentinel-2c,S2C_MSIL2A_20260223T114351_N0512_R123_T29UPA_20260223T152510.SAFE,sentinel-2-c1-l2a,05.12,L1279,Washing Bay,-6.569769770482481,54.523188284062314,True,396.0713035201496,False,provisional_filtered_view_no_row_flags,98.940432,24.7636564343871,2.9978762385657722,Sen2Cor_BOA_not_aquatic_Rw,False,8.33747100830078,19.6847667694092,0.034600205719471,0,True,False,352.9038840688248,True,scl_cloud_shadow_snow_nearby;scl_core_not_all_water;spectra_not_sampled_after_scl_rejection,False,,,,,,,,,,,,,,,,,,,,,,,,,,,,,,,,,,,,,,,,,,,,,,,,,,,,,,,,,,,,,,,,,,,,,,,9.80654144287109,False,False,1515506,2026-02-23T12:00:00Z,13.744500001271566,True,4,0,8.33747100830078,16.3139400482178,11.980824947357195,1
S2C_T29UPA_20260223T114530_L2A,2026-02-23,2026-02-23T11:46:15.330000Z,sentinel-2c,S2C_MSIL2A_20260223T114351_N0512_R123_T29UPA_20260223T152510.SAFE,sentinel-2-c1-l2a,05.12,L1284,Toome,-6.466696920835618,54.75354853784675,False,338.87523315847875,False,provisional_filtered_view_no_row_flags,98.940432,24.7636564343871,2.9978762385657722,Sen2Cor_BOA_not_aquatic_Rw,False,0.0,0.0,0.0162559375166893,0,True,False,298.5451035583995,False,footprint_shore_buffer_100m;outside_lake_polygon;scl_cloud_shadow_snow_nearby;scl_core_not_all_water;spectra_not_sampled_after_scl_rejection;zero_or_negative_probe_requires_review,False,,,,,,,,,,,,,,,,,,,,,,,,,,,,,,,,,,,,,,,,,,,,,,,,,,,,,,,,,,,,,,,,,,,,,,,0.0,False,False,1515542,2026-02-23T12:00:00Z,13.744500001271566,True,4,0,0.0,0.0,0.0,1
S2B_T29UPA_20260225T113358_L2A,2026-02-25,2026-02-25T11:36:13.622000Z,sentinel-2b,S2B_MSIL2A_20260225T113319_N0512_R080_T29UPA_20260225T170122.SAFE,sentinel-2-c1-l2a,05.12,L1278,Rea's Wood,-6.241996568375846,54.712602169290584,True,270.8840794505137,False,provisional_filtered_view_no_row_flags,99.87039,25.104654285895506,9.294740672625032,Sen2Cor_BOA_not_aquatic_Rw,False,,,,0,True,False,219.1519161730116,True,no_probe_within_15min;scl_cloud_shadow_snow_nearby;scl_core_not_all_water;spectra_not_sampled_after_scl_rejection,False,,,,,,,,,,,,,,,,,,,,,,,,,,,,,,,,,,,,,,,,,,,,,,,,,,,,,,,,,,,,,,,,,,,,,,,,,,,,,,,,,,,
S2B_T29UPA_20260225T113358_L2A,2026-02-25,2026-02-25T11:36:13.622000Z,sentinel-2b,S2B_MSIL2A_20260225T113319_N0512_R080_T29UPA_20260225T170122.SAFE,sentinel-2-c1-l2a,05.12,L1279,Washing Bay,-6.569769770482481,54.523188284062314,True,396.0713035201496,False,provisional_filtered_view_no_row_flags,99.87039,25.104654285895506,9.294740672625032,Sen2Cor_BOA_not_aquatic_Rw,False,19.8981246948242,21.861852645874,0.0377887561917305,0,True,False,352.9038840688248,True,scl_cloud_shadow_snow_nearby;scl_core_not_all_water;spectra_not_sampled_after_scl_rejection,False,,,,,,,,,,,,,,,,,,,,,,,,,,,,,,,,,,,,,,,,,,,,,,,,,,,,,,,,,,,,,,,,,,,,,,,13.9292650222778,False,False,1517857,2026-02-25T11:30:00Z,-6.227033332983653,True,4,0,11.4590673446655,21.861852645874,17.3196234703064,1
S2B_T29UPA_20260225T113358_L2A,2026-02-25,2026-02-25T11:36:13.622000Z,sentinel-2b,S2B_MSIL2A_20260225T113319_N0512_R080_T29UPA_20260225T170122.SAFE,sentinel-2-c1-l2a,05.12,L1284,Toome,-6.466696920835618,54.75354853784675,False,338.87523315847875,False,provisional_filtered_view_no_row_flags,99.87039,25.104654285895506,9.294740672625032,Sen2Cor_BOA_not_aquatic_Rw,False,0.0,0.0,0.00819690898060799,0,True,False,298.5451035583995,False,footprint_shore_buffer_100m;outside_lake_polygon;scl_cloud_shadow_snow_nearby;scl_core_not_all_water;spectra_not_sampled_after_scl_rejection;zero_or_negative_probe_requires_review,False,,,,,,,,,,,,,,,,,,,,,,,,,,,,,,,,,,,,,,,,,,,,,,,,,,,,,,,,,,,,,,,,,,,,,,,0.0,False,False,1517893,2026-02-25T11:30:00Z,-6.227033332983653,True,4,0,0.0,0.0,0.0,1
S2B_T29UPA_20260228T114345_L2A,2026-02-28,2026-02-28T11:46:11.800000Z,sentinel-2b,S2B_MSIL2A_20260228T114349_N0512_R123_T29UPA_20260228T155602.SAFE,sentinel-2-c1-l2a,05.12,L1278,Rea's Wood,-6.241996568375846,54.712602169290584,True,270.8840794505137,False,provisional_filtered_view_no_row_flags,4.334259,26.638106151220498,3.0017252279745352,Sen2Cor_BOA_not_aquatic_Rw,False,1.96984755992889,1.91561472415924,0.022743321955204,9,False,False,219.1519161730116,True,probe_gap_or_unbracketed,False,0.005549999999999999,0.0017515667589649865,36,1020,0,0,0.32688648689859784,0.00485,0.0012840065574233534,36,1026,0,0,0.258235955682909,0.004900000000000002,0.0007715224647281795,36,1025,0,0,0.15889478678612398,0.003799999999999998,0.00042280661312089863,9,1032,0,0,0.108103963582048,0.004500000000000004,0.00015947444549341413,9,1042,0,0,0.03552648538219622,0.0058,0.0007039570693980956,9,1044,0,0,0.12570661953537426,0.005699999999999997,0.0003833333333333343,36,1046,0,0,0.06865671641791063,0.003600000000000006,0.00044666113871648404,9,1032,0,0,0.12144864798937625,0.003699999999999995,0.0005737035841522478,9,1028,0,0,0.1569401901936241,0.0034000000000000002,0.0008894442709417536,9,1016,0,0,0.26419136760646156,2.07154870033264,False,False,1520823,2026-02-28T12:00:00Z,13.803333334128062,False,2,0,1.96984755992889,2.07154870033264,2.020698130130765,1
S2B_T29UPA_20260228T114345_L2A,2026-02-28,2026-02-28T11:46:11.800000Z,sentinel-2b,S2B_MSIL2A_20260228T114349_N0512_R123_T29UPA_20260228T155602.SAFE,sentinel-2-c1-l2a,05.12,L1279,Washing Bay,-6.569769770482481,54.523188284062314,True,396.0713035201496,False,provisional_filtered_view_no_row_flags,4.334259,26.638106151220498,3.0017252279745352,Sen2Cor_BOA_not_aquatic_Rw,False,30.5831298828125,23.6253871917725,0.0340677946805954,9,False,False,352.9038840688248,True,,True,0.007300000000000001,0.001405838245617007,36,1044,0,0,0.19134282360004629,0.0102,0.0013628758401100069,36,1073,0,0,0.13328859071980506,0.012650000000000002,0.0007818691990636572,36,1112,0,0,0.0612830201748131,0.0126,0.0012111620784382704,9,1094,0,0,0.09972972283572216,0.006000000000000005,0.0008120998539831824,9,1056,0,0,0.12536704435417909,0.007800000000000001,9.428090415820904e-05,9,1076,0,0,0.012139172209211463,0.007050000000000001,0.0006011306219877335,36,1058,0,0,0.08642453031772528,0.005599999999999994,0.0005940029513166054,9,1047,0,0,0.10461891510468592,0.0025000000000000022,0.00028846122190549523,9,1022,0,0,0.11487393792696722,0.0016999999999999932,0.0003520662115056648,9,1009,0,0,0.21702711668157437,19.1767559051514,False,False,1521830,2026-02-28T12:00:00Z,13.803333334128062,True,4,0,19.1767559051514,39.4248580932617,33.27494049072265,1
S2B_T29UPA_20260228T114345_L2A,2026-02-28,2026-02-28T11:46:11.800000Z,sentinel-2b,S2B_MSIL2A_20260228T114349_N0512_R123_T29UPA_20260228T155602.SAFE,sentinel-2-c1-l2a,05.12,L1284,Toome,-6.466696920835618,54.75354853784675,False,338.87523315847875,False,provisional_filtered_view_no_row_flags,4.334259,26.638106151220498,3.0017252279745352,Sen2Cor_BOA_not_aquatic_Rw,False,0.0,0.0,0.0154301859438419,5,False,True,298.5451035583995,False,footprint_shore_buffer_100m;outside_lake_polygon;scl_core_not_all_water;spectra_not_sampled_after_scl_rejection;zero_or_negative_probe_requires_review,False,,,,,,,,,,,,,,,,,,,,,,,,,,,,,,,,,,,,,,,,,,,,,,,,,,,,,,,,,,,,,,,,,,,,,,,0.0,False,False,1522954,2026-02-28T12:00:00Z,13.803333334128062,True,4,0,0.0,0.0,0.0,1
S2C_T29UPA_20260302T113340_L2A,2026-03-02,2026-03-02T11:36:16.437000Z,sentinel-2c,S2C_MSIL2A_20260302T113321_N0512_R080_T29UPA_20260302T145912.SAFE,sentinel-2-c1-l2a,05.12,L1278,Rea's Wood,-6.241996568375846,54.712602169290584,True,270.8840794505137,False,provisional_filtered_view_no_row_flags,94.122219,27.004595571107302,9.293608341145683,Sen2Cor_BOA_not_aquatic_Rw,False,,,,0,True,False,219.1519161730116,True,no_probe_within_15min;scl_cloud_shadow_snow_nearby;scl_core_not_all_water;spectra_not_sampled_after_scl_rejection,False,,,,,,,,,,,,,,,,,,,,,,,,,,,,,,,,,,,,,,,,,,,,,,,,,,,,,,,,,,,,,,,,,,,,,,,,,,,,,,,,,,,
S2C_T29UPA_20260302T113340_L2A,2026-03-02,2026-03-02T11:36:16.437000Z,sentinel-2c,S2C_MSIL2A_20260302T113321_N0512_R080_T29UPA_20260302T145912.SAFE,sentinel-2-c1-l2a,05.12,L1279,Washing Bay,-6.569769770482481,54.523188284062314,True,396.0713035201496,False,provisional_filtered_view_no_row_flags,94.122219,27.004595571107302,9.293608341145683,Sen2Cor_BOA_not_aquatic_Rw,False,16.3408622741699,27.0255126953125,0.0317621678113937,0,True,False,352.9038840688248,True,scl_cloud_shadow_snow_nearby;scl_core_not_all_water;spectra_not_sampled_after_scl_rejection,False,,,,,,,,,,,,,,,,,,,,,,,,,,,,,,,,,,,,,,,,,,,,,,,,,,,,,,,,,,,,,,,,,,,,,,,19.0152530670166,False,False,1523725,2026-03-02T11:30:00Z,-6.273950000603993,True,4,0,15.8109951019287,27.0255126953125,21.0307331085205,1
S2C_T29UPA_20260302T113340_L2A,2026-03-02,2026-03-02T11:36:16.437000Z,sentinel-2c,S2C_MSIL2A_20260302T113321_N0512_R080_T29UPA_20260302T145912.SAFE,sentinel-2-c1-l2a,05.12,L1284,Toome,-6.466696920835618,54.75354853784675,False,338.87523315847875,False,provisional_filtered_view_no_row_flags,94.122219,27.004595571107302,9.293608341145683,Sen2Cor_BOA_not_aquatic_Rw,False,0.439412355422974,0.515699207782745,0.0105349570512772,0,True,False,298.5451035583995,False,footprint_shore_buffer_100m;outside_lake_polygon;scl_cloud_shadow_snow_nearby;scl_core_not_all_water;spectra_not_sampled_after_scl_rejection,False,,,,,,,,,,,,,,,,,,,,,,,,,,,,,,,,,,,,,,,,,,,,,,,,,,,,,,,,,,,,,,,,,,,,,,,0.27295258641243,False,False,1523773,2026-03-02T11:30:00Z,-6.273950000603993,True,4,0,0.12902407348156,0.515699207782745,0.283612981438637,1
S2C_T29UPA_20260305T114347_L2A,2026-03-05,2026-03-05T11:46:13.861000Z,sentinel-2c,S2C_MSIL2A_20260305T114351_N0512_R123_T29UPA_20260305T162714.SAFE,sentinel-2-c1-l2a,05.12,L1278,Rea's Wood,-6.241996568375846,54.712602169290584,True,270.8840794505137,False,provisional_filtered_view_no_row_flags,99.999988,28.5705562925004,2.982413250038981,Sen2Cor_BOA_not_aquatic_Rw,False,1.88798809051514,1.91867792606354,0.0199181735515594,0,True,False,219.1519161730116,True,scl_cloud_shadow_snow_nearby;scl_core_not_all_water;spectra_not_sampled_after_scl_rejection,False,,,,,,,,,,,,,,,,,,,,,,,,,,,,,,,,,,,,,,,,,,,,,,,,,,,,,,,,,,,,,,,,,,,,,,,1.86723816394806,False,False,1527941,2026-03-05T12:00:00Z,13.76898333231608,True,4,0,1.86723816394806,1.90610253810883,1.89130383729935,1
S2C_T29UPA_20260305T114347_L2A,2026-03-05,2026-03-05T11:46:13.861000Z,sentinel-2c,S2C_MSIL2A_20260305T114351_N0512_R123_T29UPA_20260305T162714.SAFE,sentinel-2-c1-l2a,05.12,L1279,Washing Bay,-6.569769770482481,54.523188284062314,True,396.0713035201496,False,provisional_filtered_view_no_row_flags,99.999988,28.5705562925004,2.982413250038981,Sen2Cor_BOA_not_aquatic_Rw,False,26.8547306060791,25.5434589385986,0.0346593856811523,0,True,False,352.9038840688248,True,scl_cloud_shadow_snow_nearby;scl_core_not_all_water;spectra_not_sampled_after_scl_rejection,False,,,,,,,,,,,,,,,,,,,,,,,,,,,,,,,,,,,,,,,,,,,,,,,,,,,,,,,,,,,,,,,,,,,,,,,23.925666809082,False,False,1527975,2026-03-05T12:00:00Z,13.76898333231608,True,4,0,23.5694675445557,30.934419631958,25.390198707580552,1
S2C_T29UPA_20260305T114347_L2A,2026-03-05,2026-03-05T11:46:13.861000Z,sentinel-2c,S2C_MSIL2A_20260305T114351_N0512_R123_T29UPA_20260305T162714.SAFE,sentinel-2-c1-l2a,05.12,L1284,Toome,-6.466696920835618,54.75354853784675,False,338.87523315847875,False,provisional_filtered_view_no_row_flags,99.999988,28.5705562925004,2.982413250038981,Sen2Cor_BOA_not_aquatic_Rw,False,0.0,0.0,0.0122502073645592,0,True,False,298.5451035583995,False,footprint_shore_buffer_100m;outside_lake_polygon;scl_cloud_shadow_snow_nearby;scl_core_not_all_water;spectra_not_sampled_after_scl_rejection;zero_or_negative_probe_requires_review,False,,,,,,,,,,,,,,,,,,,,,,,,,,,,,,,,,,,,,,,,,,,,,,,,,,,,,,,,,,,,,,,,,,,,,,,0.0,False,False,1528011,2026-03-05T12:00:00Z,13.76898333231608,True,4,0,0.0,0.0,0.0,1
S2B_T29UPA_20260307T113316_L2A,2026-03-07,2026-03-07T11:36:14.099000Z,sentinel-2b,S2B_MSIL2A_20260307T113319_N0512_R080_T29UPA_20260307T151734.SAFE,sentinel-2-c1-l2a,05.12,L1278,Rea's Wood,-6.241996568375846,54.712602169290584,True,270.8840794505137,False,provisional_filtered_view_no_row_flags,30.16929,28.9508756868036,9.274985324026051,Sen2Cor_BOA_not_aquatic_Rw,False,1.81115913391113,1.81456625461578,0.0248713456094265,0,True,False,219.1519161730116,True,scl_cloud_shadow_snow_nearby;scl_core_not_all_water;spectra_not_sampled_after_scl_rejection,False,,,,,,,,,,,,,,,,,,,,,,,,,,,,,,,,,,,,,,,,,,,,,,,,,,,,,,,,,,,,,,,,,,,,,,,1.79296588897705,False,False,1530836,2026-03-07T11:30:00Z,-6.234983332951864,True,4,0,1.79296588897705,1.81456625461578,1.8097431063652052,1
S2B_T29UPA_20260307T113316_L2A,2026-03-07,2026-03-07T11:36:14.099000Z,sentinel-2b,S2B_MSIL2A_20260307T113319_N0512_R080_T29UPA_20260307T151734.SAFE,sentinel-2-c1-l2a,05.12,L1279,Washing Bay,-6.569769770482481,54.523188284062314,True,396.0713035201496,False,provisional_filtered_view_no_row_flags,30.16929,28.9508756868036,9.274985324026051,Sen2Cor_BOA_not_aquatic_Rw,False,,,0.0839333534240723,9,False,False,352.9038840688248,True,no_probe_within_15min,False,0.0314,0.0017274539710864171,36,1280,0,0,0.054767365001418766,0.03370000000000001,0.0017550522309416712,36,1303,0,0,0.052350551258513685,0.03670000000000001,0.0013598406769422154,36,1342,0,0,0.03713720556055208,0.03939999999999999,0.0017339742404853292,9,1370,0,0,0.043824117282695765,0.0295,0.002892903193832949,9,1254,0,0,0.09632308081574747,0.03140000000000001,0.0028268990121140393,9,1274,0,0,0.09047685316154463,0.029050000000000006,0.0025510104509757795,36,1238,0,0,0.0898594679404384,0.027499999999999997,0.0028678292216316598,9,1240,0,0,0.1006255867239179,0.024300000000000002,0.0018987975402252407,9,1225,0,0,0.07722177072764196,0.03209999999999999,0.002566498310976829,9,1301,0,0,0.077175024386206,,,,,,,,,,,,,
S2B_T29UPA_20260307T113316_L2A,2026-03-07,2026-03-07T11:36:14.099000Z,sentinel-2b,S2B_MSIL2A_20260307T113319_N0512_R080_T29UPA_20260307T151734.SAFE,sentinel-2-c1-l2a,05.12,L1284,Toome,-6.466696920835618,54.75354853784675,False,338.87523315847875,False,provisional_filtered_view_no_row_flags,30.16929,28.9508756868036,9.274985324026051,Sen2Cor_BOA_not_aquatic_Rw,False,0.0,0.0,0.0115338526666164,5,False,True,298.5451035583995,False,footprint_shore_buffer_100m;outside_lake_polygon;scl_core_not_all_water;spectra_not_sampled_after_scl_rejection;zero_or_negative_probe_requires_review,False,,,,,,,,,,,,,,,,,,,,,,,,,,,,,,,,,,,,,,,,,,,,,,,,,,,,,,,,,,,,,,,,,,,,,,,0.0,False,False,1530970,2026-03-07T11:30:00Z,-6.234983332951864,True,4,0,0.0,0.0,0.0,1
S2A_T29UPA_20260307T114406_L2A,2026-03-07,2026-03-07T11:46:32.814000Z,sentinel-2a,S2A_MSIL2A_20260307T114411_N0512_R123_T29UPA_20260307T180411.SAFE,sentinel-2-c1-l2a,05.12,L1278,Rea's Wood,-6.241996568375846,54.712602169290584,True,270.8840794505137,False,provisional_filtered_view_no_row_flags,22.167419,29.366796053262902,2.983499221789141,Sen2Cor_BOA_not_aquatic_Rw,False,1.81061685085297,1.81187999248505,0.0267670191824436,0,True,False,219.1519161730116,True,scl_cloud_shadow_snow_nearby;scl_core_not_all_water;spectra_not_sampled_after_scl_rejection,False,,,,,,,,,,,,,,,,,,,,,,,,,,,,,,,,,,,,,,,,,,,,,,,,,,,,,,,,,,,,,,,,,,,,,,,1.80886936187744,False,False,1530837,2026-03-07T12:00:00Z,13.45310000181198,True,4,0,1.79296588897705,1.81456625461578,1.8097431063652052,1
S2A_T29UPA_20260307T114406_L2A,2026-03-07,2026-03-07T11:46:32.814000Z,sentinel-2a,S2A_MSIL2A_20260307T114411_N0512_R123_T29UPA_20260307T180411.SAFE,sentinel-2-c1-l2a,05.12,L1279,Washing Bay,-6.569769770482481,54.523188284062314,True,396.0713035201496,False,provisional_filtered_view_no_row_flags,22.167419,29.366796053262902,2.983499221789141,Sen2Cor_BOA_not_aquatic_Rw,False,,,0.0307365730404854,9,False,False,352.9038840688248,True,no_probe_within_15min,False,0.013800000000000007,0.0016847811888553925,36,1106,0,0,0.12086911677719037,0.02465,0.0010970604662764345,36,1218,0,0,0.04467161722197901,0.028450000000000003,0.0009298878201292282,36,1267,0,0,0.03267860359688815,0.029799999999999993,0.00032010800646417977,9,1293,0,0,0.010725882569536925,0.016700000000000007,0.0004605418172458394,9,1156,0,0,0.027892842228886636,0.017699999999999994,0.0014417924372456558,9,1151,0,0,0.08280875517045884,0.014499999999999999,0.0005015639122033118,36,1139,0,0,0.0342819457742913,0.012800000000000006,0.0008499818443957896,9,1116,0,0,0.06560751800653608,0.0076999999999999985,0.0006494061864978884,9,1072,0,0,0.08197273041347819,0.007300000000000001,0.000454606056566195,9,1063,0,0,0.06227480226934179,,,,,,,,,,,,,
S2A_T29UPA_20260307T114406_L2A,2026-03-07,2026-03-07T11:46:32.814000Z,sentinel-2a,S2A_MSIL2A_20260307T114411_N0512_R123_T29UPA_20260307T180411.SAFE,sentinel-2-c1-l2a,05.12,L1284,Toome,-6.466696920835618,54.75354853784675,False,338.87523315847875,False,provisional_filtered_view_no_row_flags,22.167419,29.366796053262902,2.983499221789141,Sen2Cor_BOA_not_aquatic_Rw,False,0.0,0.0,0.0162430703639984,5,False,True,298.5451035583995,False,footprint_shore_buffer_100m;outside_lake_polygon;scl_core_not_all_water;spectra_not_sampled_after_scl_rejection;zero_or_negative_probe_requires_review,False,,,,,,,,,,,,,,,,,,,,,,,,,,,,,,,,,,,,,,,,,,,,,,,,,,,,,,,,,,,,,,,,,,,,,,,0.0,False,False,1530971,2026-03-07T12:00:00Z,13.45310000181198,True,4,0,0.0,0.0,0.0,1
S2B_T29UPA_20260310T114345_L2A,2026-03-10,2026-03-10T11:46:11.457000Z,sentinel-2b,S2B_MSIL2A_20260310T114349_N0512_R123_T29UPA_20260310T170131.SAFE,sentinel-2-c1-l2a,05.12,L1278,Rea's Wood,-6.241996568375846,54.712602169290584,True,270.8840794505137,False,provisional_filtered_view_no_row_flags,99.10863,30.5407212233725,3.0062097402358483,Sen2Cor_BOA_not_aquatic_Rw,False,1.82421779632568,1.88868606090546,,0,True,False,219.1519161730116,True,scl_cloud_shadow_snow_nearby;scl_core_not_all_water;spectra_not_sampled_after_scl_rejection,False,,,,,,,,,,,,,,,,,,,,,,,,,,,,,,,,,,,,,,,,,,,,,,,,,,,,,,,,,,,,,,,,,,,,,,,1.83958899974823,False,False,1534991,2026-03-10T12:00:00Z,13.809049999713897,True,4,0,1.79920387268066,1.83958899974823,1.822505235671995,1
S2B_T29UPA_20260310T114345_L2A,2026-03-10,2026-03-10T11:46:11.457000Z,sentinel-2b,S2B_MSIL2A_20260310T114349_N0512_R123_T29UPA_20260310T170131.SAFE,sentinel-2-c1-l2a,05.12,L1279,Washing Bay,-6.569769770482481,54.523188284062314,True,396.0713035201496,False,provisional_filtered_view_no_row_flags,99.10863,30.5407212233725,3.0062097402358483,Sen2Cor_BOA_not_aquatic_Rw,False,,,0.0265283137559891,0,True,False,352.9038840688248,True,no_probe_within_15min;scl_cloud_shadow_snow_nearby;scl_core_not_all_water;spectra_not_sampled_after_scl_rejection,False,,,,,,,,,,,,,,,,,,,,,,,,,,,,,,,,,,,,,,,,,,,,,,,,,,,,,,,,,,,,,,,,,,,,,,,,,,,,,,,,,,,
S2B_T29UPA_20260310T114345_L2A,2026-03-10,2026-03-10T11:46:11.457000Z,sentinel-2b,S2B_MSIL2A_20260310T114349_N0512_R123_T29UPA_20260310T170131.SAFE,sentinel-2-c1-l2a,05.12,L1284,Toome,-6.466696920835618,54.75354853784675,False,338.87523315847875,False,provisional_filtered_view_no_row_flags,99.10863,30.5407212233725,3.0062097402358483,Sen2Cor_BOA_not_aquatic_Rw,False,0.0,0.0,0.0146280340850353,0,True,False,298.5451035583995,False,footprint_shore_buffer_100m;outside_lake_polygon;scl_cloud_shadow_snow_nearby;scl_core_not_all_water;spectra_not_sampled_after_scl_rejection;zero_or_negative_probe_requires_review,False,,,,,,,,,,,,,,,,,,,,,,,,,,,,,,,,,,,,,,,,,,,,,,,,,,,,,,,,,,,,,,,,,,,,,,,0.0,False,False,1535061,2026-03-10T12:00:00Z,13.809049999713897,True,4,0,0.0,0.0,0.0,1
S2C_T29UPA_20260312T113319_L2A,2026-03-12,2026-03-12T11:36:17.690000Z,sentinel-2c,S2C_MSIL2A_20260312T113321_N0512_R080_T29UPA_20260312T170311.SAFE,sentinel-2-c1-l2a,05.12,L1278,Rea's Wood,-6.241996568375846,54.712602169290584,True,270.8840794505137,False,provisional_filtered_view_no_row_flags,99.998772,30.937258450718097,9.300737234856348,Sen2Cor_BOA_not_aquatic_Rw,False,13.2250547409058,18.7964210510254,0.112758919596672,0,True,False,219.1519161730116,True,scl_cloud_shadow_snow_nearby;scl_core_not_all_water;spectra_not_sampled_after_scl_rejection,False,,,,,,,,,,,,,,,,,,,,,,,,,,,,,,,,,,,,,,,,,,,,,,,,,,,,,,,,,,,,,,,,,,,,,,,20.8276062011719,False,False,1537966,2026-03-12T11:30:00Z,-6.2948333342870075,True,4,0,17.591287612915,21.1962261199951,19.81201362609865,1
S2C_T29UPA_20260312T113319_L2A,2026-03-12,2026-03-12T11:36:17.690000Z,sentinel-2c,S2C_MSIL2A_20260312T113321_N0512_R080_T29UPA_20260312T170311.SAFE,sentinel-2-c1-l2a,05.12,L1279,Washing Bay,-6.569769770482481,54.523188284062314,True,396.0713035201496,False,provisional_filtered_view_no_row_flags,99.998772,30.937258450718097,9.300737234856348,Sen2Cor_BOA_not_aquatic_Rw,False,23.340784072876,21.2655010223389,0.0168294534087181,0,True,False,352.9038840688248,True,no_probe_within_15min;scl_cloud_shadow_snow_nearby;scl_core_not_all_water;spectra_not_sampled_after_scl_rejection,False,,,,,,,,,,,,,,,,,,,,,,,,,,,,,,,,,,,,,,,,,,,,,,,,,,,,,,,,,,,,,,,,,,,,,,,,,,,,,,,,,,,
S2C_T29UPA_20260312T113319_L2A,2026-03-12,2026-03-12T11:36:17.690000Z,sentinel-2c,S2C_MSIL2A_20260312T113321_N0512_R080_T29UPA_20260312T170311.SAFE,sentinel-2-c1-l2a,05.12,L1284,Toome,-6.466696920835618,54.75354853784675,False,338.87523315847875,False,provisional_filtered_view_no_row_flags,99.998772,30.937258450718097,9.300737234856348,Sen2Cor_BOA_not_aquatic_Rw,False,12.5566263198853,9.20603275299072,0.0202740468084812,0,True,False,298.5451035583995,False,footprint_shore_buffer_100m;outside_lake_polygon;scl_cloud_shadow_snow_nearby;scl_core_not_all_water;spectra_not_sampled_after_scl_rejection,False,,,,,,,,,,,,,,,,,,,,,,,,,,,,,,,,,,,,,,,,,,,,,,,,,,,,,,,,,,,,,,,,,,,,,,,10.8135347366333,False,False,1538036,2026-03-12T11:30:00Z,-6.2948333342870075,True,4,0,9.20603275299072,11.2563962936401,10.6818742752075,1
S2A_T29UPA_20260314T113337_L2A,2026-03-14,2026-03-14T11:36:36.606000Z,sentinel-2a,S2A_MSIL2A_20260314T113341_N0512_R080_T29UPA_20260314T180111.SAFE,sentinel-2-c1-l2a,05.12,L1278,Rea's Wood,-6.241996568375846,54.712602169290584,True,270.8840794505137,False,provisional_filtered_view_no_row_flags,29.809919,31.751277250128,9.28338259210272,Sen2Cor_BOA_not_aquatic_Rw,False,3.18995380401611,3.21954822540283,0.0644368380308151,9,False,False,219.1519161730116,True,,True,0.016100000000000003,0.00131974557967122,36,1133,0,0,0.08208507406386302,0.0194,0.001277572447270483,36,1164,0,0,0.06621452361321248,0.018249999999999995,0.0011411765641728211,36,1157,0,0,0.06297111635533653,0.015600000000000003,0.0006482645398139916,9,1147,0,0,0.04140795499166732,0.009599999999999997,0.00040030852299226374,9,1092,0,0,0.04108069221129275,0.009300000000000003,0.0003705184889007332,9,1084,0,0,0.03993612455217484,0.008300000000000002,0.0005346266148294069,36,1069,0,0,0.06362498556647486,0.007499999999999993,0.000545237517617125,9,1072,0,0,0.07060629724538312,0.003699999999999995,0.00045460605656619566,9,1027,0,0,0.12398346997259886,0.0031000000000000055,0.00046693114198779394,9,1025,0,0,0.14797113654542754,2.93125343322754,False,False,1540942,2026-03-14T11:30:00Z,-6.610099999109904,True,4,0,2.93125343322754,3.21954822540283,3.13556528091431,1
S2A_T29UPA_20260314T113337_L2A,2026-03-14,2026-03-14T11:36:36.606000Z,sentinel-2a,S2A_MSIL2A_20260314T113341_N0512_R080_T29UPA_20260314T180111.SAFE,sentinel-2-c1-l2a,05.12,L1279,Washing Bay,-6.569769770482481,54.523188284062314,True,396.0713035201496,False,provisional_filtered_view_no_row_flags,29.809919,31.751277250128,9.28338259210272,Sen2Cor_BOA_not_aquatic_Rw,False,23.4562854766846,19.5581207275391,0.1465163230896,9,True,False,352.9038840688248,True,scl_cloud_shadow_snow_nearby;spectra_not_sampled_after_scl_rejection,False,,,,,,,,,,,,,,,,,,,,,,,,,,,,,,,,,,,,,,,,,,,,,,,,,,,,,,,,,,,,,,,,,,,,,,,23.3318500518799,False,False,1540976,2026-03-14T11:30:00Z,-6.610099999109904,True,4,0,19.5581207275391,26.8233509063721,24.9241485595703,1
S2A_T29UPA_20260314T113337_L2A,2026-03-14,2026-03-14T11:36:36.606000Z,sentinel-2a,S2A_MSIL2A_20260314T113341_N0512_R080_T29UPA_20260314T180111.SAFE,sentinel-2-c1-l2a,05.12,L1284,Toome,-6.466696920835618,54.75354853784675,False,338.87523315847875,False,provisional_filtered_view_no_row_flags,29.809919,31.751277250128,9.28338259210272,Sen2Cor_BOA_not_aquatic_Rw,False,0.0,0.0,0.00518929958343506,0,True,False,298.5451035583995,False,footprint_shore_buffer_100m;outside_lake_polygon;scl_cloud_shadow_snow_nearby;scl_core_not_all_water;spectra_not_sampled_after_scl_rejection;zero_or_negative_probe_requires_review,False,,,,,,,,,,,,,,,,,,,,,,,,,,,,,,,,,,,,,,,,,,,,,,,,,,,,,,,,,,,,,,,,,,,,,,,0.0,False,False,1541012,2026-03-14T11:30:00Z,-6.610099999109904,True,4,0,0.0,0.0,0.0,1
S2C_T29UPA_20260315T114349_L2A,2026-03-15,2026-03-15T11:46:15.747000Z,sentinel-2c,S2C_MSIL2A_20260315T114351_N0512_R123_T29UPA_20260315T164315.SAFE,sentinel-2-c1-l2a,05.12,L1278,Rea's Wood,-6.241996568375846,54.712602169290584,True,270.8840794505137,False,provisional_filtered_view_no_row_flags,67.041147,32.5410825081928,2.995739792848785,Sen2Cor_BOA_not_aquatic_Rw,False,3.81747269630432,3.48989605903625,0.0271629132330418,0,True,False,219.1519161730116,True,scl_cloud_shadow_snow_nearby;scl_core_not_all_water;spectra_not_sampled_after_scl_rejection,False,,,,,,,,,,,,,,,,,,,,,,,,,,,,,,,,,,,,,,,,,,,,,,,,,,,,,,,,,,,,,,,,,,,,,,,4.22934150695801,False,False,1541991,2026-03-15T12:00:00Z,13.73755000034968,True,4,0,3.34961318969727,4.22934150695801,3.66021776199341,1
S2C_T29UPA_20260315T114349_L2A,2026-03-15,2026-03-15T11:46:15.747000Z,sentinel-2c,S2C_MSIL2A_20260315T114351_N0512_R123_T29UPA_20260315T164315.SAFE,sentinel-2-c1-l2a,05.12,L1279,Washing Bay,-6.569769770482481,54.523188284062314,True,396.0713035201496,False,provisional_filtered_view_no_row_flags,67.041147,32.5410825081928,2.995739792848785,Sen2Cor_BOA_not_aquatic_Rw,False,7.33407020568848,9.58115100860596,0.018723338842392,9,False,False,352.9038840688248,True,,True,0.008599999999999997,0.0018092078445251555,36,1047,0,0,0.20604708131257704,0.014499999999999999,0.0014287043037851889,36,1113,0,0,0.09809909390857677,0.017549999999999996,0.0014669717696123219,36,1142,0,0,0.08417434444699329,0.016799999999999995,0.0018117585754736946,9,1129,0,0,0.11153096565843539,0.010499999999999995,0.0004855949640758256,9,1097,0,0,0.04600373343876243,0.010300000000000004,0.0007553921391903792,9,1092,0,0,0.0731811544963769,0.011949999999999995,0.0005396043360705816,36,1111,0,0,0.04564322391574468,0.010599999999999998,0.0004466611387164859,9,1095,0,0,0.04244931624549496,0.010800000000000004,0.0005356431463641766,9,1103,0,0,0.04894201337337654,0.008300000000000002,0.0006649979114420013,9,1071,0,0,0.08209850758543226,1.92824637889862,False,False,1542025,2026-03-15T12:00:00Z,13.73755000034968,True,4,0,1.92824637889862,14.6194124221802,5.19893324375153,1
S2C_T29UPA_20260315T114349_L2A,2026-03-15,2026-03-15T11:46:15.747000Z,sentinel-2c,S2C_MSIL2A_20260315T114351_N0512_R123_T29UPA_20260315T164315.SAFE,sentinel-2-c1-l2a,05.12,L1284,Toome,-6.466696920835618,54.75354853784675,False,338.87523315847875,False,provisional_filtered_view_no_row_flags,67.041147,32.5410825081928,2.995739792848785,Sen2Cor_BOA_not_aquatic_Rw,False,,,,0,True,True,298.5451035583995,False,footprint_shore_buffer_100m;no_probe_within_15min;outside_lake_polygon;scl_cloud_shadow_snow_nearby;scl_core_not_all_water;spectra_not_sampled_after_scl_rejection,False,,,,,,,,,,,,,,,,,,,,,,,,,,,,,,,,,,,,,,,,,,,,,,,,,,,,,,,,,,,,,,,,,,,,,,,,,,,,,,,,,,,
S2B_T29UPA_20260317T113313_L2A,2026-03-17,2026-03-17T11:36:11.941000Z,sentinel-2b,S2B_MSIL2A_20260317T113319_N0512_R080_T29UPA_20260317T141133.SAFE,sentinel-2-c1-l2a,05.12,L1278,Rea's Wood,-6.241996568375846,54.712602169290584,True,270.8840794505137,False,provisional_filtered_view_no_row_flags,98.640633,32.937786904148,9.293299218998333,Sen2Cor_BOA_not_aquatic_Rw,False,2.79273629188538,2.39274311065674,0.0735955238342285,0,True,False,219.1519161730116,True,scl_cloud_shadow_snow_nearby;scl_core_not_all_water;spectra_not_sampled_after_scl_rejection,False,,,,,,,,,,,,,,,,,,,,,,,,,,,,,,,,,,,,,,,,,,,,,,,,,,,,,,,,,,,,,,,,,,,,,,,2.33341908454895,False,False,1544306,2026-03-17T11:30:00Z,-6.199016666412353,True,4,0,2.31528878211975,2.74651885032654,2.363081097602845,1
S2B_T29UPA_20260317T113313_L2A,2026-03-17,2026-03-17T11:36:11.941000Z,sentinel-2b,S2B_MSIL2A_20260317T113319_N0512_R080_T29UPA_20260317T141133.SAFE,sentinel-2-c1-l2a,05.12,L1279,Washing Bay,-6.569769770482481,54.523188284062314,True,396.0713035201496,False,provisional_filtered_view_no_row_flags,98.640633,32.937786904148,9.293299218998333,Sen2Cor_BOA_not_aquatic_Rw,False,12.5413408279419,3.88105964660645,0.0392269268631935,0,True,False,352.9038840688248,True,scl_cloud_shadow_snow_nearby;scl_core_not_all_water;spectra_not_sampled_after_scl_rejection,False,,,,,,,,,,,,,,,,,,,,,,,,,,,,,,,,,,,,,,,,,,,,,,,,,,,,,,,,,,,,,,,,,,,,,,,14.8509979248047,False,False,1544368,2026-03-17T11:30:00Z,-6.199016666412353,True,4,0,3.8729190826416,14.8509979248047,8.925021171569824,1
S2B_T29UPA_20260317T113313_L2A,2026-03-17,2026-03-17T11:36:11.941000Z,sentinel-2b,S2B_MSIL2A_20260317T113319_N0512_R080_T29UPA_20260317T141133.SAFE,sentinel-2-c1-l2a,05.12,L1284,Toome,-6.466696920835618,54.75354853784675,False,338.87523315847875,False,provisional_filtered_view_no_row_flags,98.640633,32.937786904148,9.293299218998333,Sen2Cor_BOA_not_aquatic_Rw,False,3.3343493938446,3.90476298332214,0.018191784620285,0,True,False,298.5451035583995,False,footprint_shore_buffer_100m;outside_lake_polygon;scl_cloud_shadow_snow_nearby;scl_core_not_all_water;spectra_not_sampled_after_scl_rejection,False,,,,,,,,,,,,,,,,,,,,,,,,,,,,,,,,,,,,,,,,,,,,,,,,,,,,,,,,,,,,,,,,,,,,,,,3.61642265319824,False,False,1544416,2026-03-17T11:30:00Z,-6.199016666412353,True,4,0,3.42445826530457,4.36683940887451,3.76059281826019,1
S2A_T29UPA_20260317T114408_L2A,2026-03-17,2026-03-17T11:46:34.683000Z,sentinel-2a,S2A_MSIL2A_20260317T114411_N0512_R123_T29UPA_20260317T175612.SAFE,sentinel-2-c1-l2a,05.12,L1278,Rea's Wood,-6.241996568375846,54.712602169290584,True,270.8840794505137,False,provisional_filtered_view_no_row_flags,96.867949,33.3557120426178,3.006582165878039,Sen2Cor_BOA_not_aquatic_Rw,False,2.74651885032654,2.42755246162415,0.0597463436424732,0,True,False,219.1519161730116,True,scl_cloud_shadow_snow_nearby;scl_core_not_all_water;spectra_not_sampled_after_scl_rejection,False,,,,,,,,,,,,,,,,,,,,,,,,,,,,,,,,,,,,,,,,,,,,,,,,,,,,,,,,,,,,,,,,,,,,,,,2.31528878211975,False,False,1544307,2026-03-17T12:00:00Z,13.4219499985377,True,4,0,2.31528878211975,2.74651885032654,2.363081097602845,1
S2A_T29UPA_20260317T114408_L2A,2026-03-17,2026-03-17T11:46:34.683000Z,sentinel-2a,S2A_MSIL2A_20260317T114411_N0512_R123_T29UPA_20260317T175612.SAFE,sentinel-2-c1-l2a,05.12,L1279,Washing Bay,-6.569769770482481,54.523188284062314,True,396.0713035201496,False,provisional_filtered_view_no_row_flags,96.867949,33.3557120426178,3.006582165878039,Sen2Cor_BOA_not_aquatic_Rw,False,13.9689826965332,3.58814883232117,0.0213012099266052,0,True,False,352.9038840688248,True,scl_cloud_shadow_snow_nearby;scl_core_not_all_water;spectra_not_sampled_after_scl_rejection,False,,,,,,,,,,,,,,,,,,,,,,,,,,,,,,,,,,,,,,,,,,,,,,,,,,,,,,,,,,,,,,,,,,,,,,,3.8729190826416,False,False,1544369,2026-03-17T12:00:00Z,13.4219499985377,True,4,0,3.8729190826416,14.8509979248047,8.925021171569824,1
S2A_T29UPA_20260317T114408_L2A,2026-03-17,2026-03-17T11:46:34.683000Z,sentinel-2a,S2A_MSIL2A_20260317T114411_N0512_R123_T29UPA_20260317T175612.SAFE,sentinel-2-c1-l2a,05.12,L1284,Toome,-6.466696920835618,54.75354853784675,False,338.87523315847875,False,provisional_filtered_view_no_row_flags,96.867949,33.3557120426178,3.006582165878039,Sen2Cor_BOA_not_aquatic_Rw,False,3.42445826530457,4.04010438919067,0.014450516551733,0,True,False,298.5451035583995,False,footprint_shore_buffer_100m;outside_lake_polygon;scl_cloud_shadow_snow_nearby;scl_core_not_all_water;spectra_not_sampled_after_scl_rejection,False,,,,,,,,,,,,,,,,,,,,,,,,,,,,,,,,,,,,,,,,,,,,,,,,,,,,,,,,,,,,,,,,,,,,,,,4.36683940887451,False,False,1544417,2026-03-17T12:00:00Z,13.4219499985377,True,4,0,3.42445826530457,4.36683940887451,3.76059281826019,1
S2B_T29UPA_20260320T114343_L2A,2026-03-20,2026-03-20T11:46:09.343000Z,sentinel-2b,S2B_MSIL2A_20260320T114349_N0512_R123_T29UPA_20260320T155447.SAFE,sentinel-2-c1-l2a,05.12,L1278,Rea's Wood,-6.241996568375846,54.712602169290584,True,270.8840794505137,False,provisional_filtered_view_no_row_flags,99.999923,34.5461268009171,2.9888701636447847,Sen2Cor_BOA_not_aquatic_Rw,False,1.97708737850189,1.98264539241791,0.0308294706046581,0,True,False,219.1519161730116,True,scl_cloud_shadow_snow_nearby;scl_core_not_all_water;spectra_not_sampled_after_scl_rejection,False,,,,,,,,,,,,,,,,,,,,,,,,,,,,,,,,,,,,,,,,,,,,,,,,,,,,,,,,,,,,,,,,,,,,,,,1.99912631511688,False,False,1548811,2026-03-20T12:00:00Z,13.844283334414165,True,4,0,1.85572111606598,1.99912631511688,1.969849467277525,1
S2B_T29UPA_20260320T114343_L2A,2026-03-20,2026-03-20T11:46:09.343000Z,sentinel-2b,S2B_MSIL2A_20260320T114349_N0512_R123_T29UPA_20260320T155447.SAFE,sentinel-2-c1-l2a,05.12,L1279,Washing Bay,-6.569769770482481,54.523188284062314,True,396.0713035201496,False,provisional_filtered_view_no_row_flags,99.999923,34.5461268009171,2.9888701636447847,Sen2Cor_BOA_not_aquatic_Rw,False,8.65678787231445,15.3167181015015,0.0352077931165695,0,True,False,352.9038840688248,True,scl_cloud_shadow_snow_nearby;scl_core_not_all_water;spectra_not_sampled_after_scl_rejection,False,,,,,,,,,,,,,,,,,,,,,,,,,,,,,,,,,,,,,,,,,,,,,,,,,,,,,,,,,,,,,,,,,,,,,,,16.1539859771729,False,False,1548845,2026-03-20T12:00:00Z,13.844283334414165,True,4,0,8.65678787231445,16.1539859771729,12.935919284820528,1
S2B_T29UPA_20260320T114343_L2A,2026-03-20,2026-03-20T11:46:09.343000Z,sentinel-2b,S2B_MSIL2A_20260320T114349_N0512_R123_T29UPA_20260320T155447.SAFE,sentinel-2-c1-l2a,05.12,L1284,Toome,-6.466696920835618,54.75354853784675,False,338.87523315847875,False,provisional_filtered_view_no_row_flags,99.999923,34.5461268009171,2.9888701636447847,Sen2Cor_BOA_not_aquatic_Rw,False,0.0,0.0,0.0145499333739281,0,True,False,298.5451035583995,False,footprint_shore_buffer_100m;outside_lake_polygon;scl_cloud_shadow_snow_nearby;scl_core_not_all_water;spectra_not_sampled_after_scl_rejection;zero_or_negative_probe_requires_review,False,,,,,,,,,,,,,,,,,,,,,,,,,,,,,,,,,,,,,,,,,,,,,,,,,,,,,,,,,,,,,,,,,,,,,,,0.0,False,False,1548985,2026-03-20T12:00:00Z,13.844283334414165,True,4,0,0.0,0.0,0.0,1
S2C_T29UPA_20260322T113320_L2A,2026-03-22,2026-03-22T11:36:18.119000Z,sentinel-2c,S2C_MSIL2A_20260322T113321_N0512_R080_T29UPA_20260322T164814.SAFE,sentinel-2-c1-l2a,05.12,L1278,Rea's Wood,-6.241996568375846,54.712602169290584,True,270.8840794505137,False,provisional_filtered_view_no_row_flags,94.039249,34.9529355248406,9.291001877317807,Sen2Cor_BOA_not_aquatic_Rw,False,1.8647255897522,1.91156852245331,0.0648725181818008,0,True,False,219.1519161730116,True,scl_cloud_shadow_snow_nearby;scl_core_not_all_water;spectra_not_sampled_after_scl_rejection,False,,,,,,,,,,,,,,,,,,,,,,,,,,,,,,,,,,,,,,,,,,,,,,,,,,,,,,,,,,,,,,,,,,,,,,,1.92607259750366,False,False,1551146,2026-03-22T11:30:00Z,-6.301983332633972,True,4,0,1.86647081375122,1.92607259750366,1.906040132045745,1
S2C_T29UPA_20260322T113320_L2A,2026-03-22,2026-03-22T11:36:18.119000Z,sentinel-2c,S2C_MSIL2A_20260322T113321_N0512_R080_T29UPA_20260322T164814.SAFE,sentinel-2-c1-l2a,05.12,L1279,Washing Bay,-6.569769770482481,54.523188284062314,True,396.0713035201496,False,provisional_filtered_view_no_row_flags,94.039249,34.9529355248406,9.291001877317807,Sen2Cor_BOA_not_aquatic_Rw,False,5.94922208786011,6.53442001342773,0.0439090207219124,0,True,False,352.9038840688248,True,scl_cloud_shadow_snow_nearby;scl_core_not_all_water;spectra_not_sampled_after_scl_rejection,False,,,,,,,,,,,,,,,,,,,,,,,,,,,,,,,,,,,,,,,,,,,,,,,,,,,,,,,,,,,,,,,,,,,,,,,7.39830255508423,False,False,1551180,2026-03-22T11:30:00Z,-6.301983332633972,True,4,0,6.53442001342773,8.36577129364014,7.69292640686035,1
S2C_T29UPA_20260322T113320_L2A,2026-03-22,2026-03-22T11:36:18.119000Z,sentinel-2c,S2C_MSIL2A_20260322T113321_N0512_R080_T29UPA_20260322T164814.SAFE,sentinel-2-c1-l2a,05.12,L1284,Toome,-6.466696920835618,54.75354853784675,False,338.87523315847875,False,provisional_filtered_view_no_row_flags,94.039249,34.9529355248406,9.291001877317807,Sen2Cor_BOA_not_aquatic_Rw,False,,,,0,True,False,298.5451035583995,False,footprint_shore_buffer_100m;no_probe_within_15min;outside_lake_polygon;scl_cloud_shadow_snow_nearby;scl_core_not_all_water;spectra_not_sampled_after_scl_rejection,False,,,,,,,,,,,,,,,,,,,,,,,,,,,,,,,,,,,,,,,,,,,,,,,,,,,,,,,,,,,,,,,,,,,,,,,,,,,,,,,,,,,
S2A_T29UPA_20260324T113339_L2A,2026-03-24,2026-03-24T11:36:37.020000Z,sentinel-2a,S2A_MSIL2A_20260324T113341_N0512_R080_T29UPA_20260324T150015.SAFE,sentinel-2-c1-l2a,05.12,L1278,Rea's Wood,-6.241996568375846,54.712602169290584,True,270.8840794505137,False,provisional_filtered_view_no_row_flags,99.999791,35.769254939046,9.256149323568977,Sen2Cor_BOA_not_aquatic_Rw,False,1.96128594875336,2.21801543235779,0.0672626793384552,0,True,False,219.1519161730116,True,scl_cloud_shadow_snow_nearby;scl_core_not_all_water;spectra_not_sampled_after_scl_rejection,False,,,,,,,,,,,,,,,,,,,,,,,,,,,,,,,,,,,,,,,,,,,,,,,,,,,,,,,,,,,,,,,,,,,,,,,1.97822177410126,False,False,1553176,2026-03-24T11:30:00Z,-6.6169999996821085,True,4,0,1.97822177410126,2.21801543235779,2.03727275133133,1
S2A_T29UPA_20260324T113339_L2A,2026-03-24,2026-03-24T11:36:37.020000Z,sentinel-2a,S2A_MSIL2A_20260324T113341_N0512_R080_T29UPA_20260324T150015.SAFE,sentinel-2-c1-l2a,05.12,L1279,Washing Bay,-6.569769770482481,54.523188284062314,True,396.0713035201496,False,provisional_filtered_view_no_row_flags,99.999791,35.769254939046,9.256149323568977,Sen2Cor_BOA_not_aquatic_Rw,False,13.9349641799927,15.7229566574097,0.025665670633316,0,True,False,352.9038840688248,True,scl_cloud_shadow_snow_nearby;scl_core_not_all_water;spectra_not_sampled_after_scl_rejection,False,,,,,,,,,,,,,,,,,,,,,,,,,,,,,,,,,,,,,,,,,,,,,,,,,,,,,,,,,,,,,,,,,,,,,,,37.2028427124023,False,False,1553218,2026-03-24T11:30:00Z,-6.6169999996821085,True,4,0,12.1715269088745,37.2028427124023,15.8315958976746,1
S2A_T29UPA_20260324T113339_L2A,2026-03-24,2026-03-24T11:36:37.020000Z,sentinel-2a,S2A_MSIL2A_20260324T113341_N0512_R080_T29UPA_20260324T150015.SAFE,sentinel-2-c1-l2a,05.12,L1284,Toome,-6.466696920835618,54.75354853784675,False,338.87523315847875,False,provisional_filtered_view_no_row_flags,99.999791,35.769254939046,9.256149323568977,Sen2Cor_BOA_not_aquatic_Rw,False,,,,0,True,False,298.5451035583995,False,footprint_shore_buffer_100m;no_probe_within_15min;outside_lake_polygon;scl_cloud_shadow_snow_nearby;scl_core_not_all_water;spectra_not_sampled_after_scl_rejection,False,,,,,,,,,,,,,,,,,,,,,,,,,,,,,,,,,,,,,,,,,,,,,,,,,,,,,,,,,,,,,,,,,,,,,,,,,,,,,,,,,,,
S2C_T29UPA_20260325T114349_L2A,2026-03-25,2026-03-25T11:46:15.537000Z,sentinel-2c,S2C_MSIL2A_20260325T114351_N0512_R123_T29UPA_20260325T164212.SAFE,sentinel-2-c1-l2a,05.12,L1278,Rea's Wood,-6.241996568375846,54.712602169290584,True,270.8840794505137,False,provisional_filtered_view_no_row_flags,58.036911,36.5553162284581,2.997348752566373,Sen2Cor_BOA_not_aquatic_Rw,False,2.35924601554871,2.27520060539246,0.0322145558893681,0,True,False,219.1519161730116,True,scl_cloud_shadow_snow_nearby;scl_core_not_all_water;spectra_not_sampled_after_scl_rejection,False,,,,,,,,,,,,,,,,,,,,,,,,,,,,,,,,,,,,,,,,,,,,,,,,,,,,,,,,,,,,,,,,,,,,,,,2.34960889816284,False,False,1554171,2026-03-25T12:00:00Z,13.741050000985464,True,4,0,2.34960889816284,2.76487469673157,2.378592491149905,1
S2C_T29UPA_20260325T114349_L2A,2026-03-25,2026-03-25T11:46:15.537000Z,sentinel-2c,S2C_MSIL2A_20260325T114351_N0512_R123_T29UPA_20260325T164212.SAFE,sentinel-2-c1-l2a,05.12,L1279,Washing Bay,-6.569769770482481,54.523188284062314,True,396.0713035201496,False,provisional_filtered_view_no_row_flags,58.036911,36.5553162284581,2.997348752566373,Sen2Cor_BOA_not_aquatic_Rw,False,16.6740779876709,19.334789276123,0.0384756773710251,0,True,False,352.9038840688248,True,no_probe_within_15min;scl_cloud_shadow_snow_nearby;scl_core_not_all_water;spectra_not_sampled_after_scl_rejection,False,,,,,,,,,,,,,,,,,,,,,,,,,,,,,,,,,,,,,,,,,,,,,,,,,,,,,,,,,,,,,,,,,,,,,,,,,,,,,,,,,,,
S2C_T29UPA_20260325T114349_L2A,2026-03-25,2026-03-25T11:46:15.537000Z,sentinel-2c,S2C_MSIL2A_20260325T114351_N0512_R123_T29UPA_20260325T164212.SAFE,sentinel-2-c1-l2a,05.12,L1284,Toome,-6.466696920835618,54.75354853784675,False,338.87523315847875,False,provisional_filtered_view_no_row_flags,58.036911,36.5553162284581,2.997348752566373,Sen2Cor_BOA_not_aquatic_Rw,False,,,,0,True,True,298.5451035583995,False,footprint_shore_buffer_100m;no_probe_within_15min;outside_lake_polygon;scl_cloud_shadow_snow_nearby;scl_core_not_all_water;spectra_not_sampled_after_scl_rejection,False,,,,,,,,,,,,,,,,,,,,,,,,,,,,,,,,,,,,,,,,,,,,,,,,,,,,,,,,,,,,,,,,,,,,,,,,,,,,,,,,,,,
S2B_T29UPA_20260327T113507_L2A,2026-03-27,2026-03-27T11:36:13.643000Z,sentinel-2b,S2B_MSIL2A_20260327T113319_N0512_R080_T29UPA_20260327T152639.SAFE,sentinel-2-c1-l2a,05.12,L1278,Rea's Wood,-6.241996568375846,54.712602169290584,True,270.8840794505137,False,provisional_filtered_view_no_row_flags,50.229418,36.9513337732636,9.293237830097825,Sen2Cor_BOA_not_aquatic_Rw,False,5.4110894203186,1.95791399478912,0.0752341151237488,9,False,False,219.1519161730116,True,heterogeneous_red_cv_above_0.2,False,0.03560000000000001,0.004230715142536065,36,1272,0,0,0.12114679059123314,0.035199999999999995,0.006091977622909057,36,1235,0,0,0.17815694104364424,0.032350000000000004,0.006924773807421483,36,1196,0,0,0.225951107647216,0.030700000000000005,0.00556445953139595,9,1197,0,0,0.19395869784106717,0.0194,0.0016798001056857117,9,1172,0,0,0.08604553757069668,0.022199999999999998,0.0016336734339790456,9,1185,0,0,0.07528449004511731,0.02255,0.0023600193554343335,36,1184,0,0,0.10514937722232177,0.019699999999999995,0.001326649916142161,9,1178,0,0,0.06745677539705905,0.016600000000000004,0.00046374748343798136,9,1156,0,0,0.028068105924289388,0.013899999999999996,0.0004961580791503566,9,1128,0,0,0.03627475802074094,1.88264513015747,False,False,1556160,2026-03-27T11:30:00Z,-6.227383331457774,True,4,0,1.88264513015747,2.0851845741272,1.945339679718015,1
S2B_T29UPA_20260327T113507_L2A,2026-03-27,2026-03-27T11:36:13.643000Z,sentinel-2b,S2B_MSIL2A_20260327T113319_N0512_R080_T29UPA_20260327T152639.SAFE,sentinel-2-c1-l2a,05.12,L1279,Washing Bay,-6.569769770482481,54.523188284062314,True,396.0713035201496,False,provisional_filtered_view_no_row_flags,50.229418,36.9513337732636,9.293237830097825,Sen2Cor_BOA_not_aquatic_Rw,False,36.1949996948242,,0.158561050891876,0,True,False,352.9038840688248,True,no_probe_within_15min;scl_cloud_shadow_snow_nearby;scl_core_not_all_water;spectra_not_sampled_after_scl_rejection,False,,,,,,,,,,,,,,,,,,,,,,,,,,,,,,,,,,,,,,,,,,,,,,,,,,,,,,,,,,,,,,,,,,,,,,,,,,,,,,,,,,,
S2B_T29UPA_20260327T113507_L2A,2026-03-27,2026-03-27T11:36:13.643000Z,sentinel-2b,S2B_MSIL2A_20260327T113319_N0512_R080_T29UPA_20260327T152639.SAFE,sentinel-2-c1-l2a,05.12,L1284,Toome,-6.466696920835618,54.75354853784675,False,338.87523315847875,False,provisional_filtered_view_no_row_flags,50.229418,36.9513337732636,9.293237830097825,Sen2Cor_BOA_not_aquatic_Rw,False,,,,0,True,False,298.5451035583995,False,footprint_shore_buffer_100m;no_probe_within_15min;outside_lake_polygon;scl_cloud_shadow_snow_nearby;scl_core_not_all_water;spectra_not_sampled_after_scl_rejection,False,,,,,,,,,,,,,,,,,,,,,,,,,,,,,,,,,,,,,,,,,,,,,,,,,,,,,,,,,,,,,,,,,,,,,,,,,,,,,,,,,,,
S2A_T29UPA_20260327T114408_L2A,2026-03-27,2026-03-27T11:46:34.441000Z,sentinel-2a,S2A_MSIL2A_20260327T114411_N0512_R123_T29UPA_20260327T195237.SAFE,sentinel-2-c1-l2a,05.12,L1278,Rea's Wood,-6.241996568375846,54.712602169290584,True,270.8840794505137,False,provisional_filtered_view_no_row_flags,54.36464,37.364595268539,3.01534707528199,Sen2Cor_BOA_not_aquatic_Rw,False,2.0851845741272,7.13562393188477,0.0982874929904938,0,True,False,219.1519161730116,True,scl_cloud_shadow_snow_nearby;scl_core_not_all_water;spectra_not_sampled_after_scl_rejection,False,,,,,,,,,,,,,,,,,,,,,,,,,,,,,,,,,,,,,,,,,,,,,,,,,,,,,,,,,,,,,,,,,,,,,,,1.93276536464691,False,False,1556161,2026-03-27T12:00:00Z,13.425983333587647,True,4,0,1.88264513015747,2.0851845741272,1.945339679718015,1
S2A_T29UPA_20260327T114408_L2A,2026-03-27,2026-03-27T11:46:34.441000Z,sentinel-2a,S2A_MSIL2A_20260327T114411_N0512_R123_T29UPA_20260327T195237.SAFE,sentinel-2-c1-l2a,05.12,L1279,Washing Bay,-6.569769770482481,54.523188284062314,True,396.0713035201496,False,provisional_filtered_view_no_row_flags,54.36464,37.364595268539,3.01534707528199,Sen2Cor_BOA_not_aquatic_Rw,False,,,0.170672297477722,9,False,False,352.9038840688248,True,probe_gap_or_unbracketed,False,0.014249999999999999,0.005017746284715658,36,1073,0,0,0.3237255667558488,0.013999999999999999,0.003051394894547268,36,1111,0,0,0.20521243452961266,0.011449999999999995,0.0020463363076363124,36,1093,0,0,0.16777068338626108,0.010800000000000004,0.0010300425497623818,9,1081,0,0,0.09989636797264478,0.007900000000000004,0.001375176756315751,9,1067,0,0,0.1630644375077966,0.007000000000000006,0.001077491370880056,9,1049,0,0,0.14988288002968322,0.0116,0.006513551874721762,36,1076,0,0,0.4605024891790719,0.006599999999999995,0.0011219471610101617,9,1047,0,0,0.1702786585006991,0.006900000000000003,0.0012096321244672733,9,1056,0,0,0.17253073090658416,0.006699999999999998,0.0008844332774281083,9,1056,0,0,0.13266499161421627,33.8527641296387,False,False,1556231,2026-03-27T12:00:00Z,13.425983333587647,False,1,0,33.8527641296387,33.8527641296387,33.8527641296387,1
S2A_T29UPA_20260327T114408_L2A,2026-03-27,2026-03-27T11:46:34.441000Z,sentinel-2a,S2A_MSIL2A_20260327T114411_N0512_R123_T29UPA_20260327T195237.SAFE,sentinel-2-c1-l2a,05.12,L1284,Toome,-6.466696920835618,54.75354853784675,False,338.87523315847875,False,provisional_filtered_view_no_row_flags,54.36464,37.364595268539,3.01534707528199,Sen2Cor_BOA_not_aquatic_Rw,False,,,,0,True,True,298.5451035583995,False,footprint_shore_buffer_100m;no_probe_within_15min;outside_lake_polygon;scl_cloud_shadow_snow_nearby;scl_core_not_all_water;spectra_not_sampled_after_scl_rejection,False,,,,,,,,,,,,,,,,,,,,,,,,,,,,,,,,,,,,,,,,,,,,,,,,,,,,,,,,,,,,,,,,,,,,,,,,,,,,,,,,,,,
S2C_T29UPA_20260401T113318_L2A,2026-04-01,2026-04-01T11:36:16.347000Z,sentinel-2c,S2C_MSIL2A_20260401T113321_N0512_R080_T29UPA_20260401T165209.SAFE,sentinel-2-c1-l2a,05.12,L1278,Rea's Wood,-6.241996568375846,54.712602169290584,True,270.8840794505137,False,provisional_filtered_view_no_row_flags,99.755818,38.9316651704611,9.31481666722534,Sen2Cor_BOA_not_aquatic_Rw,False,2.82705879211426,2.38039517402649,0.10172612965107,0,True,False,219.1519161730116,True,scl_cloud_shadow_snow_nearby;scl_core_not_all_water;spectra_not_sampled_after_scl_rejection,False,,,,,,,,,,,,,,,,,,,,,,,,,,,,,,,,,,,,,,,,,,,,,,,,,,,,,,,,,,,,,,,,,,,,,,,2.60404062271118,False,False,1608756,2026-04-01T11:30:00Z,-6.272449998060862,True,4,0,2.06283473968506,2.60404062271118,2.22917079925537,1
S2C_T29UPA_20260401T113318_L2A,2026-04-01,2026-04-01T11:36:16.347000Z,sentinel-2c,S2C_MSIL2A_20260401T113321_N0512_R080_T29UPA_20260401T165209.SAFE,sentinel-2-c1-l2a,05.12,L1279,Washing Bay,-6.569769770482481,54.523188284062314,True,396.0713035201496,False,provisional_filtered_view_no_row_flags,99.755818,38.9316651704611,9.31481666722534,Sen2Cor_BOA_not_aquatic_Rw,False,,,0.0243278741836548,0,True,False,352.9038840688248,True,no_probe_within_15min;scl_cloud_shadow_snow_nearby;scl_core_not_all_water;spectra_not_sampled_after_scl_rejection,False,,,,,,,,,,,,,,,,,,,,,,,,,,,,,,,,,,,,,,,,,,,,,,,,,,,,,,,,,,,,,,,,,,,,,,,,,,,,,,,,,,,
S2C_T29UPA_20260401T113318_L2A,2026-04-01,2026-04-01T11:36:16.347000Z,sentinel-2c,S2C_MSIL2A_20260401T113321_N0512_R080_T29UPA_20260401T165209.SAFE,sentinel-2-c1-l2a,05.12,L1284,Toome,-6.466696920835618,54.75354853784675,False,338.87523315847875,False,provisional_filtered_view_no_row_flags,99.755818,38.9316651704611,9.31481666722534,Sen2Cor_BOA_not_aquatic_Rw,False,0.0,0.0,0.013159804046154,0,True,False,298.5451035583995,False,footprint_shore_buffer_100m;outside_lake_polygon;scl_cloud_shadow_snow_nearby;scl_core_not_all_water;spectra_not_sampled_after_scl_rejection;zero_or_negative_probe_requires_review,False,,,,,,,,,,,,,,,,,,,,,,,,,,,,,,,,,,,,,,,,,,,,,,,,,,,,,,,,,,,,,,,,,,,,,,,0.0,False,False,1608906,2026-04-01T11:30:00Z,-6.272449998060862,True,4,0,0.0,0.0,0.0,1
S2A_T29UPA_20260403T113337_L2A,2026-04-03,2026-04-03T11:36:35.846000Z,sentinel-2a,S2A_MSIL2A_20260403T113341_N0512_R080_T29UPA_20260403T180255.SAFE,sentinel-2-c1-l2a,05.12,L1278,Rea's Wood,-6.241996568375846,54.712602169290584,True,270.8840794505137,False,provisional_filtered_view_no_row_flags,66.381329,39.727648215519,9.264094231105998,Sen2Cor_BOA_not_aquatic_Rw,False,1.92476785182953,2.43682599067688,0.12777741253376,9,False,False,219.1519161730116,True,,True,0.03520000000000001,0.0011249554174979663,36,1329,0,0,0.03205508550730313,0.02560000000000001,0.0006198055748517294,36,1244,0,0,0.024067523130905252,0.017349999999999997,0.0007069048777401658,36,1159,0,0,0.0405038605740028,0.014700000000000005,0.0008393118874676109,9,1133,0,0,0.05722581050915528,0.011899999999999994,0.00011967032904743113,9,1118,0,0,0.010046949267041793,0.011899999999999994,0.0005652487707545294,9,1109,0,0,0.047016995718953465,0.010999999999999996,0.0006172607248716996,36,1092,0,0,0.05595916921526362,0.009300000000000003,0.00034029761846918953,9,1084,0,0,0.037213591327128856,0.0040999999999999925,0.00031622776601683545,9,1040,0,0,0.07411588266019584,0.004299999999999998,0.00022825153982415807,9,1042,0,0,0.05200667995993478,1.93841171264648,False,False,1611924,2026-04-03T11:30:00Z,-6.597433332602183,True,4,0,1.93841171264648,2.6883819103241,2.202432096004485,1
S2A_T29UPA_20260403T113337_L2A,2026-04-03,2026-04-03T11:36:35.846000Z,sentinel-2a,S2A_MSIL2A_20260403T113341_N0512_R080_T29UPA_20260403T180255.SAFE,sentinel-2-c1-l2a,05.12,L1279,Washing Bay,-6.569769770482481,54.523188284062314,True,396.0713035201496,False,provisional_filtered_view_no_row_flags,66.381329,39.727648215519,9.264094231105998,Sen2Cor_BOA_not_aquatic_Rw,False,,,0.0272528827190399,9,False,False,352.9038840688248,True,heterogeneous_red_cv_above_0.2;no_probe_within_15min,False,0.03425,0.011526907597679097,36,1283,0,0,0.2973833119653486,0.03795,0.012489917847588357,36,1258,0,0,0.30803387169499263,0.03395000000000001,0.013241977538713862,36,1228,0,0,0.345693394774256,0.03390000000000001,0.0138287765810427,9,1220,0,0,0.3584648307297934,0.03040000000000001,0.015144032765253173,9,1146,0,0,0.44834307528710055,0.0335,0.01355841499895731,9,1162,0,0,0.4014004440480783,0.02835,0.019079761714936732,36,1151,0,0,0.5659317967683302,0.02990000000000001,0.012948797551305345,9,1147,0,0,0.397880430050352,0.02779999999999999,0.014144885216140062,9,1104,0,0,0.4746605777228209,0.0238,0.012711567590871074,9,1130,0,0,0.44325497217295495,,,,,,,,,,,,,
S2A_T29UPA_20260403T113337_L2A,2026-04-03,2026-04-03T11:36:35.846000Z,sentinel-2a,S2A_MSIL2A_20260403T113341_N0512_R080_T29UPA_20260403T180255.SAFE,sentinel-2-c1-l2a,05.12,L1284,Toome,-6.466696920835618,54.75354853784675,False,338.87523315847875,False,provisional_filtered_view_no_row_flags,66.381329,39.727648215519,9.264094231105998,Sen2Cor_BOA_not_aquatic_Rw,False,0.0,0.0,0.0133238434791565,0,True,False,298.5451035583995,False,footprint_shore_buffer_100m;outside_lake_polygon;scl_cloud_shadow_snow_nearby;scl_core_not_all_water;spectra_not_sampled_after_scl_rejection;zero_or_negative_probe_requires_review,False,,,,,,,,,,,,,,,,,,,,,,,,,,,,,,,,,,,,,,,,,,,,,,,,,,,,,,,,,,,,,,,,,,,,,,,0.0,False,False,1611962,2026-04-03T11:30:00Z,-6.597433332602183,True,4,0,0.0,0.0,0.0,1
S2C_T29UPA_20260404T114347_L2A,2026-04-04,2026-04-04T11:46:13.054000Z,sentinel-2c,S2C_MSIL2A_20260404T114351_N0512_R123_T29UPA_20260404T161810.SAFE,sentinel-2-c1-l2a,05.12,L1278,Rea's Wood,-6.241996568375846,54.712602169290584,True,270.8840794505137,False,provisional_filtered_view_no_row_flags,100,40.4973240926778,2.9854187701904094,Sen2Cor_BOA_not_aquatic_Rw,False,2.05475878715515,2.06060218811035,,0,True,False,219.1519161730116,True,scl_cloud_shadow_snow_nearby;scl_core_not_all_water;spectra_not_sampled_after_scl_rejection,False,,,,,,,,,,,,,,,,,,,,,,,,,,,,,,,,,,,,,,,,,,,,,,,,,,,,,,,,,,,,,,,,,,,,,,,2.08615040779114,False,False,1613458,2026-04-04T12:00:00Z,13.782433334986369,True,4,0,2.05063557624817,2.08615040779114,2.0588343143463153,1
S2C_T29UPA_20260404T114347_L2A,2026-04-04,2026-04-04T11:46:13.054000Z,sentinel-2c,S2C_MSIL2A_20260404T114351_N0512_R123_T29UPA_20260404T161810.SAFE,sentinel-2-c1-l2a,05.12,L1279,Washing Bay,-6.569769770482481,54.523188284062314,True,396.0713035201496,False,provisional_filtered_view_no_row_flags,100,40.4973240926778,2.9854187701904094,Sen2Cor_BOA_not_aquatic_Rw,False,,,0.0541894435882568,0,True,False,352.9038840688248,True,no_probe_within_15min;scl_cloud_shadow_snow_nearby;scl_core_not_all_water;spectra_not_sampled_after_scl_rejection,False,,,,,,,,,,,,,,,,,,,,,,,,,,,,,,,,,,,,,,,,,,,,,,,,,,,,,,,,,,,,,,,,,,,,,,,,,,,,,,,,,,,
S2C_T29UPA_20260404T114347_L2A,2026-04-04,2026-04-04T11:46:13.054000Z,sentinel-2c,S2C_MSIL2A_20260404T114351_N0512_R123_T29UPA_20260404T161810.SAFE,sentinel-2-c1-l2a,05.12,L1284,Toome,-6.466696920835618,54.75354853784675,False,338.87523315847875,False,provisional_filtered_view_no_row_flags,100,40.4973240926778,2.9854187701904094,Sen2Cor_BOA_not_aquatic_Rw,False,0.0,0.122115254402161,0.0141814090311527,0,True,False,298.5451035583995,False,footprint_shore_buffer_100m;outside_lake_polygon;scl_cloud_shadow_snow_nearby;scl_core_not_all_water;spectra_not_sampled_after_scl_rejection;zero_or_negative_probe_requires_review,False,,,,,,,,,,,,,,,,,,,,,,,,,,,,,,,,,,,,,,,,,,,,,,,,,,,,,,,,,,,,,,,,,,,,,,,0.0,False,False,1613531,2026-04-04T12:00:00Z,13.782433334986369,True,4,0,0.0,0.0,0.0,1
S2B_T29UPA_20260406T113316_L2A,2026-04-06,2026-04-06T11:36:14.510000Z,sentinel-2b,S2B_MSIL2A_20260406T113319_N0512_R080_T29UPA_20260406T151619.SAFE,sentinel-2-c1-l2a,05.12,L1278,Rea's Wood,-6.241996568375846,54.712602169290584,True,270.8840794505137,False,provisional_filtered_view_no_row_flags,98.794454,40.8722220935025,9.276848158869855,Sen2Cor_BOA_not_aquatic_Rw,False,2.36251306533813,2.43050932884216,0.172106996178627,0,True,False,219.1519161730116,True,scl_cloud_shadow_snow_nearby;scl_core_not_all_water;spectra_not_sampled_after_scl_rejection,False,,,,,,,,,,,,,,,,,,,,,,,,,,,,,,,,,,,,,,,,,,,,,,,,,,,,,,,,,,,,,,,,,,,,,,,2.58060169219971,False,False,1616698,2026-04-06T11:30:00Z,-6.241833333174387,True,4,0,2.36205744743347,2.58060169219971,2.450111150741575,1
S2B_T29UPA_20260406T113316_L2A,2026-04-06,2026-04-06T11:36:14.510000Z,sentinel-2b,S2B_MSIL2A_20260406T113319_N0512_R080_T29UPA_20260406T151619.SAFE,sentinel-2-c1-l2a,05.12,L1279,Washing Bay,-6.569769770482481,54.523188284062314,True,396.0713035201496,False,provisional_filtered_view_no_row_flags,98.794454,40.8722220935025,9.276848158869855,Sen2Cor_BOA_not_aquatic_Rw,False,,,0.208267584443092,0,True,False,352.9038840688248,True,no_probe_within_15min;scl_cloud_shadow_snow_nearby;scl_core_not_all_water;spectra_not_sampled_after_scl_rejection,False,,,,,,,,,,,,,,,,,,,,,,,,,,,,,,,,,,,,,,,,,,,,,,,,,,,,,,,,,,,,,,,,,,,,,,,,,,,,,,,,,,,
S2B_T29UPA_20260406T113316_L2A,2026-04-06,2026-04-06T11:36:14.510000Z,sentinel-2b,S2B_MSIL2A_20260406T113319_N0512_R080_T29UPA_20260406T151619.SAFE,sentinel-2-c1-l2a,05.12,L1284,Toome,-6.466696920835618,54.75354853784675,False,338.87523315847875,False,provisional_filtered_view_no_row_flags,98.794454,40.8722220935025,9.276848158869855,Sen2Cor_BOA_not_aquatic_Rw,False,0.715713202953339,0.419018119573593,0.0147760286927223,0,True,False,298.5451035583995,False,footprint_shore_buffer_100m;outside_lake_polygon;scl_cloud_shadow_snow_nearby;scl_core_not_all_water;spectra_not_sampled_after_scl_rejection,False,,,,,,,,,,,,,,,,,,,,,,,,,,,,,,,,,,,,,,,,,,,,,,,,,,,,,,,,,,,,,,,,,,,,,,,0.357017159461975,False,False,1616652,2026-04-06T11:30:00Z,-6.241833333174387,True,4,0,0.357017159461975,1.50706112384796,0.7038248330354689,1
S2A_T29UPA_20260406T114613_L2A,2026-04-06,2026-04-06T11:46:33.616000Z,sentinel-2a,S2A_MSIL2A_20260406T114411_N0512_R123_T29UPA_20260406T195110.SAFE,sentinel-2-c1-l2a,05.12,L1278,Rea's Wood,-6.241996568375846,54.712602169290584,True,270.8840794505137,False,provisional_filtered_view_no_row_flags,99.803001,41.2803776703943,3.0110265622274732,Sen2Cor_BOA_not_aquatic_Rw,False,2.46971297264099,2.29105257987976,0.181348904967308,0,True,False,219.1519161730116,True,scl_cloud_shadow_snow_nearby;scl_core_not_all_water;spectra_not_sampled_after_scl_rejection,False,,,,,,,,,,,,,,,,,,,,,,,,,,,,,,,,,,,,,,,,,,,,,,,,,,,,,,,,,,,,,,,,,,,,,,,2.36205744743347,False,False,1616699,2026-04-06T12:00:00Z,13.439733334382375,True,4,0,2.36205744743347,2.58060169219971,2.450111150741575,1
S2A_T29UPA_20260406T114613_L2A,2026-04-06,2026-04-06T11:46:33.616000Z,sentinel-2a,S2A_MSIL2A_20260406T114411_N0512_R123_T29UPA_20260406T195110.SAFE,sentinel-2-c1-l2a,05.12,L1279,Washing Bay,-6.569769770482481,54.523188284062314,True,396.0713035201496,False,provisional_filtered_view_no_row_flags,99.803001,41.2803776703943,3.0110265622274732,Sen2Cor_BOA_not_aquatic_Rw,False,,,0.159807145595551,0,True,False,352.9038840688248,True,no_probe_within_15min;scl_cloud_shadow_snow_nearby;scl_core_not_all_water;spectra_not_sampled_after_scl_rejection,False,,,,,,,,,,,,,,,,,,,,,,,,,,,,,,,,,,,,,,,,,,,,,,,,,,,,,,,,,,,,,,,,,,,,,,,,,,,,,,,,,,,
S2A_T29UPA_20260406T114613_L2A,2026-04-06,2026-04-06T11:46:33.616000Z,sentinel-2a,S2A_MSIL2A_20260406T114411_N0512_R123_T29UPA_20260406T195110.SAFE,sentinel-2-c1-l2a,05.12,L1284,Toome,-6.466696920835618,54.75354853784675,False,338.87523315847875,False,provisional_filtered_view_no_row_flags,99.803001,41.2803776703943,3.0110265622274732,Sen2Cor_BOA_not_aquatic_Rw,False,0.988631546497345,1.77930784225464,0.019318163394928,0,True,False,298.5451035583995,False,footprint_shore_buffer_100m;outside_lake_polygon;scl_cloud_shadow_snow_nearby;scl_core_not_all_water;spectra_not_sampled_after_scl_rejection,False,,,,,,,,,,,,,,,,,,,,,,,,,,,,,,,,,,,,,,,,,,,,,,,,,,,,,,,,,,,,,,,,,,,,,,,1.50706112384796,False,False,1616653,2026-04-06T12:00:00Z,13.439733334382375,True,4,0,0.357017159461975,1.50706112384796,0.7038248330354689,1
S2B_T29UPA_20260409T114345_L2A,2026-04-09,2026-04-09T11:46:11.988000Z,sentinel-2b,S2B_MSIL2A_20260409T114349_N0512_R123_T29UPA_20260409T152614.SAFE,sentinel-2-c1-l2a,05.12,L1278,Rea's Wood,-6.241996568375846,54.712602169290584,True,270.8840794505137,False,provisional_filtered_view_no_row_flags,90.642339,42.4088847687083,3.0057451038259515,Sen2Cor_BOA_not_aquatic_Rw,False,3.34602332115173,3.7094612121582,0.18991693854332,0,True,False,219.1519161730116,True,scl_cloud_shadow_snow_nearby;scl_core_not_all_water;spectra_not_sampled_after_scl_rejection,False,,,,,,,,,,,,,,,,,,,,,,,,,,,,,,,,,,,,,,,,,,,,,,,,,,,,,,,,,,,,,,,,,,,,,,,3.12083554267883,False,False,1621429,2026-04-09T12:00:00Z,13.800200001398723,True,4,0,2.65212106704712,3.64547157287598,3.2334294319152797,1
S2B_T29UPA_20260409T114345_L2A,2026-04-09,2026-04-09T11:46:11.988000Z,sentinel-2b,S2B_MSIL2A_20260409T114349_N0512_R123_T29UPA_20260409T152614.SAFE,sentinel-2-c1-l2a,05.12,L1279,Washing Bay,-6.569769770482481,54.523188284062314,True,396.0713035201496,False,provisional_filtered_view_no_row_flags,90.642339,42.4088847687083,3.0057451038259515,Sen2Cor_BOA_not_aquatic_Rw,False,,,0.0381249487400055,0,True,False,352.9038840688248,True,no_probe_within_15min;scl_cloud_shadow_snow_nearby;scl_core_not_all_water;spectra_not_sampled_after_scl_rejection,False,,,,,,,,,,,,,,,,,,,,,,,,,,,,,,,,,,,,,,,,,,,,,,,,,,,,,,,,,,,,,,,,,,,,,,,,,,,,,,,,,,,
S2B_T29UPA_20260409T114345_L2A,2026-04-09,2026-04-09T11:46:11.988000Z,sentinel-2b,S2B_MSIL2A_20260409T114349_N0512_R123_T29UPA_20260409T152614.SAFE,sentinel-2-c1-l2a,05.12,L1284,Toome,-6.466696920835618,54.75354853784675,False,338.87523315847875,False,provisional_filtered_view_no_row_flags,90.642339,42.4088847687083,3.0057451038259515,Sen2Cor_BOA_not_aquatic_Rw,False,0.0,0.0,0.0170108079910278,0,True,False,298.5451035583995,False,footprint_shore_buffer_100m;outside_lake_polygon;scl_cloud_shadow_snow_nearby;scl_core_not_all_water;spectra_not_sampled_after_scl_rejection;zero_or_negative_probe_requires_review,False,,,,,,,,,,,,,,,,,,,,,,,,,,,,,,,,,,,,,,,,,,,,,,,,,,,,,,,,,,,,,,,,,,,,,,,0.0,False,False,1621467,2026-04-09T12:00:00Z,13.800200001398723,True,4,0,0.0,0.0,0.0,1
S2C_T29UPA_20260411T113422_L2A,2026-04-11,2026-04-11T11:36:13.491000Z,sentinel-2c,S2C_MSIL2A_20260411T113321_N0512_R080_T29UPA_20260411T145815.SAFE,sentinel-2-c1-l2a,05.12,L1278,Rea's Wood,-6.241996568375846,54.712602169290584,True,270.8840794505137,False,provisional_filtered_view_no_row_flags,81.118226,42.7638726274993,9.333033909011359,Sen2Cor_BOA_not_aquatic_Rw,False,4.51019811630249,6.27096223831177,0.182142287492752,0,True,False,219.1519161730116,True,scl_cloud_shadow_snow_nearby;scl_core_not_all_water;spectra_not_sampled_after_scl_rejection,False,,,,,,,,,,,,,,,,,,,,,,,,,,,,,,,,,,,,,,,,,,,,,,,,,,,,,,,,,,,,,,,,,,,,,,,4.61427545547485,False,False,1624548,2026-04-11T11:30:00Z,-6.224849998950958,True,4,0,4.61427545547485,6.27096223831177,5.931570529937745,1
S2C_T29UPA_20260411T113422_L2A,2026-04-11,2026-04-11T11:36:13.491000Z,sentinel-2c,S2C_MSIL2A_20260411T113321_N0512_R080_T29UPA_20260411T145815.SAFE,sentinel-2-c1-l2a,05.12,L1279,Washing Bay,-6.569769770482481,54.523188284062314,True,396.0713035201496,False,provisional_filtered_view_no_row_flags,81.118226,42.7638726274993,9.333033909011359,Sen2Cor_BOA_not_aquatic_Rw,False,,,0.11758790910244,0,True,False,352.9038840688248,True,no_probe_within_15min;scl_cloud_shadow_snow_nearby;scl_core_not_all_water;spectra_not_sampled_after_scl_rejection,False,,,,,,,,,,,,,,,,,,,,,,,,,,,,,,,,,,,,,,,,,,,,,,,,,,,,,,,,,,,,,,,,,,,,,,,,,,,,,,,,,,,
S2C_T29UPA_20260411T113422_L2A,2026-04-11,2026-04-11T11:36:13.491000Z,sentinel-2c,S2C_MSIL2A_20260411T113321_N0512_R080_T29UPA_20260411T145815.SAFE,sentinel-2-c1-l2a,05.12,L1284,Toome,-6.466696920835618,54.75354853784675,False,338.87523315847875,False,provisional_filtered_view_no_row_flags,81.118226,42.7638726274993,9.333033909011359,Sen2Cor_BOA_not_aquatic_Rw,False,16.5589962005615,12.3395109176636,0.0360847786068916,0,True,True,298.5451035583995,False,footprint_shore_buffer_100m;outside_lake_polygon;scl_cloud_shadow_snow_nearby;scl_core_not_all_water;spectra_not_sampled_after_scl_rejection,False,,,,,,,,,,,,,,,,,,,,,,,,,,,,,,,,,,,,,,,,,,,,,,,,,,,,,,,,,,,,,,,,,,,,,,,16.6313457489014,False,False,1624618,2026-04-11T11:30:00Z,-6.224849998950958,True,4,0,12.3395109176636,16.6313457489014,14.9955348968506,1
S2A_T29UPA_20260413T113355_L2A,2026-04-13,2026-04-13T11:36:35.226000Z,sentinel-2a,S2A_MSIL2A_20260413T113341_N0512_R080_T29UPA_20260413T201712.SAFE,sentinel-2-c1-l2a,05.12,L1278,Rea's Wood,-6.241996568375846,54.712602169290584,True,270.8840794505137,False,provisional_filtered_view_no_row_flags,70.138252,43.5196808849104,9.26143060971456,Sen2Cor_BOA_not_aquatic_Rw,False,2.37208580970764,2.5365777015686,0.228612393140793,0,True,False,219.1519161730116,True,scl_cloud_shadow_snow_nearby;scl_core_not_all_water;spectra_not_sampled_after_scl_rejection,False,,,,,,,,,,,,,,,,,,,,,,,,,,,,,,,,,,,,,,,,,,,,,,,,,,,,,,,,,,,,,,,,,,,,,,,2.33510327339172,False,False,1627764,2026-04-13T11:30:00Z,-6.587100001176198,True,4,0,2.19590950012207,2.6817638874054,2.43584048748016,1
S2A_T29UPA_20260413T113355_L2A,2026-04-13,2026-04-13T11:36:35.226000Z,sentinel-2a,S2A_MSIL2A_20260413T113341_N0512_R080_T29UPA_20260413T201712.SAFE,sentinel-2-c1-l2a,05.12,L1279,Washing Bay,-6.569769770482481,54.523188284062314,True,396.0713035201496,False,provisional_filtered_view_no_row_flags,70.138252,43.5196808849104,9.26143060971456,Sen2Cor_BOA_not_aquatic_Rw,False,,,0.133327126502991,0,True,False,352.9038840688248,True,no_probe_within_15min;scl_cloud_shadow_snow_nearby;scl_core_not_all_water;spectra_not_sampled_after_scl_rejection,False,,,,,,,,,,,,,,,,,,,,,,,,,,,,,,,,,,,,,,,,,,,,,,,,,,,,,,,,,,,,,,,,,,,,,,,,,,,,,,,,,,,
S2A_T29UPA_20260413T113355_L2A,2026-04-13,2026-04-13T11:36:35.226000Z,sentinel-2a,S2A_MSIL2A_20260413T113341_N0512_R080_T29UPA_20260413T201712.SAFE,sentinel-2-c1-l2a,05.12,L1284,Toome,-6.466696920835618,54.75354853784675,False,338.87523315847875,False,provisional_filtered_view_no_row_flags,70.138252,43.5196808849104,9.26143060971456,Sen2Cor_BOA_not_aquatic_Rw,False,0.0,0.319396644830704,0.0207088999450207,0,True,False,298.5451035583995,False,footprint_shore_buffer_100m;outside_lake_polygon;scl_cloud_shadow_snow_nearby;scl_core_not_all_water;spectra_not_sampled_after_scl_rejection,False,,,,,,,,,,,,,,,,,,,,,,,,,,,,,,,,,,,,,,,,,,,,,,,,,,,,,,,,,,,,,,,,,,,,,,,0.426912873983383,False,False,1627802,2026-04-13T11:30:00Z,-6.587100001176198,True,4,0,0.319396644830704,0.501526534557343,0.4108695834875105,1
S2C_T29UPA_20260414T114346_L2A,2026-04-14,2026-04-14T11:46:12.094000Z,sentinel-2c,S2C_MSIL2A_20260414T114351_N0512_R123_T29UPA_20260414T164110.SAFE,sentinel-2-c1-l2a,05.12,L1278,Rea's Wood,-6.241996568375846,54.712602169290584,True,270.8840794505137,False,provisional_filtered_view_no_row_flags,99.999756,44.2642412442111,2.9826588820235838,Sen2Cor_BOA_not_aquatic_Rw,False,1.96812391281128,1.96190059185028,0.190105512738228,0,True,False,219.1519161730116,True,scl_cloud_shadow_snow_nearby;scl_core_not_all_water;spectra_not_sampled_after_scl_rejection,False,,,,,,,,,,,,,,,,,,,,,,,,,,,,,,,,,,,,,,,,,,,,,,,,,,,,,,,,,,,,,,,,,,,,,,,1.96812963485718,False,False,1629349,2026-04-14T12:00:00Z,13.798433331648509,True,4,0,1.96795761585236,1.98354768753052,1.9681267738342298,1
S2C_T29UPA_20260414T114346_L2A,2026-04-14,2026-04-14T11:46:12.094000Z,sentinel-2c,S2C_MSIL2A_20260414T114351_N0512_R123_T29UPA_20260414T164110.SAFE,sentinel-2-c1-l2a,05.12,L1279,Washing Bay,-6.569769770482481,54.523188284062314,True,396.0713035201496,False,provisional_filtered_view_no_row_flags,99.999756,44.2642412442111,2.9826588820235838,Sen2Cor_BOA_not_aquatic_Rw,False,,,0.0588502883911133,0,True,False,352.9038840688248,True,no_probe_within_15min;scl_cloud_shadow_snow_nearby;scl_core_not_all_water;spectra_not_sampled_after_scl_rejection,False,,,,,,,,,,,,,,,,,,,,,,,,,,,,,,,,,,,,,,,,,,,,,,,,,,,,,,,,,,,,,,,,,,,,,,,,,,,,,,,,,,,
S2C_T29UPA_20260414T114346_L2A,2026-04-14,2026-04-14T11:46:12.094000Z,sentinel-2c,S2C_MSIL2A_20260414T114351_N0512_R123_T29UPA_20260414T164110.SAFE,sentinel-2-c1-l2a,05.12,L1284,Toome,-6.466696920835618,54.75354853784675,False,338.87523315847875,False,provisional_filtered_view_no_row_flags,99.999756,44.2642412442111,2.9826588820235838,Sen2Cor_BOA_not_aquatic_Rw,False,0.494893938302994,0.120787970721722,0.0211643576622009,0,True,False,298.5451035583995,False,footprint_shore_buffer_100m;outside_lake_polygon;scl_cloud_shadow_snow_nearby;scl_core_not_all_water;spectra_not_sampled_after_scl_rejection,False,,,,,,,,,,,,,,,,,,,,,,,,,,,,,,,,,,,,,,,,,,,,,,,,,,,,,,,,,,,,,,,,,,,,,,,0.179344728589058,False,False,1629387,2026-04-14T12:00:00Z,13.798433331648509,True,4,0,0.179344728589058,0.547991931438446,0.3469674065709115,1
S2B_T29UPA_20260416T113543_L2A,2026-04-16,2026-04-16T11:36:13.046000Z,sentinel-2b,S2B_MSIL2A_20260416T113319_N0512_R080_T29UPA_20260416T152159.SAFE,sentinel-2-c1-l2a,05.12,L1278,Rea's Wood,-6.241996568375846,54.712602169290584,True,270.8840794505137,False,provisional_filtered_view_no_row_flags,78.774935,44.5929687172643,9.293260392231723,Sen2Cor_BOA_not_aquatic_Rw,False,2.09929227828979,2.1102466583252,0.171489253640175,0,True,False,219.1519161730116,True,scl_cloud_shadow_snow_nearby;scl_core_not_all_water;spectra_not_sampled_after_scl_rejection,False,,,,,,,,,,,,,,,,,,,,,,,,,,,,,,,,,,,,,,,,,,,,,,,,,,,,,,,,,,,,,,,,,,,,,,,2.182208776474,False,False,1632516,2026-04-16T11:30:00Z,-6.217433333396912,True,4,0,2.1102466583252,2.25571703910828,2.159881949424745,1
S2B_T29UPA_20260416T113543_L2A,2026-04-16,2026-04-16T11:36:13.046000Z,sentinel-2b,S2B_MSIL2A_20260416T113319_N0512_R080_T29UPA_20260416T152159.SAFE,sentinel-2-c1-l2a,05.12,L1279,Washing Bay,-6.569769770482481,54.523188284062314,True,396.0713035201496,False,provisional_filtered_view_no_row_flags,78.774935,44.5929687172643,9.293260392231723,Sen2Cor_BOA_not_aquatic_Rw,False,,,0.28437328338623,0,True,False,352.9038840688248,True,no_probe_within_15min;scl_cloud_shadow_snow_nearby;scl_core_not_all_water;spectra_not_sampled_after_scl_rejection,False,,,,,,,,,,,,,,,,,,,,,,,,,,,,,,,,,,,,,,,,,,,,,,,,,,,,,,,,,,,,,,,,,,,,,,,,,,,,,,,,,,,
S2B_T29UPA_20260416T113543_L2A,2026-04-16,2026-04-16T11:36:13.046000Z,sentinel-2b,S2B_MSIL2A_20260416T113319_N0512_R080_T29UPA_20260416T152159.SAFE,sentinel-2-c1-l2a,05.12,L1284,Toome,-6.466696920835618,54.75354853784675,False,338.87523315847875,False,provisional_filtered_view_no_row_flags,78.774935,44.5929687172643,9.293260392231723,Sen2Cor_BOA_not_aquatic_Rw,False,0.0,0.0,0.0278603583574295,0,True,False,298.5451035583995,False,footprint_shore_buffer_100m;outside_lake_polygon;scl_cloud_shadow_snow_nearby;scl_core_not_all_water;spectra_not_sampled_after_scl_rejection;zero_or_negative_probe_requires_review,False,,,,,,,,,,,,,,,,,,,,,,,,,,,,,,,,,,,,,,,,,,,,,,,,,,,,,,,,,,,,,,,,,,,,,,,0.0,False,False,1632554,2026-04-16T11:30:00Z,-6.217433333396912,True,4,0,0.0,0.0,0.0,1
S2A_T29UPA_20260416T114406_L2A,2026-04-16,2026-04-16T11:46:32.502000Z,sentinel-2a,S2A_MSIL2A_20260416T114411_N0512_R123_T29UPA_20260416T194612.SAFE,sentinel-2-c1-l2a,05.12,L1278,Rea's Wood,-6.241996568375846,54.712602169290584,True,270.8840794505137,False,provisional_filtered_view_no_row_flags,78.237641,44.999415643567,3.006216022981016,Sen2Cor_BOA_not_aquatic_Rw,False,2.25571703910828,2.16763019561768,0.191488102078438,0,True,False,219.1519161730116,True,scl_cloud_shadow_snow_nearby;scl_core_not_all_water;spectra_not_sampled_after_scl_rejection,False,,,,,,,,,,,,,,,,,,,,,,,,,,,,,,,,,,,,,,,,,,,,,,,,,,,,,,,,,,,,,,,,,,,,,,,2.13755512237549,False,False,1632517,2026-04-16T12:00:00Z,13.458299998442332,True,4,0,2.1102466583252,2.25571703910828,2.159881949424745,1
S2A_T29UPA_20260416T114406_L2A,2026-04-16,2026-04-16T11:46:32.502000Z,sentinel-2a,S2A_MSIL2A_20260416T114411_N0512_R123_T29UPA_20260416T194612.SAFE,sentinel-2-c1-l2a,05.12,L1279,Washing Bay,-6.569769770482481,54.523188284062314,True,396.0713035201496,False,provisional_filtered_view_no_row_flags,78.237641,44.999415643567,3.006216022981016,Sen2Cor_BOA_not_aquatic_Rw,False,,,0.273107409477234,0,True,False,352.9038840688248,True,no_probe_within_15min;scl_cloud_shadow_snow_nearby;scl_core_not_all_water;spectra_not_sampled_after_scl_rejection,False,,,,,,,,,,,,,,,,,,,,,,,,,,,,,,,,,,,,,,,,,,,,,,,,,,,,,,,,,,,,,,,,,,,,,,,,,,,,,,,,,,,
S2A_T29UPA_20260416T114406_L2A,2026-04-16,2026-04-16T11:46:32.502000Z,sentinel-2a,S2A_MSIL2A_20260416T114411_N0512_R123_T29UPA_20260416T194612.SAFE,sentinel-2-c1-l2a,05.12,L1284,Toome,-6.466696920835618,54.75354853784675,False,338.87523315847875,False,provisional_filtered_view_no_row_flags,78.237641,44.999415643567,3.006216022981016,Sen2Cor_BOA_not_aquatic_Rw,False,0.0,0.0,0.0279498696327209,0,True,False,298.5451035583995,False,footprint_shore_buffer_100m;outside_lake_polygon;scl_cloud_shadow_snow_nearby;scl_core_not_all_water;spectra_not_sampled_after_scl_rejection;zero_or_negative_probe_requires_review,False,,,,,,,,,,,,,,,,,,,,,,,,,,,,,,,,,,,,,,,,,,,,,,,,,,,,,,,,,,,,,,,,,,,,,,,0.0,False,False,1632555,2026-04-16T12:00:00Z,13.458299998442332,True,4,0,0.0,0.0,0.0,1
S2B_T29UPA_20260419T114441_L2A,2026-04-19,2026-04-19T11:46:10.140000Z,sentinel-2b,S2B_MSIL2A_20260419T114349_N0512_R123_T29UPA_20260419T152321.SAFE,sentinel-2-c1-l2a,05.12,L1278,Rea's Wood,-6.241996568375846,54.712602169290584,True,270.8840794505137,False,provisional_filtered_view_no_row_flags,68.326253,46.0482311887223,2.998774097765351,Sen2Cor_BOA_not_aquatic_Rw,False,2.29316973686218,2.28829836845398,0.233867824077606,0,True,False,219.1519161730116,True,scl_cloud_shadow_snow_nearby;scl_core_not_all_water;spectra_not_sampled_after_scl_rejection,False,,,,,,,,,,,,,,,,,,,,,,,,,,,,,,,,,,,,,,,,,,,,,,,,,,,,,,,,,,,,,,,,,,,,,,,2.26794695854187,False,False,1637269,2026-04-19T12:00:00Z,13.830999998251597,True,4,0,2.21587347984314,2.30696511268616,2.280558347702025,1
S2B_T29UPA_20260419T114441_L2A,2026-04-19,2026-04-19T11:46:10.140000Z,sentinel-2b,S2B_MSIL2A_20260419T114349_N0512_R123_T29UPA_20260419T152321.SAFE,sentinel-2-c1-l2a,05.12,L1279,Washing Bay,-6.569769770482481,54.523188284062314,True,396.0713035201496,False,provisional_filtered_view_no_row_flags,68.326253,46.0482311887223,2.998774097765351,Sen2Cor_BOA_not_aquatic_Rw,False,,,0.166913419961929,0,True,False,352.9038840688248,True,no_probe_within_15min;scl_cloud_shadow_snow_nearby;scl_core_not_all_water;spectra_not_sampled_after_scl_rejection,False,,,,,,,,,,,,,,,,,,,,,,,,,,,,,,,,,,,,,,,,,,,,,,,,,,,,,,,,,,,,,,,,,,,,,,,,,,,,,,,,,,,
S2B_T29UPA_20260419T114441_L2A,2026-04-19,2026-04-19T11:46:10.140000Z,sentinel-2b,S2B_MSIL2A_20260419T114349_N0512_R123_T29UPA_20260419T152321.SAFE,sentinel-2-c1-l2a,05.12,L1284,Toome,-6.466696920835618,54.75354853784675,False,338.87523315847875,False,provisional_filtered_view_no_row_flags,68.326253,46.0482311887223,2.998774097765351,Sen2Cor_BOA_not_aquatic_Rw,False,0.0,0.0,0.0211925692856312,0,True,False,298.5451035583995,False,footprint_shore_buffer_100m;outside_lake_polygon;scl_cloud_shadow_snow_nearby;scl_core_not_all_water;spectra_not_sampled_after_scl_rejection;zero_or_negative_probe_requires_review,False,,,,,,,,,,,,,,,,,,,,,,,,,,,,,,,,,,,,,,,,,,,,,,,,,,,,,,,,,,,,,,,,,,,,,,,0.0,False,False,1637307,2026-04-19T12:00:00Z,13.830999998251597,True,4,0,0.0,0.0,0.0,1
S2C_T29UPA_20260421T113500_L2A,2026-04-21,2026-04-21T11:36:15.906000Z,sentinel-2c,S2C_MSIL2A_20260421T113321_N0512_R080_T29UPA_20260421T145618.SAFE,sentinel-2-c1-l2a,05.12,L1278,Rea's Wood,-6.241996568375846,54.712602169290584,True,270.8840794505137,False,provisional_filtered_view_no_row_flags,99.37914,46.3480486781608,9.285714704864679,Sen2Cor_BOA_not_aquatic_Rw,False,2.4094455242157,2.37341666221619,0.0500274561345577,0,True,False,219.1519161730116,True,scl_cloud_shadow_snow_nearby;scl_core_not_all_water;spectra_not_sampled_after_scl_rejection,False,,,,,,,,,,,,,,,,,,,,,,,,,,,,,,,,,,,,,,,,,,,,,,,,,,,,,,,,,,,,,,,,,,,,,,,2.38739252090454,False,False,1640352,2026-04-21T11:30:00Z,-6.265099998315176,True,4,0,2.37341666221619,2.4026186466217,2.3851460218429548,1
S2C_T29UPA_20260421T113500_L2A,2026-04-21,2026-04-21T11:36:15.906000Z,sentinel-2c,S2C_MSIL2A_20260421T113321_N0512_R080_T29UPA_20260421T145618.SAFE,sentinel-2-c1-l2a,05.12,L1279,Washing Bay,-6.569769770482481,54.523188284062314,True,396.0713035201496,False,provisional_filtered_view_no_row_flags,99.37914,46.3480486781608,9.285714704864679,Sen2Cor_BOA_not_aquatic_Rw,False,,,0.258944392204285,0,True,False,352.9038840688248,True,no_probe_within_15min;scl_cloud_shadow_snow_nearby;scl_core_not_all_water;spectra_not_sampled_after_scl_rejection,False,,,,,,,,,,,,,,,,,,,,,,,,,,,,,,,,,,,,,,,,,,,,,,,,,,,,,,,,,,,,,,,,,,,,,,,,,,,,,,,,,,,
S2C_T29UPA_20260421T113500_L2A,2026-04-21,2026-04-21T11:36:15.906000Z,sentinel-2c,S2C_MSIL2A_20260421T113321_N0512_R080_T29UPA_20260421T145618.SAFE,sentinel-2-c1-l2a,05.12,L1284,Toome,-6.466696920835618,54.75354853784675,False,338.87523315847875,False,provisional_filtered_view_no_row_flags,99.37914,46.3480486781608,9.285714704864679,Sen2Cor_BOA_not_aquatic_Rw,False,,,,0,True,False,298.5451035583995,False,footprint_shore_buffer_100m;no_probe_within_15min;outside_lake_polygon;scl_cloud_shadow_snow_nearby;scl_core_not_all_water;spectra_not_sampled_after_scl_rejection,False,,,,,,,,,,,,,,,,,,,,,,,,,,,,,,,,,,,,,,,,,,,,,,,,,,,,,,,,,,,,,,,,,,,,,,,,,,,,,,,,,,,
S2A_T29UPA_20260423T113334_L2A,2026-04-23,2026-04-23T11:36:33.164000Z,sentinel-2a,S2A_MSIL2A_20260423T113331_N0512_R080_T29UPA_20260423T180318.SAFE,sentinel-2-c1-l2a,05.12,L1278,Rea's Wood,-6.241996568375846,54.712602169290584,True,270.8840794505137,False,provisional_filtered_view_no_row_flags,93.685657,47.0374897213412,9.267495200628922,Sen2Cor_BOA_not_aquatic_Rw,False,2.17794799804688,2.21450209617615,0.0564994849264622,0,True,False,219.1519161730116,True,scl_cloud_shadow_snow_nearby;scl_core_not_all_water;spectra_not_sampled_after_scl_rejection,False,,,,,,,,,,,,,,,,,,,,,,,,,,,,,,,,,,,,,,,,,,,,,,,,,,,,,,,,,,,,,,,,,,,,,,,2.20556259155273,False,False,1643997,2026-04-23T11:30:00Z,-6.552733333905538,True,4,0,2.20556259155273,2.23253870010376,2.2186444997787502,1
S2A_T29UPA_20260423T113334_L2A,2026-04-23,2026-04-23T11:36:33.164000Z,sentinel-2a,S2A_MSIL2A_20260423T113331_N0512_R080_T29UPA_20260423T180318.SAFE,sentinel-2-c1-l2a,05.12,L1279,Washing Bay,-6.569769770482481,54.523188284062314,True,396.0713035201496,False,provisional_filtered_view_no_row_flags,93.685657,47.0374897213412,9.267495200628922,Sen2Cor_BOA_not_aquatic_Rw,False,6.73122406005859,5.44507265090942,0.0232944041490555,0,True,False,352.9038840688248,True,scl_cloud_shadow_snow_nearby;scl_core_not_all_water;spectra_not_sampled_after_scl_rejection,False,,,,,,,,,,,,,,,,,,,,,,,,,,,,,,,,,,,,,,,,,,,,,,,,,,,,,,,,,,,,,,,,,,,,,,,9.81191253662109,False,False,1644086,2026-04-23T11:30:00Z,-6.552733333905538,True,4,0,5.23915910720825,9.81191253662109,5.65849137306213,1
S2A_T29UPA_20260423T113334_L2A,2026-04-23,2026-04-23T11:36:33.164000Z,sentinel-2a,S2A_MSIL2A_20260423T113331_N0512_R080_T29UPA_20260423T180318.SAFE,sentinel-2-c1-l2a,05.12,L1284,Toome,-6.466696920835618,54.75354853784675,False,338.87523315847875,False,provisional_filtered_view_no_row_flags,93.685657,47.0374897213412,9.267495200628922,Sen2Cor_BOA_not_aquatic_Rw,False,,,,0,True,False,298.5451035583995,False,footprint_shore_buffer_100m;no_probe_within_15min;outside_lake_polygon;scl_cloud_shadow_snow_nearby;scl_core_not_all_water;spectra_not_sampled_after_scl_rejection,False,,,,,,,,,,,,,,,,,,,,,,,,,,,,,,,,,,,,,,,,,,,,,,,,,,,,,,,,,,,,,,,,,,,,,,,,,,,,,,,,,,,
S2C_T29UPA_20260424T114417_L2A,2026-04-24,2026-04-24T11:46:14.059000Z,sentinel-2c,S2C_MSIL2A_20260424T114351_N0512_R123_T29UPA_20260424T164711.SAFE,sentinel-2-c1-l2a,05.12,L1278,Rea's Wood,-6.241996568375846,54.712602169290584,True,270.8840794505137,False,provisional_filtered_view_no_row_flags,5.804268,47.7525084629418,3.005694468131189,Sen2Cor_BOA_not_aquatic_Rw,False,2.28388857841492,2.24709987640381,0.0725022554397583,9,False,False,219.1519161730116,True,,True,0.00485,0.0008183231499705828,36,1030,0,0,0.1725813321554832,0.0085,0.0009589209148765355,36,1064,0,0,0.11329554622761824,0.006099999999999994,0.0005648869110027438,36,1050,0,0,0.09273109346146276,0.006099999999999994,0.00012862041003100231,9,1059,0,0,0.021046976186891296,0.007599999999999996,6.849348892187949e-05,9,1076,0,0,0.008959904074083076,0.007999999999999993,0.0003177855476905566,9,1076,0,0,0.039286674851854525,0.008099999999999996,0.0003723880227748648,36,1074,0,0,0.04581670820196559,0.0076999999999999985,0.0001852592444503695,9,1075,0,0,0.024024974064168963,0.005199999999999996,0.00011331154474650714,9,1050,0,0,0.021884203920999244,0.0029,0.0003212629398844658,9,1026,0,0,0.10748574196878033,2.33187127113342,False,False,1645944,2026-04-24T12:00:00Z,13.76568333307902,True,4,0,2.28388857841492,2.33187127113342,2.298383593559265,1
S2C_T29UPA_20260424T114417_L2A,2026-04-24,2026-04-24T11:46:14.059000Z,sentinel-2c,S2C_MSIL2A_20260424T114351_N0512_R123_T29UPA_20260424T164711.SAFE,sentinel-2-c1-l2a,05.12,L1279,Washing Bay,-6.569769770482481,54.523188284062314,True,396.0713035201496,False,provisional_filtered_view_no_row_flags,5.804268,47.7525084629418,3.005694468131189,Sen2Cor_BOA_not_aquatic_Rw,False,0.158918902277946,0.817000567913055,0.0294532850384712,9,False,False,352.9038840688248,True,,True,0.011349999999999999,0.00137655355557204,36,1085,0,0,0.12107483019934874,0.01455,0.0006695769808866885,36,1131,0,0,0.04628412310276649,0.012650000000000002,0.0005997684738482193,36,1113,0,0,0.04753779185058541,0.011200000000000002,0.00020061633428075426,9,1107,0,0,0.01814620109072149,0.0097,6.849348892187949e-05,9,1095,0,0,0.007101859450425293,0.010099999999999998,0.000144871164560059,9,1099,0,0,0.01435947666344197,0.010450000000000001,0.00016244657241348094,36,1102,0,0,0.015495698481413122,0.0087,0.00018921540406584863,9,1083,0,0,0.021888671421499205,0.005599999999999994,4.7140452079101245e-05,9,1055,0,0,0.008417937871268086,0.003699999999999995,0.00010999438818457253,9,1036,0,0,0.029639206397040502,0.203743755817413,False,False,1645871,2026-04-24T12:00:00Z,13.76568333307902,True,4,0,0.0,0.203743755817413,0.1261920407414434,1
S2C_T29UPA_20260424T114417_L2A,2026-04-24,2026-04-24T11:46:14.059000Z,sentinel-2c,S2C_MSIL2A_20260424T114351_N0512_R123_T29UPA_20260424T164711.SAFE,sentinel-2-c1-l2a,05.12,L1284,Toome,-6.466696920835618,54.75354853784675,False,338.87523315847875,False,provisional_filtered_view_no_row_flags,5.804268,47.7525084629418,3.005694468131189,Sen2Cor_BOA_not_aquatic_Rw,False,0.0,0.0,0.00894156843423843,5,False,True,298.5451035583995,False,footprint_shore_buffer_100m;outside_lake_polygon;probe_gap_or_unbracketed;scl_core_not_all_water;spectra_not_sampled_after_scl_rejection,False,,,,,,,,,,,,,,,,,,,,,,,,,,,,,,,,,,,,,,,,,,,,,,,,,,,,,,,,,,,,,,,,,,,,,,,0.360484451055527,False,False,1645984,2026-04-24T12:00:00Z,13.76568333307902,False,2,0,0.0,0.360484451055527,0.1802422255277635,1
S2B_T29UPA_20260426T113501_L2A,2026-04-26,2026-04-26T11:36:11.765000Z,sentinel-2b,S2B_MSIL2A_20260426T113319_N0512_R080_T29UPA_20260426T152238.SAFE,sentinel-2-c1-l2a,05.12,L1278,Rea's Wood,-6.241996568375846,54.712602169290584,True,270.8840794505137,False,provisional_filtered_view_no_row_flags,68.276811,48.0085657992493,9.287902319042384,Sen2Cor_BOA_not_aquatic_Rw,False,2.43753600120544,2.42690515518188,0.118262693285942,9,True,False,219.1519161730116,True,scl_cloud_shadow_snow_nearby;spectra_not_sampled_after_scl_rejection,False,,,,,,,,,,,,,,,,,,,,,,,,,,,,,,,,,,,,,,,,,,,,,,,,,,,,,,,,,,,,,,,,,,,,,,,2.47085642814636,False,False,1649397,2026-04-26T11:30:00Z,-6.196083335081736,True,4,0,2.42690515518188,2.51631283760071,2.4815313816070548,1
S2B_T29UPA_20260426T113501_L2A,2026-04-26,2026-04-26T11:36:11.765000Z,sentinel-2b,S2B_MSIL2A_20260426T113319_N0512_R080_T29UPA_20260426T152238.SAFE,sentinel-2-c1-l2a,05.12,L1279,Washing Bay,-6.569769770482481,54.523188284062314,True,396.0713035201496,False,provisional_filtered_view_no_row_flags,68.276811,48.0085657992493,9.287902319042384,Sen2Cor_BOA_not_aquatic_Rw,False,0.0,0.0,0.0390917956829071,0,True,False,352.9038840688248,True,scl_cloud_shadow_snow_nearby;scl_core_not_all_water;spectra_not_sampled_after_scl_rejection;zero_or_negative_probe_requires_review,False,,,,,,,,,,,,,,,,,,,,,,,,,,,,,,,,,,,,,,,,,,,,,,,,,,,,,,,,,,,,,,,,,,,,,,,0.0,False,False,1649486,2026-04-26T11:30:00Z,-6.196083335081736,True,4,0,0.0,0.0,0.0,1
S2B_T29UPA_20260426T113501_L2A,2026-04-26,2026-04-26T11:36:11.765000Z,sentinel-2b,S2B_MSIL2A_20260426T113319_N0512_R080_T29UPA_20260426T152238.SAFE,sentinel-2-c1-l2a,05.12,L1284,Toome,-6.466696920835618,54.75354853784675,False,338.87523315847875,False,provisional_filtered_view_no_row_flags,68.276811,48.0085657992493,9.287902319042384,Sen2Cor_BOA_not_aquatic_Rw,False,,,,0,True,False,298.5451035583995,False,footprint_shore_buffer_100m;no_probe_within_15min;outside_lake_polygon;scl_cloud_shadow_snow_nearby;scl_core_not_all_water;spectra_not_sampled_after_scl_rejection,False,,,,,,,,,,,,,,,,,,,,,,,,,,,,,,,,,,,,,,,,,,,,,,,,,,,,,,,,,,,,,,,,,,,,,,,,,,,,,,,,,,,
S2A_T29UPA_20260426T114613_L2A,2026-04-26,2026-04-26T11:46:29.985000Z,sentinel-2a,S2A_MSIL2A_20260426T114401_N0512_R123_T29UPA_20260426T195201.SAFE,sentinel-2-c1-l2a,05.12,L1278,Rea's Wood,-6.241996568375846,54.712602169290584,True,270.8840794505137,False,provisional_filtered_view_no_row_flags,75.484139,48.4164991313009,3.0020174131413224,Sen2Cor_BOA_not_aquatic_Rw,False,2.51631283760071,2.49099063873291,0.13554310798645,0,True,False,219.1519161730116,True,scl_cloud_shadow_snow_nearby;scl_core_not_all_water;spectra_not_sampled_after_scl_rejection,False,,,,,,,,,,,,,,,,,,,,,,,,,,,,,,,,,,,,,,,,,,,,,,,,,,,,,,,,,,,,,,,,,,,,,,,2.49220633506775,False,False,1649544,2026-04-26T12:00:00Z,13.500250001748404,True,4,0,2.42690515518188,2.51631283760071,2.4815313816070548,1
S2A_T29UPA_20260426T114613_L2A,2026-04-26,2026-04-26T11:46:29.985000Z,sentinel-2a,S2A_MSIL2A_20260426T114401_N0512_R123_T29UPA_20260426T195201.SAFE,sentinel-2-c1-l2a,05.12,L1279,Washing Bay,-6.569769770482481,54.523188284062314,True,396.0713035201496,False,provisional_filtered_view_no_row_flags,75.484139,48.4164991313009,3.0020174131413224,Sen2Cor_BOA_not_aquatic_Rw,False,0.0,0.0,0.0685308650135994,9,False,False,352.9038840688248,True,zero_or_negative_probe_requires_review,False,0.030149999999999996,0.0017160912376101884,36,1271,0,0,0.057002476982807505,0.032,0.0013842923940045207,36,1290,0,0,0.04347803715247142,0.027649999999999994,0.0009024999572518035,36,1254,0,0,0.03272562294627813,0.03040000000000001,0.0007803133273813057,9,1286,0,0,0.02589535378477784,0.03,0.0006765927710061493,9,1293,0,0,0.022428489646612683,0.032299999999999995,0.0004909049340972143,9,1311,0,0,0.015240235967143599,0.029599999999999987,0.0006405232718086006,36,1280,0,0,0.021710608968185312,0.030799999999999994,0.0005291502622129183,9,1297,0,0,0.017311349908819572,0.017799999999999996,0.0002657391276244739,9,1172,0,0,0.015032383083722596,0.014600000000000002,0.00032010800646417646,9,1140,0,0,0.0218586650848072,0.0,False,False,1649487,2026-04-26T12:00:00Z,13.500250001748404,True,4,0,0.0,0.0,0.0,1
S2A_T29UPA_20260426T114613_L2A,2026-04-26,2026-04-26T11:46:29.985000Z,sentinel-2a,S2A_MSIL2A_20260426T114401_N0512_R123_T29UPA_20260426T195201.SAFE,sentinel-2-c1-l2a,05.12,L1284,Toome,-6.466696920835618,54.75354853784675,False,338.87523315847875,False,provisional_filtered_view_no_row_flags,75.484139,48.4164991313009,3.0020174131413224,Sen2Cor_BOA_not_aquatic_Rw,False,0.0167641509324312,0.231865808367729,0.0277193188667297,0,True,False,298.5451035583995,False,footprint_shore_buffer_100m;outside_lake_polygon;probe_gap_or_unbracketed;scl_cloud_shadow_snow_nearby;scl_core_not_all_water;spectra_not_sampled_after_scl_rejection,False,,,,,,,,,,,,,,,,,,,,,,,,,,,,,,,,,,,,,,,,,,,,,,,,,,,,,,,,,,,,,,,,,,,,,,,0.295027285814285,False,False,1649584,2026-04-26T12:00:00Z,13.500250001748404,False,2,0,0.0167641509324312,0.295027285814285,0.1558957183733581,1
S2B_T29UPA_20260429T114343_L2A,2026-04-29,2026-04-29T11:46:10.072000Z,sentinel-2b,S2B_MSIL2A_20260429T114349_N0512_R123_T29UPA_20260429T141846.SAFE,sentinel-2-c1-l2a,05.12,L1278,Rea's Wood,-6.241996568375846,54.712602169290584,True,270.8840794505137,False,provisional_filtered_view_no_row_flags,0.066705,49.3564838604848,3.0022436954738447,Sen2Cor_BOA_not_aquatic_Rw,False,2.39332151412964,2.34816575050354,0.372168809175491,9,False,False,219.1519161730116,True,,True,0.011999999999999997,0.000883119296221085,36,1104,0,0,0.07347421923725228,0.01015,0.0008394773506308688,36,1080,0,0,0.08297963927158505,0.007599999999999996,0.0006812921184171164,36,1064,0,0,0.08967647628159485,0.007000000000000006,0.0006008224815375891,9,1063,0,0,0.08475552247395458,0.007300000000000001,0.00045078806166890835,9,1062,0,0,0.06339207117219021,0.008099999999999996,0.000630304649052572,9,1075,0,0,0.07665867353342093,0.007499999999999993,0.00032264101137676523,36,1067,0,0,0.04306665335396199,0.006699999999999998,0.0004271640619275814,9,1056,0,0,0.06418157858678185,0.004900000000000002,0.00023465235646603043,9,1044,0,0,0.04911328391149473,0.004299999999999998,0.0002922876986214635,9,1038,0,0,0.06814998154386455,2.35662269592285,False,False,1733965,2026-04-29T12:00:00Z,13.832133332888285,True,4,0,2.35662269592285,2.4128246307373,2.3759397268295297,1
S2B_T29UPA_20260429T114343_L2A,2026-04-29,2026-04-29T11:46:10.072000Z,sentinel-2b,S2B_MSIL2A_20260429T114349_N0512_R123_T29UPA_20260429T141846.SAFE,sentinel-2-c1-l2a,05.12,L1279,Washing Bay,-6.569769770482481,54.523188284062314,True,396.0713035201496,False,provisional_filtered_view_no_row_flags,0.066705,49.3564838604848,3.0022436954738447,Sen2Cor_BOA_not_aquatic_Rw,False,0.350153833627701,3.12985968589783,0.0441791191697121,9,False,False,352.9038840688248,True,,True,0.015899999999999997,0.000960432483600776,36,1134,0,0,0.060563267489276484,0.015,0.0009354597140140302,36,1133,0,0,0.062099483135727634,0.013300000000000006,0.0007395099728874517,36,1118,0,0,0.05549793417541851,0.0121,0.0006843939375304201,9,1107,0,0,0.05666555140546257,0.010700000000000001,0.00042280661312089885,9,1102,0,0,0.03918907845610803,0.010899999999999993,0.00031544599036840884,9,1102,0,0,0.028999120667167314,0.01065,0.0003004626062886644,36,1099,0,0,0.028390167523338367,0.0087,0.0003314763086705855,9,1083,0,0,0.03805212727085803,0.0058,0.000309120616516523,9,1050,0,0,0.05360473118783637,0.004599999999999993,0.0002922876986214635,9,1043,0,0,0.062336239042492254,0.249919667840004,False,False,1733772,2026-04-29T12:00:00Z,13.832133332888285,True,4,0,0.249919667840004,1.43193399906158,0.8471502810716656,1
S2B_T29UPA_20260429T114343_L2A,2026-04-29,2026-04-29T11:46:10.072000Z,sentinel-2b,S2B_MSIL2A_20260429T114349_N0512_R123_T29UPA_20260429T141846.SAFE,sentinel-2-c1-l2a,05.12,L1284,Toome,-6.466696920835618,54.75354853784675,False,338.87523315847875,False,provisional_filtered_view_no_row_flags,0.066705,49.3564838604848,3.0022436954738447,Sen2Cor_BOA_not_aquatic_Rw,False,5.50453329086304,0.0,0.0127489790320396,5,False,True,298.5451035583995,False,footprint_shore_buffer_100m;outside_lake_polygon;scl_core_not_all_water;spectra_not_sampled_after_scl_rejection;zero_or_negative_probe_requires_review,False,,,,,,,,,,,,,,,,,,,,,,,,,,,,,,,,,,,,,,,,,,,,,,,,,,,,,,,,,,,,,,,,,,,,,,,0.0,False,False,1733892,2026-04-29T12:00:00Z,13.832133332888285,True,4,0,0.0,5.50453329086304,0.125855430960655,1
S2C_T29UPA_20260501T113432_L2A,2026-05-01,2026-05-01T11:36:16.743000Z,sentinel-2c,S2C_MSIL2A_20260501T113321_N0512_R080_T29UPA_20260501T150222.SAFE,sentinel-2-c1-l2a,05.12,L1278,Rea's Wood,-6.241996568375846,54.712602169290584,True,270.8840794505137,False,provisional_filtered_view_no_row_flags,99.367803,49.5740405431514,9.28568461834338,Sen2Cor_BOA_not_aquatic_Rw,False,2.38548159599304,2.41617465019226,0.188217803835869,0,True,False,219.1519161730116,True,scl_cloud_shadow_snow_nearby;scl_core_not_all_water;spectra_not_sampled_after_scl_rejection,False,,,,,,,,,,,,,,,,,,,,,,,,,,,,,,,,,,,,,,,,,,,,,,,,,,,,,,,,,,,,,,,,,,,,,,,2.3860547542572,False,False,1738048,2026-05-01T11:30:00Z,-6.279050000508627,True,4,0,2.34195780754089,2.41617465019226,2.3895198106765747,1
S2C_T29UPA_20260501T113432_L2A,2026-05-01,2026-05-01T11:36:16.743000Z,sentinel-2c,S2C_MSIL2A_20260501T113321_N0512_R080_T29UPA_20260501T150222.SAFE,sentinel-2-c1-l2a,05.12,L1279,Washing Bay,-6.569769770482481,54.523188284062314,True,396.0713035201496,False,provisional_filtered_view_no_row_flags,99.367803,49.5740405431514,9.28568461834338,Sen2Cor_BOA_not_aquatic_Rw,False,0.0,1.42905008792877,0.217321202158928,0,True,False,352.9038840688248,True,scl_cloud_shadow_snow_nearby;scl_core_not_all_water;spectra_not_sampled_after_scl_rejection,False,,,,,,,,,,,,,,,,,,,,,,,,,,,,,,,,,,,,,,,,,,,,,,,,,,,,,,,,,,,,,,,,,,,,,,,0.974392116069794,False,False,1738107,2026-05-01T11:30:00Z,-6.279050000508627,True,4,0,0.0,1.42905008792877,0.8806080222129825,1
S2C_T29UPA_20260501T113432_L2A,2026-05-01,2026-05-01T11:36:16.743000Z,sentinel-2c,S2C_MSIL2A_20260501T113321_N0512_R080_T29UPA_20260501T150222.SAFE,sentinel-2-c1-l2a,05.12,L1284,Toome,-6.466696920835618,54.75354853784675,False,338.87523315847875,False,provisional_filtered_view_no_row_flags,99.367803,49.5740405431514,9.28568461834338,Sen2Cor_BOA_not_aquatic_Rw,False,0.0854123830795288,0.00508793955668807,0.013071421533823,0,True,False,298.5451035583995,False,footprint_shore_buffer_100m;outside_lake_polygon;scl_cloud_shadow_snow_nearby;scl_core_not_all_water;spectra_not_sampled_after_scl_rejection;zero_or_negative_probe_requires_review,False,,,,,,,,,,,,,,,,,,,,,,,,,,,,,,,,,,,,,,,,,,,,,,,,,,,,,,,,,,,,,,,,,,,,,,,0.0,False,False,1738211,2026-05-01T11:30:00Z,-6.279050000508627,True,4,0,0.0,0.0473522655665874,0.002543969778344035,1
S2A_T29UPA_20260503T113613_L2A,2026-05-03,2026-05-03T11:36:29.633000Z,sentinel-2a,S2A_MSIL2A_20260503T113331_N0512_R080_T29UPA_20260503T202200.SAFE,sentinel-2-c1-l2a,05.12,L1278,Rea's Wood,-6.241996568375846,54.712602169290584,True,270.8840794505137,False,provisional_filtered_view_no_row_flags,99.963838,50.1773420530691,9.297880144244475,Sen2Cor_BOA_not_aquatic_Rw,False,2.58728814125061,3.4224910736084,0.46378493309021,0,True,False,219.1519161730116,True,scl_cloud_shadow_snow_nearby;scl_core_not_all_water;spectra_not_sampled_after_scl_rejection,False,,,,,,,,,,,,,,,,,,,,,,,,,,,,,,,,,,,,,,,,,,,,,,,,,,,,,,,,,,,,,,,,,,,,,,,2.64148092269897,False,False,1742428,2026-05-03T11:30:00Z,-6.493883331616719,True,4,0,2.64148092269897,3.4224910736084,2.81881070137024,1
S2A_T29UPA_20260503T113613_L2A,2026-05-03,2026-05-03T11:36:29.633000Z,sentinel-2a,S2A_MSIL2A_20260503T113331_N0512_R080_T29UPA_20260503T202200.SAFE,sentinel-2-c1-l2a,05.12,L1279,Washing Bay,-6.569769770482481,54.523188284062314,True,396.0713035201496,False,provisional_filtered_view_no_row_flags,99.963838,50.1773420530691,9.297880144244475,Sen2Cor_BOA_not_aquatic_Rw,False,3.59593605995178,2.37455725669861,0.198192313313484,0,True,False,352.9038840688248,True,scl_cloud_shadow_snow_nearby;scl_core_not_all_water;spectra_not_sampled_after_scl_rejection,False,,,,,,,,,,,,,,,,,,,,,,,,,,,,,,,,,,,,,,,,,,,,,,,,,,,,,,,,,,,,,,,,,,,,,,,2.70466423034668,False,False,1742487,2026-05-03T11:30:00Z,-6.493883331616719,True,4,0,2.37455725669861,7.90402030944824,2.916657090187075,1
S2A_T29UPA_20260503T113613_L2A,2026-05-03,2026-05-03T11:36:29.633000Z,sentinel-2a,S2A_MSIL2A_20260503T113331_N0512_R080_T29UPA_20260503T202200.SAFE,sentinel-2-c1-l2a,05.12,L1284,Toome,-6.466696920835618,54.75354853784675,False,338.87523315847875,False,provisional_filtered_view_no_row_flags,99.963838,50.1773420530691,9.297880144244475,Sen2Cor_BOA_not_aquatic_Rw,False,1.63055658340454,2.34835648536682,0.125044077634811,0,True,False,298.5451035583995,False,footprint_shore_buffer_100m;outside_lake_polygon;scl_cloud_shadow_snow_nearby;scl_core_not_all_water;spectra_not_sampled_after_scl_rejection,False,,,,,,,,,,,,,,,,,,,,,,,,,,,,,,,,,,,,,,,,,,,,,,,,,,,,,,,,,,,,,,,,,,,,,,,0.864432513713837,False,False,1742547,2026-05-03T11:30:00Z,-6.493883331616719,True,4,0,0.620379388332367,2.34835648536682,0.9083362221717834,1
S2C_T29UPA_20260504T114348_L2A,2026-05-04,2026-05-04T11:46:14.313000Z,sentinel-2c,S2C_MSIL2A_20260504T114351_N0512_R123_T29UPA_20260504T164308.SAFE,sentinel-2-c1-l2a,05.12,L1278,Rea's Wood,-6.241996568375846,54.712602169290584,True,270.8840794505137,False,provisional_filtered_view_no_row_flags,84.669578,50.8583747599078,3.0173904103337907,Sen2Cor_BOA_not_aquatic_Rw,False,2.42990326881409,2.47386693954468,0.52013885974884,0,True,False,219.1519161730116,True,scl_cloud_shadow_snow_nearby;scl_core_not_all_water;spectra_not_sampled_after_scl_rejection,False,,,,,,,,,,,,,,,,,,,,,,,,,,,,,,,,,,,,,,,,,,,,,,,,,,,,,,,,,,,,,,,,,,,,,,,2.41881823539734,False,False,1744705,2026-05-04T12:00:00Z,13.761450000603993,True,4,0,2.3806746006012,2.42990326881409,2.420982837677005,1
S2C_T29UPA_20260504T114348_L2A,2026-05-04,2026-05-04T11:46:14.313000Z,sentinel-2c,S2C_MSIL2A_20260504T114351_N0512_R123_T29UPA_20260504T164308.SAFE,sentinel-2-c1-l2a,05.12,L1279,Washing Bay,-6.569769770482481,54.523188284062314,True,396.0713035201496,False,provisional_filtered_view_no_row_flags,84.669578,50.8583747599078,3.0173904103337907,Sen2Cor_BOA_not_aquatic_Rw,False,1.95977354049683,0.774453163146973,0.15532261133194,0,True,False,352.9038840688248,True,scl_cloud_shadow_snow_nearby;scl_core_not_all_water;spectra_not_sampled_after_scl_rejection,False,,,,,,,,,,,,,,,,,,,,,,,,,,,,,,,,,,,,,,,,,,,,,,,,,,,,,,,,,,,,,,,,,,,,,,,0.732420206069946,False,False,1744808,2026-05-04T12:00:00Z,13.761450000603993,True,4,0,0.732420206069946,1.95977354049683,0.8491389751434325,1
S2C_T29UPA_20260504T114348_L2A,2026-05-04,2026-05-04T11:46:14.313000Z,sentinel-2c,S2C_MSIL2A_20260504T114351_N0512_R123_T29UPA_20260504T164308.SAFE,sentinel-2-c1-l2a,05.12,L1284,Toome,-6.466696920835618,54.75354853784675,False,338.87523315847875,False,provisional_filtered_view_no_row_flags,84.669578,50.8583747599078,3.0173904103337907,Sen2Cor_BOA_not_aquatic_Rw,False,0.973359644412994,1.20403969287872,0.030265748500824,0,True,False,298.5451035583995,False,footprint_shore_buffer_100m;outside_lake_polygon;scl_cloud_shadow_snow_nearby;scl_core_not_all_water;spectra_not_sampled_after_scl_rejection,False,,,,,,,,,,,,,,,,,,,,,,,,,,,,,,,,,,,,,,,,,,,,,,,,,,,,,,,,,,,,,,,,,,,,,,,1.02666687965393,False,False,1744648,2026-05-04T12:00:00Z,13.761450000603993,True,4,0,0.973359644412994,1.44570732116699,1.1202670335769649,1
S2B_T29UPA_20260506T113318_L2A,2026-05-06,2026-05-06T11:36:12.801000Z,sentinel-2b,S2B_MSIL2A_20260506T113319_N0512_R080_T29UPA_20260506T141139.SAFE,sentinel-2-c1-l2a,05.12,L1278,Rea's Wood,-6.241996568375846,54.712602169290584,True,270.8840794505137,False,provisional_filtered_view_no_row_flags,91.615605,51.0199377635847,9.277070497798304,Sen2Cor_BOA_not_aquatic_Rw,False,2.45640158653259,2.45579409599304,0.337354928255081,0,True,False,219.1519161730116,True,scl_cloud_shadow_snow_nearby;scl_core_not_all_water;spectra_not_sampled_after_scl_rejection,False,,,,,,,,,,,,,,,,,,,,,,,,,,,,,,,,,,,,,,,,,,,,,,,,,,,,,,,,,,,,,,,,,,,,,,,2.40807557106018,False,False,1748908,2026-05-06T11:30:00Z,-6.213350001970927,True,4,0,2.39967942237854,2.55481171607971,2.4319348335266104,1
S2B_T29UPA_20260506T113318_L2A,2026-05-06,2026-05-06T11:36:12.801000Z,sentinel-2b,S2B_MSIL2A_20260506T113319_N0512_R080_T29UPA_20260506T141139.SAFE,sentinel-2-c1-l2a,05.12,L1279,Washing Bay,-6.569769770482481,54.523188284062314,True,396.0713035201496,False,provisional_filtered_view_no_row_flags,91.615605,51.0199377635847,9.277070497798304,Sen2Cor_BOA_not_aquatic_Rw,False,2.30585169792175,2.03859305381775,0.310874462127686,0,True,False,352.9038840688248,True,scl_cloud_shadow_snow_nearby;scl_core_not_all_water;spectra_not_sampled_after_scl_rejection,False,,,,,,,,,,,,,,,,,,,,,,,,,,,,,,,,,,,,,,,,,,,,,,,,,,,,,,,,,,,,,,,,,,,,,,,2.46372723579407,False,False,1748967,2026-05-06T11:30:00Z,-6.213350001970927,True,4,0,1.42167699337006,2.46372723579407,2.2484054565429696,1
S2B_T29UPA_20260506T113318_L2A,2026-05-06,2026-05-06T11:36:12.801000Z,sentinel-2b,S2B_MSIL2A_20260506T113319_N0512_R080_T29UPA_20260506T141139.SAFE,sentinel-2-c1-l2a,05.12,L1284,Toome,-6.466696920835618,54.75354853784675,False,338.87523315847875,False,provisional_filtered_view_no_row_flags,91.615605,51.0199377635847,9.277070497798304,Sen2Cor_BOA_not_aquatic_Rw,False,4.42427778244019,3.44596648216248,0.0314997136592865,0,True,False,298.5451035583995,False,footprint_shore_buffer_100m;outside_lake_polygon;scl_cloud_shadow_snow_nearby;scl_core_not_all_water;spectra_not_sampled_after_scl_rejection,False,,,,,,,,,,,,,,,,,,,,,,,,,,,,,,,,,,,,,,,,,,,,,,,,,,,,,,,,,,,,,,,,,,,,,,,5.72500228881836,False,False,1749027,2026-05-06T11:30:00Z,-6.213350001970927,True,4,0,3.32098746299744,5.72500228881836,4.24437773227692,1
S2A_T29UPA_20260506T114359_L2A,2026-05-06,2026-05-06T11:46:25.822000Z,sentinel-2a,S2A_MSIL2A_20260506T114401_N0512_R123_T29UPA_20260506T194553.SAFE,sentinel-2-c1-l2a,05.12,L1278,Rea's Wood,-6.241996568375846,54.712602169290584,True,270.8840794505137,False,provisional_filtered_view_no_row_flags,76.486939,51.4325641964149,2.9863908322846977,Sen2Cor_BOA_not_aquatic_Rw,False,2.55481171607971,2.49534797668457,0.354047358036041,0,True,False,219.1519161730116,True,scl_cloud_shadow_snow_nearby;scl_core_not_all_water;spectra_not_sampled_after_scl_rejection,False,,,,,,,,,,,,,,,,,,,,,,,,,,,,,,,,,,,,,,,,,,,,,,,,,,,,,,,,,,,,,,,,,,,,,,,2.39967942237854,False,False,1749085,2026-05-06T12:00:00Z,13.569633332888285,True,4,0,2.39967942237854,2.55481171607971,2.4319348335266104,1
S2A_T29UPA_20260506T114359_L2A,2026-05-06,2026-05-06T11:46:25.822000Z,sentinel-2a,S2A_MSIL2A_20260506T114401_N0512_R123_T29UPA_20260506T194553.SAFE,sentinel-2-c1-l2a,05.12,L1279,Washing Bay,-6.569769770482481,54.523188284062314,True,396.0713035201496,False,provisional_filtered_view_no_row_flags,76.486939,51.4325641964149,2.9863908322846977,Sen2Cor_BOA_not_aquatic_Rw,False,1.42167699337006,2.83067893981934,0.259703576564789,0,True,False,352.9038840688248,True,scl_cloud_shadow_snow_nearby;scl_core_not_all_water;spectra_not_sampled_after_scl_rejection,False,,,,,,,,,,,,,,,,,,,,,,,,,,,,,,,,,,,,,,,,,,,,,,,,,,,,,,,,,,,,,,,,,,,,,,,2.45821785926819,False,False,1748968,2026-05-06T12:00:00Z,13.569633332888285,True,4,0,1.42167699337006,2.46372723579407,2.2484054565429696,1
S2A_T29UPA_20260506T114359_L2A,2026-05-06,2026-05-06T11:46:25.822000Z,sentinel-2a,S2A_MSIL2A_20260506T114401_N0512_R123_T29UPA_20260506T194553.SAFE,sentinel-2-c1-l2a,05.12,L1284,Toome,-6.466696920835618,54.75354853784675,False,338.87523315847875,False,provisional_filtered_view_no_row_flags,76.486939,51.4325641964149,2.9863908322846977,Sen2Cor_BOA_not_aquatic_Rw,False,5.04278898239136,3.5834949016571,0.0279550775885582,0,True,False,298.5451035583995,False,footprint_shore_buffer_100m;outside_lake_polygon;scl_cloud_shadow_snow_nearby;scl_core_not_all_water;spectra_not_sampled_after_scl_rejection,False,,,,,,,,,,,,,,,,,,,,,,,,,,,,,,,,,,,,,,,,,,,,,,,,,,,,,,,,,,,,,,,,,,,,,,,3.32098746299744,False,False,1749028,2026-05-06T12:00:00Z,13.569633332888285,True,4,0,3.32098746299744,5.72500228881836,4.24437773227692,1
S2B_T29UPA_20260509T114438_L2A,2026-05-09,2026-05-09T11:46:10.530000Z,sentinel-2b,S2B_MSIL2A_20260509T114349_N0512_R123_T29UPA_20260509T152401.SAFE,sentinel-2-c1-l2a,05.12,L1278,Rea's Wood,-6.241996568375846,54.712602169290584,True,270.8840794505137,False,provisional_filtered_view_no_row_flags,32.640451,52.237497668162,2.9937832285024237,Sen2Cor_BOA_not_aquatic_Rw,False,2.50429821014404,2.4871301651001,0.573753654956818,9,False,False,219.1519161730116,True,,True,0.027700000000000002,0.0030969656096983583,36,1221,0,0,0.11215246147182466,0.02645,0.002979045905348363,36,1200,0,0,0.11658403369120673,0.025399999999999992,0.0033092311497490063,36,1173,0,0,0.13922206543293705,0.02579999999999999,0.0031361689296904205,9,1202,0,0,0.12645842458429118,0.0238,0.0027711921934141445,9,1191,0,0,0.11933363512309712,0.024499999999999994,0.0028237528657645635,9,1194,0,0,0.11787465580649847,0.022699999999999998,0.0026667173027599884,36,1177,0,0,0.11746215942659928,0.023099999999999996,0.0022453793432428582,9,1193,0,0,0.099255471950814,0.0208,0.0023630384290747254,9,1165,0,0,0.11743426759620391,0.018000000000000002,0.0025130769099961027,9,1145,0,0,0.13858880018360858,2.51252102851868,False,False,1755565,2026-05-09T12:00:00Z,13.824500000476837,True,4,0,2.46655797958374,2.51252102851868,2.48915076255798,1
S2B_T29UPA_20260509T114438_L2A,2026-05-09,2026-05-09T11:46:10.530000Z,sentinel-2b,S2B_MSIL2A_20260509T114349_N0512_R123_T29UPA_20260509T152401.SAFE,sentinel-2-c1-l2a,05.12,L1279,Washing Bay,-6.569769770482481,54.523188284062314,True,396.0713035201496,False,provisional_filtered_view_no_row_flags,32.640451,52.237497668162,2.9937832285024237,Sen2Cor_BOA_not_aquatic_Rw,False,25.5053863525391,26.0306091308594,0.63163036108017,0,True,False,352.9038840688248,True,scl_cloud_shadow_snow_nearby;scl_core_not_all_water;spectra_not_sampled_after_scl_rejection,False,,,,,,,,,,,,,,,,,,,,,,,,,,,,,,,,,,,,,,,,,,,,,,,,,,,,,,,,,,,,,,,,,,,,,,,26.5975704193115,False,False,1755448,2026-05-09T12:00:00Z,13.824500000476837,True,4,0,22.9151382446289,26.5975704193115,25.818961143493652,1
S2B_T29UPA_20260509T114438_L2A,2026-05-09,2026-05-09T11:46:10.530000Z,sentinel-2b,S2B_MSIL2A_20260509T114349_N0512_R123_T29UPA_20260509T152401.SAFE,sentinel-2-c1-l2a,05.12,L1284,Toome,-6.466696920835618,54.75354853784675,False,338.87523315847875,False,provisional_filtered_view_no_row_flags,32.640451,52.237497668162,2.9937832285024237,Sen2Cor_BOA_not_aquatic_Rw,False,15.5468978881836,11.2492208480835,0.0243328958749771,4,False,True,298.5451035583995,False,footprint_shore_buffer_100m;outside_lake_polygon;scl_core_not_all_water;spectra_not_sampled_after_scl_rejection,False,,,,,,,,,,,,,,,,,,,,,,,,,,,,,,,,,,,,,,,,,,,,,,,,,,,,,,,,,,,,,,,,,,,,,,,12.1410217285156,False,False,1755508,2026-05-09T12:00:00Z,13.824500000476837,True,4,0,10.6786394119263,15.5468978881836,12.26117753982545,1
S2C_T29UPA_20260511T113318_L2A,2026-05-11,2026-05-11T11:36:15.963000Z,sentinel-2c,S2C_MSIL2A_20260511T113321_N0512_R080_T29UPA_20260511T164020.SAFE,sentinel-2-c1-l2a,05.12,L1278,Rea's Wood,-6.241996568375846,54.712602169290584,True,270.8840794505137,False,provisional_filtered_view_no_row_flags,29.9025,52.3469087927017,9.295016864995244,Sen2Cor_BOA_not_aquatic_Rw,False,2.42934393882751,2.41645789146423,0.478307247161865,9,True,False,219.1519161730116,True,scl_cloud_shadow_snow_nearby;spectra_not_sampled_after_scl_rejection,False,,,,,,,,,,,,,,,,,,,,,,,,,,,,,,,,,,,,,,,,,,,,,,,,,,,,,,,,,,,,,,,,,,,,,,,2.39277029037476,False,False,1759708,2026-05-11T11:30:00Z,-6.266050000985463,True,4,0,2.39277029037476,2.48149752616882,2.448107838630675,1
S2C_T29UPA_20260511T113318_L2A,2026-05-11,2026-05-11T11:36:15.963000Z,sentinel-2c,S2C_MSIL2A_20260511T113321_N0512_R080_T29UPA_20260511T164020.SAFE,sentinel-2-c1-l2a,05.12,L1279,Washing Bay,-6.569769770482481,54.523188284062314,True,396.0713035201496,False,provisional_filtered_view_no_row_flags,29.9025,52.3469087927017,9.295016864995244,Sen2Cor_BOA_not_aquatic_Rw,False,17.4818172454834,12.5546102523804,0.405874252319336,9,False,False,352.9038840688248,True,,True,0.015399999999999997,0.0012332832822676994,36,1125,0,0,0.07962374132287871,0.015700000000000006,0.0006900080514828157,36,1146,0,0,0.04385644395017896,0.012899999999999995,0.0005850701656771022,36,1112,0,0,0.045758257580655395,0.010700000000000001,0.0004855949640758244,9,1098,0,0,0.04514829211448781,0.009099999999999997,0.0001547598697464919,9,1089,0,0,0.016862455541385317,0.008800000000000002,0.00018257418583505583,9,1087,0,0,0.020591073590419826,0.0097,0.00011666666666666906,36,1094,0,0,0.012048192771084584,0.008599999999999997,8.314794192830931e-05,9,1084,0,0,0.009718590614997196,0.007599999999999996,0.00012272623352430642,9,1076,0,0,0.015984603498100696,0.0068000000000000005,0.0006124228346453616,9,1060,0,0,0.08847199858440215,10.3553037643433,False,False,1759767,2026-05-11T11:30:00Z,-6.266050000985463,True,4,0,10.3553037643433,12.7893400192261,12.2592525482178,1
S2C_T29UPA_20260511T113318_L2A,2026-05-11,2026-05-11T11:36:15.963000Z,sentinel-2c,S2C_MSIL2A_20260511T113321_N0512_R080_T29UPA_20260511T164020.SAFE,sentinel-2-c1-l2a,05.12,L1284,Toome,-6.466696920835618,54.75354853784675,False,338.87523315847875,False,provisional_filtered_view_no_row_flags,29.9025,52.3469087927017,9.295016864995244,Sen2Cor_BOA_not_aquatic_Rw,False,21.0565509796143,20.9548816680908,0.0843229666352272,0,True,True,298.5451035583995,False,footprint_shore_buffer_100m;outside_lake_polygon;scl_cloud_shadow_snow_nearby;scl_core_not_all_water;spectra_not_sampled_after_scl_rejection,False,,,,,,,,,,,,,,,,,,,,,,,,,,,,,,,,,,,,,,,,,,,,,,,,,,,,,,,,,,,,,,,,,,,,,,,21.4345417022705,False,False,1759827,2026-05-11T11:30:00Z,-6.266050000985463,True,4,0,17.9125728607178,21.4345417022705,20.9144353866577,1
S2A_T29UPA_20260513T113331_L2A,2026-05-13,2026-05-13T11:36:29.978000Z,sentinel-2a,S2A_MSIL2A_20260513T113331_N0512_R080_T29UPA_20260513T174816.SAFE,sentinel-2-c1-l2a,05.12,L1278,Rea's Wood,-6.241996568375846,54.712602169290584,True,270.8840794505137,False,provisional_filtered_view_no_row_flags,53.836399,52.8502166583617,9.310809973730287,Sen2Cor_BOA_not_aquatic_Rw,False,4.10448503494263,3.24384427070618,0.697186470031738,9,False,False,219.1519161730116,True,,True,0.04554999999999999,0.0014889173919328113,36,1413,0,0,0.03276546617127037,0.04239999999999999,0.0017035094494731882,36,1385,0,0,0.03994160491144638,0.037599999999999995,0.0010401322031357368,36,1338,0,0,0.027817219606928543,0.03920000000000001,0.0007788880963698632,9,1375,0,0,0.019971489650509308,0.0305,0.0007365250408522927,9,1293,0,0,0.024192428349162902,0.029700000000000004,0.000847217668475924,9,1279,0,0,0.02868682850369945,0.028249999999999997,0.0010350195322305572,36,1264,0,0,0.03662345504255953,0.027700000000000002,0.0004496912521077373,9,1273,0,0,0.016117966025366925,0.023500000000000007,0.00023306863292670135,9,1231,0,0,0.009913127109358754,0.0203,0.0001825741858350547,9,1202,0,0,0.008935115130589952,3.06201863288879,False,False,1764028,2026-05-13T11:30:00Z,-6.499633332093556,True,4,0,3.06201863288879,4.72810935974121,3.1574544906616246,1
S2A_T29UPA_20260513T113331_L2A,2026-05-13,2026-05-13T11:36:29.978000Z,sentinel-2a,S2A_MSIL2A_20260513T113331_N0512_R080_T29UPA_20260513T174816.SAFE,sentinel-2-c1-l2a,05.12,L1279,Washing Bay,-6.569769770482481,54.523188284062314,True,396.0713035201496,False,provisional_filtered_view_no_row_flags,53.836399,52.8502166583617,9.310809973730287,Sen2Cor_BOA_not_aquatic_Rw,False,10.0639600753784,9.06257915496826,0.208177551627159,0,True,False,352.9038840688248,True,scl_cloud_shadow_snow_nearby;scl_core_not_all_water;spectra_not_sampled_after_scl_rejection,False,,,,,,,,,,,,,,,,,,,,,,,,,,,,,,,,,,,,,,,,,,,,,,,,,,,,,,,,,,,,,,,,,,,,,,,9.99149990081787,False,False,1764087,2026-05-13T11:30:00Z,-6.499633332093556,True,4,0,9.06257915496826,12.8746671676636,10.974803447723385,1
S2A_T29UPA_20260513T113331_L2A,2026-05-13,2026-05-13T11:36:29.978000Z,sentinel-2a,S2A_MSIL2A_20260513T113331_N0512_R080_T29UPA_20260513T174816.SAFE,sentinel-2-c1-l2a,05.12,L1284,Toome,-6.466696920835618,54.75354853784675,False,338.87523315847875,False,provisional_filtered_view_no_row_flags,53.836399,52.8502166583617,9.310809973730287,Sen2Cor_BOA_not_aquatic_Rw,False,20.0574626922607,16.267786026001,0.129070401191711,0,True,False,298.5451035583995,False,footprint_shore_buffer_100m;outside_lake_polygon;scl_cloud_shadow_snow_nearby;scl_core_not_all_water;spectra_not_sampled_after_scl_rejection,False,,,,,,,,,,,,,,,,,,,,,,,,,,,,,,,,,,,,,,,,,,,,,,,,,,,,,,,,,,,,,,,,,,,,,,,19.1590709686279,False,False,1764307,2026-05-13T11:30:00Z,-6.499633332093556,True,4,0,16.267786026001,36.2478866577148,18.9975538253784,1
S2C_T29UPA_20260514T114347_L2A,2026-05-14,2026-05-14T11:46:13.357000Z,sentinel-2c,S2C_MSIL2A_20260514T114351_N0512_R123_T29UPA_20260514T151909.SAFE,sentinel-2-c1-l2a,05.12,L1278,Rea's Wood,-6.241996568375846,54.712602169290584,True,270.8840794505137,False,provisional_filtered_view_no_row_flags,67.898417,53.4915438975515,2.997419082640877,Sen2Cor_BOA_not_aquatic_Rw,False,3.27338862419128,2.79402470588684,0.706229567527771,0,True,False,219.1519161730116,True,scl_cloud_shadow_snow_nearby;scl_core_not_all_water;spectra_not_sampled_after_scl_rejection,False,,,,,,,,,,,,,,,,,,,,,,,,,,,,,,,,,,,,,,,,,,,,,,,,,,,,,,,,,,,,,,,,,,,,,,,2.92613625526428,False,False,1766365,2026-05-14T12:00:00Z,13.777383331457774,True,4,0,2.92613625526428,3.29586911201477,3.10278260707855,1
S2C_T29UPA_20260514T114347_L2A,2026-05-14,2026-05-14T11:46:13.357000Z,sentinel-2c,S2C_MSIL2A_20260514T114351_N0512_R123_T29UPA_20260514T151909.SAFE,sentinel-2-c1-l2a,05.12,L1279,Washing Bay,-6.569769770482481,54.523188284062314,True,396.0713035201496,False,provisional_filtered_view_no_row_flags,67.898417,53.4915438975515,2.997419082640877,Sen2Cor_BOA_not_aquatic_Rw,False,4.59541893005371,10.3308477401733,0.167143851518631,0,True,False,352.9038840688248,True,scl_cloud_shadow_snow_nearby;scl_core_not_all_water;spectra_not_sampled_after_scl_rejection,False,,,,,,,,,,,,,,,,,,,,,,,,,,,,,,,,,,,,,,,,,,,,,,,,,,,,,,,,,,,,,,,,,,,,,,,7.71249580383301,False,False,1766248,2026-05-14T12:00:00Z,13.777383331457774,True,4,0,4.59541893005371,12.341983795166,7.2736928462982195,1
S2C_T29UPA_20260514T114347_L2A,2026-05-14,2026-05-14T11:46:13.357000Z,sentinel-2c,S2C_MSIL2A_20260514T114351_N0512_R123_T29UPA_20260514T151909.SAFE,sentinel-2-c1-l2a,05.12,L1284,Toome,-6.466696920835618,54.75354853784675,False,338.87523315847875,False,provisional_filtered_view_no_row_flags,67.898417,53.4915438975515,2.997419082640877,Sen2Cor_BOA_not_aquatic_Rw,False,21.3200607299805,24.5336761474609,0.0916406735777855,0,True,False,298.5451035583995,False,footprint_shore_buffer_100m;outside_lake_polygon;scl_cloud_shadow_snow_nearby;scl_core_not_all_water;spectra_not_sampled_after_scl_rejection,False,,,,,,,,,,,,,,,,,,,,,,,,,,,,,,,,,,,,,,,,,,,,,,,,,,,,,,,,,,,,,,,,,,,,,,,26.1552124023438,False,False,1766308,2026-05-14T12:00:00Z,13.777383331457774,True,4,0,20.0584278106689,26.1552124023438,20.86544513702395,1
S2B_T29UPA_20260516T113444_L2A,2026-05-16,2026-05-16T11:36:12.240000Z,sentinel-2b,S2B_MSIL2A_20260516T113319_N0512_R080_T29UPA_20260516T141717.SAFE,sentinel-2-c1-l2a,05.12,L1278,Rea's Wood,-6.241996568375846,54.712602169290584,True,270.8840794505137,False,provisional_filtered_view_no_row_flags,99.984574,53.5333612884151,9.298939216792169,Sen2Cor_BOA_not_aquatic_Rw,False,2.51702523231506,2.45030665397644,0.642363011837006,0,True,False,219.1519161730116,True,scl_cloud_shadow_snow_nearby;scl_core_not_all_water;spectra_not_sampled_after_scl_rejection,False,,,,,,,,,,,,,,,,,,,,,,,,,,,,,,,,,,,,,,,,,,,,,,,,,,,,,,,,,,,,,,,,,,,,,,,2.41687345504761,False,False,1770508,2026-05-16T11:30:00Z,-6.2040000001589455,True,4,0,2.41687345504761,2.51118111610413,2.463297963142395,1
S2B_T29UPA_20260516T113444_L2A,2026-05-16,2026-05-16T11:36:12.240000Z,sentinel-2b,S2B_MSIL2A_20260516T113319_N0512_R080_T29UPA_20260516T141717.SAFE,sentinel-2-c1-l2a,05.12,L1279,Washing Bay,-6.569769770482481,54.523188284062314,True,396.0713035201496,False,provisional_filtered_view_no_row_flags,99.984574,53.5333612884151,9.298939216792169,Sen2Cor_BOA_not_aquatic_Rw,False,3.03250575065613,3.60024857521057,0.250463366508484,0,True,False,352.9038840688248,True,scl_cloud_shadow_snow_nearby;scl_core_not_all_water;spectra_not_sampled_after_scl_rejection,False,,,,,,,,,,,,,,,,,,,,,,,,,,,,,,,,,,,,,,,,,,,,,,,,,,,,,,,,,,,,,,,,,,,,,,,2.33864688873291,False,False,1770727,2026-05-16T11:30:00Z,-6.2040000001589455,True,4,0,1.96749722957611,3.60024857521057,2.478883504867555,1
S2B_T29UPA_20260516T113444_L2A,2026-05-16,2026-05-16T11:36:12.240000Z,sentinel-2b,S2B_MSIL2A_20260516T113319_N0512_R080_T29UPA_20260516T141717.SAFE,sentinel-2-c1-l2a,05.12,L1284,Toome,-6.466696920835618,54.75354853784675,False,338.87523315847875,False,provisional_filtered_view_no_row_flags,99.984574,53.5333612884151,9.298939216792169,Sen2Cor_BOA_not_aquatic_Rw,False,17.0017375946045,25.9871196746826,0.121792279183865,0,True,False,298.5451035583995,False,footprint_shore_buffer_100m;outside_lake_polygon;scl_cloud_shadow_snow_nearby;scl_core_not_all_water;spectra_not_sampled_after_scl_rejection,False,,,,,,,,,,,,,,,,,,,,,,,,,,,,,,,,,,,,,,,,,,,,,,,,,,,,,,,,,,,,,,,,,,,,,,,26.2077751159668,False,False,1770567,2026-05-16T11:30:00Z,-6.2040000001589455,True,4,0,16.4923458099365,26.2077751159668,22.18281364440915,1
S2A_T29UPA_20260516T114608_L2A,2026-05-16,2026-05-16T11:46:28.498000Z,sentinel-2a,S2A_MSIL2A_20260516T114401_N0512_R123_T29UPA_20260516T194119.SAFE,sentinel-2-c1-l2a,05.12,L1278,Rea's Wood,-6.241996568375846,54.712602169290584,True,270.8840794505137,False,provisional_filtered_view_no_row_flags,99.983048,53.9632749478612,2.981210539821677,Sen2Cor_BOA_not_aquatic_Rw,False,2.47628927230835,2.52570128440857,0.651083886623383,0,True,False,219.1519161730116,True,scl_cloud_shadow_snow_nearby;scl_core_not_all_water;spectra_not_sampled_after_scl_rejection,False,,,,,,,,,,,,,,,,,,,,,,,,,,,,,,,,,,,,,,,,,,,,,,,,,,,,,,,,,,,,,,,,,,,,,,,2.51118111610413,False,False,1770625,2026-05-16T12:00:00Z,13.525033334891,True,4,0,2.41687345504761,2.51118111610413,2.463297963142395,1
S2A_T29UPA_20260516T114608_L2A,2026-05-16,2026-05-16T11:46:28.498000Z,sentinel-2a,S2A_MSIL2A_20260516T114401_N0512_R123_T29UPA_20260516T194119.SAFE,sentinel-2-c1-l2a,05.12,L1279,Washing Bay,-6.569769770482481,54.523188284062314,True,396.0713035201496,False,provisional_filtered_view_no_row_flags,99.983048,53.9632749478612,2.981210539821677,Sen2Cor_BOA_not_aquatic_Rw,False,2.6191201210022,1.9063458442688,0.203649193048477,0,True,False,352.9038840688248,True,scl_cloud_shadow_snow_nearby;scl_core_not_all_water;spectra_not_sampled_after_scl_rejection,False,,,,,,,,,,,,,,,,,,,,,,,,,,,,,,,,,,,,,,,,,,,,,,,,,,,,,,,,,,,,,,,,,,,,,,,1.96749722957611,False,False,1770728,2026-05-16T12:00:00Z,13.525033334891,True,4,0,1.96749722957611,3.60024857521057,2.478883504867555,1
S2A_T29UPA_20260516T114608_L2A,2026-05-16,2026-05-16T11:46:28.498000Z,sentinel-2a,S2A_MSIL2A_20260516T114401_N0512_R123_T29UPA_20260516T194119.SAFE,sentinel-2-c1-l2a,05.12,L1284,Toome,-6.466696920835618,54.75354853784675,False,338.87523315847875,False,provisional_filtered_view_no_row_flags,99.983048,53.9632749478612,2.981210539821677,Sen2Cor_BOA_not_aquatic_Rw,False,18.3785076141357,22.2770175933838,0.129486501216888,0,True,False,298.5451035583995,False,footprint_shore_buffer_100m;outside_lake_polygon;scl_cloud_shadow_snow_nearby;scl_core_not_all_water;spectra_not_sampled_after_scl_rejection,False,,,,,,,,,,,,,,,,,,,,,,,,,,,,,,,,,,,,,,,,,,,,,,,,,,,,,,,,,,,,,,,,,,,,,,,16.4923458099365,False,False,1770568,2026-05-16T12:00:00Z,13.525033334891,True,4,0,16.4923458099365,26.2077751159668,22.18281364440915,1
S2B_T29UPA_20260519T114343_L2A,2026-05-19,2026-05-19T11:46:09.713000Z,sentinel-2b,S2B_MSIL2A_20260519T114349_N0512_R123_T29UPA_20260519T152600.SAFE,sentinel-2-c1-l2a,05.12,L1278,Rea's Wood,-6.241996568375846,54.712602169290584,True,270.8840794505137,False,provisional_filtered_view_no_row_flags,94.494128,54.6019774443114,2.981411488275754,Sen2Cor_BOA_not_aquatic_Rw,False,2.43436145782471,2.30852770805359,0.313696205615997,0,True,False,219.1519161730116,True,scl_cloud_shadow_snow_nearby;scl_core_not_all_water;spectra_not_sampled_after_scl_rejection,False,,,,,,,,,,,,,,,,,,,,,,,,,,,,,,,,,,,,,,,,,,,,,,,,,,,,,,,,,,,,,,,,,,,,,,,2.38637661933899,False,False,1777165,2026-05-19T12:00:00Z,13.838116665681204,True,4,0,2.33479356765747,2.43436145782471,2.361838936805725,1
S2B_T29UPA_20260519T114343_L2A,2026-05-19,2026-05-19T11:46:09.713000Z,sentinel-2b,S2B_MSIL2A_20260519T114349_N0512_R123_T29UPA_20260519T152600.SAFE,sentinel-2-c1-l2a,05.12,L1279,Washing Bay,-6.569769770482481,54.523188284062314,True,396.0713035201496,False,provisional_filtered_view_no_row_flags,94.494128,54.6019774443114,2.981411488275754,Sen2Cor_BOA_not_aquatic_Rw,False,0.0,0.335538595914841,0.103210017085075,0,True,False,352.9038840688248,True,scl_cloud_shadow_snow_nearby;scl_core_not_all_water;spectra_not_sampled_after_scl_rejection,False,,,,,,,,,,,,,,,,,,,,,,,,,,,,,,,,,,,,,,,,,,,,,,,,,,,,,,,,,,,,,,,,,,,,,,,0.177368998527527,False,False,1777048,2026-05-19T12:00:00Z,13.838116665681204,True,4,0,0.0,0.268423646688461,0.0886844992637635,1
S2B_T29UPA_20260519T114343_L2A,2026-05-19,2026-05-19T11:46:09.713000Z,sentinel-2b,S2B_MSIL2A_20260519T114349_N0512_R123_T29UPA_20260519T152600.SAFE,sentinel-2-c1-l2a,05.12,L1284,Toome,-6.466696920835618,54.75354853784675,False,338.87523315847875,False,provisional_filtered_view_no_row_flags,94.494128,54.6019774443114,2.981411488275754,Sen2Cor_BOA_not_aquatic_Rw,False,25.9224720001221,18.9067897796631,0.105930782854557,0,True,False,298.5451035583995,False,footprint_shore_buffer_100m;outside_lake_polygon;scl_cloud_shadow_snow_nearby;scl_core_not_all_water;spectra_not_sampled_after_scl_rejection,False,,,,,,,,,,,,,,,,,,,,,,,,,,,,,,,,,,,,,,,,,,,,,,,,,,,,,,,,,,,,,,,,,,,,,,,23.2185382843018,False,False,1777108,2026-05-19T12:00:00Z,13.838116665681204,True,4,0,20.4977416992188,25.9224720001221,22.42295646667485,1
S2C_T29UPA_20260521T113316_L2A,2026-05-21,2026-05-21T11:36:14.398000Z,sentinel-2c,S2C_MSIL2A_20260521T113321_N0512_R080_T29UPA_20260521T150812.SAFE,sentinel-2-c1-l2a,05.12,L1278,Rea's Wood,-6.241996568375846,54.712602169290584,True,270.8840794505137,False,provisional_filtered_view_no_row_flags,99.368417,54.5791674935271,9.328694112363118,Sen2Cor_BOA_not_aquatic_Rw,False,2.25163340568542,2.2454822063446,0.247728854417801,0,True,False,219.1519161730116,True,scl_cloud_shadow_snow_nearby;scl_core_not_all_water;spectra_not_sampled_after_scl_rejection,False,,,,,,,,,,,,,,,,,,,,,,,,,,,,,,,,,,,,,,,,,,,,,,,,,,,,,,,,,,,,,,,,,,,,,,,2.24762058258057,False,False,1781308,2026-05-21T11:30:00Z,-6.2399666666984555,True,4,0,2.2454822063446,2.31364703178406,2.26820528507233,1
S2C_T29UPA_20260521T113316_L2A,2026-05-21,2026-05-21T11:36:14.398000Z,sentinel-2c,S2C_MSIL2A_20260521T113321_N0512_R080_T29UPA_20260521T150812.SAFE,sentinel-2-c1-l2a,05.12,L1279,Washing Bay,-6.569769770482481,54.523188284062314,True,396.0713035201496,False,provisional_filtered_view_no_row_flags,99.368417,54.5791674935271,9.328694112363118,Sen2Cor_BOA_not_aquatic_Rw,False,8.85735607147217,6.64600229263306,0.14898456633091,0,True,False,352.9038840688248,True,scl_cloud_shadow_snow_nearby;scl_core_not_all_water;spectra_not_sampled_after_scl_rejection,False,,,,,,,,,,,,,,,,,,,,,,,,,,,,,,,,,,,,,,,,,,,,,,,,,,,,,,,,,,,,,,,,,,,,,,,27.3862285614014,False,False,1781527,2026-05-21T11:30:00Z,-6.2399666666984555,True,4,0,6.41275405883789,27.3862285614014,10.55783915519713,1
S2C_T29UPA_20260521T113316_L2A,2026-05-21,2026-05-21T11:36:14.398000Z,sentinel-2c,S2C_MSIL2A_20260521T113321_N0512_R080_T29UPA_20260521T150812.SAFE,sentinel-2-c1-l2a,05.12,L1284,Toome,-6.466696920835618,54.75354853784675,False,338.87523315847875,False,provisional_filtered_view_no_row_flags,99.368417,54.5791674935271,9.328694112363118,Sen2Cor_BOA_not_aquatic_Rw,False,6.88039541244507,9.62482070922852,0.0714719593524933,0,True,False,298.5451035583995,False,footprint_shore_buffer_100m;outside_lake_polygon;scl_cloud_shadow_snow_nearby;scl_core_not_all_water;spectra_not_sampled_after_scl_rejection,False,,,,,,,,,,,,,,,,,,,,,,,,,,,,,,,,,,,,,,,,,,,,,,,,,,,,,,,,,,,,,,,,,,,,,,,7.69288015365601,False,False,1781367,2026-05-21T11:30:00Z,-6.2399666666984555,True,4,0,7.69288015365601,15.4596185684204,10.36998796463011,1
S2A_T29UPA_20260523T113334_L2A,2026-05-23,2026-05-23T11:36:31.912000Z,sentinel-2a,S2A_MSIL2A_20260523T113331_N0512_R080_T29UPA_20260523T195019.SAFE,sentinel-2-c1-l2a,05.12,L1278,Rea's Wood,-6.241996568375846,54.712602169290584,True,270.8840794505137,False,provisional_filtered_view_no_row_flags,99.302,54.9682470647584,9.290029031766505,Sen2Cor_BOA_not_aquatic_Rw,False,2.31742215156555,2.34026646614075,0.371714621782303,0,True,False,219.1519161730116,True,scl_cloud_shadow_snow_nearby;scl_core_not_all_water;spectra_not_sampled_after_scl_rejection,False,,,,,,,,,,,,,,,,,,,,,,,,,,,,,,,,,,,,,,,,,,,,,,,,,,,,,,,,,,,,,,,,,,,,,,,2.30855345726013,False,False,1785628,2026-05-23T11:30:00Z,-6.531866665681203,True,4,0,2.30855345726013,2.34026646614075,2.3158198595046997,1
S2A_T29UPA_20260523T113334_L2A,2026-05-23,2026-05-23T11:36:31.912000Z,sentinel-2a,S2A_MSIL2A_20260523T113331_N0512_R080_T29UPA_20260523T195019.SAFE,sentinel-2-c1-l2a,05.12,L1279,Washing Bay,-6.569769770482481,54.523188284062314,True,396.0713035201496,False,provisional_filtered_view_no_row_flags,99.302,54.9682470647584,9.290029031766505,Sen2Cor_BOA_not_aquatic_Rw,False,4.56570291519165,5.29409074783325,0.139731273055077,0,True,False,352.9038840688248,True,scl_cloud_shadow_snow_nearby;scl_core_not_all_water;spectra_not_sampled_after_scl_rejection,False,,,,,,,,,,,,,,,,,,,,,,,,,,,,,,,,,,,,,,,,,,,,,,,,,,,,,,,,,,,,,,,,,,,,,,,4.87324523925781,False,False,1785687,2026-05-23T11:30:00Z,-6.531866665681203,True,4,0,4.50406312942505,5.29409074783325,4.787121057510375,1
S2A_T29UPA_20260523T113334_L2A,2026-05-23,2026-05-23T11:36:31.912000Z,sentinel-2a,S2A_MSIL2A_20260523T113331_N0512_R080_T29UPA_20260523T195019.SAFE,sentinel-2-c1-l2a,05.12,L1284,Toome,-6.466696920835618,54.75354853784675,False,338.87523315847875,False,provisional_filtered_view_no_row_flags,99.302,54.9682470647584,9.290029031766505,Sen2Cor_BOA_not_aquatic_Rw,False,4.06364965438843,4.25322961807251,0.0326197519898415,0,True,False,298.5451035583995,False,footprint_shore_buffer_100m;outside_lake_polygon;scl_cloud_shadow_snow_nearby;scl_core_not_all_water;spectra_not_sampled_after_scl_rejection,False,,,,,,,,,,,,,,,,,,,,,,,,,,,,,,,,,,,,,,,,,,,,,,,,,,,,,,,,,,,,,,,,,,,,,,,4.57753610610962,False,False,1786067,2026-05-23T11:30:00Z,-6.531866665681203,True,4,0,4.25322961807251,6.43034982681274,4.667445182800295,1
S2C_T29UPA_20260524T114345_L2A,2026-05-24,2026-05-24T11:46:11.406000Z,sentinel-2c,S2C_MSIL2A_20260524T114351_N0512_R123_T29UPA_20260524T152012.SAFE,sentinel-2-c1-l2a,05.12,L1278,Rea's Wood,-6.241996568375846,54.712602169290584,True,270.8840794505137,False,provisional_filtered_view_no_row_flags,31.997052,55.5668251099721,2.978149429770241,Sen2Cor_BOA_not_aquatic_Rw,False,2.40042018890381,2.43071007728577,0.534364283084869,0,True,False,219.1519161730116,True,scl_cloud_shadow_snow_nearby;scl_core_not_all_water;spectra_not_sampled_after_scl_rejection,False,,,,,,,,,,,,,,,,,,,,,,,,,,,,,,,,,,,,,,,,,,,,,,,,,,,,,,,,,,,,,,,,,,,,,,,2.40483093261719,False,False,1787965,2026-05-24T12:00:00Z,13.809900001684825,True,4,0,2.37761282920837,16.5710010528564,2.4026255607605,1
S2C_T29UPA_20260524T114345_L2A,2026-05-24,2026-05-24T11:46:11.406000Z,sentinel-2c,S2C_MSIL2A_20260524T114351_N0512_R123_T29UPA_20260524T152012.SAFE,sentinel-2-c1-l2a,05.12,L1279,Washing Bay,-6.569769770482481,54.523188284062314,True,396.0713035201496,False,provisional_filtered_view_no_row_flags,31.997052,55.5668251099721,2.978149429770241,Sen2Cor_BOA_not_aquatic_Rw,False,10.7085494995117,10.5363168716431,0.288572371006012,8,True,False,352.9038840688248,True,scl_cloud_shadow_snow_nearby;scl_core_not_all_water;spectra_not_sampled_after_scl_rejection,False,,,,,,,,,,,,,,,,,,,,,,,,,,,,,,,,,,,,,,,,,,,,,,,,,,,,,,,,,,,,,,,,,,,,,,,8.04438495635986,False,False,1787832,2026-05-24T12:00:00Z,13.809900001684825,True,4,0,8.04438495635986,10.7085494995117,9.307051658630355,1
S2C_T29UPA_20260524T114345_L2A,2026-05-24,2026-05-24T11:46:11.406000Z,sentinel-2c,S2C_MSIL2A_20260524T114351_N0512_R123_T29UPA_20260524T152012.SAFE,sentinel-2-c1-l2a,05.12,L1284,Toome,-6.466696920835618,54.75354853784675,False,338.87523315847875,False,provisional_filtered_view_no_row_flags,31.997052,55.5668251099721,2.978149429770241,Sen2Cor_BOA_not_aquatic_Rw,False,3.21896290779114,6.19934844970703,0.0410208776593208,0,True,False,298.5451035583995,False,footprint_shore_buffer_100m;outside_lake_polygon;scl_cloud_shadow_snow_nearby;scl_core_not_all_water;spectra_not_sampled_after_scl_rejection,False,,,,,,,,,,,,,,,,,,,,,,,,,,,,,,,,,,,,,,,,,,,,,,,,,,,,,,,,,,,,,,,,,,,,,,,2.1781177520752,False,False,1787908,2026-05-24T12:00:00Z,13.809900001684825,True,4,0,2.1781177520752,5.24414873123169,2.87487041950226,1
S2B_T29UPA_20260526T113435_L2A,2026-05-26,2026-05-26T11:36:10.634000Z,sentinel-2b,S2B_MSIL2A_20260526T113309_N0512_R080_T29UPA_20260526T141142.SAFE,sentinel-2-c1-l2a,05.12,L1278,Rea's Wood,-6.241996568375846,54.712602169290584,True,270.8840794505137,False,provisional_filtered_view_no_row_flags,25.71052,55.4665551228407,9.341168625181435,Sen2Cor_BOA_not_aquatic_Rw,False,2.56676959991455,2.5974907875061,0.368629723787308,0,True,False,219.1519161730116,True,scl_cloud_shadow_snow_nearby;scl_core_not_all_water;spectra_not_sampled_after_scl_rejection,False,,,,,,,,,,,,,,,,,,,,,,,,,,,,,,,,,,,,,,,,,,,,,,,,,,,,,,,,,,,,,,,,,,,,,,,2.59428095817566,False,False,1792063,2026-05-26T11:30:00Z,-6.177233334382375,True,4,0,2.53628897666931,2.5974907875061,2.580101013183595,1
S2B_T29UPA_20260526T113435_L2A,2026-05-26,2026-05-26T11:36:10.634000Z,sentinel-2b,S2B_MSIL2A_20260526T113309_N0512_R080_T29UPA_20260526T141142.SAFE,sentinel-2-c1-l2a,05.12,L1279,Washing Bay,-6.569769770482481,54.523188284062314,True,396.0713035201496,False,provisional_filtered_view_no_row_flags,25.71052,55.4665551228407,9.341168625181435,Sen2Cor_BOA_not_aquatic_Rw,False,3.06974148750305,,0.670267403125763,9,False,False,352.9038840688248,True,,True,0.04585,0.0042518478190715185,36,1383,0,0,0.092857632544634,0.038599999999999995,0.0035686250680819934,36,1319,0,0,0.09206055352988303,0.031049999999999994,0.0027285682832839664,36,1278,0,0,0.08477471148547751,0.03270000000000001,0.002324321220443178,9,1287,0,0,0.07230864494983961,0.027900000000000008,0.0019356945989093745,9,1263,0,0,0.06708221559562713,0.02990000000000001,0.0018043842354486992,9,1279,0,0,0.06043713479359244,0.02785,0.004566959810812906,36,1193,0,0,0.1677145294188153,0.02729999999999999,0.0021392856774812823,9,1236,0,0,0.07897281007929262,0.019699999999999995,0.0008033878881122342,9,1187,0,0,0.04055238919242909,0.014200000000000004,0.000848528137423857,9,1131,0,0,0.05892556509887896,3.2755765914917,False,False,1792137,2026-05-26T11:30:00Z,-6.177233334382375,True,3,0,2.27539992332458,3.75472259521484,3.2755765914917,1
S2B_T29UPA_20260526T113435_L2A,2026-05-26,2026-05-26T11:36:10.634000Z,sentinel-2b,S2B_MSIL2A_20260526T113309_N0512_R080_T29UPA_20260526T141142.SAFE,sentinel-2-c1-l2a,05.12,L1284,Toome,-6.466696920835618,54.75354853784675,False,338.87523315847875,False,provisional_filtered_view_no_row_flags,25.71052,55.4665551228407,9.341168625181435,Sen2Cor_BOA_not_aquatic_Rw,False,,,,0,True,True,298.5451035583995,False,footprint_shore_buffer_100m;no_probe_within_15min;outside_lake_polygon;scl_cloud_shadow_snow_nearby;scl_core_not_all_water;spectra_not_sampled_after_scl_rejection,False,,,,,,,,,,,,,,,,,,,,,,,,,,,,,,,,,,,,,,,,,,,,,,,,,,,,,,,,,,,,,,,,,,,,,,,,,,,,,,,,,,,
S2A_T29UPA_20260526T114403_L2A,2026-05-26,2026-05-26T11:46:29.954000Z,sentinel-2a,S2A_MSIL2A_20260526T114401_N0512_R123_T29UPA_20260526T193824.SAFE,sentinel-2-c1-l2a,05.12,L1278,Rea's Wood,-6.241996568375846,54.712602169290584,True,270.8840794505137,False,provisional_filtered_view_no_row_flags,31.954002,55.9208828675575,2.9842399469369747,Sen2Cor_BOA_not_aquatic_Rw,False,2.53628897666931,2.58165717124939,0.305037617683411,0,True,False,219.1519161730116,True,scl_cloud_shadow_snow_nearby;scl_core_not_all_water;spectra_not_sampled_after_scl_rejection,False,,,,,,,,,,,,,,,,,,,,,,,,,,,,,,,,,,,,,,,,,,,,,,,,,,,,,,,,,,,,,,,,,,,,,,,2.56592106819153,False,False,1792195,2026-05-26T12:00:00Z,13.500766666730245,True,4,0,2.53628897666931,2.5974907875061,2.580101013183595,1
S2A_T29UPA_20260526T114403_L2A,2026-05-26,2026-05-26T11:46:29.954000Z,sentinel-2a,S2A_MSIL2A_20260526T114401_N0512_R123_T29UPA_20260526T193824.SAFE,sentinel-2-c1-l2a,05.12,L1279,Washing Bay,-6.569769770482481,54.523188284062314,True,396.0713035201496,False,provisional_filtered_view_no_row_flags,31.954002,55.9208828675575,2.9842399469369747,Sen2Cor_BOA_not_aquatic_Rw,False,2.27539992332458,,0.586426138877869,9,False,False,352.9038840688248,True,,True,0.033,0.0012903816786297051,36,1296,0,0,0.0392047771378761,0.03455,0.0013025230738933939,36,1310,0,0,0.037733025396444984,0.029299999999999993,0.0007732157876821893,36,1278,0,0,0.026422181638878797,0.03090000000000001,0.00046054181724584,9,1301,0,0,0.014947264173143023,0.030200000000000005,0.0004027681991198242,9,1291,0,0,0.013440540571295581,0.031299999999999994,0.00032998316455371956,9,1306,0,0,0.010587695119370683,0.028550000000000006,0.0005852284032329743,36,1269,0,0,0.020532328736367872,0.02890000000000001,0.0007020252888413891,9,1279,0,0,0.024226332820446703,0.019699999999999995,0.00046188021535170285,9,1187,0,0,0.023686164889830916,0.014899999999999997,9.938079899999057e-05,9,1147,0,0,0.006674829783581457,3.75472259521484,False,False,1792138,2026-05-26T12:00:00Z,13.500766666730245,True,3,1,2.27539992332458,3.75472259521484,3.2755765914917,1
S2A_T29UPA_20260526T114403_L2A,2026-05-26,2026-05-26T11:46:29.954000Z,sentinel-2a,S2A_MSIL2A_20260526T114401_N0512_R123_T29UPA_20260526T193824.SAFE,sentinel-2-c1-l2a,05.12,L1284,Toome,-6.466696920835618,54.75354853784675,False,338.87523315847875,False,provisional_filtered_view_no_row_flags,31.954002,55.9208828675575,2.9842399469369747,Sen2Cor_BOA_not_aquatic_Rw,False,0.563255727291107,0.593164324760437,0.0203051790595055,5,True,True,298.5451035583995,False,footprint_shore_buffer_100m;outside_lake_polygon;probe_gap_or_unbracketed;scl_cloud_shadow_snow_nearby;scl_core_not_all_water;spectra_not_sampled_after_scl_rejection,False,,,,,,,,,,,,,,,,,,,,,,,,,,,,,,,,,,,,,,,,,,,,,,,,,,,,,,,,,,,,,,,,,,,,,,,0.43485888838768,False,False,1792420,2026-05-26T12:00:00Z,13.500766666730245,False,2,0,0.43485888838768,0.563255727291107,0.4990573078393935,1
S2B_T29UPA_20260529T114341_L2A,2026-05-29,2026-05-29T11:46:08.173000Z,sentinel-2b,S2B_MSIL2A_20260529T114339_N0512_R123_T29UPA_20260529T152430.SAFE,sentinel-2-c1-l2a,05.12,L1278,Rea's Wood,-6.241996568375846,54.712602169290584,True,270.8840794505137,False,provisional_filtered_view_no_row_flags,95.508188,56.3716576908075,2.9680525504533755,Sen2Cor_BOA_not_aquatic_Rw,False,2.55337405204773,2.95956778526306,0.171751037240028,0,True,False,219.1519161730116,True,scl_cloud_shadow_snow_nearby;scl_core_not_all_water;spectra_not_sampled_after_scl_rejection,False,,,,,,,,,,,,,,,,,,,,,,,,,,,,,,,,,,,,,,,,,,,,,,,,,,,,,,,,,,,,,,,,,,,,,,,3.07291507720947,False,False,1797460,2026-05-29T12:00:00Z,13.863783331712087,True,4,0,2.55337405204773,3.07291507720947,2.864083290100095,1
S2B_T29UPA_20260529T114341_L2A,2026-05-29,2026-05-29T11:46:08.173000Z,sentinel-2b,S2B_MSIL2A_20260529T114339_N0512_R123_T29UPA_20260529T152430.SAFE,sentinel-2-c1-l2a,05.12,L1279,Washing Bay,-6.569769770482481,54.523188284062314,True,396.0713035201496,False,provisional_filtered_view_no_row_flags,95.508188,56.3716576908075,2.9680525504533755,Sen2Cor_BOA_not_aquatic_Rw,False,0.0,0.0,0.0199550911784172,0,True,False,352.9038840688248,True,scl_cloud_shadow_snow_nearby;scl_core_not_all_water;spectra_not_sampled_after_scl_rejection;zero_or_negative_probe_requires_review,False,,,,,,,,,,,,,,,,,,,,,,,,,,,,,,,,,,,,,,,,,,,,,,,,,,,,,,,,,,,,,,,,,,,,,,,0.0,False,False,1797608,2026-05-29T12:00:00Z,13.863783331712087,True,4,0,0.0,0.0,0.0,1
S2B_T29UPA_20260529T114341_L2A,2026-05-29,2026-05-29T11:46:08.173000Z,sentinel-2b,S2B_MSIL2A_20260529T114339_N0512_R123_T29UPA_20260529T152430.SAFE,sentinel-2-c1-l2a,05.12,L1284,Toome,-6.466696920835618,54.75354853784675,False,338.87523315847875,False,provisional_filtered_view_no_row_flags,95.508188,56.3716576908075,2.9680525504533755,Sen2Cor_BOA_not_aquatic_Rw,False,1.07473289966583,0.910797119140625,0.0592168644070625,0,True,False,298.5451035583995,False,footprint_shore_buffer_100m;outside_lake_polygon;probe_gap_or_unbracketed;scl_cloud_shadow_snow_nearby;scl_core_not_all_water;spectra_not_sampled_after_scl_rejection,False,,,,,,,,,,,,,,,,,,,,,,,,,,,,,,,,,,,,,,,,,,,,,,,,,,,,,,,,,,,,,,,,,,,,,,,1.13324964046478,False,False,1797680,2026-05-29T12:00:00Z,13.863783331712087,False,2,0,1.07473289966583,1.13324964046478,1.103991270065305,1
S2C_T29UPA_20260531T113315_L2A,2026-05-31,2026-05-31T11:36:13.250000Z,sentinel-2c,S2C_MSIL2A_20260531T113321_N0512_R080_T29UPA_20260531T150710.SAFE,sentinel-2-c1-l2a,05.12,L1278,Rea's Wood,-6.241996568375846,54.712602169290584,True,270.8840794505137,False,provisional_filtered_view_no_row_flags,91.400248,56.1986467218278,9.334422981794843,Sen2Cor_BOA_not_aquatic_Rw,False,2.63811159133911,2.60502195358276,0.246593862771988,0,True,False,219.1519161730116,True,scl_cloud_shadow_snow_nearby;scl_core_not_all_water;spectra_not_sampled_after_scl_rejection,False,,,,,,,,,,,,,,,,,,,,,,,,,,,,,,,,,,,,,,,,,,,,,,,,,,,,,,,,,,,,,,,,,,,,,,,2.61087155342102,False,False,1800161,2026-05-31T11:30:00Z,-6.220833333333333,True,4,0,2.57801413536072,2.89119338989258,2.6079467535018903,1
S2C_T29UPA_20260531T113315_L2A,2026-05-31,2026-05-31T11:36:13.250000Z,sentinel-2c,S2C_MSIL2A_20260531T113321_N0512_R080_T29UPA_20260531T150710.SAFE,sentinel-2-c1-l2a,05.12,L1279,Washing Bay,-6.569769770482481,54.523188284062314,True,396.0713035201496,False,provisional_filtered_view_no_row_flags,91.400248,56.1986467218278,9.334422981794843,Sen2Cor_BOA_not_aquatic_Rw,False,0.0,0.0,0.1023288667202,0,True,False,352.9038840688248,True,scl_cloud_shadow_snow_nearby;scl_core_not_all_water;spectra_not_sampled_after_scl_rejection;zero_or_negative_probe_requires_review,False,,,,,,,,,,,,,,,,,,,,,,,,,,,,,,,,,,,,,,,,,,,,,,,,,,,,,,,,,,,,,,,,,,,,,,,0.0,False,False,1801541,2026-05-31T11:30:00Z,-6.220833333333333,True,4,0,0.0,0.0,0.0,1
S2C_T29UPA_20260531T113315_L2A,2026-05-31,2026-05-31T11:36:13.250000Z,sentinel-2c,S2C_MSIL2A_20260531T113321_N0512_R080_T29UPA_20260531T150710.SAFE,sentinel-2-c1-l2a,05.12,L1284,Toome,-6.466696920835618,54.75354853784675,False,338.87523315847875,False,provisional_filtered_view_no_row_flags,91.400248,56.1986467218278,9.334422981794843,Sen2Cor_BOA_not_aquatic_Rw,False,,,,0,True,False,298.5451035583995,False,footprint_shore_buffer_100m;no_probe_within_15min;outside_lake_polygon;scl_cloud_shadow_snow_nearby;scl_core_not_all_water;spectra_not_sampled_after_scl_rejection,False,,,,,,,,,,,,,,,,,,,,,,,,,,,,,,,,,,,,,,,,,,,,,,,,,,,,,,,,,,,,,,,,,,,,,,,,,,,,,,,,,,,
S2A_T29UPA_20260602T113333_L2A,2026-06-02,2026-06-02T11:36:32.051000Z,sentinel-2a,S2A_MSIL2A_20260602T113331_N0512_R080_T29UPA_20260602T175110.SAFE,sentinel-2-c1-l2a,05.12,L1278,Rea's Wood,-6.241996568375846,54.712602169290584,True,270.8840794505137,False,provisional_filtered_view_no_row_flags,75.117874,56.4603652381259,9.297397463707277,Sen2Cor_BOA_not_aquatic_Rw,False,2.85096478462219,3.02357745170593,0.424356549978256,0,True,False,219.1519161730116,True,scl_cloud_shadow_snow_nearby;scl_core_not_all_water;spectra_not_sampled_after_scl_rejection,False,,,,,,,,,,,,,,,,,,,,,,,,,,,,,,,,,,,,,,,,,,,,,,,,,,,,,,,,,,,,,,,,,,,,,,,2.81995582580566,False,False,1838011,2026-06-02T11:30:00Z,-6.53418333530426,True,4,0,2.81995582580566,3.03875923156738,2.982796430587765,1
S2A_T29UPA_20260602T113333_L2A,2026-06-02,2026-06-02T11:36:32.051000Z,sentinel-2a,S2A_MSIL2A_20260602T113331_N0512_R080_T29UPA_20260602T175110.SAFE,sentinel-2-c1-l2a,05.12,L1279,Washing Bay,-6.569769770482481,54.523188284062314,True,396.0713035201496,False,provisional_filtered_view_no_row_flags,75.117874,56.4603652381259,9.297397463707277,Sen2Cor_BOA_not_aquatic_Rw,False,0.600520074367523,1.05497789382935,0.203609645366669,0,True,False,352.9038840688248,True,scl_cloud_shadow_snow_nearby;scl_core_not_all_water;spectra_not_sampled_after_scl_rejection,False,,,,,,,,,,,,,,,,,,,,,,,,,,,,,,,,,,,,,,,,,,,,,,,,,,,,,,,,,,,,,,,,,,,,,,,0.546634435653687,False,False,1838071,2026-06-02T11:30:00Z,-6.53418333530426,True,4,0,0.471077114343643,1.05497789382935,0.5722155272960665,1
S2A_T29UPA_20260602T113333_L2A,2026-06-02,2026-06-02T11:36:32.051000Z,sentinel-2a,S2A_MSIL2A_20260602T113331_N0512_R080_T29UPA_20260602T175110.SAFE,sentinel-2-c1-l2a,05.12,L1284,Toome,-6.466696920835618,54.75354853784675,False,338.87523315847875,False,provisional_filtered_view_no_row_flags,75.117874,56.4603652381259,9.297397463707277,Sen2Cor_BOA_not_aquatic_Rw,False,,,,0,True,False,298.5451035583995,False,footprint_shore_buffer_100m;no_probe_within_15min;outside_lake_polygon;scl_cloud_shadow_snow_nearby;scl_core_not_all_water;spectra_not_sampled_after_scl_rejection,False,,,,,,,,,,,,,,,,,,,,,,,,,,,,,,,,,,,,,,,,,,,,,,,,,,,,,,,,,,,,,,,,,,,,,,,,,,,,,,,,,,,
S2C_T29UPA_20260603T114504_L2A,2026-06-03,2026-06-03T11:46:11.804000Z,sentinel-2c,S2C_MSIL2A_20260603T114351_N0512_R123_T29UPA_20260603T163158.SAFE,sentinel-2-c1-l2a,05.12,L1278,Rea's Wood,-6.241996568375846,54.712602169290584,True,270.8840794505137,False,provisional_filtered_view_no_row_flags,83.050525,57.0181927177143,2.9750218716213617,Sen2Cor_BOA_not_aquatic_Rw,False,3.88987231254578,4.24187517166138,0.399558305740356,0,True,False,219.1519161730116,True,scl_cloud_shadow_snow_nearby;scl_core_not_all_water;spectra_not_sampled_after_scl_rejection,False,,,,,,,,,,,,,,,,,,,,,,,,,,,,,,,,,,,,,,,,,,,,,,,,,,,,,,,,,,,,,,,,,,,,,,,2.75689959526062,False,False,1839958,2026-06-03T12:00:00Z,13.803266668319703,True,4,0,2.6595561504364,5.41628122329712,3.3233859539032,1
S2C_T29UPA_20260603T114504_L2A,2026-06-03,2026-06-03T11:46:11.804000Z,sentinel-2c,S2C_MSIL2A_20260603T114351_N0512_R123_T29UPA_20260603T163158.SAFE,sentinel-2-c1-l2a,05.12,L1279,Washing Bay,-6.569769770482481,54.523188284062314,True,396.0713035201496,False,provisional_filtered_view_no_row_flags,83.050525,57.0181927177143,2.9750218716213617,Sen2Cor_BOA_not_aquatic_Rw,False,4.97142934799194,2.57424831390381,0.742655754089355,0,True,False,352.9038840688248,True,scl_cloud_shadow_snow_nearby;scl_core_not_all_water;spectra_not_sampled_after_scl_rejection,False,,,,,,,,,,,,,,,,,,,,,,,,,,,,,,,,,,,,,,,,,,,,,,,,,,,,,,,,,,,,,,,,,,,,,,,6.85709762573242,False,False,1840018,2026-06-03T12:00:00Z,13.803266668319703,True,4,0,4.97142934799194,7.7370719909668,5.9202582836151105,1
S2C_T29UPA_20260603T114504_L2A,2026-06-03,2026-06-03T11:46:11.804000Z,sentinel-2c,S2C_MSIL2A_20260603T114351_N0512_R123_T29UPA_20260603T163158.SAFE,sentinel-2-c1-l2a,05.12,L1284,Toome,-6.466696920835618,54.75354853784675,False,338.87523315847875,False,provisional_filtered_view_no_row_flags,83.050525,57.0181927177143,2.9750218716213617,Sen2Cor_BOA_not_aquatic_Rw,False,1.78633689880371,1.96855652332306,0.113410405814648,0,True,False,298.5451035583995,False,footprint_shore_buffer_100m;outside_lake_polygon;probe_gap_or_unbracketed;scl_cloud_shadow_snow_nearby;scl_core_not_all_water;spectra_not_sampled_after_scl_rejection,False,,,,,,,,,,,,,,,,,,,,,,,,,,,,,,,,,,,,,,,,,,,,,,,,,,,,,,,,,,,,,,,,,,,,,,,3.02584195137024,False,False,1840080,2026-06-03T12:00:00Z,13.803266668319703,False,2,0,1.78633689880371,3.02584195137024,2.406089425086975,1
S2B_T29UPA_20260605T113321_L2A,2026-06-05,2026-06-05T11:36:12.536000Z,sentinel-2b,S2B_MSIL2A_20260605T113319_N0512_R080_T29UPA_20260605T141139.SAFE,sentinel-2-c1-l2a,05.12,L1278,Rea's Wood,-6.241996568375846,54.712602169290584,True,270.8840794505137,False,provisional_filtered_view_no_row_flags,94.953328,56.7623410323922,9.318710929268798,Sen2Cor_BOA_not_aquatic_Rw,False,2.9377806186676,6.07676362991333,0.679973185062408,0,True,False,219.1519161730116,True,scl_cloud_shadow_snow_nearby;scl_core_not_all_water;spectra_not_sampled_after_scl_rejection,False,,,,,,,,,,,,,,,,,,,,,,,,,,,,,,,,,,,,,,,,,,,,,,,,,,,,,,,,,,,,,,,,,,,,,,,3.48402094841003,False,False,1843441,2026-06-05T11:30:00Z,-6.208933333555858,True,4,0,3.01864409446716,6.07676362991333,3.2862209081649754,1
S2B_T29UPA_20260605T113321_L2A,2026-06-05,2026-06-05T11:36:12.536000Z,sentinel-2b,S2B_MSIL2A_20260605T113319_N0512_R080_T29UPA_20260605T141139.SAFE,sentinel-2-c1-l2a,05.12,L1279,Washing Bay,-6.569769770482481,54.523188284062314,True,396.0713035201496,False,provisional_filtered_view_no_row_flags,94.953328,56.7623410323922,9.318710929268798,Sen2Cor_BOA_not_aquatic_Rw,False,3.48981785774231,4.50633001327515,0.234037443995476,0,True,False,352.9038840688248,True,scl_cloud_shadow_snow_nearby;scl_core_not_all_water;spectra_not_sampled_after_scl_rejection,False,,,,,,,,,,,,,,,,,,,,,,,,,,,,,,,,,,,,,,,,,,,,,,,,,,,,,,,,,,,,,,,,,,,,,,,8.46213817596436,False,False,1843501,2026-06-05T11:30:00Z,-6.208933333555858,True,4,0,4.50633001327515,8.46213817596436,5.607150554656985,1
S2B_T29UPA_20260605T113321_L2A,2026-06-05,2026-06-05T11:36:12.536000Z,sentinel-2b,S2B_MSIL2A_20260605T113319_N0512_R080_T29UPA_20260605T141139.SAFE,sentinel-2-c1-l2a,05.12,L1284,Toome,-6.466696920835618,54.75354853784675,False,338.87523315847875,False,provisional_filtered_view_no_row_flags,94.953328,56.7623410323922,9.318710929268798,Sen2Cor_BOA_not_aquatic_Rw,False,,,,0,True,False,298.5451035583995,False,footprint_shore_buffer_100m;no_probe_within_15min;outside_lake_polygon;scl_cloud_shadow_snow_nearby;scl_core_not_all_water;spectra_not_sampled_after_scl_rejection,False,,,,,,,,,,,,,,,,,,,,,,,,,,,,,,,,,,,,,,,,,,,,,,,,,,,,,,,,,,,,,,,,,,,,,,,,,,,,,,,,,,,
S2A_T29UPA_20260605T114609_L2A,2026-06-05,2026-06-05T11:46:29.418000Z,sentinel-2a,S2A_MSIL2A_20260605T114401_N0512_R123_T29UPA_20260605T194117.SAFE,sentinel-2-c1-l2a,05.12,L1278,Rea's Wood,-6.241996568375846,54.712602169290584,True,270.8840794505137,False,provisional_filtered_view_no_row_flags,97.648746,57.2412827746884,2.980818958804103,Sen2Cor_BOA_not_aquatic_Rw,False,3.08842086791992,2.78177714347839,0.290732800960541,0,True,False,219.1519161730116,True,scl_cloud_shadow_snow_nearby;scl_core_not_all_water;spectra_not_sampled_after_scl_rejection,False,,,,,,,,,,,,,,,,,,,,,,,,,,,,,,,,,,,,,,,,,,,,,,,,,,,,,,,,,,,,,,,,,,,,,,,3.01864409446716,False,False,1843558,2026-06-05T12:00:00Z,13.509700000286102,True,4,0,3.01864409446716,6.07676362991333,3.2862209081649754,1
S2A_T29UPA_20260605T114609_L2A,2026-06-05,2026-06-05T11:46:29.418000Z,sentinel-2a,S2A_MSIL2A_20260605T114401_N0512_R123_T29UPA_20260605T194117.SAFE,sentinel-2-c1-l2a,05.12,L1279,Washing Bay,-6.569769770482481,54.523188284062314,True,396.0713035201496,False,provisional_filtered_view_no_row_flags,97.648746,57.2412827746884,2.980818958804103,Sen2Cor_BOA_not_aquatic_Rw,False,4.9379096031189,8.32741069793701,0.18829071521759,0,True,False,352.9038840688248,True,scl_cloud_shadow_snow_nearby;scl_core_not_all_water;spectra_not_sampled_after_scl_rejection,False,,,,,,,,,,,,,,,,,,,,,,,,,,,,,,,,,,,,,,,,,,,,,,,,,,,,,,,,,,,,,,,,,,,,,,,6.27639150619507,False,False,1843618,2026-06-05T12:00:00Z,13.509700000286102,True,4,0,4.50633001327515,8.46213817596436,5.607150554656985,1
S2A_T29UPA_20260605T114609_L2A,2026-06-05,2026-06-05T11:46:29.418000Z,sentinel-2a,S2A_MSIL2A_20260605T114401_N0512_R123_T29UPA_20260605T194117.SAFE,sentinel-2-c1-l2a,05.12,L1284,Toome,-6.466696920835618,54.75354853784675,False,338.87523315847875,False,provisional_filtered_view_no_row_flags,97.648746,57.2412827746884,2.980818958804103,Sen2Cor_BOA_not_aquatic_Rw,False,0.7301926612854,1.99751377105713,0.0372585356235504,0,True,False,298.5451035583995,False,footprint_shore_buffer_100m;outside_lake_polygon;probe_gap_or_unbracketed;scl_cloud_shadow_snow_nearby;scl_core_not_all_water;spectra_not_sampled_after_scl_rejection,False,,,,,,,,,,,,,,,,,,,,,,,,,,,,,,,,,,,,,,,,,,,,,,,,,,,,,,,,,,,,,,,,,,,,,,,1.10076677799225,False,False,1843680,2026-06-05T12:00:00Z,13.509700000286102,False,2,0,0.7301926612854,1.10076677799225,0.915479719638825,1
S2B_T29UPA_20260608T114344_L2A,2026-06-08,2026-06-08T11:46:10.929000Z,sentinel-2b,S2B_MSIL2A_20260608T114349_N0512_R123_T29UPA_20260608T152504.SAFE,sentinel-2-c1-l2a,05.12,L1278,Rea's Wood,-6.241996568375846,54.712602169290584,True,270.8840794505137,False,provisional_filtered_view_no_row_flags,61.993289,57.4938633083539,2.98028391551893,Sen2Cor_BOA_not_aquatic_Rw,False,2.59677910804749,2.57526469230652,0.268873065710068,9,False,False,219.1519161730116,True,,True,0.04569999999999999,0.0017709242896030823,36,1410,0,0,0.03876993093268729,0.0377,0.0013028340428503833,36,1352,0,0,0.03450200495999249,0.03290000000000001,0.0011432167093095012,36,1310,0,0,0.034660435855770624,0.03159999999999999,0.0008069145624606846,9,1301,0,0,0.02550836340760858,0.02560000000000001,0.000988826464946086,9,1243,0,0,0.03842589889686862,0.026400000000000007,0.00025385910352879773,9,1260,0,0,0.009628031739398146,0.0233,0.0004431578600102772,36,1222,0,0,0.01897892334091123,0.0238,0.00044472213547087707,9,1231,0,0,0.018738292224896504,0.0232,0.00045569103676466633,9,1221,0,0,0.019736377915697774,0.020599999999999993,0.0003774508389213987,9,1199,0,0,0.0183624732448248,2.58542895317078,False,False,1848988,2026-06-08T12:00:00Z,13.817850001653035,True,4,0,2.55516052246094,2.59677910804749,2.575412511825565,1
S2B_T29UPA_20260608T114344_L2A,2026-06-08,2026-06-08T11:46:10.929000Z,sentinel-2b,S2B_MSIL2A_20260608T114349_N0512_R123_T29UPA_20260608T152504.SAFE,sentinel-2-c1-l2a,05.12,L1279,Washing Bay,-6.569769770482481,54.523188284062314,True,396.0713035201496,False,provisional_filtered_view_no_row_flags,61.993289,57.4938633083539,2.98028391551893,Sen2Cor_BOA_not_aquatic_Rw,False,3.28049349784851,3.41181445121765,0.229835644364357,0,True,False,352.9038840688248,True,scl_cloud_shadow_snow_nearby;scl_core_not_all_water;spectra_not_sampled_after_scl_rejection,False,,,,,,,,,,,,,,,,,,,,,,,,,,,,,,,,,,,,,,,,,,,,,,,,,,,,,,,,,,,,,,,,,,,,,,,4.18131017684937,False,False,1849148,2026-06-08T12:00:00Z,13.817850001653035,True,4,0,3.28049349784851,4.18131017684937,3.779852390289305,1
S2B_T29UPA_20260608T114344_L2A,2026-06-08,2026-06-08T11:46:10.929000Z,sentinel-2b,S2B_MSIL2A_20260608T114349_N0512_R123_T29UPA_20260608T152504.SAFE,sentinel-2-c1-l2a,05.12,L1284,Toome,-6.466696920835618,54.75354853784675,False,338.87523315847875,False,provisional_filtered_view_no_row_flags,61.993289,57.4938633083539,2.98028391551893,Sen2Cor_BOA_not_aquatic_Rw,False,1.30043363571167,3.25144577026367,0.0296611189842224,0,True,False,298.5451035583995,False,footprint_shore_buffer_100m;outside_lake_polygon;probe_gap_or_unbracketed;scl_cloud_shadow_snow_nearby;scl_core_not_all_water;spectra_not_sampled_after_scl_rejection,False,,,,,,,,,,,,,,,,,,,,,,,,,,,,,,,,,,,,,,,,,,,,,,,,,,,,,,,,,,,,,,,,,,,,,,,1.21776759624481,False,False,1849228,2026-06-08T12:00:00Z,13.817850001653035,False,2,0,1.21776759624481,1.30043363571167,1.25910061597824,1
S2C_T29UPA_20260610T113317_L2A,2026-06-10,2026-06-10T11:36:15.173000Z,sentinel-2c,S2C_MSIL2A_20260610T113321_N0512_R080_T29UPA_20260610T151308.SAFE,sentinel-2-c1-l2a,05.12,L1278,Rea's Wood,-6.241996568375846,54.712602169290584,True,270.8840794505137,False,provisional_filtered_view_no_row_flags,65.521717,57.1593565432561,9.332095047118292,Sen2Cor_BOA_not_aquatic_Rw,False,3.37992095947266,3.79987931251526,0.342258453369141,9,True,False,219.1519161730116,True,scl_cloud_shadow_snow_nearby;spectra_not_sampled_after_scl_rejection,False,,,,,,,,,,,,,,,,,,,,,,,,,,,,,,,,,,,,,,,,,,,,,,,,,,,,,,,,,,,,,,,,,,,,,,,3.01020979881287,False,False,1852441,2026-06-10T11:30:00Z,-6.252883334954579,True,4,0,2.55763602256775,3.79987931251526,2.7865399122238204,1
S2C_T29UPA_20260610T113317_L2A,2026-06-10,2026-06-10T11:36:15.173000Z,sentinel-2c,S2C_MSIL2A_20260610T113321_N0512_R080_T29UPA_20260610T151308.SAFE,sentinel-2-c1-l2a,05.12,L1279,Washing Bay,-6.569769770482481,54.523188284062314,True,396.0713035201496,False,provisional_filtered_view_no_row_flags,65.521717,57.1593565432561,9.332095047118292,Sen2Cor_BOA_not_aquatic_Rw,False,2.95212817192078,2.03569531440735,0.190818160772324,9,False,False,352.9038840688248,True,,True,0.03190000000000001,0.000774277839563752,36,1307,0,0,0.02417939124244889,0.02465,0.0007270564703729096,36,1222,0,0,0.029615334842073706,0.016600000000000004,0.0005049446858839779,36,1157,0,0,0.0304081778049903,0.013399999999999995,0.00025867659392939476,9,1132,0,0,0.019240407812930186,0.009400000000000006,0.00011653431646335027,9,1092,0,0,0.012456162092282091,0.0087,0.0004245549594342839,9,1079,0,0,0.048551393073806286,0.010099999999999998,0.0003545558863468633,36,1089,0,0,0.03531823992387127,0.0076999999999999985,0.0003456966485800887,9,1074,0,0,0.043882508282380814,0.005099999999999993,0.00015713484026367563,9,1048,0,0,0.031081616755452336,0.0040000000000000036,0.0003634539385288034,9,1035,0,0,0.09111658626070276,3.00755977630615,False,False,1852501,2026-06-10T11:30:00Z,-6.252883334954579,True,4,0,2.03569531440735,3.00755977630615,2.36155080795288,1
S2C_T29UPA_20260610T113317_L2A,2026-06-10,2026-06-10T11:36:15.173000Z,sentinel-2c,S2C_MSIL2A_20260610T113321_N0512_R080_T29UPA_20260610T151308.SAFE,sentinel-2-c1-l2a,05.12,L1284,Toome,-6.466696920835618,54.75354853784675,False,338.87523315847875,False,provisional_filtered_view_no_row_flags,65.521717,57.1593565432561,9.332095047118292,Sen2Cor_BOA_not_aquatic_Rw,False,,,,0,True,False,298.5451035583995,False,footprint_shore_buffer_100m;no_probe_within_15min;outside_lake_polygon;scl_cloud_shadow_snow_nearby;scl_core_not_all_water;spectra_not_sampled_after_scl_rejection,False,,,,,,,,,,,,,,,,,,,,,,,,,,,,,,,,,,,,,,,,,,,,,,,,,,,,,,,,,,,,,,,,,,,,,,,,,,,,,,,,,,,
S2A_T29UPA_20260612T113619_L2A,2026-06-12,2026-06-12T11:36:31.560000Z,sentinel-2a,S2A_MSIL2A_20260612T113331_N0512_R080_T29UPA_20260612T195509.SAFE,sentinel-2-c1-l2a,05.12,L1278,Rea's Wood,-6.241996568375846,54.712602169290584,True,270.8840794505137,False,provisional_filtered_view_no_row_flags,77.902251,57.2831892041945,9.309027211380931,Sen2Cor_BOA_not_aquatic_Rw,False,6.1739501953125,8.67146396636963,0.383705109357834,0,True,False,219.1519161730116,True,scl_cloud_shadow_snow_nearby;scl_core_not_all_water;spectra_not_sampled_after_scl_rejection,False,,,,,,,,,,,,,,,,,,,,,,,,,,,,,,,,,,,,,,,,,,,,,,,,,,,,,,,,,,,,,,,,,,,,,,,8.10669136047363,False,False,1856041,2026-06-12T11:30:00Z,-6.525999999046325,True,4,0,7.35683441162109,10.5249624252319,8.38907766342163,1
S2A_T29UPA_20260612T113619_L2A,2026-06-12,2026-06-12T11:36:31.560000Z,sentinel-2a,S2A_MSIL2A_20260612T113331_N0512_R080_T29UPA_20260612T195509.SAFE,sentinel-2-c1-l2a,05.12,L1279,Washing Bay,-6.569769770482481,54.523188284062314,True,396.0713035201496,False,provisional_filtered_view_no_row_flags,77.902251,57.2831892041945,9.309027211380931,Sen2Cor_BOA_not_aquatic_Rw,False,1.28104817867279,0.834965407848358,0.141780465841293,1,True,False,352.9038840688248,True,scl_cloud_shadow_snow_nearby;scl_core_not_all_water;spectra_not_sampled_after_scl_rejection,False,,,,,,,,,,,,,,,,,,,,,,,,,,,,,,,,,,,,,,,,,,,,,,,,,,,,,,,,,,,,,,,,,,,,,,,1.35784757137299,False,False,1856101,2026-06-12T11:30:00Z,-6.525999999046325,True,4,0,0.834965407848358,2.00301766395569,1.3731665611267099,1
S2A_T29UPA_20260612T113619_L2A,2026-06-12,2026-06-12T11:36:31.560000Z,sentinel-2a,S2A_MSIL2A_20260612T113331_N0512_R080_T29UPA_20260612T195509.SAFE,sentinel-2-c1-l2a,05.12,L1284,Toome,-6.466696920835618,54.75354853784675,False,338.87523315847875,False,provisional_filtered_view_no_row_flags,77.902251,57.2831892041945,9.309027211380931,Sen2Cor_BOA_not_aquatic_Rw,False,,,,0,True,False,298.5451035583995,False,footprint_shore_buffer_100m;no_probe_within_15min;outside_lake_polygon;scl_cloud_shadow_snow_nearby;scl_core_not_all_water;spectra_not_sampled_after_scl_rejection,False,,,,,,,,,,,,,,,,,,,,,,,,,,,,,,,,,,,,,,,,,,,,,,,,,,,,,,,,,,,,,,,,,,,,,,,,,,,,,,,,,,,
S2C_T29UPA_20260613T114347_L2A,2026-06-13,2026-06-13T11:46:13.182000Z,sentinel-2c,S2C_MSIL2A_20260613T114351_N0512_R123_T29UPA_20260613T151818.SAFE,sentinel-2-c1-l2a,05.12,L1278,Rea's Wood,-6.241996568375846,54.712602169290584,True,270.8840794505137,False,provisional_filtered_view_no_row_flags,88.307136,57.8004783025857,2.982873120260894,Sen2Cor_BOA_not_aquatic_Rw,False,4.90185689926147,4.57414293289185,0.44098624587059,0,True,False,219.1519161730116,True,scl_cloud_shadow_snow_nearby;scl_core_not_all_water;spectra_not_sampled_after_scl_rejection,False,,,,,,,,,,,,,,,,,,,,,,,,,,,,,,,,,,,,,,,,,,,,,,,,,,,,,,,,,,,,,,,,,,,,,,,5.01497602462769,False,False,1857988,2026-06-13T12:00:00Z,13.780300001303354,True,4,0,3.89012980461121,5.72988271713257,4.95841646194458,1
S2C_T29UPA_20260613T114347_L2A,2026-06-13,2026-06-13T11:46:13.182000Z,sentinel-2c,S2C_MSIL2A_20260613T114351_N0512_R123_T29UPA_20260613T151818.SAFE,sentinel-2-c1-l2a,05.12,L1279,Washing Bay,-6.569769770482481,54.523188284062314,True,396.0713035201496,False,provisional_filtered_view_no_row_flags,88.307136,57.8004783025857,2.982873120260894,Sen2Cor_BOA_not_aquatic_Rw,False,1.92713463306427,2.88431286811829,0.214013889431953,0,True,False,352.9038840688248,True,scl_cloud_shadow_snow_nearby;scl_core_not_all_water;spectra_not_sampled_after_scl_rejection,False,,,,,,,,,,,,,,,,,,,,,,,,,,,,,,,,,,,,,,,,,,,,,,,,,,,,,,,,,,,,,,,,,,,,,,,3.75140118598938,False,False,1858178,2026-06-13T12:00:00Z,13.780300001303354,True,4,0,1.92713463306427,3.75140118598938,3.03963029384613,1
S2C_T29UPA_20260613T114347_L2A,2026-06-13,2026-06-13T11:46:13.182000Z,sentinel-2c,S2C_MSIL2A_20260613T114351_N0512_R123_T29UPA_20260613T151818.SAFE,sentinel-2-c1-l2a,05.12,L1284,Toome,-6.466696920835618,54.75354853784675,False,338.87523315847875,False,provisional_filtered_view_no_row_flags,88.307136,57.8004783025857,2.982873120260894,Sen2Cor_BOA_not_aquatic_Rw,False,4.62660264968872,7.41221857070923,0.43389093875885,0,True,False,298.5451035583995,False,footprint_shore_buffer_100m;outside_lake_polygon;probe_gap_or_unbracketed;scl_cloud_shadow_snow_nearby;scl_core_not_all_water;spectra_not_sampled_after_scl_rejection,False,,,,,,,,,,,,,,,,,,,,,,,,,,,,,,,,,,,,,,,,,,,,,,,,,,,,,,,,,,,,,,,,,,,,,,,1.17949688434601,False,False,1858028,2026-06-13T12:00:00Z,13.780300001303354,False,2,0,1.17949688434601,4.62660264968872,2.903049767017365,1
S2B_T29UPA_20260615T113315_L2A,2026-06-15,2026-06-15T11:36:13.983000Z,sentinel-2b,S2B_MSIL2A_20260615T113319_N0512_R080_T29UPA_20260615T140901.SAFE,sentinel-2-c1-l2a,05.12,L1278,Rea's Wood,-6.241996568375846,54.712602169290584,True,270.8840794505137,False,provisional_filtered_view_no_row_flags,99.637598,57.3814401208371,9.302544708636214,Sen2Cor_BOA_not_aquatic_Rw,False,2.68742442131042,2.67392349243164,0.426843196153641,0,True,False,219.1519161730116,True,scl_cloud_shadow_snow_nearby;scl_core_not_all_water;spectra_not_sampled_after_scl_rejection,False,,,,,,,,,,,,,,,,,,,,,,,,,,,,,,,,,,,,,,,,,,,,,,,,,,,,,,,,,,,,,,,,,,,,,,,3.16492772102356,False,False,1859785,2026-06-15T11:30:00Z,-6.233050000667572,True,4,0,2.67267918586731,3.16492772102356,2.713057041168215,1
S2B_T29UPA_20260615T113315_L2A,2026-06-15,2026-06-15T11:36:13.983000Z,sentinel-2b,S2B_MSIL2A_20260615T113319_N0512_R080_T29UPA_20260615T140901.SAFE,sentinel-2-c1-l2a,05.12,L1279,Washing Bay,-6.569769770482481,54.523188284062314,True,396.0713035201496,False,provisional_filtered_view_no_row_flags,99.637598,57.3814401208371,9.302544708636214,Sen2Cor_BOA_not_aquatic_Rw,False,25.4616184234619,18.0963802337646,0.284607410430908,0,True,False,352.9038840688248,True,scl_cloud_shadow_snow_nearby;scl_core_not_all_water;spectra_not_sampled_after_scl_rejection,False,,,,,,,,,,,,,,,,,,,,,,,,,,,,,,,,,,,,,,,,,,,,,,,,,,,,,,,,,,,,,,,,,,,,,,,20.7302150726318,False,False,1860865,2026-06-15T11:30:00Z,-6.233050000667572,True,4,0,18.0963802337646,22.4633541107178,20.8606491088867,1
S2B_T29UPA_20260615T113315_L2A,2026-06-15,2026-06-15T11:36:13.983000Z,sentinel-2b,S2B_MSIL2A_20260615T113319_N0512_R080_T29UPA_20260615T140901.SAFE,sentinel-2-c1-l2a,05.12,L1284,Toome,-6.466696920835618,54.75354853784675,False,338.87523315847875,False,provisional_filtered_view_no_row_flags,99.637598,57.3814401208371,9.302544708636214,Sen2Cor_BOA_not_aquatic_Rw,False,,,,0,True,False,298.5451035583995,False,footprint_shore_buffer_100m;no_probe_within_15min;outside_lake_polygon;scl_cloud_shadow_snow_nearby;scl_core_not_all_water;spectra_not_sampled_after_scl_rejection,False,,,,,,,,,,,,,,,,,,,,,,,,,,,,,,,,,,,,,,,,,,,,,,,,,,,,,,,,,,,,,,,,,,,,,,,,,,,,,,,,,,,
S2A_T29UPA_20260615T114402_L2A,2026-06-15,2026-06-15T11:46:29.234000Z,sentinel-2a,S2A_MSIL2A_20260615T114401_N0512_R123_T29UPA_20260615T193708.SAFE,sentinel-2-c1-l2a,05.12,L1278,Rea's Wood,-6.241996568375846,54.712602169290584,True,270.8840794505137,False,provisional_filtered_view_no_row_flags,99.806261,57.8860232224974,2.973116215509646,Sen2Cor_BOA_not_aquatic_Rw,False,2.67267918586731,2.6880419254303,0.406673967838287,0,True,False,219.1519161730116,True,scl_cloud_shadow_snow_nearby;scl_core_not_all_water;spectra_not_sampled_after_scl_rejection,False,,,,,,,,,,,,,,,,,,,,,,,,,,,,,,,,,,,,,,,,,,,,,,,,,,,,,,,,,,,,,,,,,,,,,,,2.75219058990479,False,False,1859786,2026-06-15T12:00:00Z,13.512766667207082,True,4,0,2.67267918586731,3.16492772102356,2.713057041168215,1
S2A_T29UPA_20260615T114402_L2A,2026-06-15,2026-06-15T11:46:29.234000Z,sentinel-2a,S2A_MSIL2A_20260615T114401_N0512_R123_T29UPA_20260615T193708.SAFE,sentinel-2-c1-l2a,05.12,L1279,Washing Bay,-6.569769770482481,54.523188284062314,True,396.0713035201496,False,provisional_filtered_view_no_row_flags,99.806261,57.8860232224974,2.973116215509646,Sen2Cor_BOA_not_aquatic_Rw,False,22.4633541107178,21.2131977081299,0.304069757461548,0,True,False,352.9038840688248,True,scl_cloud_shadow_snow_nearby;scl_core_not_all_water;spectra_not_sampled_after_scl_rejection,False,,,,,,,,,,,,,,,,,,,,,,,,,,,,,,,,,,,,,,,,,,,,,,,,,,,,,,,,,,,,,,,,,,,,,,,20.9910831451416,False,False,1860866,2026-06-15T12:00:00Z,13.512766667207082,True,4,0,18.0963802337646,22.4633541107178,20.8606491088867,1
S2A_T29UPA_20260615T114402_L2A,2026-06-15,2026-06-15T11:46:29.234000Z,sentinel-2a,S2A_MSIL2A_20260615T114401_N0512_R123_T29UPA_20260615T193708.SAFE,sentinel-2-c1-l2a,05.12,L1284,Toome,-6.466696920835618,54.75354853784675,False,338.87523315847875,False,provisional_filtered_view_no_row_flags,99.806261,57.8860232224974,2.973116215509646,Sen2Cor_BOA_not_aquatic_Rw,False,1.69398629665375,1.46861410140991,0.103730358183384,0,True,False,298.5451035583995,False,footprint_shore_buffer_100m;outside_lake_polygon;probe_gap_or_unbracketed;scl_cloud_shadow_snow_nearby;scl_core_not_all_water;spectra_not_sampled_after_scl_rejection,False,,,,,,,,,,,,,,,,,,,,,,,,,,,,,,,,,,,,,,,,,,,,,,,,,,,,,,,,,,,,,,,,,,,,,,,1.6343697309494,False,False,1861552,2026-06-15T12:00:00Z,13.512766667207082,False,2,0,1.6343697309494,1.69398629665375,1.6641780138015752,1
S2B_T29UPA_20260618T114345_L2A,2026-06-18,2026-06-18T11:46:11.883000Z,sentinel-2b,S2B_MSIL2A_20260618T114349_N0512_R123_T29UPA_20260618T152429.SAFE,sentinel-2-c1-l2a,05.12,L1278,Rea's Wood,-6.241996568375846,54.712602169290584,True,270.8840794505137,False,provisional_filtered_view_no_row_flags,99.962002,57.9322823830481,2.9823249778270338,Sen2Cor_BOA_not_aquatic_Rw,False,3.10441589355469,3.136563539505,0.40423846244812,0,True,False,219.1519161730116,True,scl_cloud_shadow_snow_nearby;scl_core_not_all_water;spectra_not_sampled_after_scl_rejection,False,,,,,,,,,,,,,,,,,,,,,,,,,,,,,,,,,,,,,,,,,,,,,,,,,,,,,,,,,,,,,,,,,,,,,,,3.10607051849365,False,False,1866928,2026-06-18T12:00:00Z,13.801950001716614,True,4,0,3.08755373954773,3.12211585044861,3.10524320602417,1
S2B_T29UPA_20260618T114345_L2A,2026-06-18,2026-06-18T11:46:11.883000Z,sentinel-2b,S2B_MSIL2A_20260618T114349_N0512_R123_T29UPA_20260618T152429.SAFE,sentinel-2-c1-l2a,05.12,L1279,Washing Bay,-6.569769770482481,54.523188284062314,True,396.0713035201496,False,provisional_filtered_view_no_row_flags,99.962002,57.9322823830481,2.9823249778270338,Sen2Cor_BOA_not_aquatic_Rw,False,5.37921476364136,5.57672882080078,0.366924285888672,0,True,False,352.9038840688248,True,scl_cloud_shadow_snow_nearby;scl_core_not_all_water;spectra_not_sampled_after_scl_rejection,False,,,,,,,,,,,,,,,,,,,,,,,,,,,,,,,,,,,,,,,,,,,,,,,,,,,,,,,,,,,,,,,,,,,,,,,5.17587518692017,False,False,1867032,2026-06-18T12:00:00Z,13.801950001716614,True,4,0,5.17587518692017,5.63469839096069,5.32825779914856,1
S2B_T29UPA_20260618T114345_L2A,2026-06-18,2026-06-18T11:46:11.883000Z,sentinel-2b,S2B_MSIL2A_20260618T114349_N0512_R123_T29UPA_20260618T152429.SAFE,sentinel-2-c1-l2a,05.12,L1284,Toome,-6.466696920835618,54.75354853784675,False,338.87523315847875,False,provisional_filtered_view_no_row_flags,99.962002,57.9322823830481,2.9823249778270338,Sen2Cor_BOA_not_aquatic_Rw,False,2.77807545661926,3.0786406993866,0.0984398648142815,0,True,False,298.5451035583995,False,footprint_shore_buffer_100m;outside_lake_polygon;probe_gap_or_unbracketed;scl_cloud_shadow_snow_nearby;scl_core_not_all_water;spectra_not_sampled_after_scl_rejection,False,,,,,,,,,,,,,,,,,,,,,,,,,,,,,,,,,,,,,,,,,,,,,,,,,,,,,,,,,,,,,,,,,,,,,,,2.25023198127747,False,False,1867088,2026-06-18T12:00:00Z,13.801950001716614,False,2,0,2.25023198127747,2.77807545661926,2.514153718948365,1
S2C_T29UPA_20260620T113317_L2A,2026-06-20,2026-06-20T11:36:15.441000Z,sentinel-2c,S2C_MSIL2A_20260620T113321_N0512_R080_T29UPA_20260620T151507.SAFE,sentinel-2-c1-l2a,05.12,L1278,Rea's Wood,-6.241996568375846,54.712602169290584,True,270.8840794505137,False,provisional_filtered_view_no_row_flags,52.218729,57.4352467967964,9.333086503692295,Sen2Cor_BOA_not_aquatic_Rw,False,5.0224437713623,3.60575747489929,0.628263890743256,9,False,False,219.1519161730116,True,,True,0.02085,0.0007696951055811347,36,1193,0,0,0.036930592830762166,0.020000000000000004,0.0008394773506308685,36,1184,0,0,0.04193891843284939,0.015399999999999997,0.0007285354410657657,36,1142,0,0,0.04692659845834239,0.016200000000000006,0.0006972609550994317,9,1150,0,0,0.043639419999269034,0.010800000000000004,0.00014740554623801733,9,1106,0,0,0.013676803259197484,0.0092,0.000288461221905493,9,1089,0,0,0.030980322161687796,0.010899999999999993,0.0004627814458971597,36,1098,0,0,0.043318076059016504,0.008800000000000002,0.0003446236093171298,9,1084,0,0,0.03921128298172147,0.007300000000000001,0.0003325917677132407,9,1066,0,0,0.046697752097022885,0.004900000000000002,0.0001892154040658495,9,1046,0,0,0.03896884751928253,3.45781397819519,False,False,1870441,2026-06-20T11:30:00Z,-6.257349999745687,True,4,0,3.40912508964539,3.60575747489929,3.4380515813827497,1
S2C_T29UPA_20260620T113317_L2A,2026-06-20,2026-06-20T11:36:15.441000Z,sentinel-2c,S2C_MSIL2A_20260620T113321_N0512_R080_T29UPA_20260620T151507.SAFE,sentinel-2-c1-l2a,05.12,L1279,Washing Bay,-6.569769770482481,54.523188284062314,True,396.0713035201496,False,provisional_filtered_view_no_row_flags,52.218729,57.4352467967964,9.333086503692295,Sen2Cor_BOA_not_aquatic_Rw,False,21.9815616607666,26.1898250579834,0.304547429084778,9,False,False,352.9038840688248,True,,True,0.023599999999999996,0.0008108209146017103,36,1212,0,0,0.03424797949743233,0.018199999999999994,0.0008757536436946427,36,1166,0,0,0.048162436866799795,0.013049999999999999,0.0010246950765959593,36,1116,0,0,0.07782494252627539,0.011399999999999993,0.0006063450510952124,9,1107,0,0,0.05277664854793919,0.008199999999999999,0.0004058218303944353,9,1077,0,0,0.04922367215026844,0.007000000000000006,0.0006253887679764565,9,1067,0,0,0.0856696942433502,0.007599999999999996,0.00040857891330202335,36,1071,0,0,0.053043061229256554,0.006199999999999997,0.000371516744384454,9,1055,0,0,0.06046384628318421,0.004900000000000002,0.00012272623352430642,9,1046,0,0,0.02545014059259811,0.004799999999999999,0.0002330686329267015,9,1043,0,0,0.04947211547972437,13.6083631515503,False,False,1870501,2026-06-20T11:30:00Z,-6.257349999745687,True,4,0,13.6083631515503,26.1898250579834,19.647008895874,1
S2C_T29UPA_20260620T113317_L2A,2026-06-20,2026-06-20T11:36:15.441000Z,sentinel-2c,S2C_MSIL2A_20260620T113321_N0512_R080_T29UPA_20260620T151507.SAFE,sentinel-2-c1-l2a,05.12,L1284,Toome,-6.466696920835618,54.75354853784675,False,338.87523315847875,False,provisional_filtered_view_no_row_flags,52.218729,57.4352467967964,9.333086503692295,Sen2Cor_BOA_not_aquatic_Rw,False,,,,0,True,False,298.5451035583995,False,footprint_shore_buffer_100m;no_probe_within_15min;outside_lake_polygon;scl_cloud_shadow_snow_nearby;scl_core_not_all_water;spectra_not_sampled_after_scl_rejection,False,,,,,,,,,,,,,,,,,,,,,,,,,,,,,,,,,,,,,,,,,,,,,,,,,,,,,,,,,,,,,,,,,,,,,,,,,,,,,,,,,,,
S2A_T29UPA_20260622T113333_L2A,2026-06-22,2026-06-22T11:36:32.199000Z,sentinel-2a,S2A_MSIL2A_20260622T113331_N0512_R080_T29UPA_20260622T175116.SAFE,sentinel-2-c1-l2a,05.12,L1278,Rea's Wood,-6.241996568375846,54.712602169290584,True,270.8840794505137,False,provisional_filtered_view_no_row_flags,99.992752,57.4246131948939,9.305648276759818,Sen2Cor_BOA_not_aquatic_Rw,False,3.40986084938049,3.45636200904846,0.641460001468658,0,True,False,219.1519161730116,True,scl_cloud_shadow_snow_nearby;scl_core_not_all_water;spectra_not_sampled_after_scl_rejection,False,,,,,,,,,,,,,,,,,,,,,,,,,,,,,,,,,,,,,,,,,,,,,,,,,,,,,,,,,,,,,,,,,,,,,,,3.43999600410461,False,False,1874041,2026-06-22T11:30:00Z,-6.536649998029073,True,4,0,3.42939186096191,3.45636200904846,3.440934658050535,1
S2A_T29UPA_20260622T113333_L2A,2026-06-22,2026-06-22T11:36:32.199000Z,sentinel-2a,S2A_MSIL2A_20260622T113331_N0512_R080_T29UPA_20260622T175116.SAFE,sentinel-2-c1-l2a,05.12,L1279,Washing Bay,-6.569769770482481,54.523188284062314,True,396.0713035201496,False,provisional_filtered_view_no_row_flags,99.992752,57.4246131948939,9.305648276759818,Sen2Cor_BOA_not_aquatic_Rw,False,12.1554498672485,11.938380241394,0.571842789649963,0,True,False,352.9038840688248,True,scl_cloud_shadow_snow_nearby;scl_core_not_all_water;spectra_not_sampled_after_scl_rejection,False,,,,,,,,,,,,,,,,,,,,,,,,,,,,,,,,,,,,,,,,,,,,,,,,,,,,,,,,,,,,,,,,,,,,,,,14.3019456863403,False,False,1874101,2026-06-22T11:30:00Z,-6.536649998029073,True,4,0,11.938380241394,23.2129344940186,13.8019299507141,1
S2A_T29UPA_20260622T113333_L2A,2026-06-22,2026-06-22T11:36:32.199000Z,sentinel-2a,S2A_MSIL2A_20260622T113331_N0512_R080_T29UPA_20260622T175116.SAFE,sentinel-2-c1-l2a,05.12,L1284,Toome,-6.466696920835618,54.75354853784675,False,338.87523315847875,False,provisional_filtered_view_no_row_flags,99.992752,57.4246131948939,9.305648276759818,Sen2Cor_BOA_not_aquatic_Rw,False,,,,0,True,False,298.5451035583995,False,footprint_shore_buffer_100m;no_probe_within_15min;outside_lake_polygon;scl_cloud_shadow_snow_nearby;scl_core_not_all_water;spectra_not_sampled_after_scl_rejection,False,,,,,,,,,,,,,,,,,,,,,,,,,,,,,,,,,,,,,,,,,,,,,,,,,,,,,,,,,,,,,,,,,,,,,,,,,,,,,,,,,,,
S2C_T29UPA_20260623T114436_L2A,2026-06-23,2026-06-23T11:46:12.990000Z,sentinel-2c,S2C_MSIL2A_20260623T114351_N0512_R123_T29UPA_20260623T163012.SAFE,sentinel-2-c1-l2a,05.12,L1278,Rea's Wood,-6.241996568375846,54.712602169290584,True,270.8840794505137,False,provisional_filtered_view_no_row_flags,37.092447,57.8952130478874,2.9743507405594207,Sen2Cor_BOA_not_aquatic_Rw,False,4.32172536849976,5.28423070907593,0.905758619308472,0,True,False,219.1519161730116,True,scl_cloud_shadow_snow_nearby;scl_core_not_all_water;spectra_not_sampled_after_scl_rejection,False,,,,,,,,,,,,,,,,,,,,,,,,,,,,,,,,,,,,,,,,,,,,,,,,,,,,,,,,,,,,,,,,,,,,,,,4.15234136581421,False,False,1875928,2026-06-23T12:00:00Z,13.783499999841053,True,4,0,4.01751184463501,4.32172536849976,4.11224317550659,1
S2C_T29UPA_20260623T114436_L2A,2026-06-23,2026-06-23T11:46:12.990000Z,sentinel-2c,S2C_MSIL2A_20260623T114351_N0512_R123_T29UPA_20260623T163012.SAFE,sentinel-2-c1-l2a,05.12,L1279,Washing Bay,-6.569769770482481,54.523188284062314,True,396.0713035201496,False,provisional_filtered_view_no_row_flags,37.092447,57.8952130478874,2.9743507405594207,Sen2Cor_BOA_not_aquatic_Rw,False,12.039568901062,11.0392389297485,0.773773491382599,0,True,False,352.9038840688248,True,scl_cloud_shadow_snow_nearby;scl_core_not_all_water;spectra_not_sampled_after_scl_rejection,False,,,,,,,,,,,,,,,,,,,,,,,,,,,,,,,,,,,,,,,,,,,,,,,,,,,,,,,,,,,,,,,,,,,,,,,11.7964401245117,False,False,1876032,2026-06-23T12:00:00Z,13.783499999841053,True,4,0,11.6179933547974,12.6330480575562,11.91800451278685,1
S2C_T29UPA_20260623T114436_L2A,2026-06-23,2026-06-23T11:46:12.990000Z,sentinel-2c,S2C_MSIL2A_20260623T114351_N0512_R123_T29UPA_20260623T163012.SAFE,sentinel-2-c1-l2a,05.12,L1284,Toome,-6.466696920835618,54.75354853784675,False,338.87523315847875,False,provisional_filtered_view_no_row_flags,37.092447,57.8952130478874,2.9743507405594207,Sen2Cor_BOA_not_aquatic_Rw,False,20.3343677520752,,1.18137860298157,0,True,False,298.5451035583995,False,footprint_shore_buffer_100m;outside_lake_polygon;probe_gap_or_unbracketed;scl_cloud_shadow_snow_nearby;scl_core_not_all_water;spectra_not_sampled_after_scl_rejection,False,,,,,,,,,,,,,,,,,,,,,,,,,,,,,,,,,,,,,,,,,,,,,,,,,,,,,,,,,,,,,,,,,,,,,,,33.3476448059082,False,False,1876088,2026-06-23T12:00:00Z,13.783499999841053,False,2,0,20.3343677520752,33.3476448059082,26.8410062789917,1
S2B_T29UPA_20260625T113315_L2A,2026-06-25,2026-06-25T11:36:13.826000Z,sentinel-2b,S2B_MSIL2A_20260625T113319_N0512_R080_T29UPA_20260625T141327.SAFE,sentinel-2-c1-l2a,05.12,L1278,Rea's Wood,-6.241996568375846,54.712602169290584,True,270.8840794505137,False,provisional_filtered_view_no_row_flags,7.723391,57.318518227456,9.321769621573235,Sen2Cor_BOA_not_aquatic_Rw,False,3.61456298828125,3.61719346046448,0.350834280252457,9,False,False,219.1519161730116,True,,True,0.016350000000000003,0.0017100194930662826,36,1123,0,0,0.10437555400201112,0.016299999999999995,0.0012928220638931296,36,1114,0,0,0.07972181277861023,0.013650000000000002,0.0009433326789684945,36,1110,0,0,0.06930607437319551,0.016700000000000007,0.0007859884081701043,9,1152,0,0,0.04753962146190148,0.016200000000000006,0.0005465943944999486,9,1153,0,0,0.03355627251363941,0.016799999999999995,0.00036209268304000704,9,1165,0,0,0.021383426163779938,0.015299999999999994,0.00046577295374940393,36,1142,0,0,0.03047587483638412,0.017799999999999996,0.0003359159212851325,9,1172,0,0,0.018895270572288705,0.016,0.0002671292284482494,9,1157,0,0,0.01663780661615394,0.013399999999999995,0.0003744955454745064,9,1125,0,0,0.028275670379786563,3.61900734901428,False,False,1879425,2026-06-25T11:30:00Z,-6.230433332920074,True,4,0,3.59910750389099,3.6229465007782,3.61810040473938,1
S2B_T29UPA_20260625T113315_L2A,2026-06-25,2026-06-25T11:36:13.826000Z,sentinel-2b,S2B_MSIL2A_20260625T113319_N0512_R080_T29UPA_20260625T141327.SAFE,sentinel-2-c1-l2a,05.12,L1279,Washing Bay,-6.569769770482481,54.523188284062314,True,396.0713035201496,False,provisional_filtered_view_no_row_flags,7.723391,57.318518227456,9.321769621573235,Sen2Cor_BOA_not_aquatic_Rw,False,6.04332304000854,7.58632278442383,1.09219896793365,9,False,False,352.9038840688248,True,,True,0.013150000000000002,0.001133207373174604,36,1095,0,0,0.08615726596470062,0.013650000000000002,0.0008805993679952195,36,1116,0,0,0.06395315159941073,0.011449999999999995,0.0008365309023683972,36,1099,0,0,0.07256653610906577,0.018199999999999994,0.0009225568335398689,9,1165,0,0,0.05125315741888161,0.0126,0.00032810717911629787,9,1120,0,0,0.02606323576387185,0.015,0.00025288459281646973,9,1148,0,0,0.016772006892765128,0.012499999999999997,0.0007383822406676191,36,1113,0,0,0.05825500912565042,0.013499999999999998,0.0005981452814975452,9,1123,0,0,0.04441672882407513,0.012999999999999998,0.00020061633428075442,9,1125,0,0,0.015498257583920943,0.010099999999999998,0.00047609522856952334,9,1094,0,0,0.04713814144252706,6.5890097618103,False,False,1879501,2026-06-25T11:30:00Z,-6.230433332920074,True,4,0,6.28553056716919,7.77274084091187,7.087666273117065,1
S2B_T29UPA_20260625T113315_L2A,2026-06-25,2026-06-25T11:36:13.826000Z,sentinel-2b,S2B_MSIL2A_20260625T113319_N0512_R080_T29UPA_20260625T141327.SAFE,sentinel-2-c1-l2a,05.12,L1284,Toome,-6.466696920835618,54.75354853784675,False,338.87523315847875,False,provisional_filtered_view_no_row_flags,7.723391,57.318518227456,9.321769621573235,Sen2Cor_BOA_not_aquatic_Rw,False,,,,5,False,True,298.5451035583995,False,footprint_shore_buffer_100m;no_probe_within_15min;outside_lake_polygon;scl_core_not_all_water;spectra_not_sampled_after_scl_rejection,False,,,,,,,,,,,,,,,,,,,,,,,,,,,,,,,,,,,,,,,,,,,,,,,,,,,,,,,,,,,,,,,,,,,,,,,,,,,,,,,,,,,
S2A_T29UPA_20260625T114616_L2A,2026-06-25,2026-06-25T11:46:30.148000Z,sentinel-2a,S2A_MSIL2A_20260625T114401_N0512_R123_T29UPA_20260625T194214.SAFE,sentinel-2-c1-l2a,05.12,L1278,Rea's Wood,-6.241996568375846,54.712602169290584,True,270.8840794505137,False,provisional_filtered_view_no_row_flags,7.184827,57.8461674737065,2.9655306476279355,Sen2Cor_BOA_not_aquatic_Rw,False,3.6229465007782,3.58874893188477,0.4128457903862,9,False,False,219.1519161730116,True,,True,0.019299999999999998,0.0012505554321536043,36,1166,0,0,0.06435105139726953,0.02305,0.0018537312222769642,36,1207,0,0,0.0786868576842008,0.022350000000000002,0.0015208098679062386,36,1201,0,0,0.06718512117391653,0.0262,0.001138658513285066,9,1245,0,0,0.043441825432664664,0.027600000000000013,0.0013216151734399334,9,1257,0,0,0.04794250931462878,0.0295,0.0008844332774281086,9,1282,0,0,0.029980789065359618,0.02685,0.00099693976191588,36,1247,0,0,0.037060957692040146,0.030299999999999994,0.0009480324003422947,9,1293,0,0,0.030992704696987478,0.022400000000000003,0.0013349989596333877,9,1203,0,0,0.05933328709481722,0.018100000000000005,0.000962378740157,9,1159,0,0,0.053235455816920706,3.59910750389099,False,False,1879588,2026-06-25T12:00:00Z,13.497533333301543,True,4,0,3.59910750389099,3.6229465007782,3.61810040473938,1
S2A_T29UPA_20260625T114616_L2A,2026-06-25,2026-06-25T11:46:30.148000Z,sentinel-2a,S2A_MSIL2A_20260625T114401_N0512_R123_T29UPA_20260625T194214.SAFE,sentinel-2-c1-l2a,05.12,L1279,Washing Bay,-6.569769770482481,54.523188284062314,True,396.0713035201496,False,provisional_filtered_view_no_row_flags,7.184827,57.8461674737065,2.9655306476279355,Sen2Cor_BOA_not_aquatic_Rw,False,6.28553056716919,7.05998420715332,1.23695743083954,9,False,False,352.9038840688248,True,,True,0.013600000000000001,0.001267577036400501,36,1110,0,0,0.0919459466258675,0.0189,0.001025549386041393,36,1160,0,0,0.054158395038125494,0.01675,0.0009348656403099317,36,1151,0,0,0.05543594638635735,0.0232,0.001067823446820798,9,1213,0,0,0.04631523383801051,0.0204,0.0007299585646958581,9,1190,0,0,0.03564637592112166,0.020699999999999996,0.0006110100926607762,9,1200,0,0,0.02923493266319504,0.0194,0.0003526246386775459,36,1188,0,0,0.018205201480555933,0.0203,0.000454606056566195,9,1197,0,0,0.022284610615989953,0.016,0.00022333056935824088,9,1155,0,0,0.013948474144511922,0.012800000000000006,0.00027125679146074963,9,1122,0,0,0.02126577633403089,7.77274084091187,False,False,1879648,2026-06-25T12:00:00Z,13.497533333301543,True,4,0,6.28553056716919,7.77274084091187,7.087666273117065,1
S2A_T29UPA_20260625T114616_L2A,2026-06-25,2026-06-25T11:46:30.148000Z,sentinel-2a,S2A_MSIL2A_20260625T114401_N0512_R123_T29UPA_20260625T194214.SAFE,sentinel-2-c1-l2a,05.12,L1284,Toome,-6.466696920835618,54.75354853784675,False,338.87523315847875,False,provisional_filtered_view_no_row_flags,7.184827,57.8461674737065,2.9655306476279355,Sen2Cor_BOA_not_aquatic_Rw,False,22.7346324920654,32.4605827331543,0.377293080091476,5,False,True,298.5451035583995,False,footprint_shore_buffer_100m;outside_lake_polygon;probe_gap_or_unbracketed;scl_core_not_all_water;spectra_not_sampled_after_scl_rejection,False,,,,,,,,,,,,,,,,,,,,,,,,,,,,,,,,,,,,,,,,,,,,,,,,,,,,,,,,,,,,,,,,,,,,,,,25.7648391723633,False,False,1879688,2026-06-25T12:00:00Z,13.497533333301543,False,2,0,22.7346324920654,25.7648391723633,24.24973583221435,1
S2B_T29UPA_20260628T114344_L2A,2026-06-28,2026-06-28T11:46:11.269000Z,sentinel-2b,S2B_MSIL2A_20260628T114349_N0512_R123_T29UPA_20260628T152530.SAFE,sentinel-2-c1-l2a,05.12,L1278,Rea's Wood,-6.241996568375846,54.712602169290584,True,270.8840794505137,False,provisional_filtered_view_no_row_flags,64.175355,57.6886152581845,2.979270224945793,Sen2Cor_BOA_not_aquatic_Rw,False,4.79621505737305,5.13076257705688,0.447520017623901,0,True,False,219.1519161730116,True,scl_cloud_shadow_snow_nearby;scl_core_not_all_water;spectra_not_sampled_after_scl_rejection,False,,,,,,,,,,,,,,,,,,,,,,,,,,,,,,,,,,,,,,,,,,,,,,,,,,,,,,,,,,,,,,,,,,,,,,,5.16990995407104,False,False,1916044,2026-06-28T12:00:00Z,13.812183332443237,True,4,0,4.74488973617554,5.16990995407104,4.80847525596619,1
S2B_T29UPA_20260628T114344_L2A,2026-06-28,2026-06-28T11:46:11.269000Z,sentinel-2b,S2B_MSIL2A_20260628T114349_N0512_R123_T29UPA_20260628T152530.SAFE,sentinel-2-c1-l2a,05.12,L1279,Washing Bay,-6.569769770482481,54.523188284062314,True,396.0713035201496,False,provisional_filtered_view_no_row_flags,64.175355,57.6886152581845,2.979270224945793,Sen2Cor_BOA_not_aquatic_Rw,False,6.29532480239868,5.96227073669434,0.666763305664063,9,False,False,352.9038840688248,True,,True,0.04089999999999999,0.0025077087939116335,36,1338,0,0,0.06229902462274433,0.034850000000000006,0.002456791732582139,36,1291,0,0,0.07183018141229351,0.02940000000000001,0.0020537435707315014,36,1243,0,0,0.07073066923020573,0.02990000000000001,0.0014885571769790334,9,1269,0,0,0.050364716514328195,0.025999999999999995,0.0016937794687883316,9,1235,0,0,0.06448398992848978,0.026100000000000012,0.0012314800891108835,9,1235,0,0,0.04716306724254447,0.0247,0.0022074369249828582,36,1202,0,0,0.08973320833263652,0.0223,0.001175679472569892,9,1201,0,0,0.05272105258160951,0.018699999999999994,0.0009498537899183342,9,1175,0,0,0.05079432031648845,0.017100000000000004,0.0010446808243149478,9,1159,0,0,0.06093407270793602,5.937744140625,False,False,1916104,2026-06-28T12:00:00Z,13.812183332443237,True,4,0,4.32365560531616,6.29532480239868,5.41872501373291,1
S2B_T29UPA_20260628T114344_L2A,2026-06-28,2026-06-28T11:46:11.269000Z,sentinel-2b,S2B_MSIL2A_20260628T114349_N0512_R123_T29UPA_20260628T152530.SAFE,sentinel-2-c1-l2a,05.12,L1284,Toome,-6.466696920835618,54.75354853784675,False,338.87523315847875,False,provisional_filtered_view_no_row_flags,64.175355,57.6886152581845,2.979270224945793,Sen2Cor_BOA_not_aquatic_Rw,False,30.1070327758789,29.978235244751,0.286341905593872,0,True,False,298.5451035583995,False,footprint_shore_buffer_100m;outside_lake_polygon;probe_gap_or_unbracketed;scl_cloud_shadow_snow_nearby;scl_core_not_all_water;spectra_not_sampled_after_scl_rejection,False,,,,,,,,,,,,,,,,,,,,,,,,,,,,,,,,,,,,,,,,,,,,,,,,,,,,,,,,,,,,,,,,,,,,,,,34.9396743774414,False,False,1916284,2026-06-28T12:00:00Z,13.812183332443237,False,2,0,30.1070327758789,34.9396743774414,32.52335357666015,1
S2C_T29UPA_20260630T113316_L2A,2026-06-30,2026-06-30T11:36:14.196000Z,sentinel-2c,S2C_MSIL2A_20260630T113321_N0512_R080_T29UPA_20260630T150055.SAFE,sentinel-2-c1-l2a,05.12,L1278,Rea's Wood,-6.241996568375846,54.712602169290584,True,270.8840794505137,False,provisional_filtered_view_no_row_flags,92.706341,57.0404126318153,9.341321970194693,Sen2Cor_BOA_not_aquatic_Rw,False,3.78358721733093,3.81843757629395,0.552825391292572,0,True,False,219.1519161730116,True,scl_cloud_shadow_snow_nearby;scl_core_not_all_water;spectra_not_sampled_after_scl_rejection,False,,,,,,,,,,,,,,,,,,,,,,,,,,,,,,,,,,,,,,,,,,,,,,,,,,,,,,,,,,,,,,,,,,,,,,,3.77881050109863,False,False,1919497,2026-06-30T11:30:00Z,-6.236600001653035,True,4,0,3.76963448524475,3.88061213493347,3.79862403869629,1
S2C_T29UPA_20260630T113316_L2A,2026-06-30,2026-06-30T11:36:14.196000Z,sentinel-2c,S2C_MSIL2A_20260630T113321_N0512_R080_T29UPA_20260630T150055.SAFE,sentinel-2-c1-l2a,05.12,L1279,Washing Bay,-6.569769770482481,54.523188284062314,True,396.0713035201496,False,provisional_filtered_view_no_row_flags,92.706341,57.0404126318153,9.341321970194693,Sen2Cor_BOA_not_aquatic_Rw,False,10.9140777587891,11.8005676269531,0.610184133052826,0,True,False,352.9038840688248,True,scl_cloud_shadow_snow_nearby;scl_core_not_all_water;spectra_not_sampled_after_scl_rejection,False,,,,,,,,,,,,,,,,,,,,,,,,,,,,,,,,,,,,,,,,,,,,,,,,,,,,,,,,,,,,,,,,,,,,,,,11.6120729446411,False,False,1919557,2026-06-30T11:30:00Z,-6.236600001653035,True,4,0,10.6660356521606,11.8005676269531,11.44492149353025,1
S2C_T29UPA_20260630T113316_L2A,2026-06-30,2026-06-30T11:36:14.196000Z,sentinel-2c,S2C_MSIL2A_20260630T113321_N0512_R080_T29UPA_20260630T150055.SAFE,sentinel-2-c1-l2a,05.12,L1284,Toome,-6.466696920835618,54.75354853784675,False,338.87523315847875,False,provisional_filtered_view_no_row_flags,92.706341,57.0404126318153,9.341321970194693,Sen2Cor_BOA_not_aquatic_Rw,False,,,,0,True,False,298.5451035583995,False,footprint_shore_buffer_100m;no_probe_within_15min;outside_lake_polygon;scl_cloud_shadow_snow_nearby;scl_core_not_all_water;spectra_not_sampled_after_scl_rejection,False,,,,,,,,,,,,,,,,,,,,,,,,,,,,,,,,,,,,,,,,,,,,,,,,,,,,,,,,,,,,,,,,,,,,,,,,,,,,,,,,,,,
S2A_T29UPA_20260702T113620_L2A,2026-07-02,2026-07-02T11:36:32.584000Z,sentinel-2a,S2A_MSIL2A_20260702T113331_N0512_R080_T29UPA_20260702T195712.SAFE,sentinel-2-c1-l2a,05.12,L1278,Rea's Wood,-6.241996568375846,54.712602169290584,True,270.8840794505137,False,provisional_filtered_view_no_row_flags,88.857716,56.9013920516268,9.290466744750347,Sen2Cor_BOA_not_aquatic_Rw,False,3.92116618156433,4.07036018371582,0.579070270061493,1,True,True,219.1519161730116,True,scl_cloud_shadow_snow_nearby;scl_core_not_all_water;spectra_not_sampled_after_scl_rejection,False,,,,,,,,,,,,,,,,,,,,,,,,,,,,,,,,,,,,,,,,,,,,,,,,,,,,,,,,,,,,,,,,,,,,,,,4.09924697875977,False,False,1923097,2026-07-02T11:30:00Z,-6.543066668510437,True,4,0,4.0335841178894,4.09924697875977,4.054044008255005,1
S2A_T29UPA_20260702T113620_L2A,2026-07-02,2026-07-02T11:36:32.584000Z,sentinel-2a,S2A_MSIL2A_20260702T113331_N0512_R080_T29UPA_20260702T195712.SAFE,sentinel-2-c1-l2a,05.12,L1279,Washing Bay,-6.569769770482481,54.523188284062314,True,396.0713035201496,False,provisional_filtered_view_no_row_flags,88.857716,56.9013920516268,9.290466744750347,Sen2Cor_BOA_not_aquatic_Rw,False,7.36937475204468,7.33171033859253,0.661420047283173,0,True,False,352.9038840688248,True,scl_cloud_shadow_snow_nearby;scl_core_not_all_water;spectra_not_sampled_after_scl_rejection,False,,,,,,,,,,,,,,,,,,,,,,,,,,,,,,,,,,,,,,,,,,,,,,,,,,,,,,,,,,,,,,,,,,,,,,,7.80853462219238,False,False,1923287,2026-07-02T11:30:00Z,-6.543066668510437,True,4,0,5.22462129592896,7.80853462219238,6.918999195098875,1
S2A_T29UPA_20260702T113620_L2A,2026-07-02,2026-07-02T11:36:32.584000Z,sentinel-2a,S2A_MSIL2A_20260702T113331_N0512_R080_T29UPA_20260702T195712.SAFE,sentinel-2-c1-l2a,05.12,L1284,Toome,-6.466696920835618,54.75354853784675,False,338.87523315847875,False,provisional_filtered_view_no_row_flags,88.857716,56.9013920516268,9.290466744750347,Sen2Cor_BOA_not_aquatic_Rw,False,,,,0,True,False,298.5451035583995,False,footprint_shore_buffer_100m;no_probe_within_15min;outside_lake_polygon;scl_cloud_shadow_snow_nearby;scl_core_not_all_water;spectra_not_sampled_after_scl_rejection,False,,,,,,,,,,,,,,,,,,,,,,,,,,,,,,,,,,,,,,,,,,,,,,,,,,,,,,,,,,,,,,,,,,,,,,,,,,,,,,,,,,,
S2C_T29UPA_20260703T114346_L2A,2026-07-03,2026-07-03T11:46:12.262000Z,sentinel-2c,S2C_MSIL2A_20260703T114351_N0512_R123_T29UPA_20260703T151711.SAFE,sentinel-2-c1-l2a,05.12,L1278,Rea's Wood,-6.241996568375846,54.712602169290584,True,270.8840794505137,False,provisional_filtered_view_no_row_flags,99.99975,57.3214907376118,2.9720256637644917,Sen2Cor_BOA_not_aquatic_Rw,False,3.99851250648499,4.2848596572876,1.6094274520874,0,True,False,219.1519161730116,True,scl_cloud_shadow_snow_nearby;scl_core_not_all_water;spectra_not_sampled_after_scl_rejection,False,,,,,,,,,,,,,,,,,,,,,,,,,,,,,,,,,,,,,,,,,,,,,,,,,,,,,,,,,,,,,,,,,,,,,,,3.89857363700867,False,False,1925044,2026-07-03T12:00:00Z,13.795633331934612,True,4,0,3.82568860054016,24.6527061462402,3.9485430717468297,1
S2C_T29UPA_20260703T114346_L2A,2026-07-03,2026-07-03T11:46:12.262000Z,sentinel-2c,S2C_MSIL2A_20260703T114351_N0512_R123_T29UPA_20260703T151711.SAFE,sentinel-2-c1-l2a,05.12,L1279,Washing Bay,-6.569769770482481,54.523188284062314,True,396.0713035201496,False,provisional_filtered_view_no_row_flags,99.99975,57.3214907376118,2.9720256637644917,Sen2Cor_BOA_not_aquatic_Rw,False,5.15386056900024,6.66677284240723,0.605123698711395,0,True,False,352.9038840688248,True,scl_cloud_shadow_snow_nearby;scl_core_not_all_water;spectra_not_sampled_after_scl_rejection,False,,,,,,,,,,,,,,,,,,,,,,,,,,,,,,,,,,,,,,,,,,,,,,,,,,,,,,,,,,,,,,,,,,,,,,,5.30777359008789,False,False,1925104,2026-07-03T12:00:00Z,13.795633331934612,True,4,0,4.98760986328125,5.52663421630859,5.230817079544065,1
S2C_T29UPA_20260703T114346_L2A,2026-07-03,2026-07-03T11:46:12.262000Z,sentinel-2c,S2C_MSIL2A_20260703T114351_N0512_R123_T29UPA_20260703T151711.SAFE,sentinel-2-c1-l2a,05.12,L1284,Toome,-6.466696920835618,54.75354853784675,False,338.87523315847875,False,provisional_filtered_view_no_row_flags,99.99975,57.3214907376118,2.9720256637644917,Sen2Cor_BOA_not_aquatic_Rw,False,9.48592281341553,11.1762046813965,0.384611248970032,0,True,False,298.5451035583995,False,footprint_shore_buffer_100m;outside_lake_polygon;probe_gap_or_unbracketed;scl_cloud_shadow_snow_nearby;scl_core_not_all_water;spectra_not_sampled_after_scl_rejection,False,,,,,,,,,,,,,,,,,,,,,,,,,,,,,,,,,,,,,,,,,,,,,,,,,,,,,,,,,,,,,,,,,,,,,,,10.0050468444824,False,False,1925284,2026-07-03T12:00:00Z,13.795633331934612,False,2,0,9.48592281341553,10.0050468444824,9.745484828948964,1
S2B_T29UPA_20260705T113314_L2A,2026-07-05,2026-07-05T11:36:13.541000Z,sentinel-2b,S2B_MSIL2A_20260705T113319_N0512_R080_T29UPA_20260705T141337.SAFE,sentinel-2-c1-l2a,05.12,L1278,Rea's Wood,-6.241996568375846,54.712602169290584,True,270.8840794505137,False,provisional_filtered_view_no_row_flags,100,56.6034606270987,9.3262665708385,Sen2Cor_BOA_not_aquatic_Rw,False,3.83276009559631,3.83372950553894,1.00504577159882,0,True,False,219.1519161730116,True,scl_cloud_shadow_snow_nearby;scl_core_not_all_water;spectra_not_sampled_after_scl_rejection,False,,,,,,,,,,,,,,,,,,,,,,,,,,,,,,,,,,,,,,,,,,,,,,,,,,,,,,,,,,,,,,,,,,,,,,,5.21764230728149,False,False,1928437,2026-07-05T11:30:00Z,-6.225683331489563,True,4,0,3.80711483955383,5.21764230728149,4.30683386325836,1
S2B_T29UPA_20260705T113314_L2A,2026-07-05,2026-07-05T11:36:13.541000Z,sentinel-2b,S2B_MSIL2A_20260705T113319_N0512_R080_T29UPA_20260705T141337.SAFE,sentinel-2-c1-l2a,05.12,L1279,Washing Bay,-6.569769770482481,54.523188284062314,True,396.0713035201496,False,provisional_filtered_view_no_row_flags,100,56.6034606270987,9.3262665708385,Sen2Cor_BOA_not_aquatic_Rw,False,4.68286657333374,3.30061841011047,0.622115671634674,0,True,False,352.9038840688248,True,scl_cloud_shadow_snow_nearby;scl_core_not_all_water;spectra_not_sampled_after_scl_rejection,False,,,,,,,,,,,,,,,,,,,,,,,,,,,,,,,,,,,,,,,,,,,,,,,,,,,,,,,,,,,,,,,,,,,,,,,4.15456342697144,False,False,1928541,2026-07-05T11:30:00Z,-6.225683331489563,True,4,0,3.30061841011047,4.84938716888428,3.83201897144318,1
S2B_T29UPA_20260705T113314_L2A,2026-07-05,2026-07-05T11:36:13.541000Z,sentinel-2b,S2B_MSIL2A_20260705T113319_N0512_R080_T29UPA_20260705T141337.SAFE,sentinel-2-c1-l2a,05.12,L1284,Toome,-6.466696920835618,54.75354853784675,False,338.87523315847875,False,provisional_filtered_view_no_row_flags,100,56.6034606270987,9.3262665708385,Sen2Cor_BOA_not_aquatic_Rw,False,,,,0,True,False,298.5451035583995,False,footprint_shore_buffer_100m;no_probe_within_15min;outside_lake_polygon;scl_cloud_shadow_snow_nearby;scl_core_not_all_water;spectra_not_sampled_after_scl_rejection,False,,,,,,,,,,,,,,,,,,,,,,,,,,,,,,,,,,,,,,,,,,,,,,,,,,,,,,,,,,,,,,,,,,,,,,,,,,,,,,,,,,,
S2A_T29UPA_20260705T114402_L2A,2026-07-05,2026-07-05T11:46:29.240000Z,sentinel-2a,S2A_MSIL2A_20260705T114401_N0512_R123_T29UPA_20260705T193811.SAFE,sentinel-2-c1-l2a,05.12,L1278,Rea's Wood,-6.241996568375846,54.712602169290584,True,270.8840794505137,False,provisional_filtered_view_no_row_flags,100,57.1434592315693,2.9725434142069678,Sen2Cor_BOA_not_aquatic_Rw,False,4.77993822097778,4.1372127532959,0.765525877475739,0,True,False,219.1519161730116,True,scl_cloud_shadow_snow_nearby;scl_core_not_all_water;spectra_not_sampled_after_scl_rejection,False,,,,,,,,,,,,,,,,,,,,,,,,,,,,,,,,,,,,,,,,,,,,,,,,,,,,,,,,,,,,,,,,,,,,,,,3.80711483955383,False,False,1928644,2026-07-05T12:00:00Z,13.512666666507721,True,4,0,3.80711483955383,5.21764230728149,4.30683386325836,1
S2A_T29UPA_20260705T114402_L2A,2026-07-05,2026-07-05T11:46:29.240000Z,sentinel-2a,S2A_MSIL2A_20260705T114401_N0512_R123_T29UPA_20260705T193811.SAFE,sentinel-2-c1-l2a,05.12,L1279,Washing Bay,-6.569769770482481,54.523188284062314,True,396.0713035201496,False,provisional_filtered_view_no_row_flags,100,57.1434592315693,2.9725434142069678,Sen2Cor_BOA_not_aquatic_Rw,False,4.84938716888428,3.38578605651855,0.620568096637726,0,True,False,352.9038840688248,True,scl_cloud_shadow_snow_nearby;scl_core_not_all_water;spectra_not_sampled_after_scl_rejection,False,,,,,,,,,,,,,,,,,,,,,,,,,,,,,,,,,,,,,,,,,,,,,,,,,,,,,,,,,,,,,,,,,,,,,,,3.50947451591492,False,False,1928704,2026-07-05T12:00:00Z,13.512666666507721,True,4,0,3.30061841011047,4.84938716888428,3.83201897144318,1
S2A_T29UPA_20260705T114402_L2A,2026-07-05,2026-07-05T11:46:29.240000Z,sentinel-2a,S2A_MSIL2A_20260705T114401_N0512_R123_T29UPA_20260705T193811.SAFE,sentinel-2-c1-l2a,05.12,L1284,Toome,-6.466696920835618,54.75354853784675,False,338.87523315847875,False,provisional_filtered_view_no_row_flags,100,57.1434592315693,2.9725434142069678,Sen2Cor_BOA_not_aquatic_Rw,False,8.99420261383057,8.92146110534668,0.551142871379852,0,True,False,298.5451035583995,False,footprint_shore_buffer_100m;outside_lake_polygon;probe_gap_or_unbracketed;scl_cloud_shadow_snow_nearby;scl_core_not_all_water;spectra_not_sampled_after_scl_rejection,False,,,,,,,,,,,,,,,,,,,,,,,,,,,,,,,,,,,,,,,,,,,,,,,,,,,,,,,,,,,,,,,,,,,,,,,9.19248294830322,False,False,1928744,2026-07-05T12:00:00Z,13.512666666507721,False,2,0,8.99420261383057,9.19248294830322,9.093342781066895,1
S2B_T29UPA_20260708T114435_L2A,2026-07-08,2026-07-08T11:46:12.036000Z,sentinel-2b,S2B_MSIL2A_20260708T114349_N0512_R123_T29UPA_20260708T152442.SAFE,sentinel-2-c1-l2a,05.12,L1278,Rea's Wood,-6.241996568375846,54.712602169290584,True,270.8840794505137,False,provisional_filtered_view_no_row_flags,0.048543,56.7960828352572,2.978646420060123,Sen2Cor_BOA_not_aquatic_Rw,False,9.16952514648438,4.11163854598999,4.54919528961182,9,False,False,219.1519161730116,True,,True,0.032049999999999995,0.0012432378823454377,36,1294,0,0,0.03883432864593125,0.04145,0.002164548466015118,36,1373,0,0,0.05253404218738235,0.023649999999999997,0.0009865257344293448,36,1210,0,0,0.04157196118395928,0.03989999999999999,0.002341467304021664,9,1368,0,0,0.058326060714627675,0.02629999999999999,0.0012445436468396325,9,1244,0,0,0.047261151145808825,0.027600000000000013,0.0010770329614269005,9,1257,0,0,0.03959680005245957,0.02185,0.0014809802392793101,36,1185,0,0,0.06764182772653535,0.017699999999999994,0.0008791129086601091,9,1155,0,0,0.050881132977112435,0.004400000000000001,0.00021998877636914726,9,1039,0,0,0.05089714620365874,0.002600000000000005,0.0004653420353638219,9,1022,0,0,0.1655366924219129,4.83399629592896,False,False,1934044,2026-07-08T12:00:00Z,13.799399999777476,True,3,0,4.83399629592896,33.6648101806641,9.16952514648438,1
S2B_T29UPA_20260708T114435_L2A,2026-07-08,2026-07-08T11:46:12.036000Z,sentinel-2b,S2B_MSIL2A_20260708T114349_N0512_R123_T29UPA_20260708T152442.SAFE,sentinel-2-c1-l2a,05.12,L1279,Washing Bay,-6.569769770482481,54.523188284062314,True,396.0713035201496,False,provisional_filtered_view_no_row_flags,0.048543,56.7960828352572,2.978646420060123,Sen2Cor_BOA_not_aquatic_Rw,False,7.83403635025024,10.0637788772583,0.702652096748352,9,False,False,352.9038840688248,True,,True,0.021900000000000003,0.000918029290261361,36,1200,0,0,0.0422406115150933,0.019500000000000003,0.0008014839631645011,36,1172,0,0,0.04118387478435918,0.014100000000000001,0.0006916778223107514,36,1124,0,0,0.04935659386161953,0.014100000000000001,0.0005202088849208715,9,1131,0,0,0.03709889036678165,0.014299999999999993,0.00034569664858008926,9,1137,0,0,0.024212216632068507,0.0155,0.00033333333333333576,9,1148,0,0,0.0215982721382291,0.0121,0.0004241458373696773,36,1109,0,0,0.034965079334344826,0.010499999999999995,0.0004320493798938572,9,1098,0,0,0.04114755998989116,0.003600000000000006,0.00032010800646417717,9,1032,0,0,0.08756753976223691,0.0023999999999999994,0.00021602468994692987,9,1022,0,0,0.09001028747788758,6.67674779891968,False,False,1934234,2026-07-08T12:00:00Z,13.799399999777476,True,4,0,6.67674779891968,7.94198417663574,7.582894325256345,1
S2B_T29UPA_20260708T114435_L2A,2026-07-08,2026-07-08T11:46:12.036000Z,sentinel-2b,S2B_MSIL2A_20260708T114349_N0512_R123_T29UPA_20260708T152442.SAFE,sentinel-2-c1-l2a,05.12,L1284,Toome,-6.466696920835618,54.75354853784675,False,338.87523315847875,False,provisional_filtered_view_no_row_flags,0.048543,56.7960828352572,2.978646420060123,Sen2Cor_BOA_not_aquatic_Rw,False,31.8705730438232,17.4683055877686,0.239442974328995,5,False,True,298.5451035583995,False,footprint_shore_buffer_100m;outside_lake_polygon;probe_gap_or_unbracketed;scl_core_not_all_water;spectra_not_sampled_after_scl_rejection,False,,,,,,,,,,,,,,,,,,,,,,,,,,,,,,,,,,,,,,,,,,,,,,,,,,,,,,,,,,,,,,,,,,,,,,,18.9049758911133,False,False,1934084,2026-07-08T12:00:00Z,13.799399999777476,False,2,0,18.9049758911133,31.8705730438232,25.387774467468248,1
S2C_T29UPA_20260710T113318_L2A,2026-07-10,2026-07-10T11:36:16Z,sentinel-2c,S2C_MSIL2A_20260710T113321_N0512_R080_T29UPA_20260710T150914.SAFE,sentinel-2-c1-l2a,05.12,L1278,Rea's Wood,-6.241996568375846,54.712602169290584,True,270.8840794505137,False,provisional_filtered_view_no_row_flags,57.705188,56.0175193106958,9.330844414885107,Sen2Cor_BOA_not_aquatic_Rw,False,3.86252975463867,22.8821277618408,0.756117522716522,0,True,False,219.1519161730116,True,scl_cloud_shadow_snow_nearby;scl_core_not_all_water;spectra_not_sampled_after_scl_rejection,False,,,,,,,,,,,,,,,,,,,,,,,,,,,,,,,,,,,,,,,,,,,,,,,,,,,,,,,,,,,,,,,,,,,,,,,4.65935754776001,False,False,1937377,2026-07-10T11:30:00Z,-6.266666666666667,True,4,0,4.13130712509155,22.8821277618408,4.673117876052855,1
S2C_T29UPA_20260710T113318_L2A,2026-07-10,2026-07-10T11:36:16Z,sentinel-2c,S2C_MSIL2A_20260710T113321_N0512_R080_T29UPA_20260710T150914.SAFE,sentinel-2-c1-l2a,05.12,L1279,Washing Bay,-6.569769770482481,54.523188284062314,True,396.0713035201496,False,provisional_filtered_view_no_row_flags,57.705188,56.0175193106958,9.330844414885107,Sen2Cor_BOA_not_aquatic_Rw,False,13.0661001205444,12.0218553543091,0.836665093898773,0,True,False,352.9038840688248,True,scl_cloud_shadow_snow_nearby;scl_core_not_all_water;spectra_not_sampled_after_scl_rejection,False,,,,,,,,,,,,,,,,,,,,,,,,,,,,,,,,,,,,,,,,,,,,,,,,,,,,,,,,,,,,,,,,,,,,,,,14.4275207519531,False,False,1937655,2026-07-10T11:30:00Z,-6.266666666666667,True,4,0,10.5997200012207,14.4275207519531,12.31419610977175,1
S2C_T29UPA_20260710T113318_L2A,2026-07-10,2026-07-10T11:36:16Z,sentinel-2c,S2C_MSIL2A_20260710T113321_N0512_R080_T29UPA_20260710T150914.SAFE,sentinel-2-c1-l2a,05.12,L1284,Toome,-6.466696920835618,54.75354853784675,False,338.87523315847875,False,provisional_filtered_view_no_row_flags,57.705188,56.0175193106958,9.330844414885107,Sen2Cor_BOA_not_aquatic_Rw,False,,,,0,True,False,298.5451035583995,False,footprint_shore_buffer_100m;no_probe_within_15min;outside_lake_polygon;scl_cloud_shadow_snow_nearby;scl_core_not_all_water;spectra_not_sampled_after_scl_rejection,False,,,,,,,,,,,,,,,,,,,,,,,,,,,,,,,,,,,,,,,,,,,,,,,,,,,,,,,,,,,,,,,,,,,,,,,,,,,,,,,,,,,
S2A_T29UPA_20260712T113332_L2A,2026-07-12,2026-07-12T11:36:31.660000Z,sentinel-2a,S2A_MSIL2A_20260712T113331_N0512_R080_T29UPA_20260712T174812.SAFE,sentinel-2-c1-l2a,05.12,L1278,Rea's Wood,-6.241996568375846,54.712602169290584,True,270.8840794505137,False,provisional_filtered_view_no_row_flags,0.068621,55.7562204141011,9.323085791288797,Sen2Cor_BOA_not_aquatic_Rw,False,3.93157458305359,4.05242252349854,0.611989378929138,9,False,False,219.1519161730116,True,,True,0.013300000000000006,0.0010603982480391243,36,1112,0,0,0.07952986860293433,0.015150000000000004,0.0010095378480605207,36,1135,0,0,0.06562542890967632,0.010700000000000001,0.0006078194176270161,36,1091,0,0,0.05645381587867023,0.011099999999999999,0.0008786915075452232,9,1094,0,0,0.08053180822715893,0.008599999999999997,0.00030912061651652286,9,1081,0,0,0.03594425773447941,0.007900000000000004,0.0006359594676112939,9,1070,0,0,0.07851351451991284,0.0068000000000000005,0.0002620550314460163,36,1064,0,0,0.03838072063489254,0.006699999999999998,0.0002538591035287959,9,1064,0,0,0.03770184705873205,0.005699999999999997,0.0002131480677027881,9,1054,0,0,0.03746743377588071,0.004299999999999998,0.0003333333333333321,9,1039,0,0,0.0781249999999997,4.42262840270996,False,False,1941067,2026-07-12T11:30:00Z,-6.527666668097178,True,4,0,3.97629165649414,4.42262840270996,4.028144121170045,1
S2A_T29UPA_20260712T113332_L2A,2026-07-12,2026-07-12T11:36:31.660000Z,sentinel-2a,S2A_MSIL2A_20260712T113331_N0512_R080_T29UPA_20260712T174812.SAFE,sentinel-2-c1-l2a,05.12,L1279,Washing Bay,-6.569769770482481,54.523188284062314,True,396.0713035201496,False,provisional_filtered_view_no_row_flags,0.068621,55.7562204141011,9.323085791288797,Sen2Cor_BOA_not_aquatic_Rw,False,19.1366214752197,21.4587421417236,1.85418963432312,9,False,False,352.9038840688248,True,,True,0.017100000000000004,0.0010205602431392973,36,1147,0,0,0.05964313109255633,0.022950000000000005,0.0011068250667540295,36,1208,0,0,0.0479606432392213,0.017299999999999996,0.00048217453681277786,36,1163,0,0,0.028028876675698373,0.019699999999999995,0.0007484964352488565,9,1190,0,0,0.03752906917682289,0.012700000000000003,0.00021314806770278747,9,1124,0,0,0.016637750297702404,0.0126,0.00040123266856150554,9,1117,0,0,0.03207010672338854,0.010499999999999995,0.00043598724355559733,36,1094,0,0,0.0414677431122893,0.010099999999999998,0.00021602468994692917,9,1097,0,0,0.02138858316306229,0.005199999999999996,0.00021081851067789216,9,1048,0,0,0.04054202128421003,0.004500000000000004,0.00031071403231354596,9,1039,0,0,0.06887749484783039,20.7052822113037,False,False,1941127,2026-07-12T11:30:00Z,-6.527666668097178,True,4,0,16.8254318237305,22.6309013366699,21.08201217651365,1
S2A_T29UPA_20260712T113332_L2A,2026-07-12,2026-07-12T11:36:31.660000Z,sentinel-2a,S2A_MSIL2A_20260712T113331_N0512_R080_T29UPA_20260712T174812.SAFE,sentinel-2-c1-l2a,05.12,L1284,Toome,-6.466696920835618,54.75354853784675,False,338.87523315847875,False,provisional_filtered_view_no_row_flags,0.068621,55.7562204141011,9.323085791288797,Sen2Cor_BOA_not_aquatic_Rw,False,,,,5,False,True,298.5451035583995,False,footprint_shore_buffer_100m;no_probe_within_15min;outside_lake_polygon;scl_core_not_all_water;spectra_not_sampled_after_scl_rejection,False,,,,,,,,,,,,,,,,,,,,,,,,,,,,,,,,,,,,,,,,,,,,,,,,,,,,,,,,,,,,,,,,,,,,,,,,,,,,,,,,,,,
S2C_T29UPA_20260713T114348_L2A,2026-07-13,2026-07-13T11:46:14.250000Z,sentinel-2c,S2C_MSIL2A_20260713T114351_N0512_R123_T29UPA_20260713T163414.SAFE,sentinel-2-c1-l2a,05.12,L1278,Rea's Wood,-6.241996568375846,54.712602169290584,True,270.8840794505137,False,provisional_filtered_view_no_row_flags,28.797778,56.1217500103649,2.9833358798373686,Sen2Cor_BOA_not_aquatic_Rw,False,4.23827171325684,4.54393625259399,0.56222802400589,9,False,False,219.1519161730116,True,,True,0.013250000000000005,0.0010869987847392886,36,1107,0,0,0.08191742987359094,0.016050000000000002,0.0007091770574161532,36,1146,0,0,0.04415491882909291,0.011899999999999994,0.0006392209282100592,36,1106,0,0,0.05372858607415861,0.010999999999999996,0.00032126293988446616,9,1103,0,0,0.02950373937714485,0.010700000000000001,0.00018921540406584834,9,1105,0,0,0.017592341287114004,0.008900000000000005,0.00010657403385139264,9,1087,0,0,0.012034708966907575,0.008900000000000005,0.0002762597409041804,36,1083,0,0,0.030953472370216284,0.008900000000000005,0.00029228769862146435,9,1084,0,0,0.03288236609491474,0.005400000000000002,0.0003022549001941214,9,1049,0,0,0.05551620615810393,0.0040000000000000036,0.00024695678634325293,9,1035,0,0,0.061911172063768144,4.07143783569336,False,False,1942624,2026-07-13T12:00:00Z,13.7625,True,4,0,4.03451490402222,4.23827171325684,4.14518713951111,1
S2C_T29UPA_20260713T114348_L2A,2026-07-13,2026-07-13T11:46:14.250000Z,sentinel-2c,S2C_MSIL2A_20260713T114351_N0512_R123_T29UPA_20260713T163414.SAFE,sentinel-2-c1-l2a,05.12,L1279,Washing Bay,-6.569769770482481,54.523188284062314,True,396.0713035201496,False,provisional_filtered_view_no_row_flags,28.797778,56.1217500103649,2.9833358798373686,Sen2Cor_BOA_not_aquatic_Rw,False,18.5352039337158,20.2355709075928,1.27887070178986,0,True,False,352.9038840688248,True,scl_cloud_shadow_snow_nearby;scl_core_not_all_water;spectra_not_sampled_after_scl_rejection,False,,,,,,,,,,,,,,,,,,,,,,,,,,,,,,,,,,,,,,,,,,,,,,,,,,,,,,,,,,,,,,,,,,,,,,,25.4544105529785,False,False,1942684,2026-07-13T12:00:00Z,13.7625,True,4,0,16.6429958343506,25.4544105529785,20.86530780792235,1
S2C_T29UPA_20260713T114348_L2A,2026-07-13,2026-07-13T11:46:14.250000Z,sentinel-2c,S2C_MSIL2A_20260713T114351_N0512_R123_T29UPA_20260713T163414.SAFE,sentinel-2-c1-l2a,05.12,L1284,Toome,-6.466696920835618,54.75354853784675,False,338.87523315847875,False,provisional_filtered_view_no_row_flags,28.797778,56.1217500103649,2.9833358798373686,Sen2Cor_BOA_not_aquatic_Rw,False,30.0199794769287,21.5622940063477,0.0809076279401779,4,True,True,298.5451035583995,False,footprint_shore_buffer_100m;outside_lake_polygon;probe_gap_or_unbracketed;scl_cloud_shadow_snow_nearby;scl_core_not_all_water;spectra_not_sampled_after_scl_rejection,False,,,,,,,,,,,,,,,,,,,,,,,,,,,,,,,,,,,,,,,,,,,,,,,,,,,,,,,,,,,,,,,,,,,,,,,26.4767360687256,False,False,1949282,2026-07-13T12:00:00Z,13.7625,False,2,0,26.4767360687256,30.0199794769287,28.24835777282715,1
S2B_T29UPA_20260715T113512_L2A,2026-07-15,2026-07-15T11:36:15.532000Z,sentinel-2b,S2B_MSIL2A_20260715T113319_N0512_R080_T29UPA_20260715T141254.SAFE,sentinel-2-c1-l2a,05.12,L1278,Rea's Wood,-6.241996568375846,54.712602169290584,True,270.8840794505137,False,provisional_filtered_view_no_row_flags,6.678461,55.2841710535286,9.300865307393606,Sen2Cor_BOA_not_aquatic_Rw,False,4.04940032958984,4.16615295410156,1.21127927303314,9,False,False,219.1519161730116,True,,True,0.0221,0.0014570046857580758,36,1182,0,0,0.06642037316359468,0.0213,0.0011078389317790876,36,1180,0,0,0.051801794446093195,0.014150000000000003,0.0002595699196938586,36,1139,0,0,0.018229647110766502,0.015100000000000002,0.000338113867882286,9,1149,0,0,0.022115005893463477,0.011999999999999997,0.00021829869671542707,9,1116,0,0,0.018208417705642667,0.011499999999999996,0.00026666666666666657,9,1110,0,0,0.02325581395348837,0.0097,0.0004553861473627375,36,1089,0,0,0.04665310559208467,0.009099999999999997,0.00033993463423951894,9,1087,0,0,0.037083778280674794,0.004400000000000001,0.00016329931618554516,9,1042,0,0,0.03711348095126028,0.0030000000000000027,0.00040000000000000105,9,1025,0,0,0.13043478260869598,4.05966567993164,False,False,1945327,2026-07-15T11:30:00Z,-6.258866667747498,True,4,0,4.05966567993164,4.16615295410156,4.10042142868042,1
S2B_T29UPA_20260715T113512_L2A,2026-07-15,2026-07-15T11:36:15.532000Z,sentinel-2b,S2B_MSIL2A_20260715T113319_N0512_R080_T29UPA_20260715T141254.SAFE,sentinel-2-c1-l2a,05.12,L1279,Washing Bay,-6.569769770482481,54.523188284062314,True,396.0713035201496,False,provisional_filtered_view_no_row_flags,6.678461,55.2841710535286,9.300865307393606,Sen2Cor_BOA_not_aquatic_Rw,False,19.131591796875,13.2397394180298,1.90717053413391,9,False,False,352.9038840688248,True,,True,0.024099999999999996,0.001197167438808461,36,1203,0,0,0.04928868686768595,0.0233,0.001122590011238891,36,1212,0,0,0.04812818912063842,0.016,0.0008718992678820956,36,1141,0,0,0.05492278852800601,0.016,0.0008198162998087438,9,1146,0,0,0.051596830057892965,0.010300000000000004,0.000434897462017354,9,1100,0,0,0.0412442271670831,0.010800000000000004,0.00044499965321112875,9,1103,0,0,0.04099280326407532,0.008999999999999994,0.0008020806277010647,36,1076,0,0,0.08879121339864184,0.007900000000000004,0.00034569664858008915,9,1072,0,0,0.04388250828238086,0.0032999999999999974,0.00019876159799998372,9,1032,0,0,0.058843894144732053,0.0031000000000000055,0.0003402976184691886,9,1026,0,0,0.10784079458530622,12.2001991271973,False,False,1945431,2026-07-15T11:30:00Z,-6.258866667747498,True,4,0,12.2001991271973,16.2394390106201,14.048502922058098,1
S2B_T29UPA_20260715T113512_L2A,2026-07-15,2026-07-15T11:36:15.532000Z,sentinel-2b,S2B_MSIL2A_20260715T113319_N0512_R080_T29UPA_20260715T141254.SAFE,sentinel-2-c1-l2a,05.12,L1284,Toome,-6.466696920835618,54.75354853784675,False,338.87523315847875,False,provisional_filtered_view_no_row_flags,6.678461,55.2841710535286,9.300865307393606,Sen2Cor_BOA_not_aquatic_Rw,False,,,,5,False,True,298.5451035583995,False,footprint_shore_buffer_100m;no_probe_within_15min;outside_lake_polygon;scl_core_not_all_water;spectra_not_sampled_after_scl_rejection,False,,,,,,,,,,,,,,,,,,,,,,,,,,,,,,,,,,,,,,,,,,,,,,,,,,,,,,,,,,,,,,,,,,,,,,,,,,,,,,,,,,,
S2A_T29UPA_20260715T114613_L2A,2026-07-15,2026-07-15T11:46:30.066000Z,sentinel-2a,S2A_MSIL2A_20260715T114401_N0512_R123_T29UPA_20260715T194209.SAFE,sentinel-2-c1-l2a,05.12,L1278,Rea's Wood,-6.241996568375846,54.712602169290584,True,270.8840794505137,False,provisional_filtered_view_no_row_flags,13.83449,55.8235124936114,2.976126061189975,Sen2Cor_BOA_not_aquatic_Rw,False,4.06300783157349,4.13309907913208,1.21088075637817,9,False,False,219.1519161730116,True,,True,0.0201,0.0012087993992612332,36,1175,0,0,0.06018085793583792,0.022649999999999997,0.0012138952453431332,36,1195,0,0,0.05369238092192259,0.017150000000000006,0.0012676774719302634,36,1142,0,0,0.07358334245322394,0.018299999999999997,0.0013469673298392656,9,1165,0,0,0.07324897866195404,0.015299999999999994,0.0005533288710217211,9,1147,0,0,0.03587867319305108,0.015799999999999995,0.0014203112161133135,9,1142,0,0,0.08976686056895944,0.013399999999999995,0.0005902499993463743,36,1119,0,0,0.044121677692004715,0.013499999999999998,0.0004784233364802446,9,1128,0,0,0.035438765665203306,0.0068000000000000005,0.0008894442709417561,9,1060,0,0,0.12767142645096974,0.006099999999999994,0.0008891666232774479,9,1047,0,0,0.141637161230036,4.13783502578735,False,False,1945504,2026-07-15T12:00:00Z,13.498900000254313,True,4,0,4.05966567993164,4.16615295410156,4.10042142868042,1
S2A_T29UPA_20260715T114613_L2A,2026-07-15,2026-07-15T11:46:30.066000Z,sentinel-2a,S2A_MSIL2A_20260715T114401_N0512_R123_T29UPA_20260715T194209.SAFE,sentinel-2-c1-l2a,05.12,L1279,Washing Bay,-6.569769770482481,54.523188284062314,True,396.0713035201496,False,provisional_filtered_view_no_row_flags,13.83449,55.8235124936114,2.976126061189975,Sen2Cor_BOA_not_aquatic_Rw,False,16.2394390106201,17.0656986236572,1.43140411376953,9,False,False,352.9038840688248,True,,True,0.021649999999999996,0.0010528730534431342,36,1194,0,0,0.04865027586183139,0.02579999999999999,0.0008494914964077838,36,1242,0,0,0.03280593635558916,0.019299999999999998,0.0006778005460656651,36,1176,0,0,0.03531232946217647,0.020100000000000007,0.0002788866755113566,9,1194,0,0,0.01394433377556783,0.015799999999999995,0.00035901098714229964,9,1151,0,0,0.022818494945485143,0.015399999999999997,0.0006166416411338471,9,1146,0,0,0.03966958377558702,0.014349999999999995,0.00023267101768191067,36,1138,0,0,0.016220287832201363,0.013399999999999995,0.0004340449996583266,9,1130,0,0,0.03220449296722951,0.007099999999999995,0.00039721250959376316,9,1060,0,0,0.057290265806792764,0.005199999999999996,0.0002753224820747555,9,1051,0,0,0.051408762213128636,14.8572664260864,False,False,1945564,2026-07-15T12:00:00Z,13.498900000254313,True,4,0,12.2001991271973,16.2394390106201,14.048502922058098,1
S2A_T29UPA_20260715T114613_L2A,2026-07-15,2026-07-15T11:46:30.066000Z,sentinel-2a,S2A_MSIL2A_20260715T114401_N0512_R123_T29UPA_20260715T194209.SAFE,sentinel-2-c1-l2a,05.12,L1284,Toome,-6.466696920835618,54.75354853784675,False,338.87523315847875,False,provisional_filtered_view_no_row_flags,13.83449,55.8235124936114,2.976126061189975,Sen2Cor_BOA_not_aquatic_Rw,False,32.6471366882324,26.9478149414063,0.401789397001266,5,False,True,298.5451035583995,False,footprint_shore_buffer_100m;outside_lake_polygon;probe_gap_or_unbracketed;scl_core_not_all_water;spectra_not_sampled_after_scl_rejection,False,,,,,,,,,,,,,,,,,,,,,,,,,,,,,,,,,,,,,,,,,,,,,,,,,,,,,,,,,,,,,,,,,,,,,,,28.4083080291748,False,False,1949330,2026-07-15T12:00:00Z,13.498900000254313,False,2,0,28.4083080291748,32.6471366882324,30.5277223587036,1
S2B_T29UPA_20260718T114347_L2A,2026-07-18,2026-07-18T11:46:13.696000Z,sentinel-2b,S2B_MSIL2A_20260718T114349_N0512_R123_T29UPA_20260718T152635.SAFE,sentinel-2-c1-l2a,05.12,L1278,Rea's Wood,-6.241996568375846,54.712602169290584,True,270.8840794505137,False,provisional_filtered_view_no_row_flags,67.993659,55.3026943747676,2.9928402260231968,Sen2Cor_BOA_not_aquatic_Rw,False,4.11635780334473,4.20929002761841,0.667488813400269,9,False,False,219.1519161730116,True,,True,0.045799999999999993,0.0021990370367251408,36,1426,0,0,0.047779186023359926,0.033,0.002904317773315287,36,1310,0,0,0.08598309197314993,0.025499999999999995,0.00293199017017873,36,1235,0,0,0.1116121879310926,0.0213,0.0031366806391628027,9,1200,0,0,0.1394769058916266,0.015200000000000005,0.0038357319387794563,9,1133,0,0,0.2350005952962226,0.014200000000000004,0.004676127975099288,9,1123,0,0,0.3021188210760488,0.01475,0.003627929850479471,36,1127,0,0,0.23519804541195918,0.009800000000000003,0.005922837157984336,9,1070,0,0,0.4763675998378823,0.010300000000000004,0.00341792659696229,9,1083,0,0,0.3079213150416477,0.010499999999999995,0.002066547188900032,9,1097,0,0,0.18487996719781596,4.60120725631714,False,False,1952059,2026-07-18T12:00:00Z,13.771733331680299,True,4,0,4.11635780334473,4.60120725631714,4.347468376159664,1
S2B_T29UPA_20260718T114347_L2A,2026-07-18,2026-07-18T11:46:13.696000Z,sentinel-2b,S2B_MSIL2A_20260718T114349_N0512_R123_T29UPA_20260718T152635.SAFE,sentinel-2-c1-l2a,05.12,L1279,Washing Bay,-6.569769770482481,54.523188284062314,True,396.0713035201496,False,provisional_filtered_view_no_row_flags,67.993659,55.3026943747676,2.9928402260231968,Sen2Cor_BOA_not_aquatic_Rw,False,32.8103637695313,,8.36651706695557,9,False,False,352.9038840688248,True,no_probe_within_15min,False,0.10360000000000001,0.009034912992263833,36,1895,0,0,0.08734307251040521,0.11785,0.007251489310632831,36,2071,0,0,0.06139693200281802,0.08625000000000001,0.008255340116076308,36,1726,0,0,0.09578504018395174,0.13040000000000002,0.007406453642301121,9,2193,0,0,0.05575749291569225,0.08630000000000002,0.008967224270146873,9,1769,0,0,0.10015514821459649,0.08230000000000001,0.009538317785272178,9,1691,0,0,0.11211291637384041,0.08375,0.00932749817594312,36,1652,0,0,0.11283263922511838,0.06570000000000001,0.010181404011938677,9,1469,0,0,0.15880872808916482,0.0456,0.008415652670859418,9,1296,0,0,0.19395870432198403,0.03720000000000001,0.007177296165473012,9,1268,0,0,0.19479995624022048,,,,,,,,,,,,,
S2B_T29UPA_20260718T114347_L2A,2026-07-18,2026-07-18T11:46:13.696000Z,sentinel-2b,S2B_MSIL2A_20260718T114349_N0512_R123_T29UPA_20260718T152635.SAFE,sentinel-2-c1-l2a,05.12,L1284,Toome,-6.466696920835618,54.75354853784675,False,338.87523315847875,False,provisional_filtered_view_no_row_flags,67.993659,55.3026943747676,2.9928402260231968,Sen2Cor_BOA_not_aquatic_Rw,False,0.762776851654053,1.05106890201569,0.0354679152369499,0,True,False,298.5451035583995,False,footprint_shore_buffer_100m;outside_lake_polygon;probe_gap_or_unbracketed;scl_cloud_shadow_snow_nearby;scl_core_not_all_water;spectra_not_sampled_after_scl_rejection,False,,,,,,,,,,,,,,,,,,,,,,,,,,,,,,,,,,,,,,,,,,,,,,,,,,,,,,,,,,,,,,,,,,,,,,,1.62754428386688,False,False,1952159,2026-07-18T12:00:00Z,13.771733331680299,False,2,0,0.762776851654053,1.62754428386688,1.1951605677604666,1
S2C_T29UPA_20260720T113319_L2A,2026-07-20,2026-07-20T11:36:17.250000Z,sentinel-2c,S2C_MSIL2A_20260720T113321_N0512_R080_T29UPA_20260720T150854.SAFE,sentinel-2-c1-l2a,05.12,L1278,Rea's Wood,-6.241996568375846,54.712602169290584,True,270.8840794505137,False,provisional_filtered_view_no_row_flags,81.528366,54.4173078501009,9.317455152897804,Sen2Cor_BOA_not_aquatic_Rw,False,4.20094299316406,4.26429128646851,0.788882791996002,0,True,False,219.1519161730116,True,scl_cloud_shadow_snow_nearby;scl_core_not_all_water;spectra_not_sampled_after_scl_rejection,False,,,,,,,,,,,,,,,,,,,,,,,,,,,,,,,,,,,,,,,,,,,,,,,,,,,,,,,,,,,,,,,,,,,,,,,4.20574188232422,False,False,1955392,2026-07-20T11:30:00Z,-6.2875,True,4,0,4.20574188232422,4.47731733322144,4.240985631942751,1
S2C_T29UPA_20260720T113319_L2A,2026-07-20,2026-07-20T11:36:17.250000Z,sentinel-2c,S2C_MSIL2A_20260720T113321_N0512_R080_T29UPA_20260720T150854.SAFE,sentinel-2-c1-l2a,05.12,L1279,Washing Bay,-6.569769770482481,54.523188284062314,True,396.0713035201496,False,provisional_filtered_view_no_row_flags,81.528366,54.4173078501009,9.317455152897804,Sen2Cor_BOA_not_aquatic_Rw,False,,34.6609153747559,11.4020156860352,0,True,False,352.9038840688248,True,no_probe_within_15min;scl_cloud_shadow_snow_nearby;scl_core_not_all_water;spectra_not_sampled_after_scl_rejection,False,,,,,,,,,,,,,,,,,,,,,,,,,,,,,,,,,,,,,,,,,,,,,,,,,,,,,,,,,,,,,,,,,,,,,,,,,,,,,,,,,,,
S2C_T29UPA_20260720T113319_L2A,2026-07-20,2026-07-20T11:36:17.250000Z,sentinel-2c,S2C_MSIL2A_20260720T113321_N0512_R080_T29UPA_20260720T150854.SAFE,sentinel-2-c1-l2a,05.12,L1284,Toome,-6.466696920835618,54.75354853784675,False,338.87523315847875,False,provisional_filtered_view_no_row_flags,81.528366,54.4173078501009,9.317455152897804,Sen2Cor_BOA_not_aquatic_Rw,False,,,,0,True,False,298.5451035583995,False,footprint_shore_buffer_100m;no_probe_within_15min;outside_lake_polygon;scl_cloud_shadow_snow_nearby;scl_core_not_all_water;spectra_not_sampled_after_scl_rejection,False,,,,,,,,,,,,,,,,,,,,,,,,,,,,,,,,,,,,,,,,,,,,,,,,,,,,,,,,,,,,,,,,,,,,,,,,,,,,,,,,,,,
S2A_T29UPA_20260722T113621_L2A,2026-07-22,2026-07-22T11:36:33.806000Z,sentinel-2a,S2A_MSIL2A_20260722T113341_N0512_R080_T29UPA_20260722T195921.SAFE,sentinel-2-c1-l2a,05.12,L1278,Rea's Wood,-6.241996568375846,54.712602169290584,True,270.8840794505137,False,provisional_filtered_view_no_row_flags,77.741665,54.049083252356,9.288872697090714,Sen2Cor_BOA_not_aquatic_Rw,False,4.36481142044067,4.35696315765381,1.32867777347565,0,True,False,219.1519161730116,True,scl_cloud_shadow_snow_nearby;scl_core_not_all_water;spectra_not_sampled_after_scl_rejection,False,,,,,,,,,,,,,,,,,,,,,,,,,,,,,,,,,,,,,,,,,,,,,,,,,,,,,,,,,,,,,,,,,,,,,,,4.30603981018066,False,False,1959112,2026-07-22T11:30:00Z,-6.563433333237966,True,4,0,4.20470237731934,4.35696315765381,4.261501312255855,1
S2A_T29UPA_20260722T113621_L2A,2026-07-22,2026-07-22T11:36:33.806000Z,sentinel-2a,S2A_MSIL2A_20260722T113341_N0512_R080_T29UPA_20260722T195921.SAFE,sentinel-2-c1-l2a,05.12,L1279,Washing Bay,-6.569769770482481,54.523188284062314,True,396.0713035201496,False,provisional_filtered_view_no_row_flags,77.741665,54.049083252356,9.288872697090714,Sen2Cor_BOA_not_aquatic_Rw,False,8.93367099761963,18.8207492828369,5.72430944442749,0,True,False,352.9038840688248,True,scl_cloud_shadow_snow_nearby;scl_core_not_all_water;spectra_not_sampled_after_scl_rejection,False,,,,,,,,,,,,,,,,,,,,,,,,,,,,,,,,,,,,,,,,,,,,,,,,,,,,,,,,,,,,,,,,,,,,,,,13.4135360717773,False,False,1959172,2026-07-22T11:30:00Z,-6.563433333237966,True,4,0,10.7729949951172,18.8207492828369,13.4816689491272,1
S2A_T29UPA_20260722T113621_L2A,2026-07-22,2026-07-22T11:36:33.806000Z,sentinel-2a,S2A_MSIL2A_20260722T113341_N0512_R080_T29UPA_20260722T195921.SAFE,sentinel-2-c1-l2a,05.12,L1284,Toome,-6.466696920835618,54.75354853784675,False,338.87523315847875,False,provisional_filtered_view_no_row_flags,77.741665,54.049083252356,9.288872697090714,Sen2Cor_BOA_not_aquatic_Rw,False,,,,0,True,False,298.5451035583995,False,footprint_shore_buffer_100m;no_probe_within_15min;outside_lake_polygon;scl_cloud_shadow_snow_nearby;scl_core_not_all_water;spectra_not_sampled_after_scl_rejection,False,,,,,,,,,,,,,,,,,,,,,,,,,,,,,,,,,,,,,,,,,,,,,,,,,,,,,,,,,,,,,,,,,,,,,,,,,,,,,,,,,,,
S2C_T29UPA_20260723T114349_L2A,2026-07-23,2026-07-23T11:46:15.136000Z,sentinel-2c,S2C_MSIL2A_20260723T114351_N0512_R123_T29UPA_20260723T151752.SAFE,sentinel-2-c1-l2a,05.12,L1278,Rea's Wood,-6.241996568375846,54.712602169290584,True,270.8840794505137,False,provisional_filtered_view_no_row_flags,96.876788,54.3517961944716,2.9897767907595236,Sen2Cor_BOA_not_aquatic_Rw,False,4.27663850784302,4.23716974258423,1.43431770801544,0,True,False,219.1519161730116,True,scl_cloud_shadow_snow_nearby;scl_core_not_all_water;spectra_not_sampled_after_scl_rejection,False,,,,,,,,,,,,,,,,,,,,,,,,,,,,,,,,,,,,,,,,,,,,,,,,,,,,,,,,,,,,,,,,,,,,,,,4.20600366592407,False,False,1961059,2026-07-23T12:00:00Z,13.747733334700266,True,4,0,4.20600366592407,4.33576488494873,4.264153957366945,1
S2C_T29UPA_20260723T114349_L2A,2026-07-23,2026-07-23T11:46:15.136000Z,sentinel-2c,S2C_MSIL2A_20260723T114351_N0512_R123_T29UPA_20260723T151752.SAFE,sentinel-2-c1-l2a,05.12,L1279,Washing Bay,-6.569769770482481,54.523188284062314,True,396.0713035201496,False,provisional_filtered_view_no_row_flags,96.876788,54.3517961944716,2.9897767907595236,Sen2Cor_BOA_not_aquatic_Rw,False,16.5105476379395,17.6801834106445,5.01354932785034,0,True,False,352.9038840688248,True,scl_cloud_shadow_snow_nearby;scl_core_not_all_water;spectra_not_sampled_after_scl_rejection,False,,,,,,,,,,,,,,,,,,,,,,,,,,,,,,,,,,,,,,,,,,,,,,,,,,,,,,,,,,,,,,,,,,,,,,,3.378586769104,False,False,1961119,2026-07-23T12:00:00Z,13.747733334700266,True,4,0,3.378586769104,16.5105476379395,12.30570936203001,1
S2C_T29UPA_20260723T114349_L2A,2026-07-23,2026-07-23T11:46:15.136000Z,sentinel-2c,S2C_MSIL2A_20260723T114351_N0512_R123_T29UPA_20260723T151752.SAFE,sentinel-2-c1-l2a,05.12,L1284,Toome,-6.466696920835618,54.75354853784675,False,338.87523315847875,False,provisional_filtered_view_no_row_flags,96.876788,54.3517961944716,2.9897767907595236,Sen2Cor_BOA_not_aquatic_Rw,False,5.65607023239136,0.915596425533295,0.250553131103516,0,True,False,298.5451035583995,False,footprint_shore_buffer_100m;outside_lake_polygon;probe_gap_or_unbracketed;scl_cloud_shadow_snow_nearby;scl_core_not_all_water;spectra_not_sampled_after_scl_rejection,False,,,,,,,,,,,,,,,,,,,,,,,,,,,,,,,,,,,,,,,,,,,,,,,,,,,,,,,,,,,,,,,,,,,,,,,0.891506195068359,False,False,1961159,2026-07-23T12:00:00Z,13.747733334700266,False,2,0,0.891506195068359,5.65607023239136,3.2737882137298597,1
S2B_T29UPA_20260725T113459_L2A,2026-07-25,2026-07-25T11:36:16.360000Z,sentinel-2b,S2B_MSIL2A_20260725T113319_N0512_R080_T29UPA_20260725T141332.SAFE,sentinel-2-c1-l2a,05.12,L1278,Rea's Wood,-6.241996568375846,54.712602169290584,True,270.8840794505137,False,provisional_filtered_view_no_row_flags,98.659867,53.4213441896907,9.292481779239713,Sen2Cor_BOA_not_aquatic_Rw,False,7.97985744476318,6.72028112411499,1.45388734340668,0,True,False,219.1519161730116,True,scl_cloud_shadow_snow_nearby;scl_core_not_all_water;spectra_not_sampled_after_scl_rejection,False,,,,,,,,,,,,,,,,,,,,,,,,,,,,,,,,,,,,,,,,,,,,,,,,,,,,,,,,,,,,,,,,,,,,,,,4.49047040939331,False,False,1964392,2026-07-25T11:30:00Z,-6.272666664918264,True,4,0,4.49047040939331,11.4150733947754,5.892605781555176,1
S2B_T29UPA_20260725T113459_L2A,2026-07-25,2026-07-25T11:36:16.360000Z,sentinel-2b,S2B_MSIL2A_20260725T113319_N0512_R080_T29UPA_20260725T141332.SAFE,sentinel-2-c1-l2a,05.12,L1279,Washing Bay,-6.569769770482481,54.523188284062314,True,396.0713035201496,False,provisional_filtered_view_no_row_flags,98.659867,53.4213441896907,9.292481779239713,Sen2Cor_BOA_not_aquatic_Rw,False,7.69579267501831,1.3703293800354,4.25950050354004,0,True,False,352.9038840688248,True,scl_cloud_shadow_snow_nearby;scl_core_not_all_water;spectra_not_sampled_after_scl_rejection,False,,,,,,,,,,,,,,,,,,,,,,,,,,,,,,,,,,,,,,,,,,,,,,,,,,,,,,,,,,,,,,,,,,,,,,,4.66782331466675,False,False,1964452,2026-07-25T11:30:00Z,-6.272666664918264,True,4,0,1.3703293800354,9.32150268554688,3.30453795194626,1
S2B_T29UPA_20260725T113459_L2A,2026-07-25,2026-07-25T11:36:16.360000Z,sentinel-2b,S2B_MSIL2A_20260725T113319_N0512_R080_T29UPA_20260725T141332.SAFE,sentinel-2-c1-l2a,05.12,L1284,Toome,-6.466696920835618,54.75354853784675,False,338.87523315847875,False,provisional_filtered_view_no_row_flags,98.659867,53.4213441896907,9.292481779239713,Sen2Cor_BOA_not_aquatic_Rw,False,,,,0,True,False,298.5451035583995,False,footprint_shore_buffer_100m;no_probe_within_15min;outside_lake_polygon;scl_cloud_shadow_snow_nearby;scl_core_not_all_water;spectra_not_sampled_after_scl_rejection,False,,,,,,,,,,,,,,,,,,,,,,,,,,,,,,,,,,,,,,,,,,,,,,,,,,,,,,,,,,,,,,,,,,,,,,,,,,,,,,,,,,,
S2A_T29UPA_20260725T114404_L2A,2026-07-25,2026-07-25T11:46:31.314000Z,sentinel-2a,S2A_MSIL2A_20260725T114401_N0512_R123_T29UPA_20260725T193710.SAFE,sentinel-2-c1-l2a,05.12,L1278,Rea's Wood,-6.241996568375846,54.712602169290584,True,270.8840794505137,False,provisional_filtered_view_no_row_flags,98.951614,53.9482050269422,2.9856832509919777,Sen2Cor_BOA_not_aquatic_Rw,False,11.4150733947754,4.58044099807739,1.4681293964386,0,True,False,219.1519161730116,True,scl_cloud_shadow_snow_nearby;scl_core_not_all_water;spectra_not_sampled_after_scl_rejection,False,,,,,,,,,,,,,,,,,,,,,,,,,,,,,,,,,,,,,,,,,,,,,,,,,,,,,,,,,,,,,,,,,,,,,,,5.06493043899536,False,False,1964659,2026-07-25T12:00:00Z,13.478100001811981,True,4,0,4.49047040939331,11.4150733947754,5.892605781555176,1
S2A_T29UPA_20260725T114404_L2A,2026-07-25,2026-07-25T11:46:31.314000Z,sentinel-2a,S2A_MSIL2A_20260725T114401_N0512_R123_T29UPA_20260725T193710.SAFE,sentinel-2-c1-l2a,05.12,L1279,Washing Bay,-6.569769770482481,54.523188284062314,True,396.0713035201496,False,provisional_filtered_view_no_row_flags,98.951614,53.9482050269422,2.9856832509919777,Sen2Cor_BOA_not_aquatic_Rw,False,9.32150268554688,9.00424480438232,2.20919561386108,0,True,False,352.9038840688248,True,scl_cloud_shadow_snow_nearby;scl_core_not_all_water;spectra_not_sampled_after_scl_rejection,False,,,,,,,,,,,,,,,,,,,,,,,,,,,,,,,,,,,,,,,,,,,,,,,,,,,,,,,,,,,,,,,,,,,,,,,1.94125258922577,False,False,1964719,2026-07-25T12:00:00Z,13.478100001811981,True,4,0,1.3703293800354,9.32150268554688,3.30453795194626,1
S2A_T29UPA_20260725T114404_L2A,2026-07-25,2026-07-25T11:46:31.314000Z,sentinel-2a,S2A_MSIL2A_20260725T114401_N0512_R123_T29UPA_20260725T193710.SAFE,sentinel-2-c1-l2a,05.12,L1284,Toome,-6.466696920835618,54.75354853784675,False,338.87523315847875,False,provisional_filtered_view_no_row_flags,98.951614,53.9482050269422,2.9856832509919777,Sen2Cor_BOA_not_aquatic_Rw,False,5.63843107223511,3.4403178691864,0.655906319618225,0,True,False,298.5451035583995,False,footprint_shore_buffer_100m;outside_lake_polygon;probe_gap_or_unbracketed;scl_cloud_shadow_snow_nearby;scl_core_not_all_water;spectra_not_sampled_after_scl_rejection,False,,,,,,,,,,,,,,,,,,,,,,,,,,,,,,,,,,,,,,,,,,,,,,,,,,,,,,,,,,,,,,,,,,,,,,,4.10305261611938,False,False,1964759,2026-07-25T12:00:00Z,13.478100001811981,False,2,0,4.10305261611938,5.63843107223511,4.870741844177245,1
S2B_T29UPA_20260728T114347_L2A,2026-07-28,2026-07-28T11:46:14.097000Z,sentinel-2b,S2B_MSIL2A_20260728T114349_N0512_R123_T29UPA_20260728T152621.SAFE,sentinel-2-c1-l2a,05.12,L1278,Rea's Wood,-6.241996568375846,54.712602169290584,True,270.8840794505137,False,provisional_filtered_view_no_row_flags,89.575577,53.2742875897745,2.9892567812089186,Sen2Cor_BOA_not_aquatic_Rw,False,18.9639205932617,20.7725734710693,6.18625354766846,0,True,False,219.1519161730116,True,scl_cloud_shadow_snow_nearby;scl_core_not_all_water;spectra_not_sampled_after_scl_rejection,False,,,,,,,,,,,,,,,,,,,,,,,,,,,,,,,,,,,,,,,,,,,,,,,,,,,,,,,,,,,,,,,,,,,,,,,21.9625453948975,False,False,1970059,2026-07-28T12:00:00Z,13.765050001939137,True,4,0,4.86380910873413,21.9625453948975,13.98234462738036,1
S2B_T29UPA_20260728T114347_L2A,2026-07-28,2026-07-28T11:46:14.097000Z,sentinel-2b,S2B_MSIL2A_20260728T114349_N0512_R123_T29UPA_20260728T152621.SAFE,sentinel-2-c1-l2a,05.12,L1279,Washing Bay,-6.569769770482481,54.523188284062314,True,396.0713035201496,False,provisional_filtered_view_no_row_flags,89.575577,53.2742875897745,2.9892567812089186,Sen2Cor_BOA_not_aquatic_Rw,False,1.11414802074432,6.47784948348999,2.05919504165649,0,True,False,352.9038840688248,True,scl_cloud_shadow_snow_nearby;scl_core_not_all_water;spectra_not_sampled_after_scl_rejection,False,,,,,,,,,,,,,,,,,,,,,,,,,,,,,,,,,,,,,,,,,,,,,,,,,,,,,,,,,,,,,,,,,,,,,,,0.687755405902863,False,False,1970119,2026-07-28T12:00:00Z,13.765050001939137,True,4,0,0.687755405902863,5.15565347671509,1.225438714027405,1
S2B_T29UPA_20260728T114347_L2A,2026-07-28,2026-07-28T11:46:14.097000Z,sentinel-2b,S2B_MSIL2A_20260728T114349_N0512_R123_T29UPA_20260728T152621.SAFE,sentinel-2-c1-l2a,05.12,L1284,Toome,-6.466696920835618,54.75354853784675,False,338.87523315847875,False,provisional_filtered_view_no_row_flags,89.575577,53.2742875897745,2.9892567812089186,Sen2Cor_BOA_not_aquatic_Rw,False,7.76032400131226,8.0800199508667,0.597072005271912,0,True,False,298.5451035583995,False,footprint_shore_buffer_100m;outside_lake_polygon;probe_gap_or_unbracketed;scl_cloud_shadow_snow_nearby;scl_core_not_all_water;spectra_not_sampled_after_scl_rejection,False,,,,,,,,,,,,,,,,,,,,,,,,,,,,,,,,,,,,,,,,,,,,,,,,,,,,,,,,,,,,,,,,,,,,,,,8.52483463287354,False,False,1970239,2026-07-28T12:00:00Z,13.765050001939137,False,2,0,7.76032400131226,8.52483463287354,8.1425793170929,1
S2C_T29UPA_20260730T113319_L2A,2026-07-30,2026-07-30T11:36:17.169000Z,sentinel-2c,S2C_MSIL2A_20260730T113321_N0512_R080_T29UPA_20260730T150808.SAFE,sentinel-2-c1-l2a,05.12,L1278,Rea's Wood,-6.241996568375846,54.712602169290584,True,270.8840794505137,False,provisional_filtered_view_no_row_flags,52.644837,52.3086963853011,9.321973703975264,Sen2Cor_BOA_not_aquatic_Rw,False,,,,0,True,False,219.1519161730116,True,no_probe_within_15min;scl_cloud_shadow_snow_nearby;scl_core_not_all_water;spectra_not_sampled_after_scl_rejection,False,,,,,,,,,,,,,,,,,,,,,,,,,,,,,,,,,,,,,,,,,,,,,,,,,,,,,,,,,,,,,,,,,,,,,,,,,,,,,,,,,,,
S2C_T29UPA_20260730T113319_L2A,2026-07-30,2026-07-30T11:36:17.169000Z,sentinel-2c,S2C_MSIL2A_20260730T113321_N0512_R080_T29UPA_20260730T150808.SAFE,sentinel-2-c1-l2a,05.12,L1279,Washing Bay,-6.569769770482481,54.523188284062314,True,396.0713035201496,False,provisional_filtered_view_no_row_flags,52.644837,52.3086963853011,9.321973703975264,Sen2Cor_BOA_not_aquatic_Rw,False,1.14806020259857,,1.99304831027985,9,False,False,352.9038840688248,True,,True,0.03340000000000001,0.0007692538873544148,36,1316,0,0,0.023075693646161938,0.03420000000000001,0.000832161212716992,36,1322,0,0,0.024437395919578855,0.022950000000000005,0.0006252160120537517,36,1211,0,0,0.02733516691029277,0.023000000000000007,0.00043969686527576114,9,1225,0,0,0.01903449633228403,0.017299999999999996,0.00031622776601683593,9,1167,0,0,0.018314349383214433,0.016200000000000006,0.00047868131618973564,9,1153,0,0,0.02964990946804969,0.015849999999999996,0.0005557499659841264,36,1142,0,0,0.03516168501832786,0.014200000000000004,0.0005839414819320388,9,1130,0,0,0.041677028845268436,0.0087,0.0006164414002968983,9,1081,0,0,0.06874811155727492,0.006699999999999998,0.0006008224815375888,9,1063,0,0,0.08596824060156281,1.30076158046722,False,False,1973451,2026-07-30T11:30:00Z,-6.28614999850591,True,3,0,0.894127547740936,2.26939988136292,1.30076158046722,1
S2C_T29UPA_20260730T113319_L2A,2026-07-30,2026-07-30T11:36:17.169000Z,sentinel-2c,S2C_MSIL2A_20260730T113321_N0512_R080_T29UPA_20260730T150808.SAFE,sentinel-2-c1-l2a,05.12,L1284,Toome,-6.466696920835618,54.75354853784675,False,338.87523315847875,False,provisional_filtered_view_no_row_flags,52.644837,52.3086963853011,9.321973703975264,Sen2Cor_BOA_not_aquatic_Rw,False,0.94038861989975,2.66630887985229,0.0670239925384521,0,True,False,298.5451035583995,False,footprint_shore_buffer_100m;outside_lake_polygon;scl_cloud_shadow_snow_nearby;scl_core_not_all_water;spectra_not_sampled_after_scl_rejection,False,,,,,,,,,,,,,,,,,,,,,,,,,,,,,,,,,,,,,,,,,,,,,,,,,,,,,,,,,,,,,,,,,,,,,,,0.723982155323029,False,False,1973525,2026-07-30T11:30:00Z,-6.28614999850591,True,4,0,0.556938707828522,2.66630887985229,1.1111421287059795,1
S2A_T29UPA_20260801T113334_L2A,2026-08-01,2026-08-01T11:36:33.495000Z,sentinel-2a,S2A_MSIL2A_20260801T113331_N0512_R080_T29UPA_20260801T211509.SAFE,sentinel-2-c1-l2a,05.12,L1278,Rea's Wood,-6.241996568375846,54.712602169290584,True,270.8840794505137,False,provisional_filtered_view_no_row_flags,80.635178,51.846687980825,9.294201487401525,Sen2Cor_BOA_not_aquatic_Rw,False,37.2839279174805,,19.4005126953125,0,True,False,219.1519161730116,True,no_probe_within_15min;scl_cloud_shadow_snow_nearby;scl_core_not_all_water;spectra_not_sampled_after_scl_rejection,False,,,,,,,,,,,,,,,,,,,,,,,,,,,,,,,,,,,,,,,,,,,,,,,,,,,,,,,,,,,,,,,,,,,,,,,,,,,,,,,,,,,
S2A_T29UPA_20260801T113334_L2A,2026-08-01,2026-08-01T11:36:33.495000Z,sentinel-2a,S2A_MSIL2A_20260801T113331_N0512_R080_T29UPA_20260801T211509.SAFE,sentinel-2-c1-l2a,05.12,L1279,Washing Bay,-6.569769770482481,54.523188284062314,True,396.0713035201496,False,provisional_filtered_view_no_row_flags,80.635178,51.846687980825,9.294201487401525,Sen2Cor_BOA_not_aquatic_Rw,False,2.11134791374207,11.4511585235596,0.538805067539215,0,True,False,352.9038840688248,True,scl_cloud_shadow_snow_nearby;scl_core_not_all_water;spectra_not_sampled_after_scl_rejection,False,,,,,,,,,,,,,,,,,,,,,,,,,,,,,,,,,,,,,,,,,,,,,,,,,,,,,,,,,,,,,,,,,,,,,,,1.81309545040131,False,False,1977637,2026-08-01T11:30:00Z,-6.558249998092651,True,4,0,0.314542084932327,11.4511585235596,1.59275192022324,1
S2A_T29UPA_20260801T113334_L2A,2026-08-01,2026-08-01T11:36:33.495000Z,sentinel-2a,S2A_MSIL2A_20260801T113331_N0512_R080_T29UPA_20260801T211509.SAFE,sentinel-2-c1-l2a,05.12,L1284,Toome,-6.466696920835618,54.75354853784675,False,338.87523315847875,False,provisional_filtered_view_no_row_flags,80.635178,51.846687980825,9.294201487401525,Sen2Cor_BOA_not_aquatic_Rw,False,1.01392889022827,2.89912724494934,0.419237911701202,0,True,False,298.5451035583995,False,footprint_shore_buffer_100m;outside_lake_polygon;scl_cloud_shadow_snow_nearby;scl_core_not_all_water;spectra_not_sampled_after_scl_rejection,False,,,,,,,,,,,,,,,,,,,,,,,,,,,,,,,,,,,,,,,,,,,,,,,,,,,,,,,,,,,,,,,,,,,,,,,1.56417465209961,False,False,1977695,2026-08-01T11:30:00Z,-6.558249998092651,True,4,0,1.10125684738159,3.73482441902161,2.231650948524475,1
S2C_T29UPA_20260802T114348_L2A,2026-08-02,2026-08-02T11:46:14.573000Z,sentinel-2c,S2C_MSIL2A_20260802T114351_N0512_R123_T29UPA_20260802T163010.SAFE,sentinel-2-c1-l2a,05.12,L1278,Rea's Wood,-6.241996568375846,54.712602169290584,True,270.8840794505137,False,provisional_filtered_view_no_row_flags,99.755716,52.0814650742702,2.9851470248044283,Sen2Cor_BOA_not_aquatic_Rw,False,14.4247140884399,,20.2325191497803,0,True,False,219.1519161730116,True,no_probe_within_15min;scl_cloud_shadow_snow_nearby;scl_core_not_all_water;spectra_not_sampled_after_scl_rejection,False,,,,,,,,,,,,,,,,,,,,,,,,,,,,,,,,,,,,,,,,,,,,,,,,,,,,,,,,,,,,,,,,,,,,,,,,,,,,,,,,,,,
S2C_T29UPA_20260802T114348_L2A,2026-08-02,2026-08-02T11:46:14.573000Z,sentinel-2c,S2C_MSIL2A_20260802T114351_N0512_R123_T29UPA_20260802T163010.SAFE,sentinel-2-c1-l2a,05.12,L1279,Washing Bay,-6.569769770482481,54.523188284062314,True,396.0713035201496,False,provisional_filtered_view_no_row_flags,99.755716,52.0814650742702,2.9851470248044283,Sen2Cor_BOA_not_aquatic_Rw,False,0.461369514465332,1.07842838764191,1.02465188503265,0,True,False,352.9038840688248,True,scl_cloud_shadow_snow_nearby;scl_core_not_all_water;spectra_not_sampled_after_scl_rejection,False,,,,,,,,,,,,,,,,,,,,,,,,,,,,,,,,,,,,,,,,,,,,,,,,,,,,,,,,,,,,,,,,,,,,,,,0.759243726730347,False,False,1979974,2026-08-02T12:00:00Z,13.757116667429607,True,4,0,0.461369514465332,2.19731593132019,1.1327133774757385,1
S2C_T29UPA_20260802T114348_L2A,2026-08-02,2026-08-02T11:46:14.573000Z,sentinel-2c,S2C_MSIL2A_20260802T114351_N0512_R123_T29UPA_20260802T163010.SAFE,sentinel-2-c1-l2a,05.12,L1284,Toome,-6.466696920835618,54.75354853784675,False,338.87523315847875,False,provisional_filtered_view_no_row_flags,99.755716,52.0814650742702,2.9851470248044283,Sen2Cor_BOA_not_aquatic_Rw,False,1.06959474086761,1.06240379810333,0.400493562221527,0,True,False,298.5451035583995,False,footprint_shore_buffer_100m;outside_lake_polygon;scl_cloud_shadow_snow_nearby;scl_core_not_all_water;spectra_not_sampled_after_scl_rejection,False,,,,,,,,,,,,,,,,,,,,,,,,,,,,,,,,,,,,,,,,,,,,,,,,,,,,,,,,,,,,,,,,,,,,,,,1.14061892032623,False,False,1979856,2026-08-02T12:00:00Z,13.757116667429607,True,4,0,1.06959474086761,2.47306132316589,1.16471618413925,1
S2B_T29UPA_20260804T113317_L2A,2026-08-04,2026-08-04T11:36:15.608000Z,sentinel-2b,S2B_MSIL2A_20260804T113319_N0512_R080_T29UPA_20260804T141058.SAFE,sentinel-2-c1-l2a,05.12,L1278,Rea's Wood,-6.241996568375846,54.712602169290584,True,270.8840794505137,False,provisional_filtered_view_no_row_flags,76.995343,51.0831609788953,9.293693355378684,Sen2Cor_BOA_not_aquatic_Rw,False,8.82808208465576,7.21286773681641,2.03560924530029,0,True,False,219.1519161730116,True,scl_cloud_shadow_snow_nearby;scl_core_not_all_water;spectra_not_sampled_after_scl_rejection,False,,,,,,,,,,,,,,,,,,,,,,,,,,,,,,,,,,,,,,,,,,,,,,,,,,,,,,,,,,,,,,,,,,,,,,,5.29751968383789,False,False,2022310,2026-08-04T11:30:00Z,-6.260133334000906,True,4,0,5.29751968383789,8.86430835723877,6.57431793212891,1
S2B_T29UPA_20260804T113317_L2A,2026-08-04,2026-08-04T11:36:15.608000Z,sentinel-2b,S2B_MSIL2A_20260804T113319_N0512_R080_T29UPA_20260804T141058.SAFE,sentinel-2-c1-l2a,05.12,L1279,Washing Bay,-6.569769770482481,54.523188284062314,True,396.0713035201496,False,provisional_filtered_view_no_row_flags,76.995343,51.0831609788953,9.293693355378684,Sen2Cor_BOA_not_aquatic_Rw,False,2.08339858055115,1.59891188144684,0.738663494586945,9,True,False,352.9038840688248,True,scl_cloud_shadow_snow_nearby;spectra_not_sampled_after_scl_rejection,False,,,,,,,,,,,,,,,,,,,,,,,,,,,,,,,,,,,,,,,,,,,,,,,,,,,,,,,,,,,,,,,,,,,,,,,4.09189939498901,False,False,2022193,2026-08-04T11:30:00Z,-6.260133334000906,True,4,0,1.59891188144684,5.3379864692688,3.665180325508115,1
S2B_T29UPA_20260804T113317_L2A,2026-08-04,2026-08-04T11:36:15.608000Z,sentinel-2b,S2B_MSIL2A_20260804T113319_N0512_R080_T29UPA_20260804T141058.SAFE,sentinel-2-c1-l2a,05.12,L1284,Toome,-6.466696920835618,54.75354853784675,False,338.87523315847875,False,provisional_filtered_view_no_row_flags,76.995343,51.0831609788953,9.293693355378684,Sen2Cor_BOA_not_aquatic_Rw,False,4.32283639907837,1.25787055492401,0.378637433052063,0,True,False,298.5451035583995,False,footprint_shore_buffer_100m;outside_lake_polygon;scl_cloud_shadow_snow_nearby;scl_core_not_all_water;spectra_not_sampled_after_scl_rejection,False,,,,,,,,,,,,,,,,,,,,,,,,,,,,,,,,,,,,,,,,,,,,,,,,,,,,,,,,,,,,,,,,,,,,,,,1.45294082164764,False,False,2022251,2026-08-04T11:30:00Z,-6.260133334000906,True,4,0,1.19125747680664,1.65770637989044,1.355405688285825,1
S2A_T29UPA_20260804T114404_L2A,2026-08-04,2026-08-04T11:46:30.977000Z,sentinel-2a,S2A_MSIL2A_20260804T114401_N0512_R123_T29UPA_20260804T192052.SAFE,sentinel-2-c1-l2a,05.12,L1278,Rea's Wood,-6.241996568375846,54.712602169290584,True,270.8840794505137,False,provisional_filtered_view_no_row_flags,77.662468,51.5853970336472,2.992006456292842,Sen2Cor_BOA_not_aquatic_Rw,False,5.93576812744141,5.81174325942993,1.36992561817169,0,True,False,219.1519161730116,True,scl_cloud_shadow_snow_nearby;scl_core_not_all_water;spectra_not_sampled_after_scl_rejection,False,,,,,,,,,,,,,,,,,,,,,,,,,,,,,,,,,,,,,,,,,,,,,,,,,,,,,,,,,,,,,,,,,,,,,,,8.86430835723877,False,False,2022311,2026-08-04T12:00:00Z,13.483716666698456,True,4,0,5.29751968383789,8.86430835723877,6.57431793212891,1
S2A_T29UPA_20260804T114404_L2A,2026-08-04,2026-08-04T11:46:30.977000Z,sentinel-2a,S2A_MSIL2A_20260804T114401_N0512_R123_T29UPA_20260804T192052.SAFE,sentinel-2-c1-l2a,05.12,L1279,Washing Bay,-6.569769770482481,54.523188284062314,True,396.0713035201496,False,provisional_filtered_view_no_row_flags,77.662468,51.5853970336472,2.992006456292842,Sen2Cor_BOA_not_aquatic_Rw,False,5.3379864692688,1.08330249786377,0.644984662532806,9,False,False,352.9038840688248,True,,True,0.04229999999999999,0.001018880407089377,36,1390,0,0,0.024217413610998006,0.039599999999999996,0.0008522799850046403,36,1378,0,0,0.02149357580396991,0.02729999999999999,0.0005572751165766822,36,1264,0,0,0.020437962710636266,0.025499999999999995,0.0005279824164674068,9,1244,0,0,0.020777620237020816,0.011499999999999996,0.00033333333333333424,9,1108,0,0,0.02932551319648102,0.008499999999999994,0.0005573304979548651,9,1081,0,0,0.06389776409673614,0.006900000000000003,0.0006213783960769067,36,1060,0,0,0.08876834229670098,0.005500000000000005,0.00012472191289246252,9,1053,0,0,0.022540104739601663,0.0040999999999999925,0.00028065179867366787,9,1037,0,0,0.06699910313164492,0.0040000000000000036,0.0005108695081143383,9,1030,0,0,0.13062004468832514,3.23846125602722,False,False,2022370,2026-08-04T12:00:00Z,13.483716666698456,True,4,0,1.59891188144684,5.3379864692688,3.665180325508115,1
S2A_T29UPA_20260804T114404_L2A,2026-08-04,2026-08-04T11:46:30.977000Z,sentinel-2a,S2A_MSIL2A_20260804T114401_N0512_R123_T29UPA_20260804T192052.SAFE,sentinel-2-c1-l2a,05.12,L1284,Toome,-6.466696920835618,54.75354853784675,False,338.87523315847875,False,provisional_filtered_view_no_row_flags,77.662468,51.5853970336472,2.992006456292842,Sen2Cor_BOA_not_aquatic_Rw,False,1.19125747680664,0.866830885410309,0.474856048822403,0,True,False,298.5451035583995,False,footprint_shore_buffer_100m;outside_lake_polygon;scl_cloud_shadow_snow_nearby;scl_core_not_all_water;spectra_not_sampled_after_scl_rejection,False,,,,,,,,,,,,,,,,,,,,,,,,,,,,,,,,,,,,,,,,,,,,,,,,,,,,,,,,,,,,,,,,,,,,,,,1.65770637989044,False,False,2022252,2026-08-04T12:00:00Z,13.483716666698456,True,4,0,1.19125747680664,1.65770637989044,1.355405688285825,1
S2B_T29UPA_20260807T114429_L2A,2026-08-07,2026-08-07T11:46:12.858000Z,sentinel-2b,S2B_MSIL2A_20260807T114349_N0512_R123_T29UPA_20260807T152512.SAFE,sentinel-2-c1-l2a,05.12,L1278,Rea's Wood,-6.241996568375846,54.712602169290584,True,270.8840794505137,False,provisional_filtered_view_no_row_flags,94.548815,50.7780049285735,2.9898818588493286,Sen2Cor_BOA_not_aquatic_Rw,False,12.5930137634277,10.0371427536011,4.87702560424805,0,True,False,219.1519161730116,True,probe_gap_or_unbracketed;scl_cloud_shadow_snow_nearby;scl_core_not_all_water;spectra_not_sampled_after_scl_rejection,False,,,,,,,,,,,,,,,,,,,,,,,,,,,,,,,,,,,,,,,,,,,,,,,,,,,,,,,,,,,,,,,,,,,,,,,13.3782501220703,False,False,2028791,2026-08-07T12:00:00Z,13.785699999332428,False,3,0,7.97571039199829,13.3782501220703,12.5930137634277,1
S2B_T29UPA_20260807T114429_L2A,2026-08-07,2026-08-07T11:46:12.858000Z,sentinel-2b,S2B_MSIL2A_20260807T114349_N0512_R123_T29UPA_20260807T152512.SAFE,sentinel-2-c1-l2a,05.12,L1279,Washing Bay,-6.569769770482481,54.523188284062314,True,396.0713035201496,False,provisional_filtered_view_no_row_flags,94.548815,50.7780049285735,2.9898818588493286,Sen2Cor_BOA_not_aquatic_Rw,False,1.99479389190674,,0.96255624294281,0,True,False,352.9038840688248,True,scl_cloud_shadow_snow_nearby;scl_core_not_all_water;spectra_not_sampled_after_scl_rejection,False,,,,,,,,,,,,,,,,,,,,,,,,,,,,,,,,,,,,,,,,,,,,,,,,,,,,,,,,,,,,,,,,,,,,,,,8.44481182098389,False,False,2028850,2026-08-07T12:00:00Z,13.785699999332428,True,4,0,1.21090412139893,8.44481182098389,3.19986367225647,1
S2B_T29UPA_20260807T114429_L2A,2026-08-07,2026-08-07T11:46:12.858000Z,sentinel-2b,S2B_MSIL2A_20260807T114349_N0512_R123_T29UPA_20260807T152512.SAFE,sentinel-2-c1-l2a,05.12,L1284,Toome,-6.466696920835618,54.75354853784675,False,338.87523315847875,False,provisional_filtered_view_no_row_flags,94.548815,50.7780049285735,2.9898818588493286,Sen2Cor_BOA_not_aquatic_Rw,False,4.01631784439087,19.5907897949219,3.24039244651794,0,True,False,298.5451035583995,False,footprint_shore_buffer_100m;outside_lake_polygon;scl_cloud_shadow_snow_nearby;scl_core_not_all_water;spectra_not_sampled_after_scl_rejection,False,,,,,,,,,,,,,,,,,,,,,,,,,,,,,,,,,,,,,,,,,,,,,,,,,,,,,,,,,,,,,,,,,,,,,,,13.4093017578125,False,False,2028732,2026-08-07T12:00:00Z,13.785699999332428,True,4,0,4.01631784439087,13.4093017578125,5.609375,1
S2C_T29UPA_20260809T113317_L2A,2026-08-09,2026-08-09T11:36:15.519000Z,sentinel-2c,S2C_MSIL2A_20260809T113321_N0512_R080_T29UPA_20260809T150832.SAFE,sentinel-2-c1-l2a,05.12,L1278,Rea's Wood,-6.241996568375846,54.712602169290584,True,270.8840794505137,False,provisional_filtered_view_no_row_flags,99.987113,49.7554182557654,9.329237409568929,Sen2Cor_BOA_not_aquatic_Rw,False,15.5300931930542,12.6791772842407,11.5021905899048,0,True,False,219.1519161730116,True,scl_cloud_shadow_snow_nearby;scl_core_not_all_water;spectra_not_sampled_after_scl_rejection,False,,,,,,,,,,,,,,,,,,,,,,,,,,,,,,,,,,,,,,,,,,,,,,,,,,,,,,,,,,,,,,,,,,,,,,,9.24612808227539,False,False,2033110,2026-08-09T11:30:00Z,-6.258650000890096,True,4,0,9.24612808227539,13.8617057800293,11.507066726684549,1
S2C_T29UPA_20260809T113317_L2A,2026-08-09,2026-08-09T11:36:15.519000Z,sentinel-2c,S2C_MSIL2A_20260809T113321_N0512_R080_T29UPA_20260809T150832.SAFE,sentinel-2-c1-l2a,05.12,L1279,Washing Bay,-6.569769770482481,54.523188284062314,True,396.0713035201496,False,provisional_filtered_view_no_row_flags,99.987113,49.7554182557654,9.329237409568929,Sen2Cor_BOA_not_aquatic_Rw,False,0.507043123245239,1.15099060535431,1.04261481761932,0,True,False,352.9038840688248,True,scl_cloud_shadow_snow_nearby;scl_core_not_all_water;spectra_not_sampled_after_scl_rejection,False,,,,,,,,,,,,,,,,,,,,,,,,,,,,,,,,,,,,,,,,,,,,,,,,,,,,,,,,,,,,,,,,,,,,,,,1.38059091567993,False,False,2032993,2026-08-09T11:30:00Z,-6.258650000890096,True,4,0,1.15099060535431,1.97875452041626,1.308800876140595,1
S2C_T29UPA_20260809T113317_L2A,2026-08-09,2026-08-09T11:36:15.519000Z,sentinel-2c,S2C_MSIL2A_20260809T113321_N0512_R080_T29UPA_20260809T150832.SAFE,sentinel-2-c1-l2a,05.12,L1284,Toome,-6.466696920835618,54.75354853784675,False,338.87523315847875,False,provisional_filtered_view_no_row_flags,99.987113,49.7554182557654,9.329237409568929,Sen2Cor_BOA_not_aquatic_Rw,False,11.2242479324341,10.7142248153687,7.84308767318726,0,True,False,298.5451035583995,False,footprint_shore_buffer_100m;outside_lake_polygon;scl_cloud_shadow_snow_nearby;scl_core_not_all_water;spectra_not_sampled_after_scl_rejection,False,,,,,,,,,,,,,,,,,,,,,,,,,,,,,,,,,,,,,,,,,,,,,,,,,,,,,,,,,,,,,,,,,,,,,,,9.4648962020874,False,False,2033051,2026-08-09T11:30:00Z,-6.258650000890096,True,4,0,8.22284603118896,11.6218156814575,10.08956050872805,1
S2A_T29UPA_20260811T113338_L2A,2026-08-11,2026-08-11T11:36:32.145000Z,sentinel-2a,S2A_MSIL2A_20260811T113331_N0512_R080_T29UPA_20260811T195222.SAFE,sentinel-2-c1-l2a,05.12,L1278,Rea's Wood,-6.241996568375846,54.712602169290584,True,270.8840794505137,False,provisional_filtered_view_no_row_flags,77.119946,49.2113360520553,9.297018256916564,Sen2Cor_BOA_not_aquatic_Rw,False,5.78024530410767,5.82359409332275,2.05072999000549,0,True,False,219.1519161730116,True,scl_cloud_shadow_snow_nearby;scl_core_not_all_water;spectra_not_sampled_after_scl_rejection,False,,,,,,,,,,,,,,,,,,,,,,,,,,,,,,,,,,,,,,,,,,,,,,,,,,,,,,,,,,,,,,,,,,,,,,,8.40556049346924,False,False,2037370,2026-08-11T11:30:00Z,-6.535749999682109,True,4,0,5.82359409332275,19.1408748626709,9.036041736602785,1
S2A_T29UPA_20260811T113338_L2A,2026-08-11,2026-08-11T11:36:32.145000Z,sentinel-2a,S2A_MSIL2A_20260811T113331_N0512_R080_T29UPA_20260811T195222.SAFE,sentinel-2-c1-l2a,05.12,L1279,Washing Bay,-6.569769770482481,54.523188284062314,True,396.0713035201496,False,provisional_filtered_view_no_row_flags,77.119946,49.2113360520553,9.297018256916564,Sen2Cor_BOA_not_aquatic_Rw,False,3.9397304058075,3.63738131523132,0.931071162223816,0,True,False,352.9038840688248,True,scl_cloud_shadow_snow_nearby;scl_core_not_all_water;spectra_not_sampled_after_scl_rejection,False,,,,,,,,,,,,,,,,,,,,,,,,,,,,,,,,,,,,,,,,,,,,,,,,,,,,,,,,,,,,,,,,,,,,,,,3.06119465827942,False,False,2037573,2026-08-11T11:30:00Z,-6.535749999682109,True,4,0,3.01670908927917,4.24717283248901,3.34928798675537,1
S2A_T29UPA_20260811T113338_L2A,2026-08-11,2026-08-11T11:36:32.145000Z,sentinel-2a,S2A_MSIL2A_20260811T113331_N0512_R080_T29UPA_20260811T195222.SAFE,sentinel-2-c1-l2a,05.12,L1284,Toome,-6.466696920835618,54.75354853784675,False,338.87523315847875,False,provisional_filtered_view_no_row_flags,77.119946,49.2113360520553,9.297018256916564,Sen2Cor_BOA_not_aquatic_Rw,False,5.95256805419922,5.12544059753418,6.16593027114868,0,True,False,298.5451035583995,False,footprint_shore_buffer_100m;outside_lake_polygon;scl_cloud_shadow_snow_nearby;scl_core_not_all_water;spectra_not_sampled_after_scl_rejection,False,,,,,,,,,,,,,,,,,,,,,,,,,,,,,,,,,,,,,,,,,,,,,,,,,,,,,,,,,,,,,,,,,,,,,,,6.85464334487915,False,False,2037311,2026-08-11T11:30:00Z,-6.535749999682109,True,4,0,3.27887535095215,6.85464334487915,4.460934996604919,1
S2C_T29UPA_20260812T114415_L2A,2026-08-12,2026-08-12T11:46:12.598000Z,sentinel-2c,S2C_MSIL2A_20260812T114351_N0512_R123_T29UPA_20260812T163026.SAFE,sentinel-2-c1-l2a,05.12,L1278,Rea's Wood,-6.241996568375846,54.712602169290584,True,270.8840794505137,False,provisional_filtered_view_no_row_flags,97.050548,49.3748606057146,2.97733933547464,Sen2Cor_BOA_not_aquatic_Rw,False,4.91827440261841,17.6487693786621,3.63825726509094,0,True,False,219.1519161730116,True,scl_cloud_shadow_snow_nearby;scl_core_not_all_water;spectra_not_sampled_after_scl_rejection,False,,,,,,,,,,,,,,,,,,,,,,,,,,,,,,,,,,,,,,,,,,,,,,,,,,,,,,,,,,,,,,,,,,,,,,,6.32438468933105,False,False,2039531,2026-08-12T12:00:00Z,13.790033332506816,True,4,0,4.91827440261841,21.1449813842773,6.677602291107175,1
S2C_T29UPA_20260812T114415_L2A,2026-08-12,2026-08-12T11:46:12.598000Z,sentinel-2c,S2C_MSIL2A_20260812T114351_N0512_R123_T29UPA_20260812T163026.SAFE,sentinel-2-c1-l2a,05.12,L1279,Washing Bay,-6.569769770482481,54.523188284062314,True,396.0713035201496,False,provisional_filtered_view_no_row_flags,97.050548,49.3748606057146,2.97733933547464,Sen2Cor_BOA_not_aquatic_Rw,False,5.16376304626465,4.81047248840332,1.13633322715759,0,True,False,352.9038840688248,True,scl_cloud_shadow_snow_nearby;scl_core_not_all_water;spectra_not_sampled_after_scl_rejection,False,,,,,,,,,,,,,,,,,,,,,,,,,,,,,,,,,,,,,,,,,,,,,,,,,,,,,,,,,,,,,,,,,,,,,,,5.26417636871338,False,False,2039590,2026-08-12T12:00:00Z,13.790033332506816,True,4,0,4.94107389450073,12.213604927063,5.2139697074890154,1
S2C_T29UPA_20260812T114415_L2A,2026-08-12,2026-08-12T11:46:12.598000Z,sentinel-2c,S2C_MSIL2A_20260812T114351_N0512_R123_T29UPA_20260812T163026.SAFE,sentinel-2-c1-l2a,05.12,L1284,Toome,-6.466696920835618,54.75354853784675,False,338.87523315847875,False,provisional_filtered_view_no_row_flags,97.050548,49.3748606057146,2.97733933547464,Sen2Cor_BOA_not_aquatic_Rw,False,2.39849662780762,3.61269640922546,0.867430806159973,0,True,False,298.5451035583995,False,footprint_shore_buffer_100m;outside_lake_polygon;scl_cloud_shadow_snow_nearby;scl_core_not_all_water;spectra_not_sampled_after_scl_rejection,False,,,,,,,,,,,,,,,,,,,,,,,,,,,,,,,,,,,,,,,,,,,,,,,,,,,,,,,,,,,,,,,,,,,,,,,4.02720832824707,False,False,2039692,2026-08-12T12:00:00Z,13.790033332506816,True,4,0,2.39849662780762,4.02720832824707,3.474075078964235,1
S2B_T29UPA_20260814T113315_L2A,2026-08-14,2026-08-14T11:36:13.557000Z,sentinel-2b,S2B_MSIL2A_20260814T113319_N0512_R080_T29UPA_20260814T141206.SAFE,sentinel-2-c1-l2a,05.12,L1278,Rea's Wood,-6.241996568375846,54.712602169290584,True,270.8840794505137,False,provisional_filtered_view_no_row_flags,99.727309,48.3310816423534,9.31830831400881,Sen2Cor_BOA_not_aquatic_Rw,False,27.7449283599854,,7.41076183319092,0,True,False,219.1519161730116,True,scl_cloud_shadow_snow_nearby;scl_core_not_all_water;spectra_not_sampled_after_scl_rejection,False,,,,,,,,,,,,,,,,,,,,,,,,,,,,,,,,,,,,,,,,,,,,,,,,,,,,,,,,,,,,,,,,,,,,,,,24.7017059326172,False,False,2043910,2026-08-14T11:30:00Z,-6.225949998696645,True,3,0,11.32359790802,24.7017059326172,11.7693157196045,1
S2B_T29UPA_20260814T113315_L2A,2026-08-14,2026-08-14T11:36:13.557000Z,sentinel-2b,S2B_MSIL2A_20260814T113319_N0512_R080_T29UPA_20260814T141206.SAFE,sentinel-2-c1-l2a,05.12,L1279,Washing Bay,-6.569769770482481,54.523188284062314,True,396.0713035201496,False,provisional_filtered_view_no_row_flags,99.727309,48.3310816423534,9.31830831400881,Sen2Cor_BOA_not_aquatic_Rw,False,5.35639142990112,4.91109704971313,0.960498809814453,0,True,False,352.9038840688248,True,scl_cloud_shadow_snow_nearby;scl_core_not_all_water;spectra_not_sampled_after_scl_rejection,False,,,,,,,,,,,,,,,,,,,,,,,,,,,,,,,,,,,,,,,,,,,,,,,,,,,,,,,,,,,,,,,,,,,,,,,4.99117183685303,False,False,2043793,2026-08-14T11:30:00Z,-6.225949998696645,True,4,0,4.75454568862915,5.34875249862671,4.95113444328308,1
S2B_T29UPA_20260814T113315_L2A,2026-08-14,2026-08-14T11:36:13.557000Z,sentinel-2b,S2B_MSIL2A_20260814T113319_N0512_R080_T29UPA_20260814T141206.SAFE,sentinel-2-c1-l2a,05.12,L1284,Toome,-6.466696920835618,54.75354853784675,False,338.87523315847875,False,provisional_filtered_view_no_row_flags,99.727309,48.3310816423534,9.31830831400881,Sen2Cor_BOA_not_aquatic_Rw,False,4.71677207946777,3.52386498451233,4.16141891479492,0,True,False,298.5451035583995,False,footprint_shore_buffer_100m;outside_lake_polygon;scl_cloud_shadow_snow_nearby;scl_core_not_all_water;spectra_not_sampled_after_scl_rejection,False,,,,,,,,,,,,,,,,,,,,,,,,,,,,,,,,,,,,,,,,,,,,,,,,,,,,,,,,,,,,,,,,,,,,,,,11.5587377548218,False,False,2043851,2026-08-14T11:30:00Z,-6.225949998696645,True,3,0,3.52386498451233,11.5587377548218,4.17223691940308,1
S2A_T29UPA_20260814T114420_L2A,2026-08-14,2026-08-14T11:46:29.338000Z,sentinel-2a,S2A_MSIL2A_20260814T114401_N0512_R123_T29UPA_20260814T175707.SAFE,sentinel-2-c1-l2a,05.12,L1278,Rea's Wood,-6.241996568375846,54.712602169290584,True,270.8840794505137,False,provisional_filtered_view_no_row_flags,99.57552,48.7990964440708,2.985962414750766,Sen2Cor_BOA_not_aquatic_Rw,False,11.7693157196045,16.3165245056152,4.71373605728149,0,True,False,219.1519161730116,True,scl_cloud_shadow_snow_nearby;scl_core_not_all_water;spectra_not_sampled_after_scl_rejection,False,,,,,,,,,,,,,,,,,,,,,,,,,,,,,,,,,,,,,,,,,,,,,,,,,,,,,,,,,,,,,,,,,,,,,,,11.32359790802,False,False,2043911,2026-08-14T12:00:00Z,13.51103333234787,True,3,0,11.32359790802,24.7017059326172,11.7693157196045,1
S2A_T29UPA_20260814T114420_L2A,2026-08-14,2026-08-14T11:46:29.338000Z,sentinel-2a,S2A_MSIL2A_20260814T114401_N0512_R123_T29UPA_20260814T175707.SAFE,sentinel-2-c1-l2a,05.12,L1279,Washing Bay,-6.569769770482481,54.523188284062314,True,396.0713035201496,False,provisional_filtered_view_no_row_flags,99.57552,48.7990964440708,2.985962414750766,Sen2Cor_BOA_not_aquatic_Rw,False,4.75454568862915,4.8125376701355,1.08960676193237,0,True,False,352.9038840688248,True,scl_cloud_shadow_snow_nearby;scl_core_not_all_water;spectra_not_sampled_after_scl_rejection,False,,,,,,,,,,,,,,,,,,,,,,,,,,,,,,,,,,,,,,,,,,,,,,,,,,,,,,,,,,,,,,,,,,,,,,,5.34875249862671,False,False,2044130,2026-08-14T12:00:00Z,13.51103333234787,True,4,0,4.75454568862915,5.34875249862671,4.95113444328308,1
S2A_T29UPA_20260814T114420_L2A,2026-08-14,2026-08-14T11:46:29.338000Z,sentinel-2a,S2A_MSIL2A_20260814T114401_N0512_R123_T29UPA_20260814T175707.SAFE,sentinel-2-c1-l2a,05.12,L1284,Toome,-6.466696920835618,54.75354853784675,False,338.87523315847875,False,provisional_filtered_view_no_row_flags,99.57552,48.7990964440708,2.985962414750766,Sen2Cor_BOA_not_aquatic_Rw,False,,,1.98853898048401,0,True,False,298.5451035583995,False,footprint_shore_buffer_100m;outside_lake_polygon;scl_cloud_shadow_snow_nearby;scl_core_not_all_water;spectra_not_sampled_after_scl_rejection,False,,,,,,,,,,,,,,,,,,,,,,,,,,,,,,,,,,,,,,,,,,,,,,,,,,,,,,,,,,,,,,,,,,,,,,,4.17223691940308,False,False,2043852,2026-08-14T12:00:00Z,13.51103333234787,True,3,0,3.52386498451233,11.5587377548218,4.17223691940308,1
S2B_T29UPA_20260817T114344_L2A,2026-08-17,2026-08-17T11:46:10.538000Z,sentinel-2b,S2B_MSIL2A_20260817T114349_N0512_R123_T29UPA_20260817T152403.SAFE,sentinel-2-c1-l2a,05.12,L1278,Rea's Wood,-6.241996568375846,54.712602169290584,True,270.8840794505137,False,provisional_filtered_view_no_row_flags,99.959719,47.8792813028589,2.975243420235125,Sen2Cor_BOA_not_aquatic_Rw,False,,,23.9610710144043,0,True,False,219.1519161730116,True,scl_cloud_shadow_snow_nearby;scl_core_not_all_water;spectra_not_sampled_after_scl_rejection,False,,,,,,,,,,,,,,,,,,,,,,,,,,,,,,,,,,,,,,,,,,,,,,,,,,,,,,,,,,,,,,,,,,,,,,,26.3832206726074,False,False,2050391,2026-08-17T12:00:00Z,13.824366664886474,True,2,0,26.3832206726074,34.9196815490723,30.65145111083985,1
S2B_T29UPA_20260817T114344_L2A,2026-08-17,2026-08-17T11:46:10.538000Z,sentinel-2b,S2B_MSIL2A_20260817T114349_N0512_R123_T29UPA_20260817T152403.SAFE,sentinel-2-c1-l2a,05.12,L1279,Washing Bay,-6.569769770482481,54.523188284062314,True,396.0713035201496,False,provisional_filtered_view_no_row_flags,99.959719,47.8792813028589,2.975243420235125,Sen2Cor_BOA_not_aquatic_Rw,False,9.42220783233643,3.64882278442383,1.34211671352386,0,True,False,352.9038840688248,True,scl_cloud_shadow_snow_nearby;scl_core_not_all_water;spectra_not_sampled_after_scl_rejection,False,,,,,,,,,,,,,,,,,,,,,,,,,,,,,,,,,,,,,,,,,,,,,,,,,,,,,,,,,,,,,,,,,,,,,,,16.961404800415,False,False,2050450,2026-08-17T12:00:00Z,13.824366664886474,True,4,0,4.17004346847534,16.961404800415,10.771265983581564,1
S2B_T29UPA_20260817T114344_L2A,2026-08-17,2026-08-17T11:46:10.538000Z,sentinel-2b,S2B_MSIL2A_20260817T114349_N0512_R123_T29UPA_20260817T152403.SAFE,sentinel-2-c1-l2a,05.12,L1284,Toome,-6.466696920835618,54.75354853784675,False,338.87523315847875,False,provisional_filtered_view_no_row_flags,99.959719,47.8792813028589,2.975243420235125,Sen2Cor_BOA_not_aquatic_Rw,False,21.7068920135498,20.7053718566895,1.41138207912445,0,True,False,298.5451035583995,False,footprint_shore_buffer_100m;outside_lake_polygon;scl_cloud_shadow_snow_nearby;scl_core_not_all_water;spectra_not_sampled_after_scl_rejection,False,,,,,,,,,,,,,,,,,,,,,,,,,,,,,,,,,,,,,,,,,,,,,,,,,,,,,,,,,,,,,,,,,,,,,,,19.6944007873535,False,False,2050332,2026-08-17T12:00:00Z,13.824366664886474,True,4,0,10.6709032058716,21.7068920135498,16.451751232147203,1
S2C_T29UPA_20260819T113315_L2A,2026-08-19,2026-08-19T11:36:12.878000Z,sentinel-2c,S2C_MSIL2A_20260819T113321_N0512_R080_T29UPA_20260819T151611.SAFE,sentinel-2-c1-l2a,05.12,L1278,Rea's Wood,-6.241996568375846,54.712602169290584,True,270.8840794505137,False,provisional_filtered_view_no_row_flags,92.724526,46.8222064412363,9.334942667570743,Sen2Cor_BOA_not_aquatic_Rw,False,,24.2979164123535,7.65652513504028,0,True,False,219.1519161730116,True,scl_cloud_shadow_snow_nearby;scl_core_not_all_water;spectra_not_sampled_after_scl_rejection,False,,,,,,,,,,,,,,,,,,,,,,,,,,,,,,,,,,,,,,,,,,,,,,,,,,,,,,,,,,,,,,,,,,,,,,,22.9673690795898,False,False,2054590,2026-08-19T11:30:00Z,-6.214633333683014,True,4,0,12.5676736831665,24.2979164123535,18.134297847747803,1
S2C_T29UPA_20260819T113315_L2A,2026-08-19,2026-08-19T11:36:12.878000Z,sentinel-2c,S2C_MSIL2A_20260819T113321_N0512_R080_T29UPA_20260819T151611.SAFE,sentinel-2-c1-l2a,05.12,L1279,Washing Bay,-6.569769770482481,54.523188284062314,True,396.0713035201496,False,provisional_filtered_view_no_row_flags,92.724526,46.8222064412363,9.334942667570743,Sen2Cor_BOA_not_aquatic_Rw,False,7.72763442993164,7.95199775695801,1.18704915046692,0,True,False,352.9038840688248,True,scl_cloud_shadow_snow_nearby;scl_core_not_all_water;spectra_not_sampled_after_scl_rejection,False,,,,,,,,,,,,,,,,,,,,,,,,,,,,,,,,,,,,,,,,,,,,,,,,,,,,,,,,,,,,,,,,,,,,,,,9.04698276519775,False,False,2054533,2026-08-19T11:30:00Z,-6.214633333683014,True,4,0,7.95199775695801,9.04698276519775,8.27501392364502,1
S2C_T29UPA_20260819T113315_L2A,2026-08-19,2026-08-19T11:36:12.878000Z,sentinel-2c,S2C_MSIL2A_20260819T113321_N0512_R080_T29UPA_20260819T151611.SAFE,sentinel-2-c1-l2a,05.12,L1284,Toome,-6.466696920835618,54.75354853784675,False,338.87523315847875,False,provisional_filtered_view_no_row_flags,92.724526,46.8222064412363,9.334942667570743,Sen2Cor_BOA_not_aquatic_Rw,False,34.6237411499023,36.0195159912109,3.43712830543518,0,True,False,298.5451035583995,False,footprint_shore_buffer_100m;outside_lake_polygon;scl_cloud_shadow_snow_nearby;scl_core_not_all_water;spectra_not_sampled_after_scl_rejection,False,,,,,,,,,,,,,,,,,,,,,,,,,,,,,,,,,,,,,,,,,,,,,,,,,,,,,,,,,,,,,,,,,,,,,,,24.4987487792969,False,False,2054795,2026-08-19T11:30:00Z,-6.214633333683014,True,3,0,24.4987487792969,36.0195159912109,26.6058101654053,1
S2A_T29UPA_20260821T113331_L2A,2026-08-21,2026-08-21T11:36:30.368000Z,sentinel-2a,S2A_MSIL2A_20260821T113331_N0512_R080_T29UPA_20260821T211010.SAFE,sentinel-2-c1-l2a,05.12,L1278,Rea's Wood,-6.241996568375846,54.712602169290584,True,270.8840794505137,False,provisional_filtered_view_no_row_flags,59.152025,46.2105902336194,9.29782867581461,Sen2Cor_BOA_not_aquatic_Rw,False,7.11382484436035,9.43262195587158,1.44610738754272,0,True,False,219.1519161730116,True,scl_cloud_shadow_snow_nearby;scl_core_not_all_water;spectra_not_sampled_after_scl_rejection,False,,,,,,,,,,,,,,,,,,,,,,,,,,,,,,,,,,,,,,,,,,,,,,,,,,,,,,,,,,,,,,,,,,,,,,,7.57682037353516,False,False,2059030,2026-08-21T11:30:00Z,-6.50613333384196,True,4,0,5.4114089012146,9.43262195587158,8.03802013397217,1
S2A_T29UPA_20260821T113331_L2A,2026-08-21,2026-08-21T11:36:30.368000Z,sentinel-2a,S2A_MSIL2A_20260821T113331_N0512_R080_T29UPA_20260821T211010.SAFE,sentinel-2-c1-l2a,05.12,L1279,Washing Bay,-6.569769770482481,54.523188284062314,True,396.0713035201496,False,provisional_filtered_view_no_row_flags,59.152025,46.2105902336194,9.29782867581461,Sen2Cor_BOA_not_aquatic_Rw,False,10.1939191818237,9.21962642669678,1.68996441364288,0,True,False,352.9038840688248,True,scl_cloud_shadow_snow_nearby;scl_core_not_all_water;spectra_not_sampled_after_scl_rejection,False,,,,,,,,,,,,,,,,,,,,,,,,,,,,,,,,,,,,,,,,,,,,,,,,,,,,,,,,,,,,,,,,,,,,,,,7.96136713027954,False,False,2058913,2026-08-21T11:30:00Z,-6.50613333384196,True,4,0,7.96136713027954,11.0448713302612,9.75683355331419,1
S2A_T29UPA_20260821T113331_L2A,2026-08-21,2026-08-21T11:36:30.368000Z,sentinel-2a,S2A_MSIL2A_20260821T113331_N0512_R080_T29UPA_20260821T211010.SAFE,sentinel-2-c1-l2a,05.12,L1284,Toome,-6.466696920835618,54.75354853784675,False,338.87523315847875,False,provisional_filtered_view_no_row_flags,59.152025,46.2105902336194,9.29782867581461,Sen2Cor_BOA_not_aquatic_Rw,False,26.5751876831055,,2.9568943977356,0,True,False,298.5451035583995,False,footprint_shore_buffer_100m;outside_lake_polygon;scl_cloud_shadow_snow_nearby;scl_core_not_all_water;spectra_not_sampled_after_scl_rejection,False,,,,,,,,,,,,,,,,,,,,,,,,,,,,,,,,,,,,,,,,,,,,,,,,,,,,,,,,,,,,,,,,,,,,,,,33.1986427307129,False,False,2058971,2026-08-21T11:30:00Z,-6.50613333384196,True,2,0,33.1986427307129,38.5681343078613,35.883388519287095,1
S2C_T29UPA_20260822T114550_L2A,2026-08-22,2026-08-22T11:46:10.547000Z,sentinel-2c,S2C_MSIL2A_20260822T114341_N0512_R123_T29UPA_20260822T162312.SAFE,sentinel-2-c1-l2a,05.12,L1278,Rea's Wood,-6.241996568375846,54.712602169290584,True,270.8840794505137,False,provisional_filtered_view_no_row_flags,98.74354,46.3034016336503,2.9759605310944677,Sen2Cor_BOA_not_aquatic_Rw,False,5.71575975418091,7.77024221420288,1.76674747467041,0,True,False,219.1519161730116,True,scl_cloud_shadow_snow_nearby;scl_core_not_all_water;spectra_not_sampled_after_scl_rejection,False,,,,,,,,,,,,,,,,,,,,,,,,,,,,,,,,,,,,,,,,,,,,,,,,,,,,,,,,,,,,,,,,,,,,,,,6.15535020828247,False,False,2061191,2026-08-22T12:00:00Z,13.824216667811076,True,4,0,5.71575975418091,9.91717147827148,7.2286274433136,1
S2C_T29UPA_20260822T114550_L2A,2026-08-22,2026-08-22T11:46:10.547000Z,sentinel-2c,S2C_MSIL2A_20260822T114341_N0512_R123_T29UPA_20260822T162312.SAFE,sentinel-2-c1-l2a,05.12,L1279,Washing Bay,-6.569769770482481,54.523188284062314,True,396.0713035201496,False,provisional_filtered_view_no_row_flags,98.74354,46.3034016336503,2.9759605310944677,Sen2Cor_BOA_not_aquatic_Rw,False,8.07174015045166,9.71848773956299,1.8388956785202,0,True,False,352.9038840688248,True,scl_cloud_shadow_snow_nearby;scl_core_not_all_water;spectra_not_sampled_after_scl_rejection,False,,,,,,,,,,,,,,,,,,,,,,,,,,,,,,,,,,,,,,,,,,,,,,,,,,,,,,,,,,,,,,,,,,,,,,,8.01470851898193,False,False,2061250,2026-08-22T12:00:00Z,13.824216667811076,True,4,0,8.01470851898193,10.7139673233032,8.215811252593994,1
S2C_T29UPA_20260822T114550_L2A,2026-08-22,2026-08-22T11:46:10.547000Z,sentinel-2c,S2C_MSIL2A_20260822T114341_N0512_R123_T29UPA_20260822T162312.SAFE,sentinel-2-c1-l2a,05.12,L1284,Toome,-6.466696920835618,54.75354853784675,False,338.87523315847875,False,provisional_filtered_view_no_row_flags,98.74354,46.3034016336503,2.9759605310944677,Sen2Cor_BOA_not_aquatic_Rw,False,29.0688934326172,,0.723878920078278,0,True,False,298.5451035583995,False,footprint_shore_buffer_100m;no_probe_within_15min;outside_lake_polygon;scl_cloud_shadow_snow_nearby;scl_core_not_all_water;spectra_not_sampled_after_scl_rejection,False,,,,,,,,,,,,,,,,,,,,,,,,,,,,,,,,,,,,,,,,,,,,,,,,,,,,,,,,,,,,,,,,,,,,,,,,,,,,,,,,,,,
S2B_T29UPA_20260824T113314_L2A,2026-08-24,2026-08-24T11:36:12.347000Z,sentinel-2b,S2B_MSIL2A_20260824T113319_N0512_R080_T29UPA_20260824T141245.SAFE,sentinel-2-c1-l2a,05.12,L1278,Rea's Wood,-6.241996568375846,54.712602169290584,True,270.8840794505137,False,provisional_filtered_view_no_row_flags,5.231965,45.2366796507528,9.319599014519444,Sen2Cor_BOA_not_aquatic_Rw,False,,8.34476470947266,3.74909830093384,9,False,False,219.1519161730116,True,no_probe_within_15min,False,0.03509999999999999,0.0012452006630892956,36,1318,0,0,0.03567342342130721,0.043550000000000005,0.00093167842701118,36,1413,0,0,0.021396034302374634,0.028499999999999998,0.0004714699890950473,36,1268,0,0,0.016614055997867763,0.0383,0.0007333333333333331,9,1374,0,0,0.01908065915004336,0.0262,0.0009911958110295222,9,1245,0,0,0.03835237445943981,0.0257,0.0006635110500814898,9,1254,0,0,0.025476106871729562,0.023099999999999996,0.0007134239731268479,36,1218,0,0,0.0309698095171428,0.0194,0.0007207677662323021,9,1190,0,0,0.03654597124558152,0.0092,0.0002748737083745104,9,1087,0,0,0.0300956615008588,0.008800000000000002,0.0004853406592853693,9,1077,0,0,0.05600084530215799,,,,,,,,,,,,,
S2B_T29UPA_20260824T113314_L2A,2026-08-24,2026-08-24T11:36:12.347000Z,sentinel-2b,S2B_MSIL2A_20260824T113319_N0512_R080_T29UPA_20260824T141245.SAFE,sentinel-2-c1-l2a,05.12,L1279,Washing Bay,-6.569769770482481,54.523188284062314,True,396.0713035201496,False,provisional_filtered_view_no_row_flags,5.231965,45.2366796507528,9.319599014519444,Sen2Cor_BOA_not_aquatic_Rw,False,9.58833503723145,8.40438365936279,1.48090970516205,9,False,False,352.9038840688248,True,,True,0.022950000000000005,0.0010168336232068403,36,1197,0,0,0.04464147614078811,0.02465,0.0006400412313107472,36,1236,0,0,0.025886399648564096,0.015050000000000001,0.0006208317797643996,36,1139,0,0,0.041144963312809986,0.018799999999999997,0.0006378977819736613,9,1178,0,0,0.03401113766447246,0.014799999999999994,0.001143527140468321,9,1135,0,0,0.07578604023722306,0.015600000000000003,0.0013053545944623453,9,1137,0,0,0.08464114805591576,0.01335,0.0011162381709657612,36,1114,0,0,0.0821434467595409,0.011999999999999997,0.0008854098583616242,9,1111,0,0,0.0736477701040168,0.0031000000000000055,0.0002922876986214651,9,1026,0,0,0.09394961741404227,0.0023999999999999994,0.00046613726585340086,9,1017,0,0,0.19603903704114986,9.52653217315674,False,False,2065029,2026-08-24T11:30:00Z,-6.205783331394196,True,4,0,8.40438365936279,9.67995548248291,9.248788833618164,1
S2B_T29UPA_20260824T113314_L2A,2026-08-24,2026-08-24T11:36:12.347000Z,sentinel-2b,S2B_MSIL2A_20260824T113319_N0512_R080_T29UPA_20260824T141245.SAFE,sentinel-2-c1-l2a,05.12,L1284,Toome,-6.466696920835618,54.75354853784675,False,338.87523315847875,False,provisional_filtered_view_no_row_flags,5.231965,45.2366796507528,9.319599014519444,Sen2Cor_BOA_not_aquatic_Rw,False,27.5302829742432,9.0224142074585,0.25788339972496,5,False,True,298.5451035583995,False,footprint_shore_buffer_100m;outside_lake_polygon;scl_core_not_all_water;spectra_not_sampled_after_scl_rejection,False,,,,,,,,,,,,,,,,,,,,,,,,,,,,,,,,,,,,,,,,,,,,,,,,,,,,,,,,,,,,,,,,,,,,,,,13.0752897262573,False,False,2065227,2026-08-24T11:30:00Z,-6.205783331394196,True,4,0,9.0224142074585,14.6796064376831,13.51551151275635,1
S2A_T29UPA_20260824T114402_L2A,2026-08-24,2026-08-24T11:46:28.310000Z,sentinel-2a,S2A_MSIL2A_20260824T114401_N0512_R123_T29UPA_20260824T194216.SAFE,sentinel-2-c1-l2a,05.12,L1278,Rea's Wood,-6.241996568375846,54.712602169290584,True,270.8840794505137,False,provisional_filtered_view_no_row_flags,3.166496,45.6632209551905,2.9843205995633193,Sen2Cor_BOA_not_aquatic_Rw,False,13.5728216171265,,2.02470064163208,9,False,False,219.1519161730116,True,probe_gap_or_unbracketed,False,0.0175,0.0012094407441376562,36,1162,0,0,0.06796732249290607,0.030399999999999996,0.0021656888819341835,36,1261,0,0,0.07133754208951468,0.020100000000000007,0.0012859011107650023,36,1181,0,0,0.06368474341386722,0.028700000000000003,0.0018708286933869704,9,1259,0,0,0.06587424976714683,0.015100000000000002,0.0014586481141754695,9,1138,0,0,0.09356972934839076,0.016,0.0004954110402135116,9,1149,0,0,0.03153252731203398,0.0143,0.0006515413822924121,36,1124,0,0,0.0461358964644509,0.011499999999999996,0.0005033222956847153,9,1104,0,0,0.04441079079571018,0.004199999999999995,0.0005597618541248895,9,1033,0,0,0.12818973758585264,0.003600000000000006,0.0005887840577551885,9,1028,0,0,0.1650796423612678,9.40386199951172,False,False,2065083,2026-08-24T12:00:00Z,13.528166667620342,False,3,0,8.34476470947266,13.5728216171265,9.40386199951172,1
S2A_T29UPA_20260824T114402_L2A,2026-08-24,2026-08-24T11:46:28.310000Z,sentinel-2a,S2A_MSIL2A_20260824T114401_N0512_R123_T29UPA_20260824T194216.SAFE,sentinel-2-c1-l2a,05.12,L1279,Washing Bay,-6.569769770482481,54.523188284062314,True,396.0713035201496,False,provisional_filtered_view_no_row_flags,3.166496,45.6632209551905,2.9843205995633193,Sen2Cor_BOA_not_aquatic_Rw,False,9.67995548248291,39.0220069885254,1.56868493556976,9,False,False,352.9038840688248,True,,True,0.013750000000000005,0.001196238962047712,36,1113,0,0,0.08738758651322572,0.022199999999999998,0.0010084366338270574,36,1197,0,0,0.045734087701907365,0.013750000000000005,0.0006990513854547263,36,1123,0,0,0.05092239958796064,0.018600000000000005,0.0008459051693633022,9,1165,0,0,0.04639333652815185,0.014600000000000002,0.0010055402085998911,9,1134,0,0,0.06887261702738981,0.014600000000000002,0.0010045575157596187,9,1132,0,0,0.06854448553325679,0.013200000000000003,0.0014270182804853998,36,1110,0,0,0.10808470039443382,0.012300000000000005,0.0002867441755680877,9,1118,0,0,0.023375883877833237,0.0031999999999999945,0.00021140330656044688,9,1026,0,0,0.06723073353512446,0.0022999999999999965,0.00040582183039443724,9,1019,0,0,0.16601802152499712,8.97104549407959,False,False,2065130,2026-08-24T12:00:00Z,13.528166667620342,True,4,0,8.40438365936279,9.67995548248291,9.248788833618164,1
S2A_T29UPA_20260824T114402_L2A,2026-08-24,2026-08-24T11:46:28.310000Z,sentinel-2a,S2A_MSIL2A_20260824T114401_N0512_R123_T29UPA_20260824T194216.SAFE,sentinel-2-c1-l2a,05.12,L1284,Toome,-6.466696920835618,54.75354853784675,False,338.87523315847875,False,provisional_filtered_view_no_row_flags,3.166496,45.6632209551905,2.9843205995633193,Sen2Cor_BOA_not_aquatic_Rw,False,13.9557332992554,14.3449659347534,0.338975250720978,5,False,True,298.5451035583995,False,footprint_shore_buffer_100m;outside_lake_polygon;scl_core_not_all_water;spectra_not_sampled_after_scl_rejection,False,,,,,,,,,,,,,,,,,,,,,,,,,,,,,,,,,,,,,,,,,,,,,,,,,,,,,,,,,,,,,,,,,,,,,,,14.6796064376831,False,False,2065228,2026-08-24T12:00:00Z,13.528166667620342,True,4,0,9.0224142074585,14.6796064376831,13.51551151275635,1
S2B_T29UPA_20260827T114344_L2A,2026-08-27,2026-08-27T11:46:10.478000Z,sentinel-2b,S2B_MSIL2A_20260827T114349_N0512_R123_T29UPA_20260827T152420.SAFE,sentinel-2-c1-l2a,05.12,L1278,Rea's Wood,-6.241996568375846,54.712602169290584,True,270.8840794505137,False,provisional_filtered_view_no_row_flags,81.751519,44.6545931853974,2.9826881082866645,Sen2Cor_BOA_not_aquatic_Rw,False,6.85942220687866,5.35833549499512,1.87124240398407,0,True,False,219.1519161730116,True,scl_cloud_shadow_snow_nearby;scl_core_not_all_water;spectra_not_sampled_after_scl_rejection,False,,,,,,,,,,,,,,,,,,,,,,,,,,,,,,,,,,,,,,,,,,,,,,,,,,,,,,,,,,,,,,,,,,,,,,,5.32381868362427,False,False,2070987,2026-08-27T12:00:00Z,13.825366667906444,True,4,0,5.32381868362427,13.1858043670654,7.4695446491241455,1
S2B_T29UPA_20260827T114344_L2A,2026-08-27,2026-08-27T11:46:10.478000Z,sentinel-2b,S2B_MSIL2A_20260827T114349_N0512_R123_T29UPA_20260827T152420.SAFE,sentinel-2-c1-l2a,05.12,L1279,Washing Bay,-6.569769770482481,54.523188284062314,True,396.0713035201496,False,provisional_filtered_view_no_row_flags,81.751519,44.6545931853974,2.9826881082866645,Sen2Cor_BOA_not_aquatic_Rw,False,29.88942527771,23.3329010009766,3.96683573722839,9,False,False,352.9038840688248,True,,True,0.05990000000000001,0.002334065691946349,36,1550,0,0,0.0390076435216882,0.0644,0.0027306671730323593,36,1608,0,0,0.042132701109705524,0.04915,0.0026958301133417134,36,1444,0,0,0.054479557696363354,0.062200000000000005,0.0035423713895819018,9,1566,0,0,0.0568801828835631,0.0519,0.006829041109053001,9,1489,0,0,0.1240390917890555,0.05840000000000001,0.007872737770305827,9,1508,0,0,0.13027144683352168,0.05215,0.00395098440616738,36,1434,0,0,0.07689233356148,0.05740000000000001,0.010507257926585915,9,1438,0,0,0.17528326476232298,0.0373,0.003321125794547668,9,1333,0,0,0.0876029664446923,0.04300000000000001,0.008348401192392215,9,1320,0,0,0.18737060032800482,27.5559673309326,False,False,2071034,2026-08-27T12:00:00Z,13.825366667906444,True,4,0,23.4487152099609,29.88942527771,25.732387542724602,1
S2B_T29UPA_20260827T114344_L2A,2026-08-27,2026-08-27T11:46:10.478000Z,sentinel-2b,S2B_MSIL2A_20260827T114349_N0512_R123_T29UPA_20260827T152420.SAFE,sentinel-2-c1-l2a,05.12,L1284,Toome,-6.466696920835618,54.75354853784675,False,338.87523315847875,False,provisional_filtered_view_no_row_flags,81.751519,44.6545931853974,2.9826881082866645,Sen2Cor_BOA_not_aquatic_Rw,False,21.7417125701904,9.92043781280518,0.624093353748322,0,True,True,298.5451035583995,False,footprint_shore_buffer_100m;outside_lake_polygon;scl_cloud_shadow_snow_nearby;scl_core_not_all_water;spectra_not_sampled_after_scl_rejection,False,,,,,,,,,,,,,,,,,,,,,,,,,,,,,,,,,,,,,,,,,,,,,,,,,,,,,,,,,,,,,,,,,,,,,,,9.56846523284912,False,False,2071132,2026-08-27T12:00:00Z,13.825366667906444,True,4,0,9.56846523284912,21.7417125701904,12.90526962280275,1
S2C_T29UPA_20260829T113315_L2A,2026-08-29,2026-08-29T11:36:13.496000Z,sentinel-2c,S2C_MSIL2A_20260829T113321_N0512_R080_T29UPA_20260829T150118.SAFE,sentinel-2-c1-l2a,05.12,L1278,Rea's Wood,-6.241996568375846,54.712602169290584,True,270.8840794505137,False,provisional_filtered_view_no_row_flags,99.998033,43.5837860137421,9.329552266042553,Sen2Cor_BOA_not_aquatic_Rw,False,,,,0,True,False,219.1519161730116,True,no_probe_within_15min;scl_cloud_shadow_snow_nearby;scl_core_not_all_water;spectra_not_sampled_after_scl_rejection,False,,,,,,,,,,,,,,,,,,,,,,,,,,,,,,,,,,,,,,,,,,,,,,,,,,,,,,,,,,,,,,,,,,,,,,,,,,,,,,,,,,,
S2C_T29UPA_20260829T113315_L2A,2026-08-29,2026-08-29T11:36:13.496000Z,sentinel-2c,S2C_MSIL2A_20260829T113321_N0512_R080_T29UPA_20260829T150118.SAFE,sentinel-2-c1-l2a,05.12,L1279,Washing Bay,-6.569769770482481,54.523188284062314,True,396.0713035201496,False,provisional_filtered_view_no_row_flags,99.998033,43.5837860137421,9.329552266042553,Sen2Cor_BOA_not_aquatic_Rw,False,,,7.65377473831177,0,True,False,352.9038840688248,True,probe_gap_or_unbracketed;scl_cloud_shadow_snow_nearby;scl_core_not_all_water;spectra_not_sampled_after_scl_rejection,False,,,,,,,,,,,,,,,,,,,,,,,,,,,,,,,,,,,,,,,,,,,,,,,,,,,,,,,,,,,,,,,,,,,,,,,11.5484209060669,False,False,2074505,2026-08-29T11:30:00Z,-6.224933334191641,False,2,0,11.5484209060669,16.5145492553711,14.031485080719001,1
S2C_T29UPA_20260829T113315_L2A,2026-08-29,2026-08-29T11:36:13.496000Z,sentinel-2c,S2C_MSIL2A_20260829T113321_N0512_R080_T29UPA_20260829T150118.SAFE,sentinel-2-c1-l2a,05.12,L1284,Toome,-6.466696920835618,54.75354853784675,False,338.87523315847875,False,provisional_filtered_view_no_row_flags,99.998033,43.5837860137421,9.329552266042553,Sen2Cor_BOA_not_aquatic_Rw,False,11.0854902267456,13.155613899231,0.339368253946304,0,True,False,298.5451035583995,False,footprint_shore_buffer_100m;outside_lake_polygon;scl_cloud_shadow_snow_nearby;scl_core_not_all_water;spectra_not_sampled_after_scl_rejection,False,,,,,,,,,,,,,,,,,,,,,,,,,,,,,,,,,,,,,,,,,,,,,,,,,,,,,,,,,,,,,,,,,,,,,,,11.1397886276245,False,False,2074307,2026-08-29T11:30:00Z,-6.224933334191641,True,4,0,11.1397886276245,13.6750411987305,13.23088932037355,1
S2A_T29UPA_20260831T113332_L2A,2026-08-31,2026-08-31T11:36:30.743000Z,sentinel-2a,S2A_MSIL2A_20260831T113331_N0512_R080_T29UPA_20260831T194415.SAFE,sentinel-2-c1-l2a,05.12,L1278,Rea's Wood,-6.241996568375846,54.712602169290584,True,270.8840794505137,False,provisional_filtered_view_no_row_flags,94.587946,42.916958466386,9.291171586476974,Sen2Cor_BOA_not_aquatic_Rw,False,,,,0,True,False,219.1519161730116,True,no_probe_within_15min;scl_cloud_shadow_snow_nearby;scl_core_not_all_water;spectra_not_sampled_after_scl_rejection,False,,,,,,,,,,,,,,,,,,,,,,,,,,,,,,,,,,,,,,,,,,,,,,,,,,,,,,,,,,,,,,,,,,,,,,,,,,,,,,,,,,,
S2A_T29UPA_20260831T113332_L2A,2026-08-31,2026-08-31T11:36:30.743000Z,sentinel-2a,S2A_MSIL2A_20260831T113331_N0512_R080_T29UPA_20260831T194415.SAFE,sentinel-2-c1-l2a,05.12,L1279,Washing Bay,-6.569769770482481,54.523188284062314,True,396.0713035201496,False,provisional_filtered_view_no_row_flags,94.587946,42.916958466386,9.291171586476974,Sen2Cor_BOA_not_aquatic_Rw,False,8.28887748718262,8.24646663665771,5.223060131073,0,True,False,352.9038840688248,True,scl_cloud_shadow_snow_nearby;scl_core_not_all_water;spectra_not_sampled_after_scl_rejection,False,,,,,,,,,,,,,,,,,,,,,,,,,,,,,,,,,,,,,,,,,,,,,,,,,,,,,,,,,,,,,,,,,,,,,,,10.3075265884399,False,False,2077281,2026-08-31T11:30:00Z,-6.512383333841959,True,4,0,7.93533849716187,12.1025304794312,9.276996612548805,1
S2A_T29UPA_20260831T113332_L2A,2026-08-31,2026-08-31T11:36:30.743000Z,sentinel-2a,S2A_MSIL2A_20260831T113331_N0512_R080_T29UPA_20260831T194415.SAFE,sentinel-2-c1-l2a,05.12,L1284,Toome,-6.466696920835618,54.75354853784675,False,338.87523315847875,False,provisional_filtered_view_no_row_flags,94.587946,42.916958466386,9.291171586476974,Sen2Cor_BOA_not_aquatic_Rw,False,10.5242395401001,11.5193977355957,2.28953123092651,0,True,False,298.5451035583995,False,footprint_shore_buffer_100m;outside_lake_polygon;scl_cloud_shadow_snow_nearby;scl_core_not_all_water;spectra_not_sampled_after_scl_rejection,False,,,,,,,,,,,,,,,,,,,,,,,,,,,,,,,,,,,,,,,,,,,,,,,,,,,,,,,,,,,,,,,,,,,,,,,8.37615299224854,False,False,2077187,2026-08-31T11:30:00Z,-6.512383333841959,True,4,0,8.37615299224854,20.926549911499,12.594918727874749,1
S2C_T29UPA_20260901T114345_L2A,2026-09-01,2026-09-01T11:46:11.333000Z,sentinel-2c,S2C_MSIL2A_20260901T114351_N0512_R123_T29UPA_20260901T163115.SAFE,sentinel-2-c1-l2a,05.12,L1278,Rea's Wood,-6.241996568375846,54.712602169290584,True,270.8840794505137,False,provisional_filtered_view_no_row_flags,100,42.9416193220863,2.9886839168166524,Sen2Cor_BOA_not_aquatic_Rw,False,,,,0,True,False,219.1519161730116,True,no_probe_within_15min;scl_cloud_shadow_snow_nearby;scl_core_not_all_water;spectra_not_sampled_after_scl_rejection,False,,,,,,,,,,,,,,,,,,,,,,,,,,,,,,,,,,,,,,,,,,,,,,,,,,,,,,,,,,,,,,,,,,,,,,,,,,,,,,,,,,,
S2C_T29UPA_20260901T114345_L2A,2026-09-01,2026-09-01T11:46:11.333000Z,sentinel-2c,S2C_MSIL2A_20260901T114351_N0512_R123_T29UPA_20260901T163115.SAFE,sentinel-2-c1-l2a,05.12,L1279,Washing Bay,-6.569769770482481,54.523188284062314,True,396.0713035201496,False,provisional_filtered_view_no_row_flags,100,42.9416193220863,2.9886839168166524,Sen2Cor_BOA_not_aquatic_Rw,False,8.73119258880615,9.82497882843018,2.32264399528503,0,True,False,352.9038840688248,True,scl_cloud_shadow_snow_nearby;scl_core_not_all_water;spectra_not_sampled_after_scl_rejection,False,,,,,,,,,,,,,,,,,,,,,,,,,,,,,,,,,,,,,,,,,,,,,,,,,,,,,,,,,,,,,,,,,,,,,,,9.58754444122314,False,False,2078662,2026-09-01T12:00:00Z,13.811116667588552,True,4,0,8.73119258880615,11.7271642684937,9.664257049560543,1
S2C_T29UPA_20260901T114345_L2A,2026-09-01,2026-09-01T11:46:11.333000Z,sentinel-2c,S2C_MSIL2A_20260901T114351_N0512_R123_T29UPA_20260901T163115.SAFE,sentinel-2-c1-l2a,05.12,L1284,Toome,-6.466696920835618,54.75354853784675,False,338.87523315847875,False,provisional_filtered_view_no_row_flags,100,42.9416193220863,2.9886839168166524,Sen2Cor_BOA_not_aquatic_Rw,False,31.9435710906982,,2.78948068618774,0,True,False,298.5451035583995,False,footprint_shore_buffer_100m;outside_lake_polygon;scl_cloud_shadow_snow_nearby;scl_core_not_all_water;spectra_not_sampled_after_scl_rejection,False,,,,,,,,,,,,,,,,,,,,,,,,,,,,,,,,,,,,,,,,,,,,,,,,,,,,,,,,,,,,,,,,,,,,,,,20.6099090576172,False,False,2078772,2026-09-01T12:00:00Z,13.811116667588552,True,4,0,20.6099090576172,36.5675239562988,30.1268720626831,1
S2B_T29UPA_20260903T113314_L2A,2026-09-03,2026-09-03T11:36:12.970000Z,sentinel-2b,S2B_MSIL2A_20260903T113319_N0512_R080_T29UPA_20260903T151523.SAFE,sentinel-2-c1-l2a,05.12,L1278,Rea's Wood,-6.241996568375846,54.712602169290584,True,270.8840794505137,False,provisional_filtered_view_no_row_flags,98.419756,41.868527229185,9.29408192385557,Sen2Cor_BOA_not_aquatic_Rw,False,,,,0,True,False,219.1519161730116,True,no_probe_within_15min;scl_cloud_shadow_snow_nearby;scl_core_not_all_water;spectra_not_sampled_after_scl_rejection,False,,,,,,,,,,,,,,,,,,,,,,,,,,,,,,,,,,,,,,,,,,,,,,,,,,,,,,,,,,,,,,,,,,,,,,,,,,,,,,,,,,,
S2B_T29UPA_20260903T113314_L2A,2026-09-03,2026-09-03T11:36:12.970000Z,sentinel-2b,S2B_MSIL2A_20260903T113319_N0512_R080_T29UPA_20260903T151523.SAFE,sentinel-2-c1-l2a,05.12,L1279,Washing Bay,-6.569769770482481,54.523188284062314,True,396.0713035201496,False,provisional_filtered_view_no_row_flags,98.419756,41.868527229185,9.29408192385557,Sen2Cor_BOA_not_aquatic_Rw,False,6.67412948608398,2.69636034965515,1.40266954898834,0,True,False,352.9038840688248,True,scl_cloud_shadow_snow_nearby;scl_core_not_all_water;spectra_not_sampled_after_scl_rejection,False,,,,,,,,,,,,,,,,,,,,,,,,,,,,,,,,,,,,,,,,,,,,,,,,,,,,,,,,,,,,,,,,,,,,,,,3.01189732551575,False,False,2081498,2026-09-03T11:30:00Z,-6.216166667143503,True,3,0,1.2170547246933,3.01189732551575,2.69636034965515,1
S2B_T29UPA_20260903T113314_L2A,2026-09-03,2026-09-03T11:36:12.970000Z,sentinel-2b,S2B_MSIL2A_20260903T113319_N0512_R080_T29UPA_20260903T151523.SAFE,sentinel-2-c1-l2a,05.12,L1284,Toome,-6.466696920835618,54.75354853784675,False,338.87523315847875,False,provisional_filtered_view_no_row_flags,98.419756,41.868527229185,9.29408192385557,Sen2Cor_BOA_not_aquatic_Rw,False,14.8509044647217,,3.60181975364685,0,True,False,298.5451035583995,False,footprint_shore_buffer_100m;outside_lake_polygon;scl_cloud_shadow_snow_nearby;scl_core_not_all_water;spectra_not_sampled_after_scl_rejection,False,,,,,,,,,,,,,,,,,,,,,,,,,,,,,,,,,,,,,,,,,,,,,,,,,,,,,,,,,,,,,,,,,,,,,,,12.1646432876587,False,False,2081552,2026-09-03T11:30:00Z,-6.216166667143503,True,3,0,12.1646432876587,39.7449340820313,33.6775512695313,1
S2A_T29UPA_20260903T114401_L2A,2026-09-03,2026-09-03T11:46:28.353000Z,sentinel-2a,S2A_MSIL2A_20260903T114401_N0512_R123_T29UPA_20260903T193717.SAFE,sentinel-2-c1-l2a,05.12,L1278,Rea's Wood,-6.241996568375846,54.712602169290584,True,270.8840794505137,False,provisional_filtered_view_no_row_flags,98.417735,42.2492297336823,2.999922071575197,Sen2Cor_BOA_not_aquatic_Rw,False,,,,0,True,False,219.1519161730116,True,no_probe_within_15min;scl_cloud_shadow_snow_nearby;scl_core_not_all_water;spectra_not_sampled_after_scl_rejection,False,,,,,,,,,,,,,,,,,,,,,,,,,,,,,,,,,,,,,,,,,,,,,,,,,,,,,,,,,,,,,,,,,,,,,,,,,,,,,,,,,,,
S2A_T29UPA_20260903T114401_L2A,2026-09-03,2026-09-03T11:46:28.353000Z,sentinel-2a,S2A_MSIL2A_20260903T114401_N0512_R123_T29UPA_20260903T193717.SAFE,sentinel-2-c1-l2a,05.12,L1279,Washing Bay,-6.569769770482481,54.523188284062314,True,396.0713035201496,False,provisional_filtered_view_no_row_flags,98.417735,42.2492297336823,2.999922071575197,Sen2Cor_BOA_not_aquatic_Rw,False,,3.62464332580566,0.763762593269348,0,True,False,352.9038840688248,True,scl_cloud_shadow_snow_nearby;scl_core_not_all_water;spectra_not_sampled_after_scl_rejection,False,,,,,,,,,,,,,,,,,,,,,,,,,,,,,,,,,,,,,,,,,,,,,,,,,,,,,,,,,,,,,,,,,,,,,,,1.2170547246933,False,False,2081627,2026-09-03T12:00:00Z,13.527450001239776,True,3,0,1.2170547246933,3.01189732551575,2.69636034965515,1
S2A_T29UPA_20260903T114401_L2A,2026-09-03,2026-09-03T11:46:28.353000Z,sentinel-2a,S2A_MSIL2A_20260903T114401_N0512_R123_T29UPA_20260903T193717.SAFE,sentinel-2-c1-l2a,05.12,L1284,Toome,-6.466696920835618,54.75354853784675,False,338.87523315847875,False,provisional_filtered_view_no_row_flags,98.417735,42.2492297336823,2.999922071575197,Sen2Cor_BOA_not_aquatic_Rw,False,39.7449340820313,,4.05844259262085,0,True,False,298.5451035583995,False,footprint_shore_buffer_100m;outside_lake_polygon;scl_cloud_shadow_snow_nearby;scl_core_not_all_water;spectra_not_sampled_after_scl_rejection,False,,,,,,,,,,,,,,,,,,,,,,,,,,,,,,,,,,,,,,,,,,,,,,,,,,,,,,,,,,,,,,,,,,,,,,,33.6775512695313,False,False,2081553,2026-09-03T12:00:00Z,13.527450001239776,True,3,0,12.1646432876587,39.7449340820313,33.6775512695313,1
S2B_T29UPA_20260906T114344_L2A,2026-09-06,2026-09-06T11:46:10.679000Z,sentinel-2b,S2B_MSIL2A_20260906T114349_N0512_R123_T29UPA_20260906T152440.SAFE,sentinel-2-c1-l2a,05.12,L1278,Rea's Wood,-6.241996568375846,54.712602169290584,True,270.8840794505137,False,provisional_filtered_view_no_row_flags,99.56426,41.1710661612803,3.002421592799013,Sen2Cor_BOA_not_aquatic_Rw,False,,,,0,True,False,219.1519161730116,True,no_probe_within_15min;scl_cloud_shadow_snow_nearby;scl_core_not_all_water;spectra_not_sampled_after_scl_rejection,False,,,,,,,,,,,,,,,,,,,,,,,,,,,,,,,,,,,,,,,,,,,,,,,,,,,,,,,,,,,,,,,,,,,,,,,,,,,,,,,,,,,
S2B_T29UPA_20260906T114344_L2A,2026-09-06,2026-09-06T11:46:10.679000Z,sentinel-2b,S2B_MSIL2A_20260906T114349_N0512_R123_T29UPA_20260906T152440.SAFE,sentinel-2-c1-l2a,05.12,L1279,Washing Bay,-6.569769770482481,54.523188284062314,True,396.0713035201496,False,provisional_filtered_view_no_row_flags,99.56426,41.1710661612803,3.002421592799013,Sen2Cor_BOA_not_aquatic_Rw,False,3.63348650932312,9.48891448974609,1.13380134105682,0,True,False,352.9038840688248,True,scl_cloud_shadow_snow_nearby;scl_core_not_all_water;spectra_not_sampled_after_scl_rejection,False,,,,,,,,,,,,,,,,,,,,,,,,,,,,,,,,,,,,,,,,,,,,,,,,,,,,,,,,,,,,,,,,,,,,,,,2.14431953430176,False,False,2086523,2026-09-06T12:00:00Z,13.822016668319701,True,4,0,2.14431953430176,6.53923463821411,3.55362832546234,1
S2B_T29UPA_20260906T114344_L2A,2026-09-06,2026-09-06T11:46:10.679000Z,sentinel-2b,S2B_MSIL2A_20260906T114349_N0512_R123_T29UPA_20260906T152440.SAFE,sentinel-2-c1-l2a,05.12,L1284,Toome,-6.466696920835618,54.75354853784675,False,338.87523315847875,False,provisional_filtered_view_no_row_flags,99.56426,41.1710661612803,3.002421592799013,Sen2Cor_BOA_not_aquatic_Rw,False,36.8898963928223,21.7029209136963,13.7128801345825,0,True,False,298.5451035583995,False,footprint_shore_buffer_100m;outside_lake_polygon;probe_gap_or_unbracketed;scl_cloud_shadow_snow_nearby;scl_core_not_all_water;spectra_not_sampled_after_scl_rejection,False,,,,,,,,,,,,,,,,,,,,,,,,,,,,,,,,,,,,,,,,,,,,,,,,,,,,,,,,,,,,,,,,,,,,,,,34.964599609375,False,False,2086449,2026-09-06T12:00:00Z,13.822016668319701,False,3,0,34.964599609375,37.0404396057129,36.8898963928223,1
S2C_T29UPA_20260908T113337_L2A,2026-09-08,2026-09-08T11:36:13.401000Z,sentinel-2c,S2C_MSIL2A_20260908T113321_N0512_R080_T29UPA_20260908T152009.SAFE,sentinel-2-c1-l2a,05.12,L1278,Rea's Wood,-6.241996568375846,54.712602169290584,True,270.8840794505137,False,provisional_filtered_view_no_row_flags,46.103495,40.1008510756394,9.308474435574237,Sen2Cor_BOA_not_aquatic_Rw,False,,,,0,True,False,219.1519161730116,True,no_probe_within_15min;scl_cloud_shadow_snow_nearby;scl_core_not_all_water;spectra_not_sampled_after_scl_rejection,False,,,,,,,,,,,,,,,,,,,,,,,,,,,,,,,,,,,,,,,,,,,,,,,,,,,,,,,,,,,,,,,,,,,,,,,,,,,,,,,,,,,
S2C_T29UPA_20260908T113337_L2A,2026-09-08,2026-09-08T11:36:13.401000Z,sentinel-2c,S2C_MSIL2A_20260908T113321_N0512_R080_T29UPA_20260908T152009.SAFE,sentinel-2-c1-l2a,05.12,L1279,Washing Bay,-6.569769770482481,54.523188284062314,True,396.0713035201496,False,provisional_filtered_view_no_row_flags,46.103495,40.1008510756394,9.308474435574237,Sen2Cor_BOA_not_aquatic_Rw,False,17.2223243713379,5.79567527770996,4.77435922622681,9,False,False,352.9038840688248,True,,True,0.021500000000000005,0.0012842679376993227,36,1184,0,0,0.059648620509838234,0.026600000000000013,0.0010108058147150377,36,1246,0,0,0.037968498883286045,0.016,0.0006575006454486816,36,1145,0,0,0.04067713221541938,0.022400000000000003,0.0006497862896539299,9,1215,0,0,0.029094908491967015,0.013999999999999999,0.000702376916856847,9,1128,0,0,0.050409826568673224,0.013200000000000003,0.000736357401145819,9,1124,0,0,0.05522680508593643,0.013600000000000001,0.0009807837317141134,36,1106,0,0,0.07348223588284719,0.011399999999999993,0.0003620926830400072,9,1110,0,0,0.03157785026511691,0.011200000000000002,0.00033591592128513314,9,1109,0,0,0.029785648192770436,0.008800000000000002,0.0009977753031397165,9,1070,0,0,0.11210958462244007,8.80398178100586,False,False,2115882,2026-09-08T11:30:00Z,-6.22335000038147,True,4,0,4.53989791870117,35.1963768005371,7.29982852935791,1
S2C_T29UPA_20260908T113337_L2A,2026-09-08,2026-09-08T11:36:13.401000Z,sentinel-2c,S2C_MSIL2A_20260908T113321_N0512_R080_T29UPA_20260908T152009.SAFE,sentinel-2-c1-l2a,05.12,L1284,Toome,-6.466696920835618,54.75354853784675,False,338.87523315847875,False,provisional_filtered_view_no_row_flags,46.103495,40.1008510756394,9.308474435574237,Sen2Cor_BOA_not_aquatic_Rw,False,21.4675827026367,14.9869527816772,5.23142910003662,2,True,True,298.5451035583995,False,footprint_shore_buffer_100m;no_probe_within_15min;outside_lake_polygon;scl_cloud_shadow_snow_nearby;scl_core_not_all_water;spectra_not_sampled_after_scl_rejection,False,,,,,,,,,,,,,,,,,,,,,,,,,,,,,,,,,,,,,,,,,,,,,,,,,,,,,,,,,,,,,,,,,,,,,,,,,,,,,,,,,,,
S2A_T29UPA_20260910T113331_L2A,2026-09-10,2026-09-10T11:36:29.928000Z,sentinel-2a,S2A_MSIL2A_20260910T113331_N0512_R080_T29UPA_20260910T193113.SAFE,sentinel-2-c1-l2a,05.12,L1278,Rea's Wood,-6.241996568375846,54.712602169290584,True,270.8840794505137,False,provisional_filtered_view_no_row_flags,99.988586,39.3914396778176,9.280375580553338,Sen2Cor_BOA_not_aquatic_Rw,False,,,12.8960161209106,0,True,False,219.1519161730116,True,scl_cloud_shadow_snow_nearby;scl_core_not_all_water;spectra_not_sampled_after_scl_rejection,False,,,,,,,,,,,,,,,,,,,,,,,,,,,,,,,,,,,,,,,,,,,,,,,,,,,,,,,,,,,,,,,,,,,,,,,19.9074802398682,False,False,2151557,2026-09-10T11:30:00Z,-6.498799999554952,True,2,0,8.19409656524658,19.9074802398682,14.05078840255739,1
S2A_T29UPA_20260910T113331_L2A,2026-09-10,2026-09-10T11:36:29.928000Z,sentinel-2a,S2A_MSIL2A_20260910T113331_N0512_R080_T29UPA_20260910T193113.SAFE,sentinel-2-c1-l2a,05.12,L1279,Washing Bay,-6.569769770482481,54.523188284062314,True,396.0713035201496,False,provisional_filtered_view_no_row_flags,99.988586,39.3914396778176,9.280375580553338,Sen2Cor_BOA_not_aquatic_Rw,False,4.47677421569824,1.29506945610046,3.26402235031128,0,True,False,352.9038840688248,True,scl_cloud_shadow_snow_nearby;scl_core_not_all_water;spectra_not_sampled_after_scl_rejection,False,,,,,,,,,,,,,,,,,,,,,,,,,,,,,,,,,,,,,,,,,,,,,,,,,,,,,,,,,,,,,,,,,,,,,,,3.41073894500732,False,False,2151499,2026-09-10T11:30:00Z,-6.498799999554952,True,4,0,1.18283593654633,3.41073894500732,1.59856528043747,1
S2A_T29UPA_20260910T113331_L2A,2026-09-10,2026-09-10T11:36:29.928000Z,sentinel-2a,S2A_MSIL2A_20260910T113331_N0512_R080_T29UPA_20260910T193113.SAFE,sentinel-2-c1-l2a,05.12,L1284,Toome,-6.466696920835618,54.75354853784675,False,338.87523315847875,False,provisional_filtered_view_no_row_flags,99.988586,39.3914396778176,9.280375580553338,Sen2Cor_BOA_not_aquatic_Rw,False,37.6640625,,5.5825457572937,0,True,False,298.5451035583995,False,footprint_shore_buffer_100m;no_probe_within_15min;outside_lake_polygon;scl_cloud_shadow_snow_nearby;scl_core_not_all_water;spectra_not_sampled_after_scl_rejection,False,,,,,,,,,,,,,,,,,,,,,,,,,,,,,,,,,,,,,,,,,,,,,,,,,,,,,,,,,,,,,,,,,,,,,,,,,,,,,,,,,,,
S2C_T29UPA_20260911T114537_L2A,2026-09-11,2026-09-11T11:46:11.255000Z,sentinel-2c,S2C_MSIL2A_20260911T114351_N0512_R123_T29UPA_20260911T162604.SAFE,sentinel-2-c1-l2a,05.12,L1278,Rea's Wood,-6.241996568375846,54.712602169290584,True,270.8840794505137,False,provisional_filtered_view_no_row_flags,65.63502,39.3541109253083,2.976378060970641,Sen2Cor_BOA_not_aquatic_Rw,False,26.5009918212891,,17.4368095397949,0,True,False,219.1519161730116,True,no_probe_within_15min;scl_cloud_shadow_snow_nearby;scl_core_not_all_water;spectra_not_sampled_after_scl_rejection,False,,,,,,,,,,,,,,,,,,,,,,,,,,,,,,,,,,,,,,,,,,,,,,,,,,,,,,,,,,,,,,,,,,,,,,,,,,,,,,,,,,,
S2C_T29UPA_20260911T114537_L2A,2026-09-11,2026-09-11T11:46:11.255000Z,sentinel-2c,S2C_MSIL2A_20260911T114351_N0512_R123_T29UPA_20260911T162604.SAFE,sentinel-2-c1-l2a,05.12,L1279,Washing Bay,-6.569769770482481,54.523188284062314,True,396.0713035201496,False,provisional_filtered_view_no_row_flags,65.63502,39.3541109253083,2.976378060970641,Sen2Cor_BOA_not_aquatic_Rw,False,2.97932839393616,0.632370471954346,0.582971572875977,0,True,False,352.9038840688248,True,scl_cloud_shadow_snow_nearby;scl_core_not_all_water;spectra_not_sampled_after_scl_rejection,False,,,,,,,,,,,,,,,,,,,,,,,,,,,,,,,,,,,,,,,,,,,,,,,,,,,,,,,,,,,,,,,,,,,,,,,1.75978982448578,False,False,2153776,2026-09-11T12:00:00Z,13.812416664759319,True,4,0,1.75978982448578,8.39811706542969,3.221060514450075,1
S2C_T29UPA_20260911T114537_L2A,2026-09-11,2026-09-11T11:46:11.255000Z,sentinel-2c,S2C_MSIL2A_20260911T114351_N0512_R123_T29UPA_20260911T162604.SAFE,sentinel-2-c1-l2a,05.12,L1284,Toome,-6.466696920835618,54.75354853784675,False,338.87523315847875,False,provisional_filtered_view_no_row_flags,65.63502,39.3541109253083,2.976378060970641,Sen2Cor_BOA_not_aquatic_Rw,False,19.2746524810791,6.2244758605957,7.54527473449707,2,True,True,298.5451035583995,False,footprint_shore_buffer_100m;outside_lake_polygon;scl_cloud_shadow_snow_nearby;scl_core_not_all_water;spectra_not_sampled_after_scl_rejection,False,,,,,,,,,,,,,,,,,,,,,,,,,,,,,,,,,,,,,,,,,,,,,,,,,,,,,,,,,,,,,,,,,,,,,,,26.354362487793,False,False,2159218,2026-09-11T12:00:00Z,13.812416664759319,True,3,0,13.7538299560547,26.354362487793,19.2746524810791,1
S2B_T29UPA_20260913T113315_L2A,2026-09-13,2026-09-13T11:36:13.351000Z,sentinel-2b,S2B_MSIL2A_20260913T113319_N0512_R080_T29UPA_20260913T151415.SAFE,sentinel-2-c1-l2a,05.12,L1278,Rea's Wood,-6.241996568375846,54.712602169290584,True,270.8840794505137,False,provisional_filtered_view_no_row_flags,99.665415,38.2898169378963,9.310590360062893,Sen2Cor_BOA_not_aquatic_Rw,False,33.8518943786621,,12.245756149292,0,True,False,219.1519161730116,True,no_probe_within_15min;scl_cloud_shadow_snow_nearby;scl_core_not_all_water;spectra_not_sampled_after_scl_rejection,False,,,,,,,,,,,,,,,,,,,,,,,,,,,,,,,,,,,,,,,,,,,,,,,,,,,,,,,,,,,,,,,,,,,,,,,,,,,,,,,,,,,
S2B_T29UPA_20260913T113315_L2A,2026-09-13,2026-09-13T11:36:13.351000Z,sentinel-2b,S2B_MSIL2A_20260913T113319_N0512_R080_T29UPA_20260913T151415.SAFE,sentinel-2-c1-l2a,05.12,L1279,Washing Bay,-6.569769770482481,54.523188284062314,True,396.0713035201496,False,provisional_filtered_view_no_row_flags,99.665415,38.2898169378963,9.310590360062893,Sen2Cor_BOA_not_aquatic_Rw,False,1.53646504878998,0.476569414138794,0.621627867221832,0,True,False,352.9038840688248,True,scl_cloud_shadow_snow_nearby;scl_core_not_all_water;spectra_not_sampled_after_scl_rejection,False,,,,,,,,,,,,,,,,,,,,,,,,,,,,,,,,,,,,,,,,,,,,,,,,,,,,,,,,,,,,,,,,,,,,,,,1.53080523014069,False,False,2156539,2026-09-13T11:30:00Z,-6.222516667842865,True,4,0,0.476569414138794,1.53080523014069,0.6441280543804171,1
S2B_T29UPA_20260913T113315_L2A,2026-09-13,2026-09-13T11:36:13.351000Z,sentinel-2b,S2B_MSIL2A_20260913T113319_N0512_R080_T29UPA_20260913T151415.SAFE,sentinel-2-c1-l2a,05.12,L1284,Toome,-6.466696920835618,54.75354853784675,False,338.87523315847875,False,provisional_filtered_view_no_row_flags,99.665415,38.2898169378963,9.310590360062893,Sen2Cor_BOA_not_aquatic_Rw,False,2.41710734367371,8.29807949066162,4.70849370956421,0,True,False,298.5451035583995,False,footprint_shore_buffer_100m;outside_lake_polygon;scl_cloud_shadow_snow_nearby;scl_core_not_all_water;spectra_not_sampled_after_scl_rejection,False,,,,,,,,,,,,,,,,,,,,,,,,,,,,,,,,,,,,,,,,,,,,,,,,,,,,,,,,,,,,,,,,,,,,,,,6.14871025085449,False,False,2159313,2026-09-13T11:30:00Z,-6.222516667842865,True,4,0,3.79210090637207,20.099250793457,7.223394870758055,1
S2A_T29UPA_20260913T114613_L2A,2026-09-13,2026-09-13T11:46:27.257000Z,sentinel-2a,S2A_MSIL2A_20260913T114401_N0512_R123_T29UPA_20260913T193608.SAFE,sentinel-2-c1-l2a,05.12,L1278,Rea's Wood,-6.241996568375846,54.712602169290584,True,270.8840794505137,False,provisional_filtered_view_no_row_flags,99.982095,38.6241392401897,2.9908121825180154,Sen2Cor_BOA_not_aquatic_Rw,False,6.30046892166138,6.22814750671387,6.41911649703979,0,True,False,219.1519161730116,True,no_probe_within_15min;scl_cloud_shadow_snow_nearby;scl_core_not_all_water;spectra_not_sampled_after_scl_rejection,False,,,,,,,,,,,,,,,,,,,,,,,,,,,,,,,,,,,,,,,,,,,,,,,,,,,,,,,,,,,,,,,,,,,,,,,,,,,,,,,,,,,
S2A_T29UPA_20260913T114613_L2A,2026-09-13,2026-09-13T11:46:27.257000Z,sentinel-2a,S2A_MSIL2A_20260913T114401_N0512_R123_T29UPA_20260913T193608.SAFE,sentinel-2-c1-l2a,05.12,L1279,Washing Bay,-6.569769770482481,54.523188284062314,True,396.0713035201496,False,provisional_filtered_view_no_row_flags,99.982095,38.6241392401897,2.9908121825180154,Sen2Cor_BOA_not_aquatic_Rw,False,0.52256578207016,0.441039949655533,0.796941637992859,0,True,False,352.9038840688248,True,scl_cloud_shadow_snow_nearby;scl_core_not_all_water;spectra_not_sampled_after_scl_rejection,False,,,,,,,,,,,,,,,,,,,,,,,,,,,,,,,,,,,,,,,,,,,,,,,,,,,,,,,,,,,,,,,,,,,,,,,0.765690326690674,False,False,2156656,2026-09-13T12:00:00Z,13.545716667175293,True,4,0,0.476569414138794,1.53080523014069,0.6441280543804171,1
S2A_T29UPA_20260913T114613_L2A,2026-09-13,2026-09-13T11:46:27.257000Z,sentinel-2a,S2A_MSIL2A_20260913T114401_N0512_R123_T29UPA_20260913T193608.SAFE,sentinel-2-c1-l2a,05.12,L1284,Toome,-6.466696920835618,54.75354853784675,False,338.87523315847875,False,provisional_filtered_view_no_row_flags,99.982095,38.6241392401897,2.9908121825180154,Sen2Cor_BOA_not_aquatic_Rw,False,3.79210090637207,,6.60914325714111,0,True,False,298.5451035583995,False,footprint_shore_buffer_100m;outside_lake_polygon;scl_cloud_shadow_snow_nearby;scl_core_not_all_water;spectra_not_sampled_after_scl_rejection,False,,,,,,,,,,,,,,,,,,,,,,,,,,,,,,,,,,,,,,,,,,,,,,,,,,,,,,,,,,,,,,,,,,,,,,,20.099250793457,False,False,2159314,2026-09-13T12:00:00Z,13.545716667175293,True,4,0,3.79210090637207,20.099250793457,7.223394870758055,1
S2B_T29UPA_20260916T114345_L2A,2026-09-16,2026-09-16T11:46:11.745000Z,sentinel-2b,S2B_MSIL2A_20260916T114349_N0512_R123_T29UPA_20260916T152411.SAFE,sentinel-2-c1-l2a,05.12,L1278,Rea's Wood,-6.241996568375846,54.712602169290584,True,270.8840794505137,False,provisional_filtered_view_no_row_flags,90.87134,37.501016068132,2.98872076603685,Sen2Cor_BOA_not_aquatic_Rw,False,,37.4196968078613,17.2015419006348,0,True,False,219.1519161730116,True,probe_gap_or_unbracketed;scl_cloud_shadow_snow_nearby;scl_core_not_all_water;spectra_not_sampled_after_scl_rejection,False,,,,,,,,,,,,,,,,,,,,,,,,,,,,,,,,,,,,,,,,,,,,,,,,,,,,,,,,,,,,,,,,,,,,,,,37.7620086669922,False,False,2164518,2026-09-16T12:00:00Z,13.804250001907349,False,1,0,37.7620086669922,37.7620086669922,37.7620086669922,1
S2B_T29UPA_20260916T114345_L2A,2026-09-16,2026-09-16T11:46:11.745000Z,sentinel-2b,S2B_MSIL2A_20260916T114349_N0512_R123_T29UPA_20260916T152411.SAFE,sentinel-2-c1-l2a,05.12,L1279,Washing Bay,-6.569769770482481,54.523188284062314,True,396.0713035201496,False,provisional_filtered_view_no_row_flags,90.87134,37.501016068132,2.98872076603685,Sen2Cor_BOA_not_aquatic_Rw,False,1.62951099872589,1.11167895793915,0.426157295703888,0,True,False,352.9038840688248,True,no_probe_within_15min;scl_cloud_shadow_snow_nearby;scl_core_not_all_water;spectra_not_sampled_after_scl_rejection,False,,,,,,,,,,,,,,,,,,,,,,,,,,,,,,,,,,,,,,,,,,,,,,,,,,,,,,,,,,,,,,,,,,,,,,,,,,,,,,,,,,,
S2B_T29UPA_20260916T114345_L2A,2026-09-16,2026-09-16T11:46:11.745000Z,sentinel-2b,S2B_MSIL2A_20260916T114349_N0512_R123_T29UPA_20260916T152411.SAFE,sentinel-2-c1-l2a,05.12,L1284,Toome,-6.466696920835618,54.75354853784675,False,338.87523315847875,False,provisional_filtered_view_no_row_flags,90.87134,37.501016068132,2.98872076603685,Sen2Cor_BOA_not_aquatic_Rw,False,10.2029066085815,,11.8507137298584,0,True,False,298.5451035583995,False,footprint_shore_buffer_100m;outside_lake_polygon;scl_cloud_shadow_snow_nearby;scl_core_not_all_water;spectra_not_sampled_after_scl_rejection,False,,,,,,,,,,,,,,,,,,,,,,,,,,,,,,,,,,,,,,,,,,,,,,,,,,,,,,,,,,,,,,,,,,,,,,,14.0727338790894,False,False,2164578,2026-09-16T12:00:00Z,13.804250001907349,True,4,0,10.2029066085815,26.5122299194336,15.647638797760049,1
