scene_id,overpass_group,datetime_utc,platform,source_product,collection,processing_baseline,station,station_name,lon,lat,inside_lake,shore_distance_m,before_current_commissioned_date,probe_quality,tile_cloud_percent,sun_elevation,view_angle,reflectance_type,publication_eligible,probe_value,probe_missing,probe_conflicting,probe_objectids,probe_timestamp,probe_delta_minutes,probe_bracketed_30min,probe_local_2h_n,probe_local_2h_missing_n,probe_local_2h_min,probe_local_2h_max,probe_local_2h_median,probe_duplicates,probe_ntu_shift_-60min,probe_ntu_shift_+60min,phycocyanin_rfu,scl_core_water_pixels,scl_cloud_shadow_snow_within_120m,scl_land_within_120m,footprint_shore_distance_m,footprint_inside_lake,blue_median,blue_sd,blue_n,blue_raw_min,blue_nonpositive_pixels,blue_gte_one_pixels,blue_cv,green_median,green_sd,green_n,green_raw_min,green_nonpositive_pixels,green_gte_one_pixels,green_cv,red_median,red_sd,red_n,red_raw_min,red_nonpositive_pixels,red_gte_one_pixels,red_cv,rededge1_median,rededge1_sd,rededge1_n,rededge1_raw_min,rededge1_nonpositive_pixels,rededge1_gte_one_pixels,rededge1_cv,rededge2_median,rededge2_sd,rededge2_n,rededge2_raw_min,rededge2_nonpositive_pixels,rededge2_gte_one_pixels,rededge2_cv,rededge3_median,rededge3_sd,rededge3_n,rededge3_raw_min,rededge3_nonpositive_pixels,rededge3_gte_one_pixels,rededge3_cv,nir_median,nir_sd,nir_n,nir_raw_min,nir_nonpositive_pixels,nir_gte_one_pixels,nir_cv,nir08_median,nir08_sd,nir08_n,nir08_raw_min,nir08_nonpositive_pixels,nir08_gte_one_pixels,nir08_cv,swir16_median,swir16_sd,swir16_n,swir16_raw_min,swir16_nonpositive_pixels,swir16_gte_one_pixels,swir16_cv,swir22_median,swir22_sd,swir22_n,swir22_raw_min,swir22_nonpositive_pixels,swir22_gte_one_pixels,swir22_cv,exclusion_reasons,exploratory_eligible
S2C_T29UPA_20250330T114409_L2A,2025-03-30,2025-03-30T11:46:35.836000Z,sentinel-2c,S2C_MSIL2A_20250330T114411_N0511_R123_T29UPA_20250330T163015.SAFE,sentinel-2-c1-l2a,05.11,L1278,Rea's Wood,-6.241996568375846,54.712602169290584,True,270.8840794505137,True,provisional_filtered_view_no_row_flags,19.325869,38.6499463046301,2.995420871318782,Sen2Cor_BOA_not_aquatic_Rw,False,0.988410890102386,False,False,137953,2025-03-30T12:00:00Z,13.402733333905537,True,4,0,0.639573097229004,0.988410890102386,0.6933577060699465,1,0.639573097229004,1.00663840770721,0.0,9,False,False,219.1519161730116,True,0.012700000000000003,0.0014450639697062594,36,1089,0,0,0.11279770795625617,0.0179,0.0009069008412183063,36,1168,0,0,0.050228354282860044,0.013949999999999997,0.0007742927876376316,36,1125,0,0,0.05505538288555155,0.012800000000000006,0.0006303046490525729,9,1119,0,0,0.04932818992585353,0.010599999999999998,0.000420170453359757,9,1101,0,0,0.03930908607315814,0.011099999999999999,0.0002788866755113576,9,1105,0,0,0.025507927638233934,0.010800000000000004,0.0005849118853128626,36,1090,0,0,0.05400571395553489,0.010800000000000004,0.0001685083432011446,9,1106,0,0,0.015570586127415825,0.010800000000000004,0.0004708804466759328,9,1102,0,0,0.04311214669464288,0.008999999999999994,0.0005108695081143387,9,1082,0,0,0.05732949592305548,,True
S2C_T29UPA_20250409T114410_L2A,2025-04-09,2025-04-09T11:46:36.273000Z,sentinel-2c,S2C_MSIL2A_20250409T114411_N0511_R123_T29UPA_20250409T164919.SAFE,sentinel-2-c1-l2a,05.11,L1278,Rea's Wood,-6.241996568375846,54.712602169290584,True,270.8840794505137,True,provisional_filtered_view_no_row_flags,0.001705,42.5150386859017,2.9977750799326737,Sen2Cor_BOA_not_aquatic_Rw,False,0.0930194854736328,False,False,137298,2025-04-09T12:00:00Z,13.39544999996821,True,4,0,0.0,0.0930194854736328,0.0,1,0.0,0.0,0.0,9,False,False,219.1519161730116,True,0.010499999999999995,0.0009941340297644988,36,1088,0,0,0.09462936296013211,0.01355,0.0006827854623923407,36,1119,0,0,0.0510070069436071,0.009900000000000006,0.0005216530586321208,36,1091,0,0,0.05232518838327208,0.010999999999999996,0.00023622546250521553,9,1105,0,0,0.021562161891956793,0.0126,0.0001911627837120582,9,1122,0,0,0.015185040188954314,0.012899999999999995,0.00045650307964831483,9,1123,0,0,0.03532697950846805,0.01285,0.00023992025424099118,36,1124,0,0,0.01863860412748313,0.011999999999999997,0.00035590260840104564,9,1115,0,0,0.029413438710830218,0.007800000000000001,0.00015234788000890992,9,1077,0,0,0.01931170309972098,0.005299999999999999,0.00022662308949301447,9,1048,0,0,0.04321202977621038,,True
S2C_T29UPA_20250509T114406_L2A,2025-05-09,2025-05-09T11:46:32.727000Z,sentinel-2c,S2C_MSIL2A_20250509T114411_N0511_R123_T29UPA_20250509T134254.SAFE,sentinel-2-c1-l2a,05.11,L1278,Rea's Wood,-6.241996568375846,54.712602169290584,True,270.8840794505137,True,provisional_filtered_view_no_row_flags,26.3441,52.3147407613779,2.99689976299058,Sen2Cor_BOA_not_aquatic_Rw,False,0.388094156980515,False,False,201287,2025-05-09T12:00:00Z,13.454550000031789,True,4,0,0.233872294425964,0.388094156980515,0.311528503894806,1,0.261839032173157,0.353075355291367,0.0922177731990814,9,False,False,219.1519161730116,True,0.017,0.001064534182021112,36,1149,0,0,0.06254811580342749,0.017749999999999995,0.000874519268293891,36,1155,0,0,0.04961029571159798,0.012800000000000006,0.0004342849238250494,36,1121,0,0,0.03378918793538314,0.013999999999999999,0.0003018461712712472,9,1135,0,0,0.021509228356620943,0.014299999999999993,0.00046613726585340194,9,1136,0,0,0.03277527650531732,0.014299999999999993,0.00028846122190549214,9,1137,0,0,0.020187799355749842,0.0131,0.0005389175250123467,36,1122,0,0,0.04117366489907573,0.014399999999999996,0.000154759869746489,9,1140,0,0,0.010805576630864245,0.008800000000000002,0.0004653420353638207,9,1079,0,0,0.053419366304520245,0.0059000000000000025,0.00026246692913372866,9,1056,0,0,0.04423599929220147,,True
S2B_T29UPA_20250511T113318_L2A,2025-05-11,2025-05-11T11:36:16.945000Z,sentinel-2b,S2B_MSIL2A_20250511T113319_N0511_R080_T29UPA_20250511T134055.SAFE,sentinel-2-c1-l2a,05.11,L1278,Rea's Wood,-6.241996568375846,54.712602169290584,True,270.8840794505137,True,provisional_filtered_view_no_row_flags,45.27165,52.4082985363188,9.264460849769996,Sen2Cor_BOA_not_aquatic_Rw,False,0.311252743005753,False,False,206706,2025-05-11T11:30:00Z,-6.282416665554047,True,4,0,0.311252743005753,0.432670503854752,0.419667810201645,1,0.054536510258913,0.418502599000931,0.0437368452548981,9,False,False,219.1519161730116,True,0.020599999999999993,0.0013928388277184124,36,1173,0,0,0.06696340517876984,0.018049999999999997,0.0013202482931462382,36,1156,0,0,0.07287479079004075,0.015,0.0010632613466867054,36,1121,0,0,0.0704405750473342,0.017100000000000004,0.0007651353466971921,9,1164,0,0,0.044255900515904424,0.013399999999999995,0.0012632507546547539,9,1119,0,0,0.09326707786622465,0.016600000000000004,0.0011173160079979139,9,1148,0,0,0.06780744485489701,0.009900000000000006,0.0003083208205669253,36,1093,0,0,0.031073766910440396,0.0203,0.001105318232484081,9,1183,0,0,0.055327386498090825,0.014100000000000001,0.0008899993064222552,9,1128,0,0,0.06317029777445028,0.014799999999999994,0.0006218252702059212,9,1144,0,0,0.04145501801372809,,True
S2A_T29UPA_20250511T114617_L2A,2025-05-11,2025-05-11T11:46:28.137000Z,sentinel-2a,S2A_MSIL2A_20250511T114401_N0511_R123_T29UPA_20250511T162611.SAFE,sentinel-2-c1-l2a,05.11,L1278,Rea's Wood,-6.241996568375846,54.712602169290584,True,270.8840794505137,True,provisional_filtered_view_no_row_flags,36.847213,52.8254138306345,2.993933117474436,Sen2Cor_BOA_not_aquatic_Rw,False,0.432670503854752,False,False,206708,2025-05-11T12:00:00Z,13.531049998601278,True,4,0,0.311252743005753,0.432670503854752,0.419667810201645,1,0.420833021402359,0.35247477889061,0.250868290662766,9,False,False,219.1519161730116,True,0.02105,0.0014872373717735852,36,1174,0,0,0.07124490403705798,0.021400000000000002,0.0010072269718586304,36,1191,0,0,0.04711560679172387,0.016299999999999995,0.00047573043253973585,36,1155,0,0,0.029081839992240604,0.018699999999999994,0.0004521553322083517,9,1181,0,0,0.02426593911672728,0.015600000000000003,0.0003046957600178232,9,1151,0,0,0.01962964810422626,0.014499999999999999,0.00027532248207475256,9,1141,0,0,0.018929735207584217,0.013800000000000007,0.00046450391697905867,36,1131,0,0,0.03359883667117965,0.0131,0.0002948110924760354,9,1128,0,0,0.02224056858578641,0.0068000000000000005,0.0002528845928164682,9,1066,0,0,0.0367683575985172,0.0058,0.0002943920288775944,9,1053,0,0,0.051647724364490236,,True
S2B_T29UPA_20250514T114347_L2A,2025-05-14,2025-05-14T11:46:13.974000Z,sentinel-2b,S2B_MSIL2A_20250514T114349_N0511_R123_T29UPA_20250514T152830.SAFE,sentinel-2-c1-l2a,05.11,L1278,Rea's Wood,-6.241996568375846,54.712602169290584,True,270.8840794505137,True,provisional_filtered_view_no_row_flags,21.255434,53.548710717149,3.0136189904388937,Sen2Cor_BOA_not_aquatic_Rw,False,0.312419921159744,False,False,210481,2025-05-14T12:00:00Z,13.76710000038147,True,4,0,0.284777134656906,0.52052891254425,0.3628941178321835,1,0.413368314504623,0.461608737707138,0.0,9,False,False,219.1519161730116,True,0.01725,0.0009787991824200572,36,1151,0,0,0.0570635960601167,0.015,0.000626492046199007,36,1140,0,0,0.041635063066576064,0.012300000000000005,0.000647692961857321,36,1109,0,0,0.05256299960970143,0.011999999999999997,0.0005632796380282921,9,1113,0,0,0.046254714801593315,0.009900000000000006,0.0005656854249492393,9,1091,0,0,0.05752733135077009,0.010999999999999996,0.0006419491922513022,9,1101,0,0,0.058418025584041654,0.0092,0.0008576273615959485,36,1074,0,0,0.09430233664463697,0.0092,0.0009262962222518353,9,1081,0,0,0.09912801427189677,0.008499999999999994,0.000455691036764663,9,1078,0,0,0.05354072233527373,0.006500000000000006,0.0005971123930019715,9,1060,0,0,0.08926929463484623,,True
S2C_T29UPA_20250516T113334_L2A,2025-05-16,2025-05-16T11:36:32.333000Z,sentinel-2c,S2C_MSIL2A_20250516T113331_N0511_R080_T29UPA_20250516T140713.SAFE,sentinel-2-c1-l2a,05.11,L1278,Rea's Wood,-6.241996568375846,54.712602169290584,True,270.8840794505137,True,provisional_filtered_view_no_row_flags,0.201168,53.6025050150017,9.329052592972085,Sen2Cor_BOA_not_aquatic_Rw,False,0.447112947702408,False,False,215979,2025-05-16T11:30:00Z,-6.538883332411448,True,4,0,0.232866525650024,0.573669612407684,0.4179894477128985,1,0.396493345499039,0.232866525650024,0.0,9,False,False,219.1519161730116,True,0.007149999999999997,0.0010408329997330667,36,1052,0,0,0.14257986297713243,0.00895,0.0006925696916396061,36,1076,0,0,0.07659756958226059,0.0063,0.0005099624774383524,36,1048,0,0,0.08329695638738967,0.007199999999999998,0.00021081851067789384,9,1066,0,0,0.029416536373659614,0.006500000000000006,0.00019688939051854817,9,1062,0,0,0.030342543059365304,0.006400000000000003,0.0006308919807368176,9,1053,0,0,0.0978970314936441,0.00655,0.0003221623507595411,36,1058,0,0,0.04979752952916909,0.006599999999999995,0.00018121673811444678,9,1064,0,0,0.027137281913977053,0.006000000000000005,0.0002981423969999696,9,1055,0,0,0.049415866906072296,0.004299999999999998,0.00019876159799998107,9,1041,0,0,0.04540239548222922,,True
S2A_T29UPA_20250518T113332_L2A,2025-05-18,2025-05-18T11:36:31.337000Z,sentinel-2a,S2A_MSIL2A_20250518T113331_N0511_R080_T29UPA_20250518T150714.SAFE,sentinel-2-c1-l2a,05.11,L1278,Rea's Wood,-6.241996568375846,54.712602169290584,True,270.8840794505137,True,provisional_filtered_view_no_row_flags,0.002658,54.0346340179317,9.283032610504948,Sen2Cor_BOA_not_aquatic_Rw,False,0.133855044841766,False,False,220826,2025-05-18T11:30:00Z,-6.522283331553141,True,4,0,0.0809532254934311,0.291001707315445,0.1920448690652845,1,0.252980083227158,0.250234693288803,0.0,9,False,False,219.1519161730116,True,0.008900000000000005,0.0009740577910200789,36,1062,0,0,0.10859733811310884,0.009999999999999995,0.0006346234423500665,36,1080,0,0,0.0647942255377266,0.0063,0.00032129896465964527,36,1056,0,0,0.052504597039252074,0.0063,0.0003231786571610893,9,1060,0,0,0.05023502442918487,0.005199999999999996,0.00043404499965832614,9,1044,0,0,0.08473763550813308,0.005099999999999993,0.00021081851067789143,9,1049,0,0,0.0405420212842099,0.004299999999999998,0.00022789631062187455,36,1039,0,0,0.05303340130825784,0.004199999999999995,0.0003402976184691891,9,1036,0,0,0.08188980123590113,0.0029,0.0003299831645537225,9,1027,0,0,0.1076032058327357,0.002600000000000005,0.00044499965321112875,9,1019,0,0,0.1675730911673705,,True
S2B_T29UPA_20250521T113318_L2A,2025-05-21,2025-05-21T11:36:16.804000Z,sentinel-2b,S2B_MSIL2A_20250521T113319_N0511_R080_T29UPA_20250521T134011.SAFE,sentinel-2-c1-l2a,05.11,L1278,Rea's Wood,-6.241996568375846,54.712602169290584,True,270.8840794505137,True,provisional_filtered_view_no_row_flags,0.577752,54.6276691880291,9.292547108095329,Sen2Cor_BOA_not_aquatic_Rw,False,0.146147057414055,False,False,231025,2025-05-21T11:30:00Z,-6.280066665013631,True,4,0,0.117193304002285,0.325196295976639,0.169665962457657,1,0.222709700465202,0.193184867501259,0.0,9,False,False,219.1519161730116,True,0.01965,0.0019391256620790028,36,1162,0,0,0.09772997876920636,0.018000000000000002,0.0017402284510168184,36,1146,0,0,0.09626340540351179,0.014399999999999996,0.0012504165972453615,36,1124,0,0,0.08708647223995555,0.014100000000000001,0.0012431540929287222,9,1127,0,0,0.08521239022359862,0.012499999999999997,0.0010510429858120417,9,1118,0,0,0.08057399380160457,0.0126,0.0006238075043385851,9,1122,0,0,0.0485663281924504,0.011099999999999999,0.0013590205033019412,36,1097,0,0,0.11769241789480368,0.011099999999999999,0.000600000000000001,9,1105,0,0,0.053571428571428666,0.009800000000000003,0.000743531778858739,9,1089,0,0,0.07418831496373225,0.009599999999999997,0.001209938270030315,9,1082,0,0,0.12318376052344836,,True
S2A_T29UPA_20250521T114403_L2A,2025-05-21,2025-05-21T11:46:29.747000Z,sentinel-2a,S2A_MSIL2A_20250521T114401_N0511_R123_T29UPA_20250521T151717.SAFE,sentinel-2-c1-l2a,05.11,L1278,Rea's Wood,-6.241996568375846,54.712602169290584,True,270.8840794505137,True,provisional_filtered_view_no_row_flags,0.692921,55.0655169264943,3.004348769953345,Sen2Cor_BOA_not_aquatic_Rw,False,0.117193304002285,False,False,231026,2025-05-21T12:00:00Z,13.504216667016347,True,4,0,0.117193304002285,0.325196295976639,0.169665962457657,1,0.325196295976639,0.203489303588867,0.0,9,False,False,219.1519161730116,True,0.012700000000000003,0.0012114009591999752,36,1101,0,0,0.09499114469875651,0.015399999999999997,0.0006368990752849043,36,1136,0,0,0.04145428803156131,0.012949999999999996,0.000984646800120558,36,1110,0,0,0.0764114783452039,0.0131,0.0002514157444218848,9,1129,0,0,0.019030628257333586,0.0126,0.00038809442659051016,9,1118,0,0,0.030746917599600274,0.013300000000000006,0.0005291502622129169,9,1127,0,0,0.03929333630293937,0.011499999999999996,0.0005541649262016669,36,1107,0,0,0.04772712283076558,0.0126,0.00044969125210773535,9,1119,0,0,0.03550194095587384,0.009800000000000003,0.00044666113871648404,9,1092,0,0,0.045218787946550695,0.008599999999999997,0.0003899984172174269,9,1081,0,0,0.04529013877363668,,True
S2A_T29UPA_20250620T114501_L2A,2025-06-20,2025-06-20T11:46:27.048000Z,sentinel-2a,S2A_MSIL2A_20250620T114401_N0511_R123_T29UPA_20250620T152600.SAFE,sentinel-2-c1-l2a,05.11,L1278,Rea's Wood,-6.241996568375846,54.712602169290584,True,270.8840794505137,True,provisional_filtered_view_no_row_flags,19.273092,57.9486577802437,2.974451890816275,Sen2Cor_BOA_not_aquatic_Rw,False,3.53445243835449,False,False,292772,2025-06-20T12:00:00Z,13.549199998378754,True,4,0,0.209222674369812,3.53445243835449,0.4580112397670745,1,0.209222674369812,0.573857605457306,1.11132371425629,9,False,False,219.1519161730116,True,0.013700000000000004,0.0011323797731403037,36,1115,0,0,0.08278974783316599,0.0175,0.0008919392106839768,36,1146,0,0,0.05145803138561405,0.013449999999999997,0.000782973715718588,36,1118,0,0,0.058418764281594114,0.015,9.428090415820904e-05,9,1148,0,0,0.006299392260013968,0.017799999999999996,0.00031426968052735246,9,1170,0,0,0.01774421031835742,0.019600000000000006,0.00037416573867739413,9,1191,0,0,0.019090088708030313,0.018600000000000005,0.00046712940021284197,36,1175,0,0,0.02526541227112726,0.019100000000000006,0.0002981423969999712,9,1185,0,0,0.015691705105261643,0.009800000000000003,0.0003464101615137747,9,1092,0,0,0.03534797566467089,0.006500000000000006,0.0005397759022884917,9,1058,0,0,0.08361416730802795,,True
S2B_T29UPA_20250713T114350_L2A,2025-07-13,2025-07-13T11:46:17.107000Z,sentinel-2b,S2B_MSIL2A_20250713T114349_N0511_R123_T29UPA_20250713T134456.SAFE,sentinel-2-c1-l2a,05.11,L1278,Rea's Wood,-6.241996568375846,54.712602169290584,True,270.8840794505137,True,provisional_filtered_view_no_row_flags,0.887923,56.0879910809026,2.9945805760718907,Sen2Cor_BOA_not_aquatic_Rw,False,0.370666891336441,False,False,305641,2025-07-13T12:00:00Z,13.714883331457774,True,4,0,0.359142392873764,0.438139289617538,0.372084140777588,1,0.373501390218735,0.316088318824768,0.208191454410553,9,False,False,219.1519161730116,True,0.013899999999999996,0.0011733505627943752,36,1112,0,0,0.08542087009220932,0.01335,0.0013308628733473332,36,1111,0,0,0.09905119586624767,0.010250000000000002,0.0015314073048452311,36,1081,0,0,0.14527183919480452,0.010400000000000006,0.0008259674462242565,9,1092,0,0,0.07967531635603758,0.0092,0.0004637474834379823,9,1087,0,0,0.04998475869391425,0.0097,0.000736357401145818,9,1091,0,0,0.07339110310423436,0.007099999999999995,0.0013513253667838767,36,1056,0,0,0.17767608913155428,0.008999999999999994,0.0008184598604756852,9,1076,0,0,0.09312438361923096,0.0076999999999999985,0.000871921391858375,9,1062,0,0,0.11115145221990616,0.007000000000000006,0.0007519521918083812,9,1063,0,0,0.10459922297179954,,True
S2B_T29UPA_20250812T114349_L2A,2025-08-12,2025-08-12T11:46:15.736000Z,sentinel-2b,S2B_MSIL2A_20250812T114349_N0511_R123_T29UPA_20250812T152613.SAFE,sentinel-2-c1-l2a,05.11,L1278,Rea's Wood,-6.241996568375846,54.712602169290584,True,270.8840794505137,True,provisional_filtered_view_no_row_flags,39.887866,49.3076387489913,2.9916338562335136,Sen2Cor_BOA_not_aquatic_Rw,False,3.97023105621338,False,False,918383,2025-08-12T12:00:00Z,13.73773333231608,True,3,0,3.97023105621338,28.462459564209,10.0711193084717,1,,5.81399726867676,2.01471495628357,9,False,False,219.1519161730116,True,0.030899999999999997,0.001981416362723676,36,1271,0,0,0.06408318125779565,0.049949999999999994,0.0015958278938114413,36,1455,0,0,0.03206620014356547,0.026600000000000013,0.000888975690206307,36,1246,0,0,0.033609666926514445,0.0489,0.0013576486572538563,9,1460,0,0,0.028102203117030145,0.0403,0.0018920887928424498,9,1365,0,0,0.0479009820972772,0.040700000000000014,0.0019295620945031032,9,1385,0,0,0.04670806576258184,0.03655,0.0015885853439654176,36,1332,0,0,0.04376603075132396,0.0343,0.002144818620205504,9,1302,0,0,0.06391843570148852,0.010800000000000004,0.0003644715437079277,9,1101,0,0,0.0339921646981487,0.006900000000000003,0.0003456966485800877,9,1065,0,0,0.04994012579808651,,True
S2C_T29UPA_20250817T114406_L2A,2025-08-17,2025-08-17T11:46:33.022000Z,sentinel-2c,S2C_MSIL2A_20250817T114411_N0511_R123_T29UPA_20250817T162213.SAFE,sentinel-2-c1-l2a,05.11,L1279,Washing Bay,-6.569769770482481,54.523188284062314,True,396.0713035201496,True,provisional_filtered_view_no_row_flags,41.122422,47.8219165908856,2.9964564855857274,Sen2Cor_BOA_not_aquatic_Rw,False,3.68637084960938,False,False,932333,2025-08-17T12:00:00Z,13.449633332093557,True,4,0,0.340567588806152,3.68637084960938,0.8154926300048825,1,0.76611453294754,2.49365901947021,0.722491919994354,9,False,False,352.9038840688248,True,0.018500000000000003,0.0015203252575974938,36,1147,0,0,0.08181122462408037,0.03405,0.0030135944556641766,36,1307,0,0,0.08643884981587949,0.01765,0.0011765815466011989,36,1158,0,0,0.0660279589674874,0.02840000000000001,0.0028326578715552513,9,1256,0,0,0.09675112274761767,0.019000000000000003,0.0018856180831641253,9,1177,0,0,0.09620500424306762,0.018600000000000005,0.001456615390232345,9,1168,0,0,0.0773880667773973,0.015600000000000003,0.001825682689831564,36,1132,0,0,0.11289003234959862,0.014399999999999996,0.0009558139185602919,9,1132,0,0,0.06617173282340481,0.0059000000000000025,0.00032810717911629803,9,1057,0,0,0.05388621554829712,0.004199999999999995,0.0002586765939293946,9,1040,0,0,0.06078562259437468,,True
S2A_T29UPA_20250826T113331_L2A,2025-08-26,2025-08-26T11:36:30.284000Z,sentinel-2a,S2A_MSIL2A_20250826T113331_N0511_R080_T29UPA_20250826T150313.SAFE,sentinel-2-c1-l2a,05.11,L1278,Rea's Wood,-6.241996568375846,54.712602169290584,True,270.8840794505137,True,provisional_filtered_view_no_row_flags,80.892736,44.5165080579312,9.296017646347655,Sen2Cor_BOA_not_aquatic_Rw,False,3.41329121589661,False,False,988805,2025-08-26T11:30:00Z,-6.50473333199819,True,4,0,0.322961181402206,3.41329121589661,1.424715995788576,1,5.01697731018066,0.322961181402206,0.411162495613098,9,False,False,219.1519161730116,True,0.031700000000000006,0.0010552448373087014,36,1296,0,0,0.03324478353295988,0.027700000000000002,0.0009747110999650438,36,1259,0,0,0.03503354592526116,0.017799999999999996,0.0008363786947236606,36,1157,0,0,0.0470242589568199,0.0184,0.0004898979485566339,9,1172,0,0,0.02706618500312895,0.014100000000000001,0.0009784088872333916,9,1120,0,0,0.07153273749066226,0.012700000000000003,0.0006202349216423484,9,1116,0,0,0.04939924154673571,0.010800000000000004,0.0006250123455570828,36,1098,0,0,0.0567476530644514,0.011499999999999996,0.0003402976184691909,9,1109,0,0,0.029967500647971806,0.0076999999999999985,0.0002499382639822665,9,1074,0,0,0.03227323351277474,0.006099999999999994,0.000391578004149023,9,1055,0,0,0.06490243162690991,,True
S2A_T29UPA_20250829T114401_L2A,2025-08-29,2025-08-29T11:46:28.073000Z,sentinel-2a,S2A_MSIL2A_20250829T114401_N0511_R123_T29UPA_20250829T154102.SAFE,sentinel-2-c1-l2a,05.11,L1279,Washing Bay,-6.569769770482481,54.523188284062314,True,396.0713035201496,True,provisional_filtered_view_no_row_flags,67.996645,43.9030890634347,2.997180971967643,Sen2Cor_BOA_not_aquatic_Rw,False,5.93119192123413,False,False,993189,2025-08-29T12:00:00Z,13.532116667429607,True,4,0,1.00820243358612,12.8984794616699,7.119549512863159,1,8.30790710449219,3.23569989204407,1.20022940635681,9,False,False,352.9038840688248,True,0.04669999999999999,0.004225024654760411,36,1402,0,0,0.0899260302538576,0.0577,0.003394316009572399,36,1514,0,0,0.058570376429375626,0.03760000000000001,0.0038895505389519905,36,1319,0,0,0.10154747944178089,0.042800000000000005,0.0035845346823386876,9,1381,0,0,0.08265644924685675,0.02560000000000001,0.004677790973853121,9,1196,0,0,0.17403934999866924,0.0233,0.0063524273575802,9,1178,0,0,0.2394130913660879,0.026999999999999996,0.006079062427710379,36,1147,0,0,0.22739635016372986,0.023500000000000007,0.00811616281043155,9,1152,0,0,0.33415125934988077,0.016799999999999995,0.004427188724235733,9,1102,0,0,0.2564008913650039,0.019299999999999998,0.00791923739937466,9,1123,0,0,0.4143787011300693,,True
S2B_T29UPA_20250908T113316_L2A,2025-09-08,2025-09-08T11:36:14.729000Z,sentinel-2b,S2B_MSIL2A_20250908T113319_N0511_R080_T29UPA_20250908T134405.SAFE,sentinel-2-c1-l2a,05.11,L1279,Washing Bay,-6.569769770482481,54.523188284062314,True,396.0713035201496,True,provisional_filtered_view_no_row_flags,43.74609,40.0149426807601,9.293351846800912,Sen2Cor_BOA_not_aquatic_Rw,False,2.74547648429871,False,False,1008128,2025-09-08T11:30:00Z,-6.2454833348592125,True,4,0,0.670160949230194,4.99995136260986,3.140545248985295,1,2.19861817359924,0.670160949230194,1.67819738388062,9,False,False,352.9038840688248,True,0.027650000000000008,0.0011419167068714333,36,1249,0,0,0.04120377011864448,0.02735,0.000800631502296241,36,1246,0,0,0.029360022494310557,0.019199999999999995,0.0008073113050180073,36,1173,0,0,0.04196852993595417,0.021099999999999994,0.0005249338582674547,9,1203,0,0,0.024878381908410175,0.012300000000000005,0.000331476308670583,9,1118,0,0,0.02697365983757005,0.012800000000000006,0.00042975732457363556,9,1125,0,0,0.03294562113426507,0.012200000000000003,0.00064334196885396,36,1101,0,0,0.05361183073783001,0.010499999999999995,0.0004280302285390683,9,1099,0,0,0.04072169193289234,0.005199999999999996,0.00043574825669172556,9,1043,0,0,0.08695641486087649,0.0039000000000000007,0.000413954133559936,9,1031,0,0,0.1073656254190036,,True
S2A_T29UPA_20250908T114359_L2A,2025-09-08,2025-09-08T11:46:26.024000Z,sentinel-2a,S2A_MSIL2A_20250908T114401_N0511_R123_T29UPA_20250908T152614.SAFE,sentinel-2-c1-l2a,05.11,L1279,Washing Bay,-6.569769770482481,54.523188284062314,True,396.0713035201496,True,provisional_filtered_view_no_row_flags,36.303523,40.3692804307419,2.9882400320859217,Sen2Cor_BOA_not_aquatic_Rw,False,3.53561401367188,False,False,1008129,2025-09-08T12:00:00Z,13.566266667842864,True,4,0,0.670160949230194,4.99995136260986,3.140545248985295,1,4.99995136260986,4.91922044754028,0.995544075965881,9,False,False,352.9038840688248,True,0.0649,0.009960519285882862,36,1514,0,0,0.15019631996807534,0.065,0.007167775538675825,36,1574,0,0,0.10607577053043235,0.057999999999999996,0.004657278917305711,36,1502,0,0,0.07847876849981539,0.06740000000000002,0.004810867327670184,9,1574,0,0,0.07151933589202453,0.0744,0.005345495392164724,9,1629,0,0,0.07214975784265523,0.07680000000000001,0.006063572674607512,9,1644,0,0,0.07849849549980956,0.0887,0.011893442469084893,36,1754,0,0,0.13198234607042206,0.08050000000000002,0.010086624807139401,9,1608,0,0,0.12540354090931702,0.0749,0.004027681991198188,9,1669,0,0,0.05367856940735034,0.07370000000000002,0.006900402564746169,9,1619,0,0,0.09237486699794067,,True
S2B_T29UPA_20250911T114345_L2A,2025-09-11,2025-09-11T11:46:12.243000Z,sentinel-2b,S2B_MSIL2A_20250911T114349_N0511_R123_T29UPA_20250911T152752.SAFE,sentinel-2-c1-l2a,05.11,L1278,Rea's Wood,-6.241996568375846,54.712602169290584,True,270.8840794505137,True,provisional_filtered_view_no_row_flags,73.153627,39.2668804025086,2.9913825739173214,Sen2Cor_BOA_not_aquatic_Rw,False,7.02062845230103,False,False,1012930,2025-09-11T12:00:00Z,13.795949999491373,True,4,0,7.02062845230103,11.5226383209229,7.932477235794066,1,8.59589099884033,7.24742746353149,1.55211687088013,9,False,False,219.1519161730116,True,0.0479,0.00206268096849168,36,1437,0,0,0.043220135536755994,0.05360000000000001,0.0023453444165194054,36,1481,0,0,0.04362304262190576,0.04139999999999999,0.0019147494436867615,36,1372,0,0,0.046181816945412985,0.04319999999999999,0.001842569327975224,9,1409,0,0,0.042728997556756035,0.024900000000000005,0.0012427567921538154,9,1217,0,0,0.05086317021093379,0.024599999999999997,0.0012245432507018716,9,1226,0,0,0.04993606368970025,0.021699999999999997,0.0020048937042726474,36,1190,0,0,0.09087909009546122,0.017600000000000005,0.001450755443906619,9,1161,0,0,0.0812495270389519,0.011099999999999999,0.0010457438725202152,9,1093,0,0,0.09643129972010182,0.009599999999999997,0.0008116436607888745,9,1082,0,0,0.08357886667162323,,True
S2A_T29UPA_20250915T113536_L2A,2025-09-15,2025-09-15T11:36:29.212000Z,sentinel-2a,S2A_MSIL2A_20250915T113331_N0511_R080_T29UPA_20250915T161212.SAFE,sentinel-2-c1-l2a,05.11,L1279,Washing Bay,-6.569769770482481,54.523188284062314,True,396.0713035201496,True,provisional_filtered_view_no_row_flags,81.010878,37.4781863336381,9.306430976940362,Sen2Cor_BOA_not_aquatic_Rw,False,6.4453649520874,False,False,1019616,2025-09-15T11:30:00Z,-6.486866664886475,True,3,0,2.7296257019043,6.4453649520874,2.83751797676086,1,3.14555191993713,2.7296257019043,0.596632719039917,9,False,False,352.9038840688248,True,0.050850000000000006,0.0019150395670089661,36,1472,0,0,0.037504854973519075,0.0494,0.0013843119028760966,36,1458,0,0,0.028131655943290708,0.03815,0.0011200473975861496,36,1355,0,0,0.029457704787479094,0.03939999999999999,0.0008517230176327538,9,1379,0,0,0.02156867517921999,0.025999999999999995,0.000927095557555699,9,1243,0,0,0.03576450929276164,0.025400000000000006,0.0008166477700005785,9,1239,0,0,0.032095327205262904,0.02735,0.001096553945574751,36,1248,0,0,0.03995945140266326,0.022599999999999995,0.0009370297174359134,9,1208,0,0,0.04172819127621585,0.0184,0.0006402160129283518,9,1175,0,0,0.03462706800694211,0.016,0.0008577892918052814,9,1158,0,0,0.05212764096048301,,True
S2B_T29UPA_20250921T114345_L2A,2025-09-21,2025-09-21T11:46:12.151000Z,sentinel-2b,S2B_MSIL2A_20250921T114349_N0511_R123_T29UPA_20250921T152420.SAFE,sentinel-2-c1-l2a,05.11,L1278,Rea's Wood,-6.241996568375846,54.712602169290584,True,270.8840794505137,True,provisional_filtered_view_no_row_flags,37.912893,35.532720703571,2.9825882267578963,Sen2Cor_BOA_not_aquatic_Rw,False,1.82938587665558,False,False,1029646,2025-09-21T12:00:00Z,13.797483332951863,True,4,0,0.64707738161087,3.55289459228516,2.57397812604904,1,3.55289459228516,0.613722026348114,0.603138148784637,9,False,False,219.1519161730116,True,0.018199999999999994,0.0016660832312142555,36,1160,0,0,0.08933422151282873,0.019299999999999998,0.0011617754611895634,36,1172,0,0,0.059324704401169194,0.011399999999999993,0.0008009639254526656,36,1098,0,0,0.07019158061415766,0.011700000000000002,0.00046294814791110565,9,1114,0,0,0.03886691540298462,0.006400000000000003,0.0005925462944877053,9,1054,0,0,0.09455525975867637,0.0068000000000000005,0.0005685155024651559,9,1059,0,0,0.08252644390623229,0.004900000000000002,0.0005262257882762059,36,1040,0,0,0.10837602046878385,0.0040000000000000036,0.0005159194118330593,9,1034,0,0,0.122191439644672,0.0032999999999999974,0.00031071403231354563,9,1028,0,0,0.09676215539176163,0.002799999999999997,0.00029731307022799367,9,1025,0,0,0.10174211528714616,,True
S2B_T29UPA_20250921T114345_L2A,2025-09-21,2025-09-21T11:46:12.151000Z,sentinel-2b,S2B_MSIL2A_20250921T114349_N0511_R123_T29UPA_20250921T152420.SAFE,sentinel-2-c1-l2a,05.11,L1279,Washing Bay,-6.569769770482481,54.523188284062314,True,396.0713035201496,True,provisional_filtered_view_no_row_flags,37.912893,35.532720703571,2.9825882267578963,Sen2Cor_BOA_not_aquatic_Rw,False,8.38998126983643,False,False,1029706,2025-09-21T12:00:00Z,13.797483332951863,True,4,0,8.38998126983643,14.4022397994995,9.4228196144104,1,14.4022397994995,11.3212461471558,3.92090010643005,9,False,False,352.9038840688248,True,0.019100000000000006,0.001301100555038305,36,1171,0,0,0.06701905849388894,0.023350000000000003,0.0014188844296458248,36,1201,0,0,0.061742825416716655,0.018049999999999997,0.0012519984025548905,36,1152,0,0,0.06949112317603462,0.020100000000000007,0.0010760008261045985,9,1189,0,0,0.053092146024897945,0.008900000000000005,0.0005144816401240121,9,1081,0,0,0.058097048445622454,0.010400000000000006,0.0005921294486433004,9,1091,0,0,0.05817865761779152,0.007900000000000004,0.0003580963902238589,36,1074,0,0,0.04465351592677144,0.0058,0.00047401620017114454,9,1054,0,0,0.07842179782243204,0.004199999999999995,0.00042368168810972347,9,1034,0,0,0.1003456629733556,0.002600000000000005,0.0008000000000000021,9,1017,0,0,0.2758620689655181,,True
S2C_T29UPA_20250923T113332_L2A,2025-09-23,2025-09-23T11:36:30.257000Z,sentinel-2c,S2C_MSIL2A_20250923T113331_N0511_R080_T29UPA_20250923T163314.SAFE,sentinel-2-c1-l2a,05.11,L1278,Rea's Wood,-6.241996568375846,54.712602169290584,True,270.8840794505137,True,provisional_filtered_view_no_row_flags,39.376888,34.500795841218,9.328434334618548,Sen2Cor_BOA_not_aquatic_Rw,False,1.21478772163391,False,False,1033084,2025-09-23T11:30:00Z,-6.504283332824707,True,4,0,0.78790408372879,3.22406697273254,1.0205800533294669,1,0.628463447093964,0.826372385025024,0.31948584318161,9,False,False,219.1519161730116,True,0.02225,0.0012313391034375228,36,1195,0,0,0.056005316138661804,0.0228,0.0010912531023247228,36,1200,0,0,0.04796716933295485,0.013499999999999998,0.0006231639698613297,36,1121,0,0,0.04593346215194076,0.012999999999999998,0.0002514157444218829,9,1126,0,0,0.01935621642255728,0.0097,0.00019876159799998294,9,1091,0,0,0.0206565171131622,0.008199999999999999,0.00038999841721742897,9,1078,0,0,0.046924943248086375,0.008800000000000002,0.0006181601035170794,36,1075,0,0,0.06969547048736255,0.008300000000000002,7.856742013184085e-05,9,1082,0,0,0.009440677986469526,0.005400000000000002,0.0002624669291337271,9,1050,0,0,0.04890688120504234,0.004299999999999998,0.00047140452079103104,9,1030,0,0,0.11404948083653979,,True
S2A_T29UPA_20250928T114402_L2A,2025-09-28,2025-09-28T11:46:28.988000Z,sentinel-2a,S2A_MSIL2A_20250928T114401_N0511_R123_T29UPA_20250928T161612.SAFE,sentinel-2-c1-l2a,05.11,L1278,Rea's Wood,-6.241996568375846,54.712602169290584,True,270.8840794505137,True,provisional_filtered_view_no_row_flags,49.800184,32.8854676915116,2.9935467830387363,Sen2Cor_BOA_not_aquatic_Rw,False,0.764531672000885,False,False,1042025,2025-09-28T12:00:00Z,13.516866668065388,True,4,0,0.279534012079239,0.995131015777588,0.7718820571899415,1,0.279534012079239,0.50578635931015,0.425706088542938,9,False,False,219.1519161730116,True,0.017749999999999995,0.0011875381735254866,36,1148,0,0,0.0665080495440534,0.019500000000000003,0.0012119358812441002,36,1158,0,0,0.06256947042132167,0.011700000000000002,0.000771542466606847,36,1102,0,0,0.06584999714994429,0.010300000000000004,0.0004374448818895426,9,1093,0,0,0.04312162033960441,0.002699999999999994,0.0004103596736137635,9,1024,0,0,0.1425960255800723,0.0034000000000000002,0.0006784150009988334,9,1023,0,0,0.20284833916908648,0.0023999999999999994,0.0007397864222985479,36,1009,0,0,0.3054164128755473,0.0016000000000000042,0.00032998316455372324,9,1010,0,0,0.21062755184280227,0.0022999999999999965,0.0005678636595191415,9,1012,0,0,0.2530085611718948,0.0031000000000000055,0.00035101264442069546,9,1024,0,0,0.11657246493676234,,True
S2C_T29UPA_20251006T114605_L2A,2025-10-06,2025-10-06T11:46:28.147000Z,sentinel-2c,S2C_MSIL2A_20251006T114401_N0511_R123_T29UPA_20251006T163319.SAFE,sentinel-2-c1-l2a,05.11,L1278,Rea's Wood,-6.241996568375846,54.712602169290584,True,270.8840794505137,True,provisional_filtered_view_no_row_flags,82.892507,29.860141591792697,2.9869287152520223,Sen2Cor_BOA_not_aquatic_Rw,False,2.7519211769104,False,False,1056293,2025-10-06T12:00:00Z,13.530883332093557,True,4,0,1.71271693706512,8.5121431350708,2.667152047157285,1,2.58238291740417,4.70532369613647,0.661973178386688,9,False,False,219.1519161730116,True,0.0194,0.0014661904740424548,36,1154,0,0,0.07539331104917636,0.024,0.0016123438770243078,36,1211,0,0,0.06753272783347887,0.018199999999999994,0.001534849793591831,36,1147,0,0,0.0853089278513292,0.017699999999999994,0.0012119772641798563,9,1153,0,0,0.06992176524114556,0.013300000000000006,0.0005244632764980433,9,1124,0,0,0.039367552030712176,0.012800000000000006,0.000447489568124493,9,1117,0,0,0.03539021189033776,0.012700000000000003,0.0005426842294000325,36,1118,0,0,0.04265640231091957,0.013899999999999996,0.0004637474834379843,9,1134,0,0,0.033072324492407754,0.0131,0.0003059088866208046,9,1125,0,0,0.023632446176714512,0.010400000000000006,0.0002160246899469263,9,1104,0,0,0.020573779994945356,,True
S2B_T29UPA_20251028T113316_L2A,2025-10-28,2025-10-28T11:36:14.730000Z,sentinel-2b,S2B_MSIL2A_20251028T113319_N0511_R080_T29UPA_20251028T122149.SAFE,sentinel-2-c1-l2a,05.11,L1278,Rea's Wood,-6.241996568375846,54.712602169290584,True,270.8840794505137,True,provisional_filtered_view_no_row_flags,38.586283,21.793320567272602,9.281619932504917,Sen2Cor_BOA_not_aquatic_Rw,False,1.12371873855591,False,False,1178302,2025-10-28T11:30:00Z,-6.245500000317891,True,4,0,0.65248030424118,2.54870939254761,1.044631093740464,1,0.813802301883698,2.54870939254761,0.113689795136452,9,False,False,219.1519161730116,True,0.034400000000000014,0.0019311769583454676,36,1298,0,0,0.05624787257316896,0.029550000000000007,0.0016867379394983695,36,1264,0,0,0.05710765148306337,0.0242,0.0016208327382651489,36,1202,0,0,0.06728549190215101,0.023900000000000005,0.0017436303833038252,9,1195,0,0,0.0740569771105919,0.013800000000000007,0.0006396372428721879,9,1128,0,0,0.04616467671090369,0.013999999999999999,0.0006289320754704388,9,1123,0,0,0.045685138654027034,0.014299999999999993,0.0010496766109875549,36,1117,0,0,0.07309160153878526,0.010999999999999996,0.001409841948938835,9,1100,0,0,0.12379100039462945,0.008400000000000005,0.0007098947931094784,9,1077,0,0,0.08233315899465597,0.007400000000000004,0.001087413967080831,9,1056,0,0,0.1402109699674424,,True
S2A_T29UPA_20251028T114403_L2A,2025-10-28,2025-10-28T11:46:30.053000Z,sentinel-2a,S2A_MSIL2A_20251028T114401_N0511_R123_T29UPA_20251028T133013.SAFE,sentinel-2-c1-l2a,05.11,L1278,Rea's Wood,-6.241996568375846,54.712602169290584,True,270.8840794505137,True,provisional_filtered_view_no_row_flags,40.225607,21.9868378677167,2.9864501200893283,Sen2Cor_BOA_not_aquatic_Rw,False,0.65248030424118,False,False,1178303,2025-10-28T12:00:00Z,13.499116667111714,True,4,0,0.65248030424118,2.54870939254761,1.044631093740464,1,0.965543448925018,0.934747874736786,0.168124705553055,9,False,False,219.1519161730116,True,0.01745,0.0016262008858033653,36,1138,0,0,0.09353448136910232,0.022599999999999995,0.0015681705744648058,36,1196,0,0,0.06909085874523685,0.022650000000000003,0.0016190894407919366,36,1190,0,0,0.07237052379998722,0.022000000000000006,0.0006607141665474901,9,1207,0,0,0.030292549663410134,0.012899999999999995,0.0014768167301060032,9,1108,0,0,0.11438339561922571,0.013800000000000007,0.001134313301811571,9,1120,0,0,0.0823956393567727,0.01355,0.0011728769893295566,36,1100,0,0,0.08679048636354376,0.011800000000000005,0.0009138171197756493,9,1110,0,0,0.07601066615509099,0.009999999999999995,0.0007571877794400369,9,1089,0,0,0.07622695766174867,0.0087,0.0007375300789011572,9,1070,0,0,0.08699568427405524,,True
S2C_T29UPA_20251102T113332_L2A,2025-11-02,2025-11-02T11:36:28.577000Z,sentinel-2c,S2C_MSIL2A_20251102T113331_N0511_R080_T29UPA_20251102T132611.SAFE,sentinel-2-c1-l2a,05.11,L1278,Rea's Wood,-6.241996568375846,54.712602169290584,True,270.8840794505137,True,provisional_filtered_view_no_row_flags,8.023994,20.191081385412502,9.289373835038266,Sen2Cor_BOA_not_aquatic_Rw,False,0.6187863945961,False,False,1187302,2025-11-02T11:30:00Z,-6.476283331712087,True,4,0,0.429745107889175,1.53546965122223,1.05282410979271,1,0.489442497491837,1.48686182498932,0.162300184369087,9,False,False,219.1519161730116,True,0.0038499999999999993,0.0018508256415868994,36,1008,0,0,0.4745706773299743,0.007599999999999996,0.0018323903298663343,36,1029,0,0,0.240752014143022,0.009049999999999996,0.0012378296418418097,36,1053,0,0,0.1401316575669973,0.007499999999999993,0.0007253777219533089,9,1066,0,0,0.09643130720206473,0.006699999999999998,0.0002499382639822657,9,1065,0,0,0.03705839169424037,0.007499999999999993,0.0003695175366292399,9,1064,0,0,0.05000989217538587,0.008199999999999999,0.0006741249472052234,36,1071,0,0,0.08154737264579318,0.007800000000000001,0.0009254961965759473,9,1071,0,0,0.11410227081073324,0.007400000000000004,0.00048330140379847735,9,1065,0,0,0.06570562891520085,0.005199999999999996,0.0005659036256998583,9,1045,0,0,0.10588633329103381,,True
S2B_T29UPA_20251110T114343_L2A,2025-11-10,2025-11-10T11:46:09.656000Z,sentinel-2b,S2B_MSIL2A_20251110T114349_N0511_R123_T29UPA_20251110T134908.SAFE,sentinel-2-c1-l2a,05.11,L1278,Rea's Wood,-6.241996568375846,54.712602169290584,True,270.8840794505137,True,provisional_filtered_view_no_row_flags,57.266575,17.995390667063504,2.983922900224398,Sen2Cor_BOA_not_aquatic_Rw,False,0.384035348892212,False,False,1201511,2025-11-10T12:00:00Z,13.83906666835149,True,4,0,0.223930910229683,0.45719376206398,0.3664375096559525,1,0.348839670419693,0.413989067077637,0.13225793838501,9,False,False,219.1519161730116,True,0.1003,0.018491413589642357,36,1646,0,0,0.189774470958186,0.0707,0.01455697618173347,36,1448,0,0,0.20050931379798168,0.059050000000000005,0.01167358888556282,36,1450,0,0,0.19033887398897664,0.05829999999999999,0.010223405728589569,9,1515,0,0,0.16771901486931484,0.057999999999999996,0.00949188087099368,9,1506,0,0,0.15600242483371643,0.06079999999999999,0.008503985993507856,9,1532,0,0,0.13476998404925286,0.07900000000000001,0.01591071053965043,36,1506,0,0,0.20466861267327074,0.056999999999999995,0.0086731741950271,9,1507,0,0,0.14062073095882524,0.05349999999999999,0.007195523299632593,9,1498,0,0,0.12712938691930373,0.043399999999999994,0.004877157642179172,9,1407,0,0,0.10564240380171493,,True
S2A_T29UPA_20251114T113418_L2A,2025-11-14,2025-11-14T11:36:30.605000Z,sentinel-2a,S2A_MSIL2A_20251114T113351_N0511_R080_T29UPA_20251114T153218.SAFE,sentinel-2-c1-l2a,05.11,L1278,Rea's Wood,-6.241996568375846,54.712602169290584,True,270.8840794505137,True,provisional_filtered_view_no_row_flags,89.195824,16.7401351766882,9.341723049525546,Sen2Cor_BOA_not_aquatic_Rw,False,0.453972905874252,False,False,1239782,2025-11-14T11:30:00Z,-6.510083333651225,True,4,0,0.44805583357811,7.54549551010132,3.8762414902448663,1,7.16914033889771,7.29851007461548,0.128383681178093,9,False,False,219.1519161730116,True,0.027499999999999997,0.0025019375208075625,36,1226,0,0,0.09183294325965767,0.0262,0.001875448506028739,36,1220,0,0,0.07203258958394815,0.02500000000000001,0.0016958737141429445,36,1194,0,0,0.0692507415031148,0.0257,0.0015533317437601128,9,1245,0,0,0.0585671792787642,0.02529999999999999,0.0016861820413416832,9,1219,0,0,0.06694150142071084,0.02779999999999999,0.0021858128414340016,9,1212,0,0,0.08145886365592551,0.029299999999999993,0.0024101812723179364,36,1236,0,0,0.08173954385628422,0.028700000000000003,0.0014494784076766985,9,1262,0,0,0.050348535967156646,0.019500000000000003,0.0007588164923983957,9,1187,0,0,0.03862753637774638,0.018500000000000003,0.0015849601778694924,9,1160,0,0,0.0865572912671446,,True
S2A_T29UPA_20251124T113430_L2A,2025-11-24,2025-11-24T11:36:32.815000Z,sentinel-2a,S2A_MSIL2A_20251124T113431_N0511_R080_T29UPA_20251124T124313.SAFE,sentinel-2-c1-l2a,05.11,L1278,Rea's Wood,-6.241996568375846,54.712602169290584,True,270.8840794505137,True,provisional_filtered_view_no_row_flags,14.780395,14.408961988302096,9.307200471250608,Sen2Cor_BOA_not_aquatic_Rw,False,0.116386495530605,False,False,1257538,2025-11-24T11:30:00Z,-6.546916667620341,True,4,0,0.076283298432827,0.308040767908096,0.204637166112661,1,0.173998758196831,0.308040767908096,0.0892340689897537,9,False,False,219.1519161730116,True,0.01895,0.0026350600878664357,36,1103,0,0,0.13985281315522877,0.015600000000000003,0.0016323976911960581,36,1110,0,0,0.1019186903972565,0.010400000000000006,0.0017777951388041192,36,1044,0,0,0.16824559673225103,0.008199999999999999,0.000501356185452377,9,1071,0,0,0.06155805824108314,0.006099999999999994,0.001359556935817108,9,1041,0,0,0.2131709481246337,0.005099999999999993,0.0012355835328567099,9,1025,0,0,0.24877520795772673,0.004799999999999999,0.0012210695322008227,36,1031,0,0,0.2312388382915814,0.0040000000000000036,0.0009350513288875198,9,1016,0,0,0.25347776987914694,0.0058,0.001610459638399417,9,1038,0,0,0.2755539305246151,0.004900000000000002,0.0007355186294860157,9,1042,0,0,0.14677755355596775,,True
S2A_T29UPA_20251124T113430_L2A,2025-11-24,2025-11-24T11:36:32.815000Z,sentinel-2a,S2A_MSIL2A_20251124T113431_N0511_R080_T29UPA_20251124T124313.SAFE,sentinel-2-c1-l2a,05.11,L1279,Washing Bay,-6.569769770482481,54.523188284062314,True,396.0713035201496,True,provisional_filtered_view_no_row_flags,14.780395,14.408961988302096,9.307200471250608,Sen2Cor_BOA_not_aquatic_Rw,False,17.0178451538086,False,False,1257598,2025-11-24T11:30:00Z,-6.546916667620341,True,4,0,17.0178451538086,22.2671527862549,18.296665191650398,1,22.2459106445313,22.2671527862549,0.0667461380362511,9,False,False,352.9038840688248,True,0.02650000000000001,0.0032613465275618124,36,1200,0,0,0.1219068372881583,0.025749999999999995,0.0023106770425703658,36,1212,0,0,0.09071360254365668,0.025749999999999995,0.0026653063660096107,36,1193,0,0,0.10132104453679619,0.029099999999999987,0.003340806437721437,9,1247,0,0,0.11436766047734093,0.014299999999999993,0.0018937193138124175,9,1108,0,0,0.1322224501498197,0.014100000000000001,0.0022902908327907673,9,1112,0,0,0.15486564609404138,0.012449999999999996,0.002076916042336229,36,1061,0,0,0.16689503911630413,0.007800000000000001,0.0022473578451040286,9,1069,0,0,0.2503245124497062,0.004900000000000002,0.0009669858987570943,9,1043,0,0,0.181688373461667,0.003600000000000006,0.0007673909622147536,9,1024,0,0,0.20018894666471837,,True
S2C_T29UPA_20251125T114429_L2A,2025-11-25,2025-11-25T11:46:22.981000Z,sentinel-2c,S2C_MSIL2A_20251125T114431_N0511_R123_T29UPA_20251125T150420.SAFE,sentinel-2-c1-l2a,05.11,L1278,Rea's Wood,-6.241996568375846,54.712602169290584,True,270.8840794505137,True,provisional_filtered_view_no_row_flags,8.767166,14.397868839402406,3.0146445838592038,Sen2Cor_BOA_not_aquatic_Rw,False,0.321463912725449,False,False,1259255,2025-11-25T12:00:00Z,13.616983334223429,True,4,0,0.321463912725449,0.487442016601563,0.39470243453979503,1,0.487442016601563,0.341403722763062,0.122716426849365,9,False,False,219.1519161730116,True,0.019050000000000004,0.002298912786514529,36,1142,0,0,0.1229365126478358,0.012250000000000004,0.0019438649930257797,36,1073,0,0,0.1604290228081799,0.007999999999999993,0.0009719642514891384,36,1053,0,0,0.12078257871456327,0.006900000000000003,0.001220604990654171,9,1055,0,0,0.16746105054706611,0.005699999999999997,0.00023147407395555364,9,1051,0,0,0.040928618184675504,0.005199999999999996,0.0005033222956847185,9,1041,0,0,0.09869064621268996,0.003500000000000003,0.0006133481781617357,36,1014,0,0,0.18233306700101143,0.001799999999999996,0.0009425471137977107,9,1007,0,0,0.5172514648889877,0.0040999999999999925,0.0009696632990787305,9,1028,0,0,0.23909506004681022,0.004500000000000004,0.001531157877047448,9,1012,0,0,0.39943248966455175,,True
S2C_T29UPA_20251125T114429_L2A,2025-11-25,2025-11-25T11:46:22.981000Z,sentinel-2c,S2C_MSIL2A_20251125T114431_N0511_R123_T29UPA_20251125T150420.SAFE,sentinel-2-c1-l2a,05.11,L1279,Washing Bay,-6.569769770482481,54.523188284062314,True,396.0713035201496,True,provisional_filtered_view_no_row_flags,8.767166,14.397868839402406,3.0146445838592038,Sen2Cor_BOA_not_aquatic_Rw,False,7.97729110717773,False,False,1259359,2025-11-25T12:00:00Z,13.616983334223429,True,4,0,6.47478532791138,11.1526575088501,8.440905094146725,1,8.90451908111572,6.45137977600098,0.0527389124035835,9,False,False,352.9038840688248,True,0.04820000000000001,0.00835426630124386,36,1342,0,0,0.17115501186249657,0.0426,0.00758085836698239,36,1337,0,0,0.1707186921127024,0.045,0.007668455407272922,36,1338,0,0,0.16813715491919434,0.048000000000000015,0.006339139638627998,9,1391,0,0,0.13055436326693817,0.0441,0.009265680736253157,9,1340,0,0,0.20509376937107332,0.04469999999999999,0.0078011395179023516,9,1340,0,0,0.17246439612164374,0.0446,0.009986031524949436,36,1287,0,0,0.2161608651904153,0.04400000000000001,0.008169183285711954,9,1334,0,0,0.18100110677352926,0.040700000000000014,0.00762657795856206,9,1312,0,0,0.18006086470896782,0.038000000000000006,0.00741636495432921,9,1305,0,0,0.18474199996945162,,True
S2C_T29UPA_20251202T113447_L2A,2025-12-02,2025-12-02T11:36:23.634000Z,sentinel-2c,S2C_MSIL2A_20251202T113451_N0511_R080_T29UPA_20251202T130612.SAFE,sentinel-2-c1-l2a,05.11,L1278,Rea's Wood,-6.241996568375846,54.712602169290584,True,270.8840794505137,True,provisional_filtered_view_no_row_flags,5.119286,12.971314784703196,9.284224147327086,Sen2Cor_BOA_not_aquatic_Rw,False,1.25268137454987,False,False,1271746,2025-12-02T11:30:00Z,-6.393900001049042,True,4,0,0.950743973255157,1.26459074020386,1.21479278802872,1,0.885139942169189,0.950743973255157,0.104932770133018,9,False,False,219.1519161730116,True,0.02785,0.0032907593686294064,36,1186,0,0,0.11862154527952201,0.020450000000000003,0.002460507513140779,36,1146,0,0,0.12317934984434437,0.015349999999999996,0.0019792655920695987,36,1110,0,0,0.12934028192867228,0.012700000000000003,0.0017978038729049698,9,1116,0,0,0.13328035301601918,0.010099999999999998,0.0001369869778437547,9,1099,0,0,0.013578004411825904,0.0076999999999999985,0.0012622730819174342,9,1063,0,0,0.1591100523425337,0.009099999999999997,0.0003699662146737187,36,1087,0,0,0.04025017748036831,0.007900000000000004,0.001037089945740271,9,1063,0,0,0.13706034525201813,0.006000000000000005,0.001001233806761672,9,1042,0,0,0.16294944413842768,0.006099999999999994,0.0012344839477627706,9,1046,0,0,0.19526108136845238,,True
S2C_T29UPA_20251202T113447_L2A,2025-12-02,2025-12-02T11:36:23.634000Z,sentinel-2c,S2C_MSIL2A_20251202T113451_N0511_R080_T29UPA_20251202T130612.SAFE,sentinel-2-c1-l2a,05.11,L1279,Washing Bay,-6.569769770482481,54.523188284062314,True,396.0713035201496,True,provisional_filtered_view_no_row_flags,5.119286,12.971314784703196,9.284224147327086,Sen2Cor_BOA_not_aquatic_Rw,False,30.3215179443359,False,False,1271934,2025-12-02T11:30:00Z,-6.393900001049042,True,4,0,30.3215179443359,35.5367698669434,33.87331581115725,1,35.3698425292969,33.644401550293,0.134036049246788,9,False,False,352.9038840688248,True,0.028999999999999998,0.0033412821890206564,36,1216,0,0,0.11449282201098764,0.025249999999999995,0.002574423104500823,36,1200,0,0,0.10131092234590035,0.03225,0.001699691330001998,36,1291,0,0,0.052495614173019844,0.03140000000000001,0.0014803236216082542,9,1301,0,0,0.046324452692886965,0.015899999999999997,0.0010681702365826285,9,1140,0,0,0.06639179647267719,0.012700000000000003,0.0008152860590152957,9,1113,0,0,0.06493428788617399,0.01165,0.0013202366043092528,36,1079,0,0,0.11241371276048512,0.007400000000000004,0.0011811273125260716,9,1056,0,0,0.15586724065593321,0.003500000000000003,0.0008894442709417554,9,1019,0,0,0.27227885845155786,0.0023999999999999994,0.001526069752301279,9,1000,1,0,0.6023959548557684,,True
S2A_T29UPA_20251204T113500_L2A,2025-12-04,2025-12-04T11:36:31.986000Z,sentinel-2a,S2A_MSIL2A_20251204T113501_N0511_R080_T29UPA_20251204T151609.SAFE,sentinel-2-c1-l2a,05.11,L1279,Washing Bay,-6.569769770482481,54.523188284062314,True,396.0713035201496,True,provisional_filtered_view_no_row_flags,74.582791,12.681894706523394,9.335437878321633,Sen2Cor_BOA_not_aquatic_Rw,False,1.9813324213028,False,False,1275326,2025-12-04T11:30:00Z,-6.533100001017252,True,4,0,1.68309938907623,3.40559840202332,2.464945733547215,1,16.4887104034424,2.94855904579163,0.036751925945282,9,False,False,352.9038840688248,True,0.03259999999999999,0.0031857127039484822,36,1285,0,0,0.0971583000187609,0.0216,0.002484619353811231,36,1169,0,0,0.11646653220990147,0.019049999999999997,0.0019145801847795813,36,1157,0,0,0.10118157171471655,0.0175,0.0009626352718795761,9,1164,0,0,0.05418209785438515,0.010899999999999993,0.0016566364853052254,9,1076,0,0,0.15060331684592956,0.0116,0.001140608457938565,9,1102,0,0,0.0959390291724027,0.009499999999999995,0.0018538664967182306,36,1060,0,0,0.19851039227202946,0.008099999999999996,0.0016193277068654816,9,1048,0,0,0.20849712963933237,0.0039000000000000007,0.0010640012995443654,9,1022,0,0,0.258811126916197,0.004699999999999996,0.0014818240344709615,9,1021,0,0,0.33257896035507867,,True
S2B_T29UPA_20251210T114402_L2A,2025-12-10,2025-12-10T11:46:11.056000Z,sentinel-2b,S2B_MSIL2A_20251210T114359_N0511_R123_T29UPA_20251210T134425.SAFE,sentinel-2-c1-l2a,05.11,L1279,Washing Bay,-6.569769770482481,54.523188284062314,True,396.0713035201496,True,provisional_filtered_view_no_row_flags,57.894605,12.186990452502698,2.9814324780802086,Sen2Cor_BOA_not_aquatic_Rw,False,24.1753387451172,False,False,1317132,2025-12-10T12:00:00Z,13.815733333428701,True,4,0,21.3633003234863,29.4883670806885,25.228159904480002,1,26.2809810638428,26.9273376464844,0.0908225476741791,9,False,False,352.9038840688248,True,0.0635,0.0029590987533535886,36,1574,0,0,0.04611981778540531,0.04955,0.0019253887694645581,36,1452,0,0,0.03884225032262488,0.04855000000000001,0.002383365708145822,36,1428,0,0,0.049029237424714045,0.04780000000000001,0.002965730189271362,9,1436,0,0,0.06064887912620371,0.04150000000000001,0.0011352924243950928,9,1405,0,0,0.027138464328169548,0.04350000000000001,0.0024962688205983252,9,1405,0,0,0.057195568700063454,0.03955,0.001954695202156422,36,1365,0,0,0.04892854072982283,0.03820000000000001,0.0014863161852274708,9,1348,0,0,0.03957646647055395,0.02510000000000001,0.000982940913537622,9,1234,0,0,0.039195694381207784,0.0213,0.0012183777921664714,9,1192,0,0,0.05811022856119896,,True
S2C_T29UPA_20251212T113507_L2A,2025-12-12,2025-12-12T11:36:24.080000Z,sentinel-2c,S2C_MSIL2A_20251212T113511_N0511_R080_T29UPA_20251212T130307.SAFE,sentinel-2-c1-l2a,05.11,L1279,Washing Bay,-6.569769770482481,54.523188284062314,True,396.0713035201496,True,provisional_filtered_view_no_row_flags,0.372293,11.786804369823003,9.290349185188115,Sen2Cor_BOA_not_aquatic_Rw,False,25.0200138092041,False,False,1320650,2025-12-12T11:30:00Z,-6.401333332061768,True,4,0,21.0325946807861,28.3924350738525,23.1371326446533,1,32.6827926635742,21.0325946807861,0.0764667615294456,9,False,False,352.9038840688248,True,0.031200000000000006,0.003218220695422305,36,1254,0,0,0.10353525025487309,0.0218,0.0031054561701449536,36,1142,0,0,0.1486259267817313,0.017350000000000004,0.0016873416706702433,36,1127,0,0,0.09770677198669575,0.011800000000000005,0.0009439868172337534,9,1108,0,0,0.07801543944080606,0.0059000000000000025,0.0009982701086762745,9,1042,0,0,0.16607081290363165,0.0031999999999999945,0.0011498792207106912,9,1018,0,0,0.32853692020305464,0.00605,0.0017328235539534327,36,1019,0,0,0.2897429073029427,0.004400000000000001,0.00040764302950764856,9,1040,0,0,0.09014219325721957,0.005299999999999999,0.0015048071120394274,9,1038,0,0,0.25505205288803856,0.005500000000000005,0.0018939148819962612,9,1030,0,0,0.32905857023101065,,True
S2B_T29UPA_20251220T114413_L2A,2025-12-20,2025-12-20T11:46:11.844000Z,sentinel-2b,S2B_MSIL2A_20251220T114419_N0511_R123_T29UPA_20251220T122102.SAFE,sentinel-2-c1-l2a,05.11,L1278,Rea's Wood,-6.241996568375846,54.712602169290584,True,270.8840794505137,True,provisional_filtered_view_no_row_flags,93.115914,11.610178436580298,2.980661538896024,Sen2Cor_BOA_not_aquatic_Rw,False,0.00898528099060059,False,False,1334854,2025-12-20T12:00:00Z,13.802599998315175,True,4,0,0.00898528099060059,0.135074213147163,0.08525260351598246,1,0.0447203330695629,0.0,0.0969916582107544,9,False,False,219.1519161730116,True,0.07320000000000002,0.0028439493384211645,36,1679,0,0,0.03887979956068883,0.0493,0.002703238798182653,36,1430,0,0,0.054962496743801825,0.0363,0.001924837655492014,36,1340,0,0,0.05249557242250947,0.0335,0.0023865880392593495,9,1309,0,0,0.0694673103277301,0.03270000000000001,0.0012355835328567136,9,1310,0,0,0.03790133536370286,0.028700000000000003,0.0017693550474539095,9,1272,0,0,0.06022766802982295,0.032200000000000006,0.0017414252003445517,36,1286,0,0,0.054886453521628326,0.026999999999999996,0.0014429907214608935,9,1241,0,0,0.053977209032202995,0.017200000000000007,0.0013998236220465422,9,1156,0,0,0.08055251022006957,0.016,0.0009589088449062863,9,1146,0,0,0.060015157191631266,,True
S2C_T29UPA_20251225T114517_L2A,2025-12-25,2025-12-25T11:46:21.232000Z,sentinel-2c,S2C_MSIL2A_20251225T114521_N0511_R123_T29UPA_20251225T132609.SAFE,sentinel-2-c1-l2a,05.11,L1278,Rea's Wood,-6.241996568375846,54.712602169290584,True,270.8840794505137,True,provisional_filtered_view_no_row_flags,47.165605,11.609952322177804,3.004317705007847,Sen2Cor_BOA_not_aquatic_Rw,False,0.666853487491608,False,False,1343690,2025-12-25T12:00:00Z,13.646133331457774,True,4,0,0.53988641500473,0.717881917953491,0.648435115814209,1,0.53988641500473,0.558072328567505,0.026343896985054,9,False,False,219.1519161730116,True,0.04735,0.0027090383697705163,36,1426,0,0,0.05655612462986465,0.026749999999999996,0.0025255163877297183,36,1210,0,0,0.0948352873247834,0.014899999999999997,0.0011745862155575373,36,1123,0,0,0.07800240501765605,0.010300000000000004,0.0023879326251429744,9,1069,0,0,0.222478194889097,0.007900000000000004,0.0016513369069474917,9,1043,0,0,0.22450199641280105,0.004799999999999999,0.0018103270286379972,9,1010,0,0,0.3565195461212687,0.0040000000000000036,0.0015463492450459957,36,1004,0,0,0.39791688936137154,0.003500000000000003,0.002107189339755741,9,1002,0,0,0.5610859188698717,0.002699999999999994,0.0010687479694587592,9,1014,0,0,0.3602521245366606,0.0040000000000000036,0.0008685165442605681,9,1028,0,0,0.2177339526001425,,True
S2B_T29UPA_20251227T113407_L2A,2025-12-27,2025-12-27T11:36:15.039000Z,sentinel-2b,S2B_MSIL2A_20251227T113409_N0511_R080_T29UPA_20251227T133308.SAFE,sentinel-2-c1-l2a,05.11,L1278,Rea's Wood,-6.241996568375846,54.712602169290584,True,270.8840794505137,True,provisional_filtered_view_no_row_flags,43.360966,11.386265982841195,9.281174083543215,Sen2Cor_BOA_not_aquatic_Rw,False,0.196776151657104,False,False,1349181,2025-12-27T11:30:00Z,-6.250650000572205,True,4,0,0.0739191398024559,0.196776151657104,0.10283339023590074,1,0.00152802467346191,0.0818517208099365,0.0732461661100388,9,False,False,219.1519161730116,True,0.0655,0.0028180456300137373,36,1598,0,0,0.04312051799230439,0.04195,0.0019744881349508595,36,1375,0,0,0.047403516410957615,0.026600000000000013,0.002183714979366838,36,1225,0,0,0.08183816287445989,0.021400000000000002,0.0006057339186861788,9,1208,0,0,0.027985653327390194,0.018699999999999994,0.0013045031219057035,9,1175,0,0,0.06786432426099034,0.0165,0.0014492228653938085,9,1128,0,0,0.09256923909541713,0.015199999999999998,0.0017155133666372608,36,1115,0,0,0.11121642571392291,0.012700000000000003,0.001982765246995053,9,1099,0,0,0.15932935020495959,0.0016999999999999932,0.0008252197612278719,9,995,1,0,0.5848014055945561,0.002600000000000005,0.001471289012405344,9,1003,0,0,0.517250043423754,,True
S2B_T29UPA_20260215T113312_L2A,2026-02-15,2026-02-15T11:36:10.884000Z,sentinel-2b,S2B_MSIL2A_20260215T113309_N0512_R080_T29UPA_20260215T154840.SAFE,sentinel-2-c1-l2a,05.12,L1278,Rea's Wood,-6.241996568375846,54.712602169290584,True,270.8840794505137,False,provisional_filtered_view_no_row_flags,59.29929,21.516788026084996,9.328067002599871,Sen2Cor_BOA_not_aquatic_Rw,False,2.16349649429321,False,False,1465140,2026-02-15T11:30:00Z,-6.181400001049042,True,4,0,2.04387140274048,2.17537951469421,2.139004111289975,1,2.3378050327301,2.11451172828674,,9,False,False,219.1519161730116,True,0.0818,0.007850699819399605,36,1581,0,0,0.09895147171009935,0.07445,0.005795695374719346,36,1609,0,0,0.07867756457253154,0.07055,0.0065276069717606165,36,1495,0,0,0.09614739617175326,0.07730000000000001,0.007008266723601194,9,1604,0,0,0.094521805053815,0.08080000000000001,0.017194687666561938,9,1322,0,0,0.2388888376027438,0.07800000000000001,0.011730723615498316,9,1579,0,0,0.15372235372668147,0.08800000000000001,0.009238730205091453,36,1638,0,0,0.10863414142386082,0.07880000000000001,0.014841466767219107,9,1496,0,0,0.2062906577682965,0.08050000000000002,0.008622938114610068,9,1600,0,0,0.11342654637750746,0.06309999999999999,0.028902394279051145,9,1204,0,0,0.4315221441795957,,True
S2B_T29UPA_20260215T113312_L2A,2026-02-15,2026-02-15T11:36:10.884000Z,sentinel-2b,S2B_MSIL2A_20260215T113309_N0512_R080_T29UPA_20260215T154840.SAFE,sentinel-2-c1-l2a,05.12,L1279,Washing Bay,-6.569769770482481,54.523188284062314,True,396.0713035201496,False,provisional_filtered_view_no_row_flags,59.29929,21.516788026084996,9.328067002599871,Sen2Cor_BOA_not_aquatic_Rw,False,1.22384691238403,False,False,1465186,2026-02-15T11:30:00Z,-6.181400001049042,True,4,0,0.936085879802704,1.6906042098999,1.21917027235031,1,1.5239372253418,0.936085879802704,0.0349423289299011,9,False,False,352.9038840688248,True,0.016799999999999995,0.002100859612423236,36,1115,0,0,0.1269401578503466,0.013600000000000001,0.0018516988362708758,36,1101,0,0,0.13350922913228827,0.015299999999999994,0.0009132892325119256,36,1133,0,0,0.06011777723611139,0.0155,0.0014696938456699093,9,1120,0,0,0.09584959863064625,0.008300000000000002,0.0014672557739442854,9,1057,0,0,0.1852076011991384,0.008800000000000002,0.0006913932971601803,9,1076,0,0,0.07807452540077318,0.007199999999999998,0.0008140358229142343,36,1057,0,0,0.11288632367069505,0.005400000000000002,0.0008171011693711199,9,1039,0,0,0.14886458551295706,0.003799999999999998,0.0005209203630991589,9,1032,0,0,0.135499516413076,0.0040000000000000036,0.0006729335079878555,9,1028,0,0,0.17812945799678526,,True
S2B_T29UPA_20260228T114345_L2A,2026-02-28,2026-02-28T11:46:11.800000Z,sentinel-2b,S2B_MSIL2A_20260228T114349_N0512_R123_T29UPA_20260228T155602.SAFE,sentinel-2-c1-l2a,05.12,L1279,Washing Bay,-6.569769770482481,54.523188284062314,True,396.0713035201496,False,provisional_filtered_view_no_row_flags,4.334259,26.638106151220498,3.0017252279745352,Sen2Cor_BOA_not_aquatic_Rw,False,19.1767559051514,False,False,1521830,2026-02-28T12:00:00Z,13.803333334128062,True,4,0,19.1767559051514,39.4248580932617,33.27494049072265,1,30.5831298828125,23.6253871917725,0.0340677946805954,9,False,False,352.9038840688248,True,0.007300000000000001,0.001405838245617007,36,1044,0,0,0.19134282360004629,0.0102,0.0013628758401100069,36,1073,0,0,0.13328859071980506,0.012650000000000002,0.0007818691990636572,36,1112,0,0,0.0612830201748131,0.0126,0.0012111620784382704,9,1094,0,0,0.09972972283572216,0.006000000000000005,0.0008120998539831824,9,1056,0,0,0.12536704435417909,0.007800000000000001,9.428090415820904e-05,9,1076,0,0,0.012139172209211463,0.007050000000000001,0.0006011306219877335,36,1058,0,0,0.08642453031772528,0.005599999999999994,0.0005940029513166054,9,1047,0,0,0.10461891510468592,0.0025000000000000022,0.00028846122190549523,9,1022,0,0,0.11487393792696722,0.0016999999999999932,0.0003520662115056648,9,1009,0,0,0.21702711668157437,,True
S2A_T29UPA_20260314T113337_L2A,2026-03-14,2026-03-14T11:36:36.606000Z,sentinel-2a,S2A_MSIL2A_20260314T113341_N0512_R080_T29UPA_20260314T180111.SAFE,sentinel-2-c1-l2a,05.12,L1278,Rea's Wood,-6.241996568375846,54.712602169290584,True,270.8840794505137,False,provisional_filtered_view_no_row_flags,29.809919,31.751277250128,9.28338259210272,Sen2Cor_BOA_not_aquatic_Rw,False,2.93125343322754,False,False,1540942,2026-03-14T11:30:00Z,-6.610099999109904,True,4,0,2.93125343322754,3.21954822540283,3.13556528091431,1,3.18995380401611,3.21954822540283,0.0644368380308151,9,False,False,219.1519161730116,True,0.016100000000000003,0.00131974557967122,36,1133,0,0,0.08208507406386302,0.0194,0.001277572447270483,36,1164,0,0,0.06621452361321248,0.018249999999999995,0.0011411765641728211,36,1157,0,0,0.06297111635533653,0.015600000000000003,0.0006482645398139916,9,1147,0,0,0.04140795499166732,0.009599999999999997,0.00040030852299226374,9,1092,0,0,0.04108069221129275,0.009300000000000003,0.0003705184889007332,9,1084,0,0,0.03993612455217484,0.008300000000000002,0.0005346266148294069,36,1069,0,0,0.06362498556647486,0.007499999999999993,0.000545237517617125,9,1072,0,0,0.07060629724538312,0.003699999999999995,0.00045460605656619566,9,1027,0,0,0.12398346997259886,0.0031000000000000055,0.00046693114198779394,9,1025,0,0,0.14797113654542754,,True
S2C_T29UPA_20260315T114349_L2A,2026-03-15,2026-03-15T11:46:15.747000Z,sentinel-2c,S2C_MSIL2A_20260315T114351_N0512_R123_T29UPA_20260315T164315.SAFE,sentinel-2-c1-l2a,05.12,L1279,Washing Bay,-6.569769770482481,54.523188284062314,True,396.0713035201496,False,provisional_filtered_view_no_row_flags,67.041147,32.5410825081928,2.995739792848785,Sen2Cor_BOA_not_aquatic_Rw,False,1.92824637889862,False,False,1542025,2026-03-15T12:00:00Z,13.73755000034968,True,4,0,1.92824637889862,14.6194124221802,5.19893324375153,1,7.33407020568848,9.58115100860596,0.018723338842392,9,False,False,352.9038840688248,True,0.008599999999999997,0.0018092078445251555,36,1047,0,0,0.20604708131257704,0.014499999999999999,0.0014287043037851889,36,1113,0,0,0.09809909390857677,0.017549999999999996,0.0014669717696123219,36,1142,0,0,0.08417434444699329,0.016799999999999995,0.0018117585754736946,9,1129,0,0,0.11153096565843539,0.010499999999999995,0.0004855949640758256,9,1097,0,0,0.04600373343876243,0.010300000000000004,0.0007553921391903792,9,1092,0,0,0.0731811544963769,0.011949999999999995,0.0005396043360705816,36,1111,0,0,0.04564322391574468,0.010599999999999998,0.0004466611387164859,9,1095,0,0,0.04244931624549496,0.010800000000000004,0.0005356431463641766,9,1103,0,0,0.04894201337337654,0.008300000000000002,0.0006649979114420013,9,1071,0,0,0.08209850758543226,,True
S2A_T29UPA_20260403T113337_L2A,2026-04-03,2026-04-03T11:36:35.846000Z,sentinel-2a,S2A_MSIL2A_20260403T113341_N0512_R080_T29UPA_20260403T180255.SAFE,sentinel-2-c1-l2a,05.12,L1278,Rea's Wood,-6.241996568375846,54.712602169290584,True,270.8840794505137,False,provisional_filtered_view_no_row_flags,66.381329,39.727648215519,9.264094231105998,Sen2Cor_BOA_not_aquatic_Rw,False,1.93841171264648,False,False,1611924,2026-04-03T11:30:00Z,-6.597433332602183,True,4,0,1.93841171264648,2.6883819103241,2.202432096004485,1,1.92476785182953,2.43682599067688,0.12777741253376,9,False,False,219.1519161730116,True,0.03520000000000001,0.0011249554174979663,36,1329,0,0,0.03205508550730313,0.02560000000000001,0.0006198055748517294,36,1244,0,0,0.024067523130905252,0.017349999999999997,0.0007069048777401658,36,1159,0,0,0.0405038605740028,0.014700000000000005,0.0008393118874676109,9,1133,0,0,0.05722581050915528,0.011899999999999994,0.00011967032904743113,9,1118,0,0,0.010046949267041793,0.011899999999999994,0.0005652487707545294,9,1109,0,0,0.047016995718953465,0.010999999999999996,0.0006172607248716996,36,1092,0,0,0.05595916921526362,0.009300000000000003,0.00034029761846918953,9,1084,0,0,0.037213591327128856,0.0040999999999999925,0.00031622776601683545,9,1040,0,0,0.07411588266019584,0.004299999999999998,0.00022825153982415807,9,1042,0,0,0.05200667995993478,,True
S2C_T29UPA_20260424T114417_L2A,2026-04-24,2026-04-24T11:46:14.059000Z,sentinel-2c,S2C_MSIL2A_20260424T114351_N0512_R123_T29UPA_20260424T164711.SAFE,sentinel-2-c1-l2a,05.12,L1278,Rea's Wood,-6.241996568375846,54.712602169290584,True,270.8840794505137,False,provisional_filtered_view_no_row_flags,5.804268,47.7525084629418,3.005694468131189,Sen2Cor_BOA_not_aquatic_Rw,False,2.33187127113342,False,False,1645944,2026-04-24T12:00:00Z,13.76568333307902,True,4,0,2.28388857841492,2.33187127113342,2.298383593559265,1,2.28388857841492,2.24709987640381,0.0725022554397583,9,False,False,219.1519161730116,True,0.00485,0.0008183231499705828,36,1030,0,0,0.1725813321554832,0.0085,0.0009589209148765355,36,1064,0,0,0.11329554622761824,0.006099999999999994,0.0005648869110027438,36,1050,0,0,0.09273109346146276,0.006099999999999994,0.00012862041003100231,9,1059,0,0,0.021046976186891296,0.007599999999999996,6.849348892187949e-05,9,1076,0,0,0.008959904074083076,0.007999999999999993,0.0003177855476905566,9,1076,0,0,0.039286674851854525,0.008099999999999996,0.0003723880227748648,36,1074,0,0,0.04581670820196559,0.0076999999999999985,0.0001852592444503695,9,1075,0,0,0.024024974064168963,0.005199999999999996,0.00011331154474650714,9,1050,0,0,0.021884203920999244,0.0029,0.0003212629398844658,9,1026,0,0,0.10748574196878033,,True
S2C_T29UPA_20260424T114417_L2A,2026-04-24,2026-04-24T11:46:14.059000Z,sentinel-2c,S2C_MSIL2A_20260424T114351_N0512_R123_T29UPA_20260424T164711.SAFE,sentinel-2-c1-l2a,05.12,L1279,Washing Bay,-6.569769770482481,54.523188284062314,True,396.0713035201496,False,provisional_filtered_view_no_row_flags,5.804268,47.7525084629418,3.005694468131189,Sen2Cor_BOA_not_aquatic_Rw,False,0.203743755817413,False,False,1645871,2026-04-24T12:00:00Z,13.76568333307902,True,4,0,0.0,0.203743755817413,0.1261920407414434,1,0.158918902277946,0.817000567913055,0.0294532850384712,9,False,False,352.9038840688248,True,0.011349999999999999,0.00137655355557204,36,1085,0,0,0.12107483019934874,0.01455,0.0006695769808866885,36,1131,0,0,0.04628412310276649,0.012650000000000002,0.0005997684738482193,36,1113,0,0,0.04753779185058541,0.011200000000000002,0.00020061633428075426,9,1107,0,0,0.01814620109072149,0.0097,6.849348892187949e-05,9,1095,0,0,0.007101859450425293,0.010099999999999998,0.000144871164560059,9,1099,0,0,0.01435947666344197,0.010450000000000001,0.00016244657241348094,36,1102,0,0,0.015495698481413122,0.0087,0.00018921540406584863,9,1083,0,0,0.021888671421499205,0.005599999999999994,4.7140452079101245e-05,9,1055,0,0,0.008417937871268086,0.003699999999999995,0.00010999438818457253,9,1036,0,0,0.029639206397040502,,True
S2B_T29UPA_20260429T114343_L2A,2026-04-29,2026-04-29T11:46:10.072000Z,sentinel-2b,S2B_MSIL2A_20260429T114349_N0512_R123_T29UPA_20260429T141846.SAFE,sentinel-2-c1-l2a,05.12,L1278,Rea's Wood,-6.241996568375846,54.712602169290584,True,270.8840794505137,False,provisional_filtered_view_no_row_flags,0.066705,49.3564838604848,3.0022436954738447,Sen2Cor_BOA_not_aquatic_Rw,False,2.35662269592285,False,False,1733965,2026-04-29T12:00:00Z,13.832133332888285,True,4,0,2.35662269592285,2.4128246307373,2.3759397268295297,1,2.39332151412964,2.34816575050354,0.372168809175491,9,False,False,219.1519161730116,True,0.011999999999999997,0.000883119296221085,36,1104,0,0,0.07347421923725228,0.01015,0.0008394773506308688,36,1080,0,0,0.08297963927158505,0.007599999999999996,0.0006812921184171164,36,1064,0,0,0.08967647628159485,0.007000000000000006,0.0006008224815375891,9,1063,0,0,0.08475552247395458,0.007300000000000001,0.00045078806166890835,9,1062,0,0,0.06339207117219021,0.008099999999999996,0.000630304649052572,9,1075,0,0,0.07665867353342093,0.007499999999999993,0.00032264101137676523,36,1067,0,0,0.04306665335396199,0.006699999999999998,0.0004271640619275814,9,1056,0,0,0.06418157858678185,0.004900000000000002,0.00023465235646603043,9,1044,0,0,0.04911328391149473,0.004299999999999998,0.0002922876986214635,9,1038,0,0,0.06814998154386455,,True
S2B_T29UPA_20260429T114343_L2A,2026-04-29,2026-04-29T11:46:10.072000Z,sentinel-2b,S2B_MSIL2A_20260429T114349_N0512_R123_T29UPA_20260429T141846.SAFE,sentinel-2-c1-l2a,05.12,L1279,Washing Bay,-6.569769770482481,54.523188284062314,True,396.0713035201496,False,provisional_filtered_view_no_row_flags,0.066705,49.3564838604848,3.0022436954738447,Sen2Cor_BOA_not_aquatic_Rw,False,0.249919667840004,False,False,1733772,2026-04-29T12:00:00Z,13.832133332888285,True,4,0,0.249919667840004,1.43193399906158,0.8471502810716656,1,0.350153833627701,3.12985968589783,0.0441791191697121,9,False,False,352.9038840688248,True,0.015899999999999997,0.000960432483600776,36,1134,0,0,0.060563267489276484,0.015,0.0009354597140140302,36,1133,0,0,0.062099483135727634,0.013300000000000006,0.0007395099728874517,36,1118,0,0,0.05549793417541851,0.0121,0.0006843939375304201,9,1107,0,0,0.05666555140546257,0.010700000000000001,0.00042280661312089885,9,1102,0,0,0.03918907845610803,0.010899999999999993,0.00031544599036840884,9,1102,0,0,0.028999120667167314,0.01065,0.0003004626062886644,36,1099,0,0,0.028390167523338367,0.0087,0.0003314763086705855,9,1083,0,0,0.03805212727085803,0.0058,0.000309120616516523,9,1050,0,0,0.05360473118783637,0.004599999999999993,0.0002922876986214635,9,1043,0,0,0.062336239042492254,,True
S2B_T29UPA_20260509T114438_L2A,2026-05-09,2026-05-09T11:46:10.530000Z,sentinel-2b,S2B_MSIL2A_20260509T114349_N0512_R123_T29UPA_20260509T152401.SAFE,sentinel-2-c1-l2a,05.12,L1278,Rea's Wood,-6.241996568375846,54.712602169290584,True,270.8840794505137,False,provisional_filtered_view_no_row_flags,32.640451,52.237497668162,2.9937832285024237,Sen2Cor_BOA_not_aquatic_Rw,False,2.51252102851868,False,False,1755565,2026-05-09T12:00:00Z,13.824500000476837,True,4,0,2.46655797958374,2.51252102851868,2.48915076255798,1,2.50429821014404,2.4871301651001,0.573753654956818,9,False,False,219.1519161730116,True,0.027700000000000002,0.0030969656096983583,36,1221,0,0,0.11215246147182466,0.02645,0.002979045905348363,36,1200,0,0,0.11658403369120673,0.025399999999999992,0.0033092311497490063,36,1173,0,0,0.13922206543293705,0.02579999999999999,0.0031361689296904205,9,1202,0,0,0.12645842458429118,0.0238,0.0027711921934141445,9,1191,0,0,0.11933363512309712,0.024499999999999994,0.0028237528657645635,9,1194,0,0,0.11787465580649847,0.022699999999999998,0.0026667173027599884,36,1177,0,0,0.11746215942659928,0.023099999999999996,0.0022453793432428582,9,1193,0,0,0.099255471950814,0.0208,0.0023630384290747254,9,1165,0,0,0.11743426759620391,0.018000000000000002,0.0025130769099961027,9,1145,0,0,0.13858880018360858,,True
S2C_T29UPA_20260511T113318_L2A,2026-05-11,2026-05-11T11:36:15.963000Z,sentinel-2c,S2C_MSIL2A_20260511T113321_N0512_R080_T29UPA_20260511T164020.SAFE,sentinel-2-c1-l2a,05.12,L1279,Washing Bay,-6.569769770482481,54.523188284062314,True,396.0713035201496,False,provisional_filtered_view_no_row_flags,29.9025,52.3469087927017,9.295016864995244,Sen2Cor_BOA_not_aquatic_Rw,False,10.3553037643433,False,False,1759767,2026-05-11T11:30:00Z,-6.266050000985463,True,4,0,10.3553037643433,12.7893400192261,12.2592525482178,1,17.4818172454834,12.5546102523804,0.405874252319336,9,False,False,352.9038840688248,True,0.015399999999999997,0.0012332832822676994,36,1125,0,0,0.07962374132287871,0.015700000000000006,0.0006900080514828157,36,1146,0,0,0.04385644395017896,0.012899999999999995,0.0005850701656771022,36,1112,0,0,0.045758257580655395,0.010700000000000001,0.0004855949640758244,9,1098,0,0,0.04514829211448781,0.009099999999999997,0.0001547598697464919,9,1089,0,0,0.016862455541385317,0.008800000000000002,0.00018257418583505583,9,1087,0,0,0.020591073590419826,0.0097,0.00011666666666666906,36,1094,0,0,0.012048192771084584,0.008599999999999997,8.314794192830931e-05,9,1084,0,0,0.009718590614997196,0.007599999999999996,0.00012272623352430642,9,1076,0,0,0.015984603498100696,0.0068000000000000005,0.0006124228346453616,9,1060,0,0,0.08847199858440215,,True
S2A_T29UPA_20260513T113331_L2A,2026-05-13,2026-05-13T11:36:29.978000Z,sentinel-2a,S2A_MSIL2A_20260513T113331_N0512_R080_T29UPA_20260513T174816.SAFE,sentinel-2-c1-l2a,05.12,L1278,Rea's Wood,-6.241996568375846,54.712602169290584,True,270.8840794505137,False,provisional_filtered_view_no_row_flags,53.836399,52.8502166583617,9.310809973730287,Sen2Cor_BOA_not_aquatic_Rw,False,3.06201863288879,False,False,1764028,2026-05-13T11:30:00Z,-6.499633332093556,True,4,0,3.06201863288879,4.72810935974121,3.1574544906616246,1,4.10448503494263,3.24384427070618,0.697186470031738,9,False,False,219.1519161730116,True,0.04554999999999999,0.0014889173919328113,36,1413,0,0,0.03276546617127037,0.04239999999999999,0.0017035094494731882,36,1385,0,0,0.03994160491144638,0.037599999999999995,0.0010401322031357368,36,1338,0,0,0.027817219606928543,0.03920000000000001,0.0007788880963698632,9,1375,0,0,0.019971489650509308,0.0305,0.0007365250408522927,9,1293,0,0,0.024192428349162902,0.029700000000000004,0.000847217668475924,9,1279,0,0,0.02868682850369945,0.028249999999999997,0.0010350195322305572,36,1264,0,0,0.03662345504255953,0.027700000000000002,0.0004496912521077373,9,1273,0,0,0.016117966025366925,0.023500000000000007,0.00023306863292670135,9,1231,0,0,0.009913127109358754,0.0203,0.0001825741858350547,9,1202,0,0,0.008935115130589952,,True
S2B_T29UPA_20260526T113435_L2A,2026-05-26,2026-05-26T11:36:10.634000Z,sentinel-2b,S2B_MSIL2A_20260526T113309_N0512_R080_T29UPA_20260526T141142.SAFE,sentinel-2-c1-l2a,05.12,L1279,Washing Bay,-6.569769770482481,54.523188284062314,True,396.0713035201496,False,provisional_filtered_view_no_row_flags,25.71052,55.4665551228407,9.341168625181435,Sen2Cor_BOA_not_aquatic_Rw,False,3.2755765914917,False,False,1792137,2026-05-26T11:30:00Z,-6.177233334382375,True,3,0,2.27539992332458,3.75472259521484,3.2755765914917,1,3.06974148750305,,0.670267403125763,9,False,False,352.9038840688248,True,0.04585,0.0042518478190715185,36,1383,0,0,0.092857632544634,0.038599999999999995,0.0035686250680819934,36,1319,0,0,0.09206055352988303,0.031049999999999994,0.0027285682832839664,36,1278,0,0,0.08477471148547751,0.03270000000000001,0.002324321220443178,9,1287,0,0,0.07230864494983961,0.027900000000000008,0.0019356945989093745,9,1263,0,0,0.06708221559562713,0.02990000000000001,0.0018043842354486992,9,1279,0,0,0.06043713479359244,0.02785,0.004566959810812906,36,1193,0,0,0.1677145294188153,0.02729999999999999,0.0021392856774812823,9,1236,0,0,0.07897281007929262,0.019699999999999995,0.0008033878881122342,9,1187,0,0,0.04055238919242909,0.014200000000000004,0.000848528137423857,9,1131,0,0,0.05892556509887896,,True
S2A_T29UPA_20260526T114403_L2A,2026-05-26,2026-05-26T11:46:29.954000Z,sentinel-2a,S2A_MSIL2A_20260526T114401_N0512_R123_T29UPA_20260526T193824.SAFE,sentinel-2-c1-l2a,05.12,L1279,Washing Bay,-6.569769770482481,54.523188284062314,True,396.0713035201496,False,provisional_filtered_view_no_row_flags,31.954002,55.9208828675575,2.9842399469369747,Sen2Cor_BOA_not_aquatic_Rw,False,3.75472259521484,False,False,1792138,2026-05-26T12:00:00Z,13.500766666730245,True,3,1,2.27539992332458,3.75472259521484,3.2755765914917,1,2.27539992332458,,0.586426138877869,9,False,False,352.9038840688248,True,0.033,0.0012903816786297051,36,1296,0,0,0.0392047771378761,0.03455,0.0013025230738933939,36,1310,0,0,0.037733025396444984,0.029299999999999993,0.0007732157876821893,36,1278,0,0,0.026422181638878797,0.03090000000000001,0.00046054181724584,9,1301,0,0,0.014947264173143023,0.030200000000000005,0.0004027681991198242,9,1291,0,0,0.013440540571295581,0.031299999999999994,0.00032998316455371956,9,1306,0,0,0.010587695119370683,0.028550000000000006,0.0005852284032329743,36,1269,0,0,0.020532328736367872,0.02890000000000001,0.0007020252888413891,9,1279,0,0,0.024226332820446703,0.019699999999999995,0.00046188021535170285,9,1187,0,0,0.023686164889830916,0.014899999999999997,9.938079899999057e-05,9,1147,0,0,0.006674829783581457,,True
S2B_T29UPA_20260608T114344_L2A,2026-06-08,2026-06-08T11:46:10.929000Z,sentinel-2b,S2B_MSIL2A_20260608T114349_N0512_R123_T29UPA_20260608T152504.SAFE,sentinel-2-c1-l2a,05.12,L1278,Rea's Wood,-6.241996568375846,54.712602169290584,True,270.8840794505137,False,provisional_filtered_view_no_row_flags,61.993289,57.4938633083539,2.98028391551893,Sen2Cor_BOA_not_aquatic_Rw,False,2.58542895317078,False,False,1848988,2026-06-08T12:00:00Z,13.817850001653035,True,4,0,2.55516052246094,2.59677910804749,2.575412511825565,1,2.59677910804749,2.57526469230652,0.268873065710068,9,False,False,219.1519161730116,True,0.04569999999999999,0.0017709242896030823,36,1410,0,0,0.03876993093268729,0.0377,0.0013028340428503833,36,1352,0,0,0.03450200495999249,0.03290000000000001,0.0011432167093095012,36,1310,0,0,0.034660435855770624,0.03159999999999999,0.0008069145624606846,9,1301,0,0,0.02550836340760858,0.02560000000000001,0.000988826464946086,9,1243,0,0,0.03842589889686862,0.026400000000000007,0.00025385910352879773,9,1260,0,0,0.009628031739398146,0.0233,0.0004431578600102772,36,1222,0,0,0.01897892334091123,0.0238,0.00044472213547087707,9,1231,0,0,0.018738292224896504,0.0232,0.00045569103676466633,9,1221,0,0,0.019736377915697774,0.020599999999999993,0.0003774508389213987,9,1199,0,0,0.0183624732448248,,True
S2C_T29UPA_20260610T113317_L2A,2026-06-10,2026-06-10T11:36:15.173000Z,sentinel-2c,S2C_MSIL2A_20260610T113321_N0512_R080_T29UPA_20260610T151308.SAFE,sentinel-2-c1-l2a,05.12,L1279,Washing Bay,-6.569769770482481,54.523188284062314,True,396.0713035201496,False,provisional_filtered_view_no_row_flags,65.521717,57.1593565432561,9.332095047118292,Sen2Cor_BOA_not_aquatic_Rw,False,3.00755977630615,False,False,1852501,2026-06-10T11:30:00Z,-6.252883334954579,True,4,0,2.03569531440735,3.00755977630615,2.36155080795288,1,2.95212817192078,2.03569531440735,0.190818160772324,9,False,False,352.9038840688248,True,0.03190000000000001,0.000774277839563752,36,1307,0,0,0.02417939124244889,0.02465,0.0007270564703729096,36,1222,0,0,0.029615334842073706,0.016600000000000004,0.0005049446858839779,36,1157,0,0,0.0304081778049903,0.013399999999999995,0.00025867659392939476,9,1132,0,0,0.019240407812930186,0.009400000000000006,0.00011653431646335027,9,1092,0,0,0.012456162092282091,0.0087,0.0004245549594342839,9,1079,0,0,0.048551393073806286,0.010099999999999998,0.0003545558863468633,36,1089,0,0,0.03531823992387127,0.0076999999999999985,0.0003456966485800887,9,1074,0,0,0.043882508282380814,0.005099999999999993,0.00015713484026367563,9,1048,0,0,0.031081616755452336,0.0040000000000000036,0.0003634539385288034,9,1035,0,0,0.09111658626070276,,True
S2C_T29UPA_20260620T113317_L2A,2026-06-20,2026-06-20T11:36:15.441000Z,sentinel-2c,S2C_MSIL2A_20260620T113321_N0512_R080_T29UPA_20260620T151507.SAFE,sentinel-2-c1-l2a,05.12,L1278,Rea's Wood,-6.241996568375846,54.712602169290584,True,270.8840794505137,False,provisional_filtered_view_no_row_flags,52.218729,57.4352467967964,9.333086503692295,Sen2Cor_BOA_not_aquatic_Rw,False,3.45781397819519,False,False,1870441,2026-06-20T11:30:00Z,-6.257349999745687,True,4,0,3.40912508964539,3.60575747489929,3.4380515813827497,1,5.0224437713623,3.60575747489929,0.628263890743256,9,False,False,219.1519161730116,True,0.02085,0.0007696951055811347,36,1193,0,0,0.036930592830762166,0.020000000000000004,0.0008394773506308685,36,1184,0,0,0.04193891843284939,0.015399999999999997,0.0007285354410657657,36,1142,0,0,0.04692659845834239,0.016200000000000006,0.0006972609550994317,9,1150,0,0,0.043639419999269034,0.010800000000000004,0.00014740554623801733,9,1106,0,0,0.013676803259197484,0.0092,0.000288461221905493,9,1089,0,0,0.030980322161687796,0.010899999999999993,0.0004627814458971597,36,1098,0,0,0.043318076059016504,0.008800000000000002,0.0003446236093171298,9,1084,0,0,0.03921128298172147,0.007300000000000001,0.0003325917677132407,9,1066,0,0,0.046697752097022885,0.004900000000000002,0.0001892154040658495,9,1046,0,0,0.03896884751928253,,True
S2C_T29UPA_20260620T113317_L2A,2026-06-20,2026-06-20T11:36:15.441000Z,sentinel-2c,S2C_MSIL2A_20260620T113321_N0512_R080_T29UPA_20260620T151507.SAFE,sentinel-2-c1-l2a,05.12,L1279,Washing Bay,-6.569769770482481,54.523188284062314,True,396.0713035201496,False,provisional_filtered_view_no_row_flags,52.218729,57.4352467967964,9.333086503692295,Sen2Cor_BOA_not_aquatic_Rw,False,13.6083631515503,False,False,1870501,2026-06-20T11:30:00Z,-6.257349999745687,True,4,0,13.6083631515503,26.1898250579834,19.647008895874,1,21.9815616607666,26.1898250579834,0.304547429084778,9,False,False,352.9038840688248,True,0.023599999999999996,0.0008108209146017103,36,1212,0,0,0.03424797949743233,0.018199999999999994,0.0008757536436946427,36,1166,0,0,0.048162436866799795,0.013049999999999999,0.0010246950765959593,36,1116,0,0,0.07782494252627539,0.011399999999999993,0.0006063450510952124,9,1107,0,0,0.05277664854793919,0.008199999999999999,0.0004058218303944353,9,1077,0,0,0.04922367215026844,0.007000000000000006,0.0006253887679764565,9,1067,0,0,0.0856696942433502,0.007599999999999996,0.00040857891330202335,36,1071,0,0,0.053043061229256554,0.006199999999999997,0.000371516744384454,9,1055,0,0,0.06046384628318421,0.004900000000000002,0.00012272623352430642,9,1046,0,0,0.02545014059259811,0.004799999999999999,0.0002330686329267015,9,1043,0,0,0.04947211547972437,,True
S2B_T29UPA_20260625T113315_L2A,2026-06-25,2026-06-25T11:36:13.826000Z,sentinel-2b,S2B_MSIL2A_20260625T113319_N0512_R080_T29UPA_20260625T141327.SAFE,sentinel-2-c1-l2a,05.12,L1278,Rea's Wood,-6.241996568375846,54.712602169290584,True,270.8840794505137,False,provisional_filtered_view_no_row_flags,7.723391,57.318518227456,9.321769621573235,Sen2Cor_BOA_not_aquatic_Rw,False,3.61900734901428,False,False,1879425,2026-06-25T11:30:00Z,-6.230433332920074,True,4,0,3.59910750389099,3.6229465007782,3.61810040473938,1,3.61456298828125,3.61719346046448,0.350834280252457,9,False,False,219.1519161730116,True,0.016350000000000003,0.0017100194930662826,36,1123,0,0,0.10437555400201112,0.016299999999999995,0.0012928220638931296,36,1114,0,0,0.07972181277861023,0.013650000000000002,0.0009433326789684945,36,1110,0,0,0.06930607437319551,0.016700000000000007,0.0007859884081701043,9,1152,0,0,0.04753962146190148,0.016200000000000006,0.0005465943944999486,9,1153,0,0,0.03355627251363941,0.016799999999999995,0.00036209268304000704,9,1165,0,0,0.021383426163779938,0.015299999999999994,0.00046577295374940393,36,1142,0,0,0.03047587483638412,0.017799999999999996,0.0003359159212851325,9,1172,0,0,0.018895270572288705,0.016,0.0002671292284482494,9,1157,0,0,0.01663780661615394,0.013399999999999995,0.0003744955454745064,9,1125,0,0,0.028275670379786563,,True
S2B_T29UPA_20260625T113315_L2A,2026-06-25,2026-06-25T11:36:13.826000Z,sentinel-2b,S2B_MSIL2A_20260625T113319_N0512_R080_T29UPA_20260625T141327.SAFE,sentinel-2-c1-l2a,05.12,L1279,Washing Bay,-6.569769770482481,54.523188284062314,True,396.0713035201496,False,provisional_filtered_view_no_row_flags,7.723391,57.318518227456,9.321769621573235,Sen2Cor_BOA_not_aquatic_Rw,False,6.5890097618103,False,False,1879501,2026-06-25T11:30:00Z,-6.230433332920074,True,4,0,6.28553056716919,7.77274084091187,7.087666273117065,1,6.04332304000854,7.58632278442383,1.09219896793365,9,False,False,352.9038840688248,True,0.013150000000000002,0.001133207373174604,36,1095,0,0,0.08615726596470062,0.013650000000000002,0.0008805993679952195,36,1116,0,0,0.06395315159941073,0.011449999999999995,0.0008365309023683972,36,1099,0,0,0.07256653610906577,0.018199999999999994,0.0009225568335398689,9,1165,0,0,0.05125315741888161,0.0126,0.00032810717911629787,9,1120,0,0,0.02606323576387185,0.015,0.00025288459281646973,9,1148,0,0,0.016772006892765128,0.012499999999999997,0.0007383822406676191,36,1113,0,0,0.05825500912565042,0.013499999999999998,0.0005981452814975452,9,1123,0,0,0.04441672882407513,0.012999999999999998,0.00020061633428075442,9,1125,0,0,0.015498257583920943,0.010099999999999998,0.00047609522856952334,9,1094,0,0,0.04713814144252706,,True
S2A_T29UPA_20260625T114616_L2A,2026-06-25,2026-06-25T11:46:30.148000Z,sentinel-2a,S2A_MSIL2A_20260625T114401_N0512_R123_T29UPA_20260625T194214.SAFE,sentinel-2-c1-l2a,05.12,L1278,Rea's Wood,-6.241996568375846,54.712602169290584,True,270.8840794505137,False,provisional_filtered_view_no_row_flags,7.184827,57.8461674737065,2.9655306476279355,Sen2Cor_BOA_not_aquatic_Rw,False,3.59910750389099,False,False,1879588,2026-06-25T12:00:00Z,13.497533333301543,True,4,0,3.59910750389099,3.6229465007782,3.61810040473938,1,3.6229465007782,3.58874893188477,0.4128457903862,9,False,False,219.1519161730116,True,0.019299999999999998,0.0012505554321536043,36,1166,0,0,0.06435105139726953,0.02305,0.0018537312222769642,36,1207,0,0,0.0786868576842008,0.022350000000000002,0.0015208098679062386,36,1201,0,0,0.06718512117391653,0.0262,0.001138658513285066,9,1245,0,0,0.043441825432664664,0.027600000000000013,0.0013216151734399334,9,1257,0,0,0.04794250931462878,0.0295,0.0008844332774281086,9,1282,0,0,0.029980789065359618,0.02685,0.00099693976191588,36,1247,0,0,0.037060957692040146,0.030299999999999994,0.0009480324003422947,9,1293,0,0,0.030992704696987478,0.022400000000000003,0.0013349989596333877,9,1203,0,0,0.05933328709481722,0.018100000000000005,0.000962378740157,9,1159,0,0,0.053235455816920706,,True
S2A_T29UPA_20260625T114616_L2A,2026-06-25,2026-06-25T11:46:30.148000Z,sentinel-2a,S2A_MSIL2A_20260625T114401_N0512_R123_T29UPA_20260625T194214.SAFE,sentinel-2-c1-l2a,05.12,L1279,Washing Bay,-6.569769770482481,54.523188284062314,True,396.0713035201496,False,provisional_filtered_view_no_row_flags,7.184827,57.8461674737065,2.9655306476279355,Sen2Cor_BOA_not_aquatic_Rw,False,7.77274084091187,False,False,1879648,2026-06-25T12:00:00Z,13.497533333301543,True,4,0,6.28553056716919,7.77274084091187,7.087666273117065,1,6.28553056716919,7.05998420715332,1.23695743083954,9,False,False,352.9038840688248,True,0.013600000000000001,0.001267577036400501,36,1110,0,0,0.0919459466258675,0.0189,0.001025549386041393,36,1160,0,0,0.054158395038125494,0.01675,0.0009348656403099317,36,1151,0,0,0.05543594638635735,0.0232,0.001067823446820798,9,1213,0,0,0.04631523383801051,0.0204,0.0007299585646958581,9,1190,0,0,0.03564637592112166,0.020699999999999996,0.0006110100926607762,9,1200,0,0,0.02923493266319504,0.0194,0.0003526246386775459,36,1188,0,0,0.018205201480555933,0.0203,0.000454606056566195,9,1197,0,0,0.022284610615989953,0.016,0.00022333056935824088,9,1155,0,0,0.013948474144511922,0.012800000000000006,0.00027125679146074963,9,1122,0,0,0.02126577633403089,,True
S2B_T29UPA_20260628T114344_L2A,2026-06-28,2026-06-28T11:46:11.269000Z,sentinel-2b,S2B_MSIL2A_20260628T114349_N0512_R123_T29UPA_20260628T152530.SAFE,sentinel-2-c1-l2a,05.12,L1279,Washing Bay,-6.569769770482481,54.523188284062314,True,396.0713035201496,False,provisional_filtered_view_no_row_flags,64.175355,57.6886152581845,2.979270224945793,Sen2Cor_BOA_not_aquatic_Rw,False,5.937744140625,False,False,1916104,2026-06-28T12:00:00Z,13.812183332443237,True,4,0,4.32365560531616,6.29532480239868,5.41872501373291,1,6.29532480239868,5.96227073669434,0.666763305664063,9,False,False,352.9038840688248,True,0.04089999999999999,0.0025077087939116335,36,1338,0,0,0.06229902462274433,0.034850000000000006,0.002456791732582139,36,1291,0,0,0.07183018141229351,0.02940000000000001,0.0020537435707315014,36,1243,0,0,0.07073066923020573,0.02990000000000001,0.0014885571769790334,9,1269,0,0,0.050364716514328195,0.025999999999999995,0.0016937794687883316,9,1235,0,0,0.06448398992848978,0.026100000000000012,0.0012314800891108835,9,1235,0,0,0.04716306724254447,0.0247,0.0022074369249828582,36,1202,0,0,0.08973320833263652,0.0223,0.001175679472569892,9,1201,0,0,0.05272105258160951,0.018699999999999994,0.0009498537899183342,9,1175,0,0,0.05079432031648845,0.017100000000000004,0.0010446808243149478,9,1159,0,0,0.06093407270793602,,True
S2B_T29UPA_20260708T114435_L2A,2026-07-08,2026-07-08T11:46:12.036000Z,sentinel-2b,S2B_MSIL2A_20260708T114349_N0512_R123_T29UPA_20260708T152442.SAFE,sentinel-2-c1-l2a,05.12,L1278,Rea's Wood,-6.241996568375846,54.712602169290584,True,270.8840794505137,False,provisional_filtered_view_no_row_flags,0.048543,56.7960828352572,2.978646420060123,Sen2Cor_BOA_not_aquatic_Rw,False,4.83399629592896,False,False,1934044,2026-07-08T12:00:00Z,13.799399999777476,True,3,0,4.83399629592896,33.6648101806641,9.16952514648438,1,9.16952514648438,4.11163854598999,4.54919528961182,9,False,False,219.1519161730116,True,0.032049999999999995,0.0012432378823454377,36,1294,0,0,0.03883432864593125,0.04145,0.002164548466015118,36,1373,0,0,0.05253404218738235,0.023649999999999997,0.0009865257344293448,36,1210,0,0,0.04157196118395928,0.03989999999999999,0.002341467304021664,9,1368,0,0,0.058326060714627675,0.02629999999999999,0.0012445436468396325,9,1244,0,0,0.047261151145808825,0.027600000000000013,0.0010770329614269005,9,1257,0,0,0.03959680005245957,0.02185,0.0014809802392793101,36,1185,0,0,0.06764182772653535,0.017699999999999994,0.0008791129086601091,9,1155,0,0,0.050881132977112435,0.004400000000000001,0.00021998877636914726,9,1039,0,0,0.05089714620365874,0.002600000000000005,0.0004653420353638219,9,1022,0,0,0.1655366924219129,,True
S2B_T29UPA_20260708T114435_L2A,2026-07-08,2026-07-08T11:46:12.036000Z,sentinel-2b,S2B_MSIL2A_20260708T114349_N0512_R123_T29UPA_20260708T152442.SAFE,sentinel-2-c1-l2a,05.12,L1279,Washing Bay,-6.569769770482481,54.523188284062314,True,396.0713035201496,False,provisional_filtered_view_no_row_flags,0.048543,56.7960828352572,2.978646420060123,Sen2Cor_BOA_not_aquatic_Rw,False,6.67674779891968,False,False,1934234,2026-07-08T12:00:00Z,13.799399999777476,True,4,0,6.67674779891968,7.94198417663574,7.582894325256345,1,7.83403635025024,10.0637788772583,0.702652096748352,9,False,False,352.9038840688248,True,0.021900000000000003,0.000918029290261361,36,1200,0,0,0.0422406115150933,0.019500000000000003,0.0008014839631645011,36,1172,0,0,0.04118387478435918,0.014100000000000001,0.0006916778223107514,36,1124,0,0,0.04935659386161953,0.014100000000000001,0.0005202088849208715,9,1131,0,0,0.03709889036678165,0.014299999999999993,0.00034569664858008926,9,1137,0,0,0.024212216632068507,0.0155,0.00033333333333333576,9,1148,0,0,0.0215982721382291,0.0121,0.0004241458373696773,36,1109,0,0,0.034965079334344826,0.010499999999999995,0.0004320493798938572,9,1098,0,0,0.04114755998989116,0.003600000000000006,0.00032010800646417717,9,1032,0,0,0.08756753976223691,0.0023999999999999994,0.00021602468994692987,9,1022,0,0,0.09001028747788758,,True
S2A_T29UPA_20260712T113332_L2A,2026-07-12,2026-07-12T11:36:31.660000Z,sentinel-2a,S2A_MSIL2A_20260712T113331_N0512_R080_T29UPA_20260712T174812.SAFE,sentinel-2-c1-l2a,05.12,L1278,Rea's Wood,-6.241996568375846,54.712602169290584,True,270.8840794505137,False,provisional_filtered_view_no_row_flags,0.068621,55.7562204141011,9.323085791288797,Sen2Cor_BOA_not_aquatic_Rw,False,4.42262840270996,False,False,1941067,2026-07-12T11:30:00Z,-6.527666668097178,True,4,0,3.97629165649414,4.42262840270996,4.028144121170045,1,3.93157458305359,4.05242252349854,0.611989378929138,9,False,False,219.1519161730116,True,0.013300000000000006,0.0010603982480391243,36,1112,0,0,0.07952986860293433,0.015150000000000004,0.0010095378480605207,36,1135,0,0,0.06562542890967632,0.010700000000000001,0.0006078194176270161,36,1091,0,0,0.05645381587867023,0.011099999999999999,0.0008786915075452232,9,1094,0,0,0.08053180822715893,0.008599999999999997,0.00030912061651652286,9,1081,0,0,0.03594425773447941,0.007900000000000004,0.0006359594676112939,9,1070,0,0,0.07851351451991284,0.0068000000000000005,0.0002620550314460163,36,1064,0,0,0.03838072063489254,0.006699999999999998,0.0002538591035287959,9,1064,0,0,0.03770184705873205,0.005699999999999997,0.0002131480677027881,9,1054,0,0,0.03746743377588071,0.004299999999999998,0.0003333333333333321,9,1039,0,0,0.0781249999999997,,True
S2A_T29UPA_20260712T113332_L2A,2026-07-12,2026-07-12T11:36:31.660000Z,sentinel-2a,S2A_MSIL2A_20260712T113331_N0512_R080_T29UPA_20260712T174812.SAFE,sentinel-2-c1-l2a,05.12,L1279,Washing Bay,-6.569769770482481,54.523188284062314,True,396.0713035201496,False,provisional_filtered_view_no_row_flags,0.068621,55.7562204141011,9.323085791288797,Sen2Cor_BOA_not_aquatic_Rw,False,20.7052822113037,False,False,1941127,2026-07-12T11:30:00Z,-6.527666668097178,True,4,0,16.8254318237305,22.6309013366699,21.08201217651365,1,19.1366214752197,21.4587421417236,1.85418963432312,9,False,False,352.9038840688248,True,0.017100000000000004,0.0010205602431392973,36,1147,0,0,0.05964313109255633,0.022950000000000005,0.0011068250667540295,36,1208,0,0,0.0479606432392213,0.017299999999999996,0.00048217453681277786,36,1163,0,0,0.028028876675698373,0.019699999999999995,0.0007484964352488565,9,1190,0,0,0.03752906917682289,0.012700000000000003,0.00021314806770278747,9,1124,0,0,0.016637750297702404,0.0126,0.00040123266856150554,9,1117,0,0,0.03207010672338854,0.010499999999999995,0.00043598724355559733,36,1094,0,0,0.0414677431122893,0.010099999999999998,0.00021602468994692917,9,1097,0,0,0.02138858316306229,0.005199999999999996,0.00021081851067789216,9,1048,0,0,0.04054202128421003,0.004500000000000004,0.00031071403231354596,9,1039,0,0,0.06887749484783039,,True
S2C_T29UPA_20260713T114348_L2A,2026-07-13,2026-07-13T11:46:14.250000Z,sentinel-2c,S2C_MSIL2A_20260713T114351_N0512_R123_T29UPA_20260713T163414.SAFE,sentinel-2-c1-l2a,05.12,L1278,Rea's Wood,-6.241996568375846,54.712602169290584,True,270.8840794505137,False,provisional_filtered_view_no_row_flags,28.797778,56.1217500103649,2.9833358798373686,Sen2Cor_BOA_not_aquatic_Rw,False,4.07143783569336,False,False,1942624,2026-07-13T12:00:00Z,13.7625,True,4,0,4.03451490402222,4.23827171325684,4.14518713951111,1,4.23827171325684,4.54393625259399,0.56222802400589,9,False,False,219.1519161730116,True,0.013250000000000005,0.0010869987847392886,36,1107,0,0,0.08191742987359094,0.016050000000000002,0.0007091770574161532,36,1146,0,0,0.04415491882909291,0.011899999999999994,0.0006392209282100592,36,1106,0,0,0.05372858607415861,0.010999999999999996,0.00032126293988446616,9,1103,0,0,0.02950373937714485,0.010700000000000001,0.00018921540406584834,9,1105,0,0,0.017592341287114004,0.008900000000000005,0.00010657403385139264,9,1087,0,0,0.012034708966907575,0.008900000000000005,0.0002762597409041804,36,1083,0,0,0.030953472370216284,0.008900000000000005,0.00029228769862146435,9,1084,0,0,0.03288236609491474,0.005400000000000002,0.0003022549001941214,9,1049,0,0,0.05551620615810393,0.0040000000000000036,0.00024695678634325293,9,1035,0,0,0.061911172063768144,,True
S2B_T29UPA_20260715T113512_L2A,2026-07-15,2026-07-15T11:36:15.532000Z,sentinel-2b,S2B_MSIL2A_20260715T113319_N0512_R080_T29UPA_20260715T141254.SAFE,sentinel-2-c1-l2a,05.12,L1278,Rea's Wood,-6.241996568375846,54.712602169290584,True,270.8840794505137,False,provisional_filtered_view_no_row_flags,6.678461,55.2841710535286,9.300865307393606,Sen2Cor_BOA_not_aquatic_Rw,False,4.05966567993164,False,False,1945327,2026-07-15T11:30:00Z,-6.258866667747498,True,4,0,4.05966567993164,4.16615295410156,4.10042142868042,1,4.04940032958984,4.16615295410156,1.21127927303314,9,False,False,219.1519161730116,True,0.0221,0.0014570046857580758,36,1182,0,0,0.06642037316359468,0.0213,0.0011078389317790876,36,1180,0,0,0.051801794446093195,0.014150000000000003,0.0002595699196938586,36,1139,0,0,0.018229647110766502,0.015100000000000002,0.000338113867882286,9,1149,0,0,0.022115005893463477,0.011999999999999997,0.00021829869671542707,9,1116,0,0,0.018208417705642667,0.011499999999999996,0.00026666666666666657,9,1110,0,0,0.02325581395348837,0.0097,0.0004553861473627375,36,1089,0,0,0.04665310559208467,0.009099999999999997,0.00033993463423951894,9,1087,0,0,0.037083778280674794,0.004400000000000001,0.00016329931618554516,9,1042,0,0,0.03711348095126028,0.0030000000000000027,0.00040000000000000105,9,1025,0,0,0.13043478260869598,,True
S2B_T29UPA_20260715T113512_L2A,2026-07-15,2026-07-15T11:36:15.532000Z,sentinel-2b,S2B_MSIL2A_20260715T113319_N0512_R080_T29UPA_20260715T141254.SAFE,sentinel-2-c1-l2a,05.12,L1279,Washing Bay,-6.569769770482481,54.523188284062314,True,396.0713035201496,False,provisional_filtered_view_no_row_flags,6.678461,55.2841710535286,9.300865307393606,Sen2Cor_BOA_not_aquatic_Rw,False,12.2001991271973,False,False,1945431,2026-07-15T11:30:00Z,-6.258866667747498,True,4,0,12.2001991271973,16.2394390106201,14.048502922058098,1,19.131591796875,13.2397394180298,1.90717053413391,9,False,False,352.9038840688248,True,0.024099999999999996,0.001197167438808461,36,1203,0,0,0.04928868686768595,0.0233,0.001122590011238891,36,1212,0,0,0.04812818912063842,0.016,0.0008718992678820956,36,1141,0,0,0.05492278852800601,0.016,0.0008198162998087438,9,1146,0,0,0.051596830057892965,0.010300000000000004,0.000434897462017354,9,1100,0,0,0.0412442271670831,0.010800000000000004,0.00044499965321112875,9,1103,0,0,0.04099280326407532,0.008999999999999994,0.0008020806277010647,36,1076,0,0,0.08879121339864184,0.007900000000000004,0.00034569664858008915,9,1072,0,0,0.04388250828238086,0.0032999999999999974,0.00019876159799998372,9,1032,0,0,0.058843894144732053,0.0031000000000000055,0.0003402976184691886,9,1026,0,0,0.10784079458530622,,True
S2A_T29UPA_20260715T114613_L2A,2026-07-15,2026-07-15T11:46:30.066000Z,sentinel-2a,S2A_MSIL2A_20260715T114401_N0512_R123_T29UPA_20260715T194209.SAFE,sentinel-2-c1-l2a,05.12,L1278,Rea's Wood,-6.241996568375846,54.712602169290584,True,270.8840794505137,False,provisional_filtered_view_no_row_flags,13.83449,55.8235124936114,2.976126061189975,Sen2Cor_BOA_not_aquatic_Rw,False,4.13783502578735,False,False,1945504,2026-07-15T12:00:00Z,13.498900000254313,True,4,0,4.05966567993164,4.16615295410156,4.10042142868042,1,4.06300783157349,4.13309907913208,1.21088075637817,9,False,False,219.1519161730116,True,0.0201,0.0012087993992612332,36,1175,0,0,0.06018085793583792,0.022649999999999997,0.0012138952453431332,36,1195,0,0,0.05369238092192259,0.017150000000000006,0.0012676774719302634,36,1142,0,0,0.07358334245322394,0.018299999999999997,0.0013469673298392656,9,1165,0,0,0.07324897866195404,0.015299999999999994,0.0005533288710217211,9,1147,0,0,0.03587867319305108,0.015799999999999995,0.0014203112161133135,9,1142,0,0,0.08976686056895944,0.013399999999999995,0.0005902499993463743,36,1119,0,0,0.044121677692004715,0.013499999999999998,0.0004784233364802446,9,1128,0,0,0.035438765665203306,0.0068000000000000005,0.0008894442709417561,9,1060,0,0,0.12767142645096974,0.006099999999999994,0.0008891666232774479,9,1047,0,0,0.141637161230036,,True
S2A_T29UPA_20260715T114613_L2A,2026-07-15,2026-07-15T11:46:30.066000Z,sentinel-2a,S2A_MSIL2A_20260715T114401_N0512_R123_T29UPA_20260715T194209.SAFE,sentinel-2-c1-l2a,05.12,L1279,Washing Bay,-6.569769770482481,54.523188284062314,True,396.0713035201496,False,provisional_filtered_view_no_row_flags,13.83449,55.8235124936114,2.976126061189975,Sen2Cor_BOA_not_aquatic_Rw,False,14.8572664260864,False,False,1945564,2026-07-15T12:00:00Z,13.498900000254313,True,4,0,12.2001991271973,16.2394390106201,14.048502922058098,1,16.2394390106201,17.0656986236572,1.43140411376953,9,False,False,352.9038840688248,True,0.021649999999999996,0.0010528730534431342,36,1194,0,0,0.04865027586183139,0.02579999999999999,0.0008494914964077838,36,1242,0,0,0.03280593635558916,0.019299999999999998,0.0006778005460656651,36,1176,0,0,0.03531232946217647,0.020100000000000007,0.0002788866755113566,9,1194,0,0,0.01394433377556783,0.015799999999999995,0.00035901098714229964,9,1151,0,0,0.022818494945485143,0.015399999999999997,0.0006166416411338471,9,1146,0,0,0.03966958377558702,0.014349999999999995,0.00023267101768191067,36,1138,0,0,0.016220287832201363,0.013399999999999995,0.0004340449996583266,9,1130,0,0,0.03220449296722951,0.007099999999999995,0.00039721250959376316,9,1060,0,0,0.057290265806792764,0.005199999999999996,0.0002753224820747555,9,1051,0,0,0.051408762213128636,,True
S2B_T29UPA_20260718T114347_L2A,2026-07-18,2026-07-18T11:46:13.696000Z,sentinel-2b,S2B_MSIL2A_20260718T114349_N0512_R123_T29UPA_20260718T152635.SAFE,sentinel-2-c1-l2a,05.12,L1278,Rea's Wood,-6.241996568375846,54.712602169290584,True,270.8840794505137,False,provisional_filtered_view_no_row_flags,67.993659,55.3026943747676,2.9928402260231968,Sen2Cor_BOA_not_aquatic_Rw,False,4.60120725631714,False,False,1952059,2026-07-18T12:00:00Z,13.771733331680299,True,4,0,4.11635780334473,4.60120725631714,4.347468376159664,1,4.11635780334473,4.20929002761841,0.667488813400269,9,False,False,219.1519161730116,True,0.045799999999999993,0.0021990370367251408,36,1426,0,0,0.047779186023359926,0.033,0.002904317773315287,36,1310,0,0,0.08598309197314993,0.025499999999999995,0.00293199017017873,36,1235,0,0,0.1116121879310926,0.0213,0.0031366806391628027,9,1200,0,0,0.1394769058916266,0.015200000000000005,0.0038357319387794563,9,1133,0,0,0.2350005952962226,0.014200000000000004,0.004676127975099288,9,1123,0,0,0.3021188210760488,0.01475,0.003627929850479471,36,1127,0,0,0.23519804541195918,0.009800000000000003,0.005922837157984336,9,1070,0,0,0.4763675998378823,0.010300000000000004,0.00341792659696229,9,1083,0,0,0.3079213150416477,0.010499999999999995,0.002066547188900032,9,1097,0,0,0.18487996719781596,,True
S2C_T29UPA_20260730T113319_L2A,2026-07-30,2026-07-30T11:36:17.169000Z,sentinel-2c,S2C_MSIL2A_20260730T113321_N0512_R080_T29UPA_20260730T150808.SAFE,sentinel-2-c1-l2a,05.12,L1279,Washing Bay,-6.569769770482481,54.523188284062314,True,396.0713035201496,False,provisional_filtered_view_no_row_flags,52.644837,52.3086963853011,9.321973703975264,Sen2Cor_BOA_not_aquatic_Rw,False,1.30076158046722,False,False,1973451,2026-07-30T11:30:00Z,-6.28614999850591,True,3,0,0.894127547740936,2.26939988136292,1.30076158046722,1,1.14806020259857,,1.99304831027985,9,False,False,352.9038840688248,True,0.03340000000000001,0.0007692538873544148,36,1316,0,0,0.023075693646161938,0.03420000000000001,0.000832161212716992,36,1322,0,0,0.024437395919578855,0.022950000000000005,0.0006252160120537517,36,1211,0,0,0.02733516691029277,0.023000000000000007,0.00043969686527576114,9,1225,0,0,0.01903449633228403,0.017299999999999996,0.00031622776601683593,9,1167,0,0,0.018314349383214433,0.016200000000000006,0.00047868131618973564,9,1153,0,0,0.02964990946804969,0.015849999999999996,0.0005557499659841264,36,1142,0,0,0.03516168501832786,0.014200000000000004,0.0005839414819320388,9,1130,0,0,0.041677028845268436,0.0087,0.0006164414002968983,9,1081,0,0,0.06874811155727492,0.006699999999999998,0.0006008224815375888,9,1063,0,0,0.08596824060156281,,True
S2A_T29UPA_20260804T114404_L2A,2026-08-04,2026-08-04T11:46:30.977000Z,sentinel-2a,S2A_MSIL2A_20260804T114401_N0512_R123_T29UPA_20260804T192052.SAFE,sentinel-2-c1-l2a,05.12,L1279,Washing Bay,-6.569769770482481,54.523188284062314,True,396.0713035201496,False,provisional_filtered_view_no_row_flags,77.662468,51.5853970336472,2.992006456292842,Sen2Cor_BOA_not_aquatic_Rw,False,3.23846125602722,False,False,2022370,2026-08-04T12:00:00Z,13.483716666698456,True,4,0,1.59891188144684,5.3379864692688,3.665180325508115,1,5.3379864692688,1.08330249786377,0.644984662532806,9,False,False,352.9038840688248,True,0.04229999999999999,0.001018880407089377,36,1390,0,0,0.024217413610998006,0.039599999999999996,0.0008522799850046403,36,1378,0,0,0.02149357580396991,0.02729999999999999,0.0005572751165766822,36,1264,0,0,0.020437962710636266,0.025499999999999995,0.0005279824164674068,9,1244,0,0,0.020777620237020816,0.011499999999999996,0.00033333333333333424,9,1108,0,0,0.02932551319648102,0.008499999999999994,0.0005573304979548651,9,1081,0,0,0.06389776409673614,0.006900000000000003,0.0006213783960769067,36,1060,0,0,0.08876834229670098,0.005500000000000005,0.00012472191289246252,9,1053,0,0,0.022540104739601663,0.0040999999999999925,0.00028065179867366787,9,1037,0,0,0.06699910313164492,0.0040000000000000036,0.0005108695081143383,9,1030,0,0,0.13062004468832514,,True
S2B_T29UPA_20260824T113314_L2A,2026-08-24,2026-08-24T11:36:12.347000Z,sentinel-2b,S2B_MSIL2A_20260824T113319_N0512_R080_T29UPA_20260824T141245.SAFE,sentinel-2-c1-l2a,05.12,L1279,Washing Bay,-6.569769770482481,54.523188284062314,True,396.0713035201496,False,provisional_filtered_view_no_row_flags,5.231965,45.2366796507528,9.319599014519444,Sen2Cor_BOA_not_aquatic_Rw,False,9.52653217315674,False,False,2065029,2026-08-24T11:30:00Z,-6.205783331394196,True,4,0,8.40438365936279,9.67995548248291,9.248788833618164,1,9.58833503723145,8.40438365936279,1.48090970516205,9,False,False,352.9038840688248,True,0.022950000000000005,0.0010168336232068403,36,1197,0,0,0.04464147614078811,0.02465,0.0006400412313107472,36,1236,0,0,0.025886399648564096,0.015050000000000001,0.0006208317797643996,36,1139,0,0,0.041144963312809986,0.018799999999999997,0.0006378977819736613,9,1178,0,0,0.03401113766447246,0.014799999999999994,0.001143527140468321,9,1135,0,0,0.07578604023722306,0.015600000000000003,0.0013053545944623453,9,1137,0,0,0.08464114805591576,0.01335,0.0011162381709657612,36,1114,0,0,0.0821434467595409,0.011999999999999997,0.0008854098583616242,9,1111,0,0,0.0736477701040168,0.0031000000000000055,0.0002922876986214651,9,1026,0,0,0.09394961741404227,0.0023999999999999994,0.00046613726585340086,9,1017,0,0,0.19603903704114986,,True
S2A_T29UPA_20260824T114402_L2A,2026-08-24,2026-08-24T11:46:28.310000Z,sentinel-2a,S2A_MSIL2A_20260824T114401_N0512_R123_T29UPA_20260824T194216.SAFE,sentinel-2-c1-l2a,05.12,L1279,Washing Bay,-6.569769770482481,54.523188284062314,True,396.0713035201496,False,provisional_filtered_view_no_row_flags,3.166496,45.6632209551905,2.9843205995633193,Sen2Cor_BOA_not_aquatic_Rw,False,8.97104549407959,False,False,2065130,2026-08-24T12:00:00Z,13.528166667620342,True,4,0,8.40438365936279,9.67995548248291,9.248788833618164,1,9.67995548248291,39.0220069885254,1.56868493556976,9,False,False,352.9038840688248,True,0.013750000000000005,0.001196238962047712,36,1113,0,0,0.08738758651322572,0.022199999999999998,0.0010084366338270574,36,1197,0,0,0.045734087701907365,0.013750000000000005,0.0006990513854547263,36,1123,0,0,0.05092239958796064,0.018600000000000005,0.0008459051693633022,9,1165,0,0,0.04639333652815185,0.014600000000000002,0.0010055402085998911,9,1134,0,0,0.06887261702738981,0.014600000000000002,0.0010045575157596187,9,1132,0,0,0.06854448553325679,0.013200000000000003,0.0014270182804853998,36,1110,0,0,0.10808470039443382,0.012300000000000005,0.0002867441755680877,9,1118,0,0,0.023375883877833237,0.0031999999999999945,0.00021140330656044688,9,1026,0,0,0.06723073353512446,0.0022999999999999965,0.00040582183039443724,9,1019,0,0,0.16601802152499712,,True
S2B_T29UPA_20260827T114344_L2A,2026-08-27,2026-08-27T11:46:10.478000Z,sentinel-2b,S2B_MSIL2A_20260827T114349_N0512_R123_T29UPA_20260827T152420.SAFE,sentinel-2-c1-l2a,05.12,L1279,Washing Bay,-6.569769770482481,54.523188284062314,True,396.0713035201496,False,provisional_filtered_view_no_row_flags,81.751519,44.6545931853974,2.9826881082866645,Sen2Cor_BOA_not_aquatic_Rw,False,27.5559673309326,False,False,2071034,2026-08-27T12:00:00Z,13.825366667906444,True,4,0,23.4487152099609,29.88942527771,25.732387542724602,1,29.88942527771,23.3329010009766,3.96683573722839,9,False,False,352.9038840688248,True,0.05990000000000001,0.002334065691946349,36,1550,0,0,0.0390076435216882,0.0644,0.0027306671730323593,36,1608,0,0,0.042132701109705524,0.04915,0.0026958301133417134,36,1444,0,0,0.054479557696363354,0.062200000000000005,0.0035423713895819018,9,1566,0,0,0.0568801828835631,0.0519,0.006829041109053001,9,1489,0,0,0.1240390917890555,0.05840000000000001,0.007872737770305827,9,1508,0,0,0.13027144683352168,0.05215,0.00395098440616738,36,1434,0,0,0.07689233356148,0.05740000000000001,0.010507257926585915,9,1438,0,0,0.17528326476232298,0.0373,0.003321125794547668,9,1333,0,0,0.0876029664446923,0.04300000000000001,0.008348401192392215,9,1320,0,0,0.18737060032800482,,True
S2C_T29UPA_20260908T113337_L2A,2026-09-08,2026-09-08T11:36:13.401000Z,sentinel-2c,S2C_MSIL2A_20260908T113321_N0512_R080_T29UPA_20260908T152009.SAFE,sentinel-2-c1-l2a,05.12,L1279,Washing Bay,-6.569769770482481,54.523188284062314,True,396.0713035201496,False,provisional_filtered_view_no_row_flags,46.103495,40.1008510756394,9.308474435574237,Sen2Cor_BOA_not_aquatic_Rw,False,8.80398178100586,False,False,2115882,2026-09-08T11:30:00Z,-6.22335000038147,True,4,0,4.53989791870117,35.1963768005371,7.29982852935791,1,17.2223243713379,5.79567527770996,4.77435922622681,9,False,False,352.9038840688248,True,0.021500000000000005,0.0012842679376993227,36,1184,0,0,0.059648620509838234,0.026600000000000013,0.0010108058147150377,36,1246,0,0,0.037968498883286045,0.016,0.0006575006454486816,36,1145,0,0,0.04067713221541938,0.022400000000000003,0.0006497862896539299,9,1215,0,0,0.029094908491967015,0.013999999999999999,0.000702376916856847,9,1128,0,0,0.050409826568673224,0.013200000000000003,0.000736357401145819,9,1124,0,0,0.05522680508593643,0.013600000000000001,0.0009807837317141134,36,1106,0,0,0.07348223588284719,0.011399999999999993,0.0003620926830400072,9,1110,0,0,0.03157785026511691,0.011200000000000002,0.00033591592128513314,9,1109,0,0,0.029785648192770436,0.008800000000000002,0.0009977753031397165,9,1070,0,0,0.11210958462244007,,True
