scheme,fold,model,scene_id,date,station,observed,prediction,residual_prediction_minus_observed,outside_training_feature_range
leave_one_date_out,2025-03-30,training_median,S2C_T29UPA_20250330T114409_L2A,2025-03-30,L1278,0.988410890102386,3.06201863288879,2.073607742786404,False
leave_one_date_out,2025-03-30,station_median,S2C_T29UPA_20250330T114409_L2A,2025-03-30,L1278,0.988410890102386,1.5410336256027248,0.5526227355003388,False
leave_one_date_out,2025-03-30,seasonal_harmonic,S2C_T29UPA_20250330T114409_L2A,2025-03-30,L1278,0.988410890102386,3.234354020151966,2.24594313004958,False
leave_one_date_out,2025-03-30,red_linear,S2C_T29UPA_20250330T114409_L2A,2025-03-30,L1278,0.988410890102386,4.306714241991054,3.318303351888668,False
leave_one_date_out,2025-03-30,nir_linear,S2C_T29UPA_20250330T114409_L2A,2025-03-30,L1278,0.988410890102386,4.9676258394584645,3.9792149493560784,False
leave_one_date_out,2025-03-30,red_nir_linear,S2C_T29UPA_20250330T114409_L2A,2025-03-30,L1278,0.988410890102386,3.830404874989899,2.841993984887513,False
leave_one_date_out,2025-03-30,red_green_ratio,S2C_T29UPA_20250330T114409_L2A,2025-03-30,L1278,0.988410890102386,5.027903041135556,4.039492151033169,False
leave_one_date_out,2025-03-30,nir_red_ratio,S2C_T29UPA_20250330T114409_L2A,2025-03-30,L1278,0.988410890102386,5.16570913055381,4.1772982404514245,False
leave_one_date_out,2025-04-09,training_median,S2C_T29UPA_20250409T114410_L2A,2025-04-09,L1278,0.0930194854736328,3.06201863288879,2.968999147415157,False
leave_one_date_out,2025-04-09,station_median,S2C_T29UPA_20250409T114410_L2A,2025-04-09,L1278,0.0930194854736328,1.5410336256027248,1.448014140129092,False
leave_one_date_out,2025-04-09,seasonal_harmonic,S2C_T29UPA_20250409T114410_L2A,2025-04-09,L1278,0.0930194854736328,3.2157527470110248,3.122733261537392,False
leave_one_date_out,2025-04-09,red_linear,S2C_T29UPA_20250409T114410_L2A,2025-04-09,L1278,0.0930194854736328,3.8471745767145653,3.7541550912409325,False
leave_one_date_out,2025-04-09,nir_linear,S2C_T29UPA_20250409T114410_L2A,2025-04-09,L1278,0.0930194854736328,5.03845472549749,4.9454352400238575,False
leave_one_date_out,2025-04-09,red_nir_linear,S2C_T29UPA_20250409T114410_L2A,2025-04-09,L1278,0.0930194854736328,1.5278543067834942,1.4348348213098614,False
leave_one_date_out,2025-04-09,red_green_ratio,S2C_T29UPA_20250409T114410_L2A,2025-04-09,L1278,0.0930194854736328,4.528307899524295,4.435288414050662,False
leave_one_date_out,2025-04-09,nir_red_ratio,S2C_T29UPA_20250409T114410_L2A,2025-04-09,L1278,0.0930194854736328,3.462840442645842,3.3698209571722093,False
leave_one_date_out,2025-05-09,training_median,S2C_T29UPA_20250509T114406_L2A,2025-05-09,L1278,0.388094156980515,3.06201863288879,2.673924475908275,False
leave_one_date_out,2025-05-09,station_median,S2C_T29UPA_20250509T114406_L2A,2025-05-09,L1278,0.388094156980515,1.5410336256027248,1.1529394686222099,False
leave_one_date_out,2025-05-09,seasonal_harmonic,S2C_T29UPA_20250509T114406_L2A,2025-05-09,L1278,0.388094156980515,3.3800694326671707,2.9919752756866558,False
leave_one_date_out,2025-05-09,red_linear,S2C_T29UPA_20250509T114406_L2A,2025-05-09,L1278,0.388094156980515,4.180955227666595,3.79286107068608,False
leave_one_date_out,2025-05-09,nir_linear,S2C_T29UPA_20250509T114406_L2A,2025-05-09,L1278,0.388094156980515,5.041764861936905,4.653670704956389,False
leave_one_date_out,2025-05-09,red_nir_linear,S2C_T29UPA_20250509T114406_L2A,2025-05-09,L1278,0.388094156980515,2.7186969492580806,2.3306027922775656,False
leave_one_date_out,2025-05-09,red_green_ratio,S2C_T29UPA_20250509T114406_L2A,2025-05-09,L1278,0.388094156980515,4.425280939457685,4.0371867824771694,False
leave_one_date_out,2025-05-09,nir_red_ratio,S2C_T29UPA_20250509T114406_L2A,2025-05-09,L1278,0.388094156980515,4.325889427373113,3.937795270392598,False
leave_one_date_out,2025-05-11,training_median,S2B_T29UPA_20250511T113318_L2A,2025-05-11,L1278,0.311252743005753,3.150239944458005,2.838987201452252,False
leave_one_date_out,2025-05-11,training_median,S2A_T29UPA_20250511T114617_L2A,2025-05-11,L1278,0.432670503854752,3.150239944458005,2.717569440603253,False
leave_one_date_out,2025-05-11,station_median,S2B_T29UPA_20250511T113318_L2A,2025-05-11,L1278,0.311252743005753,1.82938587665558,1.518133133649827,False
leave_one_date_out,2025-05-11,station_median,S2A_T29UPA_20250511T114617_L2A,2025-05-11,L1278,0.432670503854752,1.82938587665558,1.396715372800828,False
leave_one_date_out,2025-05-11,seasonal_harmonic,S2B_T29UPA_20250511T113318_L2A,2025-05-11,L1278,0.311252743005753,3.5158950998378042,3.2046423568320512,False
leave_one_date_out,2025-05-11,seasonal_harmonic,S2A_T29UPA_20250511T114617_L2A,2025-05-11,L1278,0.432670503854752,3.5158950998378042,3.083224595983052,False
leave_one_date_out,2025-05-11,red_linear,S2B_T29UPA_20250511T113318_L2A,2025-05-11,L1278,0.311252743005753,4.50367355127636,4.192420808270606,False
leave_one_date_out,2025-05-11,red_linear,S2A_T29UPA_20250511T114617_L2A,2025-05-11,L1278,0.432670503854752,4.65574961098666,4.223079107131908,False
leave_one_date_out,2025-05-11,nir_linear,S2B_T29UPA_20250511T113318_L2A,2025-05-11,L1278,0.311252743005753,5.016044742631236,4.704791999625483,False
leave_one_date_out,2025-05-11,nir_linear,S2A_T29UPA_20250511T114617_L2A,2025-05-11,L1278,0.432670503854752,5.125332684474385,4.692662180619633,False
leave_one_date_out,2025-05-11,red_nir_linear,S2B_T29UPA_20250511T113318_L2A,2025-05-11,L1278,0.311252743005753,4.598084451564874,4.286831708559122,False
leave_one_date_out,2025-05-11,red_nir_linear,S2A_T29UPA_20250511T114617_L2A,2025-05-11,L1278,0.432670503854752,4.10635249477405,3.6736819909192984,False
leave_one_date_out,2025-05-11,red_green_ratio,S2B_T29UPA_20250511T113318_L2A,2025-05-11,L1278,0.311252743005753,5.643226798617553,5.3319740556118,False
leave_one_date_out,2025-05-11,red_green_ratio,S2A_T29UPA_20250511T114617_L2A,2025-05-11,L1278,0.432670503854752,4.911225150308148,4.4785546464533965,False
leave_one_date_out,2025-05-11,nir_red_ratio,S2B_T29UPA_20250511T113318_L2A,2025-05-11,L1278,0.311252743005753,5.641781662170523,5.33052891916477,False
leave_one_date_out,2025-05-11,nir_red_ratio,S2A_T29UPA_20250511T114617_L2A,2025-05-11,L1278,0.432670503854752,4.977445864470495,4.544775360615743,False
leave_one_date_out,2025-05-14,training_median,S2B_T29UPA_20250514T114347_L2A,2025-05-14,L1278,0.312419921159744,3.06201863288879,2.749598711729046,False
leave_one_date_out,2025-05-14,station_median,S2B_T29UPA_20250514T114347_L2A,2025-05-14,L1278,0.312419921159744,1.5410336256027248,1.2286137044429808,False
leave_one_date_out,2025-05-14,seasonal_harmonic,S2B_T29UPA_20250514T114347_L2A,2025-05-14,L1278,0.312419921159744,3.464112858217787,3.1516929370580433,False
leave_one_date_out,2025-05-14,red_linear,S2B_T29UPA_20250514T114347_L2A,2025-05-14,L1278,0.312419921159744,4.123531009327444,3.8111110881677006,False
leave_one_date_out,2025-05-14,nir_linear,S2B_T29UPA_20250514T114347_L2A,2025-05-14,L1278,0.312419921159744,4.933057294751868,4.620637373592124,False
leave_one_date_out,2025-05-14,red_nir_linear,S2B_T29UPA_20250514T114347_L2A,2025-05-14,L1278,0.312419921159744,3.5617972013631594,3.2493772802034155,False
leave_one_date_out,2025-05-14,red_green_ratio,S2B_T29UPA_20250514T114347_L2A,2025-05-14,L1278,0.312419921159744,5.471104398800695,5.158684477640951,False
leave_one_date_out,2025-05-14,nir_red_ratio,S2B_T29UPA_20250514T114347_L2A,2025-05-14,L1278,0.312419921159744,5.267931396981595,4.955511475821851,False
leave_one_date_out,2025-05-16,training_median,S2C_T29UPA_20250516T113334_L2A,2025-05-16,L1278,0.447112947702408,3.06201863288879,2.614905685186382,False
leave_one_date_out,2025-05-16,station_median,S2C_T29UPA_20250516T113334_L2A,2025-05-16,L1278,0.447112947702408,1.5410336256027248,1.0939206779003168,False
leave_one_date_out,2025-05-16,seasonal_harmonic,S2C_T29UPA_20250516T113334_L2A,2025-05-16,L1278,0.447112947702408,3.496287829009238,3.04917488130683,False
leave_one_date_out,2025-05-16,red_linear,S2C_T29UPA_20250516T113334_L2A,2025-05-16,L1278,0.447112947702408,3.417736301782412,2.970623354080004,False
leave_one_date_out,2025-05-16,nir_linear,S2C_T29UPA_20250516T113334_L2A,2025-05-16,L1278,0.447112947702408,4.859546599956523,4.412433652254115,False
leave_one_date_out,2025-05-16,red_nir_linear,S2C_T29UPA_20250516T113334_L2A,2025-05-16,L1278,0.447112947702408,1.6611934049514994,1.2140804572490913,False
leave_one_date_out,2025-05-16,red_green_ratio,S2C_T29UPA_20250516T113334_L2A,2025-05-16,L1278,0.447112947702408,4.245812949128073,3.798700001425665,False
leave_one_date_out,2025-05-16,nir_red_ratio,S2C_T29UPA_20250516T113334_L2A,2025-05-16,L1278,0.447112947702408,4.271411202231778,3.82429825452937,False
leave_one_date_out,2025-05-18,training_median,S2A_T29UPA_20250518T113332_L2A,2025-05-18,L1278,0.133855044841766,3.06201863288879,2.928163588047024,False
leave_one_date_out,2025-05-18,station_median,S2A_T29UPA_20250518T113332_L2A,2025-05-18,L1278,0.133855044841766,1.5410336256027248,1.407178580760959,False
leave_one_date_out,2025-05-18,seasonal_harmonic,S2A_T29UPA_20250518T113332_L2A,2025-05-18,L1278,0.133855044841766,3.544568119408166,3.4107130745664,False
leave_one_date_out,2025-05-18,red_linear,S2A_T29UPA_20250518T113332_L2A,2025-05-18,L1278,0.133855044841766,3.42708880927715,3.293233764435384,False
leave_one_date_out,2025-05-18,nir_linear,S2A_T29UPA_20250518T113332_L2A,2025-05-18,L1278,0.133855044841766,4.807287178741967,4.6734321339002,False
leave_one_date_out,2025-05-18,red_nir_linear,S2A_T29UPA_20250518T113332_L2A,2025-05-18,L1278,0.133855044841766,2.2939246576426715,2.1600696128009056,False
leave_one_date_out,2025-05-18,red_green_ratio,S2A_T29UPA_20250518T113332_L2A,2025-05-18,L1278,0.133855044841766,3.491934192629343,3.358079147787577,False
leave_one_date_out,2025-05-18,nir_red_ratio,S2A_T29UPA_20250518T113332_L2A,2025-05-18,L1278,0.133855044841766,5.509733495373054,5.375878450531288,False
leave_one_date_out,2025-05-21,training_median,S2B_T29UPA_20250521T113318_L2A,2025-05-21,L1278,0.146147057414055,3.150239944458005,3.0040928870439503,False
leave_one_date_out,2025-05-21,training_median,S2A_T29UPA_20250521T114403_L2A,2025-05-21,L1278,0.117193304002285,3.150239944458005,3.03304664045572,False
leave_one_date_out,2025-05-21,station_median,S2B_T29UPA_20250521T113318_L2A,2025-05-21,L1278,0.146147057414055,1.82938587665558,1.6832388192415249,False
leave_one_date_out,2025-05-21,station_median,S2A_T29UPA_20250521T114403_L2A,2025-05-21,L1278,0.117193304002285,1.82938587665558,1.712192572653295,False
leave_one_date_out,2025-05-21,seasonal_harmonic,S2B_T29UPA_20250521T113318_L2A,2025-05-21,L1278,0.146147057414055,3.713546502366542,3.5673994449524873,False
leave_one_date_out,2025-05-21,seasonal_harmonic,S2A_T29UPA_20250521T114403_L2A,2025-05-21,L1278,0.117193304002285,3.713546502366542,3.596353198364257,False
leave_one_date_out,2025-05-21,red_linear,S2B_T29UPA_20250521T113318_L2A,2025-05-21,L1278,0.146147057414055,4.442591562796077,4.296444505382022,False
leave_one_date_out,2025-05-21,red_linear,S2A_T29UPA_20250521T114403_L2A,2025-05-21,L1278,0.117193304002285,4.2748528974069835,4.1576595934046985,False
leave_one_date_out,2025-05-21,nir_linear,S2B_T29UPA_20250521T113318_L2A,2025-05-21,L1278,0.146147057414055,5.057610901088711,4.911463843674656,False
leave_one_date_out,2025-05-21,nir_linear,S2A_T29UPA_20250521T114403_L2A,2025-05-21,L1278,0.117193304002285,5.068673397794496,4.951480093792211,False
leave_one_date_out,2025-05-21,red_nir_linear,S2B_T29UPA_20250521T113318_L2A,2025-05-21,L1278,0.146147057414055,4.01517580499564,3.869028747581585,False
leave_one_date_out,2025-05-21,red_nir_linear,S2A_T29UPA_20250521T114403_L2A,2025-05-21,L1278,0.117193304002285,3.2925168894474672,3.1753235854451822,False
leave_one_date_out,2025-05-21,red_green_ratio,S2B_T29UPA_20250521T113318_L2A,2025-05-21,L1278,0.146147057414055,5.329186889643993,5.183039832229938,False
leave_one_date_out,2025-05-21,red_green_ratio,S2A_T29UPA_20250521T114403_L2A,2025-05-21,L1278,0.117193304002285,5.766010429249667,5.6488171252473816,False
leave_one_date_out,2025-05-21,nir_red_ratio,S2B_T29UPA_20250521T113318_L2A,2025-05-21,L1278,0.146147057414055,5.245978952237502,5.099831894823447,False
leave_one_date_out,2025-05-21,nir_red_ratio,S2A_T29UPA_20250521T114403_L2A,2025-05-21,L1278,0.117193304002285,4.8437707250844255,4.7265774210821405,False
leave_one_date_out,2025-06-20,training_median,S2A_T29UPA_20250620T114501_L2A,2025-06-20,L1278,3.53445243835449,3.00755977630615,-0.5268926620483398,False
leave_one_date_out,2025-06-20,station_median,S2A_T29UPA_20250620T114501_L2A,2025-06-20,L1278,3.53445243835449,1.23373454809189,-2.3007178902626,False
leave_one_date_out,2025-06-20,seasonal_harmonic,S2A_T29UPA_20250620T114501_L2A,2025-06-20,L1278,3.53445243835449,4.350110158894227,0.8156577205397366,False
leave_one_date_out,2025-06-20,red_linear,S2A_T29UPA_20250620T114501_L2A,2025-06-20,L1278,3.53445243835449,4.204253627619991,0.6698011892655011,False
leave_one_date_out,2025-06-20,nir_linear,S2A_T29UPA_20250620T114501_L2A,2025-06-20,L1278,3.53445243835449,5.168420713147454,1.6339682747929642,False
leave_one_date_out,2025-06-20,red_nir_linear,S2A_T29UPA_20250620T114501_L2A,2025-06-20,L1278,3.53445243835449,1.3689483389204686,-2.1655040994340213,False
leave_one_date_out,2025-06-20,red_green_ratio,S2A_T29UPA_20250620T114501_L2A,2025-06-20,L1278,3.53445243835449,4.881960971340244,1.3475085329857541,False
leave_one_date_out,2025-06-20,nir_red_ratio,S2A_T29UPA_20250620T114501_L2A,2025-06-20,L1278,3.53445243835449,2.93431184099801,-0.60014059735648,False
leave_one_date_out,2025-07-13,training_median,S2B_T29UPA_20250713T114350_L2A,2025-07-13,L1278,0.370666891336441,3.06201863288879,2.691351741552349,False
leave_one_date_out,2025-07-13,station_median,S2B_T29UPA_20250713T114350_L2A,2025-07-13,L1278,0.370666891336441,1.5410336256027248,1.1703667342662838,False
leave_one_date_out,2025-07-13,seasonal_harmonic,S2B_T29UPA_20250713T114350_L2A,2025-07-13,L1278,0.370666891336441,5.240024151081751,4.86935725974531,False
leave_one_date_out,2025-07-13,red_linear,S2B_T29UPA_20250713T114350_L2A,2025-07-13,L1278,0.370666891336441,3.881970423780757,3.511303532444316,False
leave_one_date_out,2025-07-13,nir_linear,S2B_T29UPA_20250713T114350_L2A,2025-07-13,L1278,0.370666891336441,4.875479525988741,4.5048126346523,False
leave_one_date_out,2025-07-13,red_nir_linear,S2B_T29UPA_20250713T114350_L2A,2025-07-13,L1278,0.370666891336441,3.243115148133343,2.872448256796902,False
leave_one_date_out,2025-07-13,red_green_ratio,S2B_T29UPA_20250713T114350_L2A,2025-07-13,L1278,0.370666891336441,4.913639129879325,4.542972238542884,False
leave_one_date_out,2025-07-13,nir_red_ratio,S2B_T29UPA_20250713T114350_L2A,2025-07-13,L1278,0.370666891336441,5.468873953642419,5.098207062305978,False
leave_one_date_out,2025-08-12,training_median,S2B_T29UPA_20250812T114349_L2A,2025-08-12,L1278,3.97023105621338,3.00755977630615,-0.9626712799072297,False
leave_one_date_out,2025-08-12,station_median,S2B_T29UPA_20250812T114349_L2A,2025-08-12,L1278,3.97023105621338,1.23373454809189,-2.7364965081214896,False
leave_one_date_out,2025-08-12,seasonal_harmonic,S2B_T29UPA_20250812T114349_L2A,2025-08-12,L1278,3.97023105621338,6.171353990302633,2.201122934089253,False
leave_one_date_out,2025-08-12,red_linear,S2B_T29UPA_20250812T114349_L2A,2025-08-12,L1278,3.97023105621338,5.804245992993563,1.834014936780183,False
leave_one_date_out,2025-08-12,nir_linear,S2B_T29UPA_20250812T114349_L2A,2025-08-12,L1278,3.97023105621338,5.74589396464945,1.77566290843607,False
leave_one_date_out,2025-08-12,red_nir_linear,S2B_T29UPA_20250812T114349_L2A,2025-08-12,L1278,3.97023105621338,2.2127432526590747,-1.7574878035543051,False
leave_one_date_out,2025-08-12,red_green_ratio,S2B_T29UPA_20250812T114349_L2A,2025-08-12,L1278,3.97023105621338,2.3067380350394564,-1.6634930211739234,False
leave_one_date_out,2025-08-12,nir_red_ratio,S2B_T29UPA_20250812T114349_L2A,2025-08-12,L1278,3.97023105621338,2.9363182806966726,-1.0339127755167072,False
leave_one_date_out,2025-08-17,training_median,S2C_T29UPA_20250817T114406_L2A,2025-08-17,L1279,3.68637084960938,3.00755977630615,-0.6788110733032298,False
leave_one_date_out,2025-08-17,station_median,S2C_T29UPA_20250817T114406_L2A,2025-08-17,L1279,3.68637084960938,7.224744319915775,3.538373470306395,False
leave_one_date_out,2025-08-17,seasonal_harmonic,S2C_T29UPA_20250817T114406_L2A,2025-08-17,L1279,3.68637084960938,6.33319645183915,2.6468256022297703,False
leave_one_date_out,2025-08-17,red_linear,S2C_T29UPA_20250817T114406_L2A,2025-08-17,L1279,3.68637084960938,4.712575148658093,1.0262042990487132,False
leave_one_date_out,2025-08-17,nir_linear,S2C_T29UPA_20250817T114406_L2A,2025-08-17,L1279,3.68637084960938,5.074321069165502,1.3879502195561222,False
leave_one_date_out,2025-08-17,red_nir_linear,S2C_T29UPA_20250817T114406_L2A,2025-08-17,L1279,3.68637084960938,4.095226001666302,0.40885515205692213,False
leave_one_date_out,2025-08-17,red_green_ratio,S2C_T29UPA_20250817T114406_L2A,2025-08-17,L1279,3.68637084960938,2.1580404573332665,-1.5283303922761133,True
leave_one_date_out,2025-08-17,nir_red_ratio,S2C_T29UPA_20250817T114406_L2A,2025-08-17,L1279,3.68637084960938,4.744495647666475,1.058124798057095,False
leave_one_date_out,2025-08-26,training_median,S2A_T29UPA_20250826T113331_L2A,2025-08-26,L1278,3.41329121589661,3.00755977630615,-0.4057314395904599,False
leave_one_date_out,2025-08-26,station_median,S2A_T29UPA_20250826T113331_L2A,2025-08-26,L1278,3.41329121589661,1.23373454809189,-2.17955666780472,False
leave_one_date_out,2025-08-26,seasonal_harmonic,S2A_T29UPA_20250826T113331_L2A,2025-08-26,L1278,3.41329121589661,6.59457404020948,3.18128282431287,False
leave_one_date_out,2025-08-26,red_linear,S2A_T29UPA_20250826T113331_L2A,2025-08-26,L1278,3.41329121589661,4.734405570223668,1.321114354327058,False
leave_one_date_out,2025-08-26,nir_linear,S2A_T29UPA_20250826T113331_L2A,2025-08-26,L1278,3.41329121589661,4.932858116993665,1.519566901097055,False
leave_one_date_out,2025-08-26,red_nir_linear,S2A_T29UPA_20250826T113331_L2A,2025-08-26,L1278,3.41329121589661,5.482605972448532,2.069314756551922,False
leave_one_date_out,2025-08-26,red_green_ratio,S2A_T29UPA_20250826T113331_L2A,2025-08-26,L1278,3.41329121589661,3.5430922767910804,0.1298010608944704,False
leave_one_date_out,2025-08-26,nir_red_ratio,S2A_T29UPA_20250826T113331_L2A,2025-08-26,L1278,3.41329121589661,5.741935359517811,2.328644143621201,False
leave_one_date_out,2025-08-29,training_median,S2A_T29UPA_20250829T114401_L2A,2025-08-29,L1279,5.93119192123413,3.00755977630615,-2.92363214492798,False
leave_one_date_out,2025-08-29,station_median,S2A_T29UPA_20250829T114401_L2A,2025-08-29,L1279,5.93119192123413,7.224744319915775,1.293552398681645,False
leave_one_date_out,2025-08-29,seasonal_harmonic,S2A_T29UPA_20250829T114401_L2A,2025-08-29,L1279,5.93119192123413,6.585138604981094,0.6539466837469643,False
leave_one_date_out,2025-08-29,red_linear,S2A_T29UPA_20250829T114401_L2A,2025-08-29,L1279,5.93119192123413,7.14331331772666,1.2121213964925301,False
leave_one_date_out,2025-08-29,nir_linear,S2A_T29UPA_20250829T114401_L2A,2025-08-29,L1279,5.93119192123413,5.394685115573417,-0.5365068056607134,False
leave_one_date_out,2025-08-29,red_nir_linear,S2A_T29UPA_20250829T114401_L2A,2025-08-29,L1279,5.93119192123413,9.872387456429387,3.9411955351952566,False
leave_one_date_out,2025-08-29,red_green_ratio,S2A_T29UPA_20250829T114401_L2A,2025-08-29,L1279,5.93119192123413,3.583849049773576,-2.3473428714605538,False
leave_one_date_out,2025-08-29,nir_red_ratio,S2A_T29UPA_20250829T114401_L2A,2025-08-29,L1279,5.93119192123413,5.30383553084153,-0.6273563903925998,False
leave_one_date_out,2025-09-08,training_median,S2B_T29UPA_20250908T113316_L2A,2025-09-08,L1279,2.74547648429871,3.03478920459747,0.28931272029876,False
leave_one_date_out,2025-09-08,training_median,S2A_T29UPA_20250908T114359_L2A,2025-09-08,L1279,3.53561401367188,3.03478920459747,-0.5008248090744098,False
leave_one_date_out,2025-09-08,station_median,S2B_T29UPA_20250908T113316_L2A,2025-09-08,L1279,2.74547648429871,7.77274084091187,5.027264356613159,False
leave_one_date_out,2025-09-08,station_median,S2A_T29UPA_20250908T114359_L2A,2025-09-08,L1279,3.53561401367188,7.77274084091187,4.23712682723999,False
leave_one_date_out,2025-09-08,seasonal_harmonic,S2B_T29UPA_20250908T113316_L2A,2025-09-08,L1279,2.74547648429871,7.044162539946747,4.298686055648037,False
leave_one_date_out,2025-09-08,seasonal_harmonic,S2A_T29UPA_20250908T114359_L2A,2025-09-08,L1279,3.53561401367188,7.044162539946747,3.508548526274867,False
leave_one_date_out,2025-09-08,red_linear,S2B_T29UPA_20250908T113316_L2A,2025-09-08,L1279,2.74547648429871,4.960941687480396,2.215465203181686,False
leave_one_date_out,2025-09-08,red_linear,S2A_T29UPA_20250908T114359_L2A,2025-09-08,L1279,3.53561401367188,10.381979038874974,6.846365025203093,False
leave_one_date_out,2025-09-08,nir_linear,S2B_T29UPA_20250908T113316_L2A,2025-09-08,L1279,2.74547648429871,4.9608528625780695,2.2153763782793594,False
leave_one_date_out,2025-09-08,nir_linear,S2A_T29UPA_20250908T114359_L2A,2025-09-08,L1279,3.53561401367188,8.50008040584272,4.96446639217084,True
leave_one_date_out,2025-09-08,red_nir_linear,S2B_T29UPA_20250908T113316_L2A,2025-09-08,L1279,2.74547648429871,5.756944715523733,3.0114682312250234,False
leave_one_date_out,2025-09-08,red_nir_linear,S2A_T29UPA_20250908T114359_L2A,2025-09-08,L1279,3.53561401367188,0.9969629245413199,-2.53865108913056,True
leave_one_date_out,2025-09-08,red_green_ratio,S2B_T29UPA_20250908T113316_L2A,2025-09-08,L1279,2.74547648429871,4.209490334121265,1.4640138498225546,False
leave_one_date_out,2025-09-08,red_green_ratio,S2A_T29UPA_20250908T114359_L2A,2025-09-08,L1279,3.53561401367188,6.224324232660358,2.688710218988478,False
leave_one_date_out,2025-09-08,nir_red_ratio,S2B_T29UPA_20250908T113316_L2A,2025-09-08,L1279,2.74547648429871,5.6525227479925935,2.9070462636938834,False
leave_one_date_out,2025-09-08,nir_red_ratio,S2A_T29UPA_20250908T114359_L2A,2025-09-08,L1279,3.53561401367188,2.324474581796486,-1.2111394318753939,True
leave_one_date_out,2025-09-11,training_median,S2B_T29UPA_20250911T114345_L2A,2025-09-11,L1278,7.02062845230103,3.00755977630615,-4.01306867599488,False
leave_one_date_out,2025-09-11,station_median,S2B_T29UPA_20250911T114345_L2A,2025-09-11,L1278,7.02062845230103,1.23373454809189,-5.78689390420914,False
leave_one_date_out,2025-09-11,seasonal_harmonic,S2B_T29UPA_20250911T114345_L2A,2025-09-11,L1278,7.02062845230103,6.826083124132427,-0.19454532816860315,False
leave_one_date_out,2025-09-11,red_linear,S2B_T29UPA_20250911T114345_L2A,2025-09-11,L1278,7.02062845230103,7.585695844470548,0.5650673921695182,False
leave_one_date_out,2025-09-11,nir_linear,S2B_T29UPA_20250911T114345_L2A,2025-09-11,L1278,7.02062845230103,5.21894468454012,-1.8016837677609097,False
leave_one_date_out,2025-09-11,red_nir_linear,S2B_T29UPA_20250911T114345_L2A,2025-09-11,L1278,7.02062845230103,13.596620850872528,6.575992398571498,False
leave_one_date_out,2025-09-11,red_green_ratio,S2B_T29UPA_20250911T114345_L2A,2025-09-11,L1278,7.02062845230103,4.878805183022532,-2.1418232692784978,False
leave_one_date_out,2025-09-11,nir_red_ratio,S2B_T29UPA_20250911T114345_L2A,2025-09-11,L1278,7.02062845230103,5.969455872543032,-1.0511725797579983,False
leave_one_date_out,2025-09-15,training_median,S2A_T29UPA_20250915T113536_L2A,2025-09-15,L1279,6.4453649520874,3.00755977630615,-3.4378051757812496,False
leave_one_date_out,2025-09-15,station_median,S2A_T29UPA_20250915T113536_L2A,2025-09-15,L1279,6.4453649520874,7.224744319915775,0.7793793678283754,False
leave_one_date_out,2025-09-15,seasonal_harmonic,S2A_T29UPA_20250915T113536_L2A,2025-09-15,L1279,6.4453649520874,6.9149787371369165,0.4696137850495168,False
leave_one_date_out,2025-09-15,red_linear,S2A_T29UPA_20250915T113536_L2A,2025-09-15,L1279,6.4453649520874,7.195228614894628,0.7498636628072282,False
leave_one_date_out,2025-09-15,nir_linear,S2A_T29UPA_20250915T113536_L2A,2025-09-15,L1279,6.4453649520874,5.396493467430206,-1.0488714846571936,False
leave_one_date_out,2025-09-15,red_nir_linear,S2A_T29UPA_20250915T113536_L2A,2025-09-15,L1279,6.4453649520874,10.00522183196562,3.559856879878221,False
leave_one_date_out,2025-09-15,red_green_ratio,S2A_T29UPA_20250915T113536_L2A,2025-09-15,L1279,6.4453649520874,4.884724846422025,-1.5606401056653745,False
leave_one_date_out,2025-09-15,nir_red_ratio,S2A_T29UPA_20250915T113536_L2A,2025-09-15,L1279,6.4453649520874,5.301370193245484,-1.1439947588419157,False
leave_one_date_out,2025-09-21,training_median,S2B_T29UPA_20250921T114345_L2A,2025-09-21,L1278,1.82938587665558,3.03478920459747,1.20540332794189,False
leave_one_date_out,2025-09-21,training_median,S2B_T29UPA_20250921T114345_L2A,2025-09-21,L1279,8.38998126983643,3.03478920459747,-5.35519206523896,False
leave_one_date_out,2025-09-21,station_median,S2B_T29UPA_20250921T114345_L2A,2025-09-21,L1278,1.82938587665558,1.23373454809189,-0.59565132856369,False
leave_one_date_out,2025-09-21,station_median,S2B_T29UPA_20250921T114345_L2A,2025-09-21,L1279,8.38998126983643,6.63287878036499,-1.757102489471439,False
leave_one_date_out,2025-09-21,seasonal_harmonic,S2B_T29UPA_20250921T114345_L2A,2025-09-21,L1278,1.82938587665558,7.1234013420760816,5.294015465420502,False
leave_one_date_out,2025-09-21,seasonal_harmonic,S2B_T29UPA_20250921T114345_L2A,2025-09-21,L1279,8.38998126983643,7.1234013420760816,-1.2665799277603478,False
leave_one_date_out,2025-09-21,red_linear,S2B_T29UPA_20250921T114345_L2A,2025-09-21,L1278,1.82938587665558,3.9341016686131303,2.1047157919575503,False
leave_one_date_out,2025-09-21,red_linear,S2B_T29UPA_20250921T114345_L2A,2025-09-21,L1279,8.38998126983643,4.7305426494469645,-3.659438620389465,False
leave_one_date_out,2025-09-21,nir_linear,S2B_T29UPA_20250921T114345_L2A,2025-09-21,L1278,1.82938587665558,4.7251849572712095,2.8957990806156295,False
leave_one_date_out,2025-09-21,nir_linear,S2B_T29UPA_20250921T114345_L2A,2025-09-21,L1279,8.38998126983643,4.816009160063814,-3.5739721097726154,False
leave_one_date_out,2025-09-21,red_nir_linear,S2B_T29UPA_20250921T114345_L2A,2025-09-21,L1278,1.82938587665558,4.287480047879924,2.4580941712243445,False
leave_one_date_out,2025-09-21,red_nir_linear,S2B_T29UPA_20250921T114345_L2A,2025-09-21,L1279,8.38998126983643,6.3408509749453295,-2.0491302948911,False
leave_one_date_out,2025-09-21,red_green_ratio,S2B_T29UPA_20250921T114345_L2A,2025-09-21,L1278,1.82938587665558,2.9817207162368895,1.1523348395813096,False
leave_one_date_out,2025-09-21,red_green_ratio,S2B_T29UPA_20250921T114345_L2A,2025-09-21,L1279,8.38998126983643,4.884799604964643,-3.5051816648717864,False
leave_one_date_out,2025-09-21,nir_red_ratio,S2B_T29UPA_20250921T114345_L2A,2025-09-21,L1278,1.82938587665558,6.405419386984693,4.576033510329113,False
leave_one_date_out,2025-09-21,nir_red_ratio,S2B_T29UPA_20250921T114345_L2A,2025-09-21,L1279,8.38998126983643,6.37672235326354,-2.013258916572889,False
leave_one_date_out,2025-09-23,training_median,S2C_T29UPA_20250923T113332_L2A,2025-09-23,L1278,1.21478772163391,3.06201863288879,1.84723091125488,False
leave_one_date_out,2025-09-23,station_median,S2C_T29UPA_20250923T113332_L2A,2025-09-23,L1278,1.21478772163391,1.5410336256027248,0.3262459039688148,False
leave_one_date_out,2025-09-23,seasonal_harmonic,S2C_T29UPA_20250923T113332_L2A,2025-09-23,L1278,1.21478772163391,7.217247782967048,6.002460061333138,False
leave_one_date_out,2025-09-23,red_linear,S2C_T29UPA_20250923T113332_L2A,2025-09-23,L1278,1.21478772163391,4.249477930029812,3.0346902083959018,False
leave_one_date_out,2025-09-23,nir_linear,S2C_T29UPA_20250923T113332_L2A,2025-09-23,L1278,1.21478772163391,4.907926018201948,3.693138296568038,False
leave_one_date_out,2025-09-23,red_nir_linear,S2C_T29UPA_20250923T113332_L2A,2025-09-23,L1278,1.21478772163391,4.177440942088074,2.962653220454164,False
leave_one_date_out,2025-09-23,red_green_ratio,S2C_T29UPA_20250923T113332_L2A,2025-09-23,L1278,1.21478772163391,3.0680627883410296,1.8532750667071196,False
leave_one_date_out,2025-09-23,nir_red_ratio,S2C_T29UPA_20250923T113332_L2A,2025-09-23,L1278,1.21478772163391,5.608856722895458,4.394069001261547,False
leave_one_date_out,2025-09-28,training_median,S2A_T29UPA_20250928T114402_L2A,2025-09-28,L1278,0.764531672000885,3.06201863288879,2.297486960887905,False
leave_one_date_out,2025-09-28,station_median,S2A_T29UPA_20250928T114402_L2A,2025-09-28,L1278,0.764531672000885,1.5410336256027248,0.7765019536018398,False
leave_one_date_out,2025-09-28,seasonal_harmonic,S2A_T29UPA_20250928T114402_L2A,2025-09-28,L1278,0.764531672000885,7.286464976715818,6.521933304714933,True
leave_one_date_out,2025-09-28,red_linear,S2A_T29UPA_20250928T114402_L2A,2025-09-28,L1278,0.764531672000885,4.044371438324076,3.2798397663231906,False
leave_one_date_out,2025-09-28,nir_linear,S2A_T29UPA_20250928T114402_L2A,2025-09-28,L1278,0.764531672000885,4.7454666925430224,3.9809350205421374,True
leave_one_date_out,2025-09-28,red_nir_linear,S2A_T29UPA_20250928T114402_L2A,2025-09-28,L1278,0.764531672000885,5.178600458310249,4.414068786309364,True
leave_one_date_out,2025-09-28,red_green_ratio,S2A_T29UPA_20250928T114402_L2A,2025-09-28,L1278,0.764531672000885,3.164891262918279,2.400359590917394,False
leave_one_date_out,2025-09-28,nir_red_ratio,S2A_T29UPA_20250928T114402_L2A,2025-09-28,L1278,0.764531672000885,7.549321274031731,6.784789602030846,True
leave_one_date_out,2025-10-06,training_median,S2C_T29UPA_20251006T114605_L2A,2025-10-06,L1278,2.7519211769104,3.06201863288879,0.31009745597839,False
leave_one_date_out,2025-10-06,station_median,S2C_T29UPA_20251006T114605_L2A,2025-10-06,L1278,2.7519211769104,1.23373454809189,-1.51818662881851,False
leave_one_date_out,2025-10-06,seasonal_harmonic,S2C_T29UPA_20251006T114605_L2A,2025-10-06,L1278,2.7519211769104,7.264148911940114,4.512227735029715,False
leave_one_date_out,2025-10-06,red_linear,S2C_T29UPA_20251006T114605_L2A,2025-10-06,L1278,2.7519211769104,4.791563528611119,2.0396423517007194,False
leave_one_date_out,2025-10-06,nir_linear,S2C_T29UPA_20251006T114605_L2A,2025-10-06,L1278,2.7519211769104,4.998681335261675,2.246760158351275,False
leave_one_date_out,2025-10-06,red_nir_linear,S2C_T29UPA_20251006T114605_L2A,2025-10-06,L1278,2.7519211769104,5.143464024329212,2.3915428474188123,False
leave_one_date_out,2025-10-06,red_green_ratio,S2C_T29UPA_20251006T114605_L2A,2025-10-06,L1278,2.7519211769104,4.783369417115908,2.0314482402055076,False
leave_one_date_out,2025-10-06,nir_red_ratio,S2C_T29UPA_20251006T114605_L2A,2025-10-06,L1278,2.7519211769104,5.418183235576546,2.666262058666146,False
leave_one_date_out,2025-10-28,training_median,S2B_T29UPA_20251028T113316_L2A,2025-10-28,L1278,1.12371873855591,3.150239944458005,2.026521205902095,False
leave_one_date_out,2025-10-28,training_median,S2A_T29UPA_20251028T114403_L2A,2025-10-28,L1278,0.65248030424118,3.150239944458005,2.497759640216825,False
leave_one_date_out,2025-10-28,station_median,S2B_T29UPA_20251028T113316_L2A,2025-10-28,L1278,1.12371873855591,1.82938587665558,0.70566713809967,False
leave_one_date_out,2025-10-28,station_median,S2A_T29UPA_20251028T114403_L2A,2025-10-28,L1278,0.65248030424118,1.82938587665558,1.1769055724144,False
leave_one_date_out,2025-10-28,seasonal_harmonic,S2B_T29UPA_20251028T113316_L2A,2025-10-28,L1278,1.12371873855591,7.561115035225031,6.437396296669121,False
leave_one_date_out,2025-10-28,seasonal_harmonic,S2A_T29UPA_20251028T114403_L2A,2025-10-28,L1278,0.65248030424118,7.561115035225031,6.9086347309838505,False
leave_one_date_out,2025-10-28,red_linear,S2B_T29UPA_20251028T113316_L2A,2025-10-28,L1278,1.12371873855591,5.606422545368227,4.482703806812317,False
leave_one_date_out,2025-10-28,red_linear,S2A_T29UPA_20251028T114403_L2A,2025-10-28,L1278,0.65248030424118,5.41705768894446,4.76457738470328,False
leave_one_date_out,2025-10-28,nir_linear,S2B_T29UPA_20251028T113316_L2A,2025-10-28,L1278,1.12371873855591,5.124705757056518,4.0009870185006084,False
leave_one_date_out,2025-10-28,nir_linear,S2A_T29UPA_20251028T114403_L2A,2025-10-28,L1278,0.65248030424118,5.1029073686187045,4.450427064377525,False
leave_one_date_out,2025-10-28,red_nir_linear,S2B_T29UPA_20251028T113316_L2A,2025-10-28,L1278,1.12371873855591,7.567995215192827,6.444276476636917,False
leave_one_date_out,2025-10-28,red_nir_linear,S2A_T29UPA_20251028T114403_L2A,2025-10-28,L1278,0.65248030424118,7.075657137288133,6.423176833046954,False
leave_one_date_out,2025-10-28,red_green_ratio,S2B_T29UPA_20251028T113316_L2A,2025-10-28,L1278,1.12371873855591,5.555675958659385,4.431957220103475,False
leave_one_date_out,2025-10-28,red_green_ratio,S2A_T29UPA_20251028T114403_L2A,2025-10-28,L1278,0.65248030424118,7.627521277852408,6.975040973611229,False
leave_one_date_out,2025-10-28,nir_red_ratio,S2B_T29UPA_20251028T113316_L2A,2025-10-28,L1278,1.12371873855591,5.935220208315277,4.811501469759367,False
leave_one_date_out,2025-10-28,nir_red_ratio,S2A_T29UPA_20251028T114403_L2A,2025-10-28,L1278,0.65248030424118,5.907359002298057,5.254878698056878,False
leave_one_date_out,2025-11-02,training_median,S2C_T29UPA_20251102T113332_L2A,2025-11-02,L1278,0.6187863945961,3.06201863288879,2.44323223829269,False
leave_one_date_out,2025-11-02,station_median,S2C_T29UPA_20251102T113332_L2A,2025-11-02,L1278,0.6187863945961,1.5410336256027248,0.9222472310066249,False
leave_one_date_out,2025-11-02,seasonal_harmonic,S2C_T29UPA_20251102T113332_L2A,2025-11-02,L1278,0.6187863945961,7.24493613700223,6.62614974240613,False
leave_one_date_out,2025-11-02,red_linear,S2C_T29UPA_20251102T113332_L2A,2025-11-02,L1278,0.6187863945961,3.735608803157999,3.116822408561899,False
leave_one_date_out,2025-11-02,nir_linear,S2C_T29UPA_20251102T113332_L2A,2025-11-02,L1278,0.6187863945961,4.9009230619883155,4.282136667392216,False
leave_one_date_out,2025-11-02,red_nir_linear,S2C_T29UPA_20251102T113332_L2A,2025-11-02,L1278,0.6187863945961,2.4124458265803694,1.7936594319842696,False
leave_one_date_out,2025-11-02,red_green_ratio,S2C_T29UPA_20251102T113332_L2A,2025-11-02,L1278,0.6187863945961,10.176361403369551,9.557575008773451,False
leave_one_date_out,2025-11-02,nir_red_ratio,S2C_T29UPA_20251102T113332_L2A,2025-11-02,L1278,0.6187863945961,4.71254534549022,4.09375895089412,False
leave_one_date_out,2025-11-10,training_median,S2B_T29UPA_20251110T114343_L2A,2025-11-10,L1278,0.384035348892212,3.06201863288879,2.677983283996578,False
leave_one_date_out,2025-11-10,station_median,S2B_T29UPA_20251110T114343_L2A,2025-11-10,L1278,0.384035348892212,1.5410336256027248,1.156998276710513,False
leave_one_date_out,2025-11-10,seasonal_harmonic,S2B_T29UPA_20251110T114343_L2A,2025-11-10,L1278,0.384035348892212,7.145736276048361,6.7617009271561495,False
leave_one_date_out,2025-11-10,red_linear,S2B_T29UPA_20251110T114343_L2A,2025-11-10,L1278,0.384035348892212,11.00157002791563,10.617534679023418,False
leave_one_date_out,2025-11-10,nir_linear,S2B_T29UPA_20251110T114343_L2A,2025-11-10,L1278,0.384035348892212,8.515709671125444,8.131674322233232,False
leave_one_date_out,2025-11-10,red_nir_linear,S2B_T29UPA_20251110T114343_L2A,2025-11-10,L1278,0.384035348892212,6.012720829643381,5.6286854807511695,False
leave_one_date_out,2025-11-10,red_green_ratio,S2B_T29UPA_20251110T114343_L2A,2025-11-10,L1278,0.384035348892212,5.63520128650376,5.251165937611548,False
leave_one_date_out,2025-11-10,nir_red_ratio,S2B_T29UPA_20251110T114343_L2A,2025-11-10,L1278,0.384035348892212,3.318836030018211,2.9348006811259992,False
leave_one_date_out,2025-11-14,training_median,S2A_T29UPA_20251114T113418_L2A,2025-11-14,L1278,0.453972905874252,3.06201863288879,2.608045727014538,False
leave_one_date_out,2025-11-14,station_median,S2A_T29UPA_20251114T113418_L2A,2025-11-14,L1278,0.453972905874252,1.5410336256027248,1.087060719728473,False
leave_one_date_out,2025-11-14,seasonal_harmonic,S2A_T29UPA_20251114T113418_L2A,2025-11-14,L1278,0.453972905874252,7.075295031371542,6.62132212549729,False
leave_one_date_out,2025-11-14,red_linear,S2A_T29UPA_20251114T113418_L2A,2025-11-14,L1278,0.453972905874252,5.654433682543012,5.20046077666876,False
leave_one_date_out,2025-11-14,nir_linear,S2A_T29UPA_20251114T113418_L2A,2025-11-14,L1278,0.453972905874252,5.5700595261654415,5.116086620291189,False
leave_one_date_out,2025-11-14,red_nir_linear,S2A_T29UPA_20251114T113418_L2A,2025-11-14,L1278,0.453972905874252,3.6573818626648076,3.2034089567905557,False
leave_one_date_out,2025-11-14,red_green_ratio,S2A_T29UPA_20251114T113418_L2A,2025-11-14,L1278,0.453972905874252,6.982722941976115,6.528750036101862,False
leave_one_date_out,2025-11-14,nir_red_ratio,S2A_T29UPA_20251114T113418_L2A,2025-11-14,L1278,0.453972905874252,3.8438184526006465,3.3898455467263946,False
leave_one_date_out,2025-11-24,training_median,S2A_T29UPA_20251124T113430_L2A,2025-11-24,L1278,0.116386495530605,3.03478920459747,2.918402709066865,False
leave_one_date_out,2025-11-24,training_median,S2A_T29UPA_20251124T113430_L2A,2025-11-24,L1279,17.0178451538086,3.03478920459747,-13.983055949211131,False
leave_one_date_out,2025-11-24,station_median,S2A_T29UPA_20251124T113430_L2A,2025-11-24,L1278,0.116386495530605,1.5410336256027248,1.4246471300721197,False
leave_one_date_out,2025-11-24,station_median,S2A_T29UPA_20251124T113430_L2A,2025-11-24,L1279,17.0178451538086,6.63287878036499,-10.38496637344361,False
leave_one_date_out,2025-11-24,seasonal_harmonic,S2A_T29UPA_20251124T113430_L2A,2025-11-24,L1278,0.116386495530605,6.3699754111113736,6.253588915580768,False
leave_one_date_out,2025-11-24,seasonal_harmonic,S2A_T29UPA_20251124T113430_L2A,2025-11-24,L1279,17.0178451538086,6.3699754111113736,-10.647869742697228,False
leave_one_date_out,2025-11-24,red_linear,S2A_T29UPA_20251124T113430_L2A,2025-11-24,L1278,0.116386495530605,3.8074280748227602,3.6910415792921554,False
leave_one_date_out,2025-11-24,red_linear,S2A_T29UPA_20251124T113430_L2A,2025-11-24,L1279,17.0178451538086,5.546304285854021,-11.47154086795458,False
leave_one_date_out,2025-11-24,nir_linear,S2A_T29UPA_20251124T113430_L2A,2025-11-24,L1278,0.116386495530605,4.634707702581973,4.518321207051367,False
leave_one_date_out,2025-11-24,nir_linear,S2A_T29UPA_20251124T113430_L2A,2025-11-24,L1279,17.0178451538086,4.867935557508167,-12.149909596300434,False
leave_one_date_out,2025-11-24,red_nir_linear,S2A_T29UPA_20251124T113430_L2A,2025-11-24,L1278,0.116386495530605,3.8669436096768077,3.750557114146203,False
leave_one_date_out,2025-11-24,red_nir_linear,S2A_T29UPA_20251124T113430_L2A,2025-11-24,L1279,17.0178451538086,8.14198571200037,-8.875859441808231,False
leave_one_date_out,2025-11-24,red_green_ratio,S2A_T29UPA_20251124T113430_L2A,2025-11-24,L1278,0.116386495530605,3.8750957060411144,3.7587092105105095,False
leave_one_date_out,2025-11-24,red_green_ratio,S2A_T29UPA_20251124T113430_L2A,2025-11-24,L1279,17.0178451538086,6.958234450901987,-10.059610702906614,False
leave_one_date_out,2025-11-24,nir_red_ratio,S2A_T29UPA_20251124T113430_L2A,2025-11-24,L1278,0.116386495530605,6.0839246685671675,5.967538173036562,False
leave_one_date_out,2025-11-24,nir_red_ratio,S2A_T29UPA_20251124T113430_L2A,2025-11-24,L1279,17.0178451538086,6.011520151421582,-11.006325002387019,False
leave_one_date_out,2025-11-25,training_median,S2C_T29UPA_20251125T114429_L2A,2025-11-25,L1278,0.321463912725449,3.03478920459747,2.713325291872021,False
leave_one_date_out,2025-11-25,training_median,S2C_T29UPA_20251125T114429_L2A,2025-11-25,L1279,7.97729110717773,3.03478920459747,-4.9425019025802595,False
leave_one_date_out,2025-11-25,station_median,S2C_T29UPA_20251125T114429_L2A,2025-11-25,L1278,0.321463912725449,1.5410336256027248,1.2195697128772758,False
leave_one_date_out,2025-11-25,station_median,S2C_T29UPA_20251125T114429_L2A,2025-11-25,L1279,7.97729110717773,6.63287878036499,-1.3444123268127397,False
leave_one_date_out,2025-11-25,seasonal_harmonic,S2C_T29UPA_20251125T114429_L2A,2025-11-25,L1278,0.321463912725449,6.798163785607339,6.47669987288189,False
leave_one_date_out,2025-11-25,seasonal_harmonic,S2C_T29UPA_20251125T114429_L2A,2025-11-25,L1279,7.97729110717773,6.798163785607339,-1.179127321570391,False
leave_one_date_out,2025-11-25,red_linear,S2C_T29UPA_20251125T114429_L2A,2025-11-25,L1278,0.321463912725449,3.6203220811007757,3.2988581683753266,False
leave_one_date_out,2025-11-25,red_linear,S2C_T29UPA_20251125T114429_L2A,2025-11-25,L1279,7.97729110717773,7.953732130160825,-0.023558977016905125,False
leave_one_date_out,2025-11-25,nir_linear,S2C_T29UPA_20251125T114429_L2A,2025-11-25,L1278,0.321463912725449,4.794695915863326,4.473232003137878,False
leave_one_date_out,2025-11-25,nir_linear,S2C_T29UPA_20251125T114429_L2A,2025-11-25,L1279,7.97729110717773,5.81386964239216,-2.1634214647855696,False
leave_one_date_out,2025-11-25,red_nir_linear,S2C_T29UPA_20251125T114429_L2A,2025-11-25,L1278,0.321463912725449,3.250396845748055,2.928932933022606,False
leave_one_date_out,2025-11-25,red_nir_linear,S2C_T29UPA_20251125T114429_L2A,2025-11-25,L1279,7.97729110717773,8.079126441775955,0.10183533459822502,False
leave_one_date_out,2025-11-25,red_green_ratio,S2C_T29UPA_20251125T114429_L2A,2025-11-25,L1278,0.321463912725449,3.724644242141889,3.4031803294164398,False
leave_one_date_out,2025-11-25,red_green_ratio,S2C_T29UPA_20251125T114429_L2A,2025-11-25,L1279,7.97729110717773,7.8667080547407355,-0.1105830524369944,False
leave_one_date_out,2025-11-25,nir_red_ratio,S2C_T29UPA_20251125T114429_L2A,2025-11-25,L1278,0.321463912725449,6.483107749653362,6.161643836927913,False
leave_one_date_out,2025-11-25,nir_red_ratio,S2C_T29UPA_20251125T114429_L2A,2025-11-25,L1279,7.97729110717773,4.28412120082262,-3.69316990635511,False
leave_one_date_out,2025-12-02,training_median,S2C_T29UPA_20251202T113447_L2A,2025-12-02,L1278,1.25268137454987,3.03478920459747,1.7821078300476,False
leave_one_date_out,2025-12-02,training_median,S2C_T29UPA_20251202T113447_L2A,2025-12-02,L1279,30.3215179443359,3.03478920459747,-27.28672873973843,False
leave_one_date_out,2025-12-02,station_median,S2C_T29UPA_20251202T113447_L2A,2025-12-02,L1278,1.25268137454987,1.5220867991447449,0.26940542459487493,False
leave_one_date_out,2025-12-02,station_median,S2C_T29UPA_20251202T113447_L2A,2025-12-02,L1279,30.3215179443359,6.63287878036499,-23.688639163970908,False
leave_one_date_out,2025-12-02,seasonal_harmonic,S2C_T29UPA_20251202T113447_L2A,2025-12-02,L1278,1.25268137454987,5.349676072955842,4.096994698405972,False
leave_one_date_out,2025-12-02,seasonal_harmonic,S2C_T29UPA_20251202T113447_L2A,2025-12-02,L1279,30.3215179443359,5.349676072955842,-24.971841871380057,False
leave_one_date_out,2025-12-02,red_linear,S2C_T29UPA_20251202T113447_L2A,2025-12-02,L1278,1.25268137454987,4.289571660603254,3.036890286053384,False
leave_one_date_out,2025-12-02,red_linear,S2C_T29UPA_20251202T113447_L2A,2025-12-02,L1279,30.3215179443359,5.946628636726006,-24.37488930760989,False
leave_one_date_out,2025-12-02,nir_linear,S2C_T29UPA_20251202T113447_L2A,2025-12-02,L1278,1.25268137454987,4.542083748676544,3.2894023741266736,False
leave_one_date_out,2025-12-02,nir_linear,S2C_T29UPA_20251202T113447_L2A,2025-12-02,L1279,30.3215179443359,4.633434585134172,-25.688083359201727,False
leave_one_date_out,2025-12-02,red_nir_linear,S2C_T29UPA_20251202T113447_L2A,2025-12-02,L1278,1.25268137454987,4.603463418987531,3.3507820444376613,False
leave_one_date_out,2025-12-02,red_nir_linear,S2C_T29UPA_20251202T113447_L2A,2025-12-02,L1279,30.3215179443359,9.371560522481165,-20.949957421854734,False
leave_one_date_out,2025-12-02,red_green_ratio,S2C_T29UPA_20251202T113447_L2A,2025-12-02,L1278,1.25268137454987,4.666976491259414,3.4142951167095434,False
leave_one_date_out,2025-12-02,red_green_ratio,S2C_T29UPA_20251202T113447_L2A,2025-12-02,L1279,30.3215179443359,7.250813162205483,-23.070704782130417,True
leave_one_date_out,2025-12-02,nir_red_ratio,S2C_T29UPA_20251202T113447_L2A,2025-12-02,L1278,1.25268137454987,5.221872649462441,3.9691912749125704,False
leave_one_date_out,2025-12-02,nir_red_ratio,S2C_T29UPA_20251202T113447_L2A,2025-12-02,L1279,30.3215179443359,5.684163734254481,-24.63735421008142,False
leave_one_date_out,2025-12-04,training_median,S2A_T29UPA_20251204T113500_L2A,2025-12-04,L1279,1.9813324213028,3.06201863288879,1.0806862115859899,False
leave_one_date_out,2025-12-04,station_median,S2A_T29UPA_20251204T113500_L2A,2025-12-04,L1279,1.9813324213028,7.224744319915775,5.243411898612975,False
leave_one_date_out,2025-12-04,seasonal_harmonic,S2A_T29UPA_20251204T113500_L2A,2025-12-04,L1279,1.9813324213028,6.544585448649757,4.563253027346957,False
leave_one_date_out,2025-12-04,red_linear,S2A_T29UPA_20251204T113500_L2A,2025-12-04,L1279,1.9813324213028,4.904374158453815,2.9230417371510153,False
leave_one_date_out,2025-12-04,nir_linear,S2A_T29UPA_20251204T113500_L2A,2025-12-04,L1279,1.9813324213028,4.915877101494575,2.9345446801917747,False
leave_one_date_out,2025-12-04,red_nir_linear,S2A_T29UPA_20251204T113500_L2A,2025-12-04,L1279,1.9813324213028,6.432486690539173,4.4511542692363735,False
leave_one_date_out,2025-12-04,red_green_ratio,S2A_T29UPA_20251204T113500_L2A,2025-12-04,L1279,1.9813324213028,6.124974765978443,4.143642344675643,False
leave_one_date_out,2025-12-04,nir_red_ratio,S2A_T29UPA_20251204T113500_L2A,2025-12-04,L1279,1.9813324213028,6.185295751079252,4.203963329776452,False
leave_one_date_out,2025-12-10,training_median,S2B_T29UPA_20251210T114402_L2A,2025-12-10,L1279,24.1753387451172,3.00755977630615,-21.167778968811053,False
leave_one_date_out,2025-12-10,station_median,S2B_T29UPA_20251210T114402_L2A,2025-12-10,L1279,24.1753387451172,6.63287878036499,-17.54245996475221,False
leave_one_date_out,2025-12-10,seasonal_harmonic,S2B_T29UPA_20251210T114402_L2A,2025-12-10,L1279,24.1753387451172,5.164135389043932,-19.01120335607327,False
leave_one_date_out,2025-12-10,red_linear,S2B_T29UPA_20251210T114402_L2A,2025-12-10,L1279,24.1753387451172,7.224788837039664,-16.950549908077537,False
leave_one_date_out,2025-12-10,nir_linear,S2B_T29UPA_20251210T114402_L2A,2025-12-10,L1279,24.1753387451172,5.1150057348584514,-19.060333010258752,False
leave_one_date_out,2025-12-10,red_nir_linear,S2B_T29UPA_20251210T114402_L2A,2025-12-10,L1279,24.1753387451172,9.675843354347139,-14.499495390770063,False
leave_one_date_out,2025-12-10,red_green_ratio,S2B_T29UPA_20251210T114402_L2A,2025-12-10,L1279,24.1753387451172,6.563997413006699,-17.611341332110502,False
leave_one_date_out,2025-12-10,nir_red_ratio,S2B_T29UPA_20251210T114402_L2A,2025-12-10,L1279,24.1753387451172,4.731028489930441,-19.44431025518676,False
leave_one_date_out,2025-12-12,training_median,S2C_T29UPA_20251212T113507_L2A,2025-12-12,L1279,25.0200138092041,3.00755977630615,-22.012454032897953,False
leave_one_date_out,2025-12-12,station_median,S2C_T29UPA_20251212T113507_L2A,2025-12-12,L1279,25.0200138092041,6.63287878036499,-18.38713502883911,False
leave_one_date_out,2025-12-12,seasonal_harmonic,S2C_T29UPA_20251212T113507_L2A,2025-12-12,L1279,25.0200138092041,5.0407342782431455,-19.979279530960955,False
leave_one_date_out,2025-12-12,red_linear,S2C_T29UPA_20251212T113507_L2A,2025-12-12,L1279,25.0200138092041,4.389657079188673,-20.63035673001543,False
leave_one_date_out,2025-12-12,nir_linear,S2C_T29UPA_20251212T113507_L2A,2025-12-12,L1279,25.0200138092041,4.395303471329469,-20.62471033787463,False
leave_one_date_out,2025-12-12,red_nir_linear,S2C_T29UPA_20251212T113507_L2A,2025-12-12,L1279,25.0200138092041,6.0750907888841255,-18.944923020319976,False
leave_one_date_out,2025-12-12,red_green_ratio,S2C_T29UPA_20251212T113507_L2A,2025-12-12,L1279,25.0200138092041,4.906882105536031,-20.11313170366807,False
leave_one_date_out,2025-12-12,nir_red_ratio,S2C_T29UPA_20251212T113507_L2A,2025-12-12,L1279,25.0200138092041,5.814751034324515,-19.205262774879586,False
leave_one_date_out,2025-12-20,training_median,S2B_T29UPA_20251220T114413_L2A,2025-12-20,L1278,0.00898528099060059,3.06201863288879,3.0530333518981894,False
leave_one_date_out,2025-12-20,station_median,S2B_T29UPA_20251220T114413_L2A,2025-12-20,L1278,0.00898528099060059,1.5410336256027248,1.5320483446121242,False
leave_one_date_out,2025-12-20,seasonal_harmonic,S2B_T29UPA_20251220T114413_L2A,2025-12-20,L1278,0.00898528099060059,6.1758005856503,6.1668153046597,False
leave_one_date_out,2025-12-20,red_linear,S2B_T29UPA_20251220T114413_L2A,2025-12-20,L1278,0.00898528099060059,7.16207226964699,7.15308698865639,False
leave_one_date_out,2025-12-20,nir_linear,S2B_T29UPA_20251220T114413_L2A,2025-12-20,L1278,0.00898528099060059,5.689358187903857,5.680372906913257,False
leave_one_date_out,2025-12-20,red_nir_linear,S2B_T29UPA_20251220T114413_L2A,2025-12-20,L1278,0.00898528099060059,7.942016773004718,7.933031492014117,False
leave_one_date_out,2025-12-20,red_green_ratio,S2B_T29UPA_20251220T114413_L2A,2025-12-20,L1278,0.00898528099060059,4.588593502781869,4.579608221791268,False
leave_one_date_out,2025-12-20,nir_red_ratio,S2B_T29UPA_20251220T114413_L2A,2025-12-20,L1278,0.00898528099060059,4.786042918638705,4.777057637648104,False
leave_one_date_out,2025-12-25,training_median,S2C_T29UPA_20251225T114517_L2A,2025-12-25,L1278,0.666853487491608,3.06201863288879,2.395165145397182,False
leave_one_date_out,2025-12-25,station_median,S2C_T29UPA_20251225T114517_L2A,2025-12-25,L1278,0.666853487491608,1.5410336256027248,0.8741801381111168,False
leave_one_date_out,2025-12-25,seasonal_harmonic,S2C_T29UPA_20251225T114517_L2A,2025-12-25,L1278,0.666853487491608,5.9732515447921095,5.306398057300502,False
leave_one_date_out,2025-12-25,red_linear,S2C_T29UPA_20251225T114517_L2A,2025-12-25,L1278,0.666853487491608,4.424593601296292,3.7577401138046835,False
leave_one_date_out,2025-12-25,nir_linear,S2C_T29UPA_20251225T114517_L2A,2025-12-25,L1278,0.666853487491608,4.788650118529088,4.121796631037481,False
leave_one_date_out,2025-12-25,red_nir_linear,S2C_T29UPA_20251225T114517_L2A,2025-12-25,L1278,0.666853487491608,6.165100741516106,5.498247254024498,False
leave_one_date_out,2025-12-25,red_green_ratio,S2C_T29UPA_20251225T114517_L2A,2025-12-25,L1278,0.666853487491608,2.7207813908614336,2.0539279033698254,False
leave_one_date_out,2025-12-25,nir_red_ratio,S2C_T29UPA_20251225T114517_L2A,2025-12-25,L1278,0.666853487491608,7.241700933728878,6.57484744623727,False
leave_one_date_out,2025-12-27,training_median,S2B_T29UPA_20251227T113407_L2A,2025-12-27,L1278,0.196776151657104,3.06201863288879,2.865242481231686,False
leave_one_date_out,2025-12-27,station_median,S2B_T29UPA_20251227T113407_L2A,2025-12-27,L1278,0.196776151657104,1.5410336256027248,1.3442574739456208,False
leave_one_date_out,2025-12-27,seasonal_harmonic,S2B_T29UPA_20251227T113407_L2A,2025-12-27,L1278,0.196776151657104,5.934543908440158,5.737767756783055,True
leave_one_date_out,2025-12-27,red_linear,S2B_T29UPA_20251227T113407_L2A,2025-12-27,L1278,0.196776151657104,5.86007477933489,5.663298627677786,False
leave_one_date_out,2025-12-27,nir_linear,S2B_T29UPA_20251227T113407_L2A,2025-12-27,L1278,0.196776151657104,5.105907827545594,4.90913167588849,False
leave_one_date_out,2025-12-27,red_nir_linear,S2B_T29UPA_20251227T113407_L2A,2025-12-27,L1278,0.196776151657104,8.33568517672674,8.138909025069635,False
leave_one_date_out,2025-12-27,red_green_ratio,S2B_T29UPA_20251227T113407_L2A,2025-12-27,L1278,0.196776151657104,3.5322145953163484,3.3354384436592444,False
leave_one_date_out,2025-12-27,nir_red_ratio,S2B_T29UPA_20251227T113407_L2A,2025-12-27,L1278,0.196776151657104,5.935258537976838,5.738482386319735,False
leave_one_date_out,2026-02-15,training_median,S2B_T29UPA_20260215T113312_L2A,2026-02-15,L1278,2.16349649429321,3.150239944458005,0.9867434501647954,False
leave_one_date_out,2026-02-15,training_median,S2B_T29UPA_20260215T113312_L2A,2026-02-15,L1279,1.22384691238403,3.150239944458005,1.926393032073975,False
leave_one_date_out,2026-02-15,station_median,S2B_T29UPA_20260215T113312_L2A,2026-02-15,L1278,2.16349649429321,1.23373454809189,-0.9297619462013198,False
leave_one_date_out,2026-02-15,station_median,S2B_T29UPA_20260215T113312_L2A,2026-02-15,L1279,1.22384691238403,7.224744319915775,6.000897407531745,False
leave_one_date_out,2026-02-15,seasonal_harmonic,S2B_T29UPA_20260215T113312_L2A,2026-02-15,L1278,2.16349649429321,4.270463532384828,2.1069670380916183,False
leave_one_date_out,2026-02-15,seasonal_harmonic,S2B_T29UPA_20260215T113312_L2A,2026-02-15,L1279,1.22384691238403,4.270463532384828,3.046616620000798,False
leave_one_date_out,2026-02-15,red_linear,S2B_T29UPA_20260215T113312_L2A,2026-02-15,L1278,2.16349649429321,13.283269048827913,11.119772554534704,True
leave_one_date_out,2026-02-15,red_linear,S2B_T29UPA_20260215T113312_L2A,2026-02-15,L1279,1.22384691238403,4.353454839247527,3.1296079268634966,False
leave_one_date_out,2026-02-15,nir_linear,S2B_T29UPA_20260215T113312_L2A,2026-02-15,L1278,2.16349649429321,8.80089578169235,6.637399287399141,False
leave_one_date_out,2026-02-15,nir_linear,S2B_T29UPA_20260215T113312_L2A,2026-02-15,L1279,1.22384691238403,4.72325699742528,3.49941008504125,False
leave_one_date_out,2026-02-15,red_nir_linear,S2B_T29UPA_20260215T113312_L2A,2026-02-15,L1278,2.16349649429321,9.049153507625277,6.885657013332068,True
leave_one_date_out,2026-02-15,red_nir_linear,S2B_T29UPA_20260215T113312_L2A,2026-02-15,L1279,1.22384691238403,5.270635671324662,4.046788758940632,False
leave_one_date_out,2026-02-15,red_green_ratio,S2B_T29UPA_20260215T113312_L2A,2026-02-15,L1278,2.16349649429321,7.178157390072373,5.014660895779164,False
leave_one_date_out,2026-02-15,red_green_ratio,S2B_T29UPA_20260215T113312_L2A,2026-02-15,L1279,1.22384691238403,9.350450121654127,8.126603209270097,False
leave_one_date_out,2026-02-15,nir_red_ratio,S2B_T29UPA_20260215T113312_L2A,2026-02-15,L1278,2.16349649429321,3.4599547029517743,1.2964582086585645,False
leave_one_date_out,2026-02-15,nir_red_ratio,S2B_T29UPA_20260215T113312_L2A,2026-02-15,L1279,1.22384691238403,6.304747737258971,5.080900824874941,False
leave_one_date_out,2026-02-28,training_median,S2B_T29UPA_20260228T114345_L2A,2026-02-28,L1279,19.1767559051514,3.00755977630615,-16.16919612884525,False
leave_one_date_out,2026-02-28,station_median,S2B_T29UPA_20260228T114345_L2A,2026-02-28,L1279,19.1767559051514,6.63287878036499,-12.543877124786409,False
leave_one_date_out,2026-02-28,seasonal_harmonic,S2B_T29UPA_20260228T114345_L2A,2026-02-28,L1279,19.1767559051514,2.572420802292585,-16.604335102858816,False
leave_one_date_out,2026-02-28,red_linear,S2B_T29UPA_20260228T114345_L2A,2026-02-28,L1279,19.1767559051514,3.8259378435254865,-15.350818061625912,False
leave_one_date_out,2026-02-28,nir_linear,S2B_T29UPA_20260228T114345_L2A,2026-02-28,L1279,19.1767559051514,4.548284062115506,-14.628471843035893,False
leave_one_date_out,2026-02-28,red_nir_linear,S2B_T29UPA_20260228T114345_L2A,2026-02-28,L1279,19.1767559051514,3.963515441593068,-15.213240463558332,False
leave_one_date_out,2026-02-28,red_green_ratio,S2B_T29UPA_20260228T114345_L2A,2026-02-28,L1279,19.1767559051514,8.649865387729093,-10.526890517422306,False
leave_one_date_out,2026-02-28,nir_red_ratio,S2B_T29UPA_20260228T114345_L2A,2026-02-28,L1279,19.1767559051514,5.607287257860025,-13.569468647291373,False
leave_one_date_out,2026-03-14,training_median,S2A_T29UPA_20260314T113337_L2A,2026-03-14,L1278,2.93125343322754,3.06201863288879,0.13076519966125,False
leave_one_date_out,2026-03-14,station_median,S2A_T29UPA_20260314T113337_L2A,2026-03-14,L1278,2.93125343322754,1.23373454809189,-1.69751888513565,False
leave_one_date_out,2026-03-14,seasonal_harmonic,S2A_T29UPA_20260314T113337_L2A,2026-03-14,L1278,2.93125343322754,3.340970557328139,0.40971712410059924,False
leave_one_date_out,2026-03-14,red_linear,S2A_T29UPA_20260314T113337_L2A,2026-03-14,L1278,2.93125343322754,4.795296061225614,1.8640426279980744,False
leave_one_date_out,2026-03-14,nir_linear,S2A_T29UPA_20260314T113337_L2A,2026-03-14,L1278,2.93125343322754,4.866231712055955,1.9349782788284147,False
leave_one_date_out,2026-03-14,red_nir_linear,S2A_T29UPA_20260314T113337_L2A,2026-03-14,L1278,2.93125343322754,6.394231697938869,3.462978264711329,False
leave_one_date_out,2026-03-14,red_green_ratio,S2A_T29UPA_20260314T113337_L2A,2026-03-14,L1278,2.93125343322754,6.764901131394117,3.833647698166577,False
leave_one_date_out,2026-03-14,nir_red_ratio,S2A_T29UPA_20260314T113337_L2A,2026-03-14,L1278,2.93125343322754,6.334119852718156,3.402866419490616,False
leave_one_date_out,2026-03-15,training_median,S2C_T29UPA_20260315T114349_L2A,2026-03-15,L1279,1.92824637889862,3.06201863288879,1.13377225399017,False
leave_one_date_out,2026-03-15,station_median,S2C_T29UPA_20260315T114349_L2A,2026-03-15,L1279,1.92824637889862,7.224744319915775,5.296497941017155,False
leave_one_date_out,2026-03-15,seasonal_harmonic,S2C_T29UPA_20260315T114349_L2A,2026-03-15,L1279,1.92824637889862,3.384077436246205,1.455831057347585,False
leave_one_date_out,2026-03-15,red_linear,S2C_T29UPA_20260315T114349_L2A,2026-03-15,L1279,1.92824637889862,4.723828034092866,2.795581655194246,False
leave_one_date_out,2026-03-15,nir_linear,S2C_T29UPA_20260315T114349_L2A,2026-03-15,L1279,1.92824637889862,4.987642967281162,3.0593965883825422,False
leave_one_date_out,2026-03-15,red_nir_linear,S2C_T29UPA_20260315T114349_L2A,2026-03-15,L1279,1.92824637889862,5.075347925902623,3.147101547004003,False
leave_one_date_out,2026-03-15,red_green_ratio,S2C_T29UPA_20260315T114349_L2A,2026-03-15,L1279,1.92824637889862,10.344812617465205,8.416566238566585,False
leave_one_date_out,2026-03-15,nir_red_ratio,S2C_T29UPA_20260315T114349_L2A,2026-03-15,L1279,1.92824637889862,5.490981105504481,3.5627347266058615,False
leave_one_date_out,2026-04-03,training_median,S2A_T29UPA_20260403T113337_L2A,2026-04-03,L1278,1.93841171264648,3.06201863288879,1.12360692024231,False
leave_one_date_out,2026-04-03,station_median,S2A_T29UPA_20260403T113337_L2A,2026-04-03,L1278,1.93841171264648,1.23373454809189,-0.70467716455459,False
leave_one_date_out,2026-04-03,seasonal_harmonic,S2A_T29UPA_20260403T113337_L2A,2026-04-03,L1278,1.93841171264648,3.1535277577126495,1.2151160450661695,True
leave_one_date_out,2026-04-03,red_linear,S2A_T29UPA_20260403T113337_L2A,2026-04-03,L1278,1.93841171264648,4.699585228153854,2.761173515507374,False
leave_one_date_out,2026-04-03,nir_linear,S2A_T29UPA_20260403T113337_L2A,2026-04-03,L1278,1.93841171264648,4.959806850164562,3.0213951375180823,False
leave_one_date_out,2026-04-03,red_nir_linear,S2A_T29UPA_20260403T113337_L2A,2026-04-03,L1278,1.93841171264648,5.24987671555677,3.31146500291029,False
leave_one_date_out,2026-04-03,red_green_ratio,S2A_T29UPA_20260403T113337_L2A,2026-04-03,L1278,1.93841171264648,3.947063230390109,2.0086515177436293,False
leave_one_date_out,2026-04-03,nir_red_ratio,S2A_T29UPA_20260403T113337_L2A,2026-04-03,L1278,1.93841171264648,5.664570766912206,3.726159054265726,False
leave_one_date_out,2026-04-24,training_median,S2C_T29UPA_20260424T114417_L2A,2026-04-24,L1278,2.33187127113342,3.150239944458005,0.818368673324585,False
leave_one_date_out,2026-04-24,training_median,S2C_T29UPA_20260424T114417_L2A,2026-04-24,L1279,0.203743755817413,3.150239944458005,2.9464961886405923,False
leave_one_date_out,2026-04-24,station_median,S2C_T29UPA_20260424T114417_L2A,2026-04-24,L1278,2.33187127113342,1.23373454809189,-1.0981367230415302,False
leave_one_date_out,2026-04-24,station_median,S2C_T29UPA_20260424T114417_L2A,2026-04-24,L1279,0.203743755817413,7.224744319915775,7.021000564098362,False
leave_one_date_out,2026-04-24,seasonal_harmonic,S2C_T29UPA_20260424T114417_L2A,2026-04-24,L1278,2.33187127113342,3.2671943223035873,0.9353230511701671,False
leave_one_date_out,2026-04-24,seasonal_harmonic,S2C_T29UPA_20260424T114417_L2A,2026-04-24,L1279,0.203743755817413,3.2671943223035873,3.0634505664861744,False
leave_one_date_out,2026-04-24,red_linear,S2C_T29UPA_20260424T114417_L2A,2026-04-24,L1278,2.33187127113342,3.427039888365602,1.095168617232182,True
leave_one_date_out,2026-04-24,red_linear,S2C_T29UPA_20260424T114417_L2A,2026-04-24,L1279,0.203743755817413,4.191012282414995,3.9872685265975822,False
leave_one_date_out,2026-04-24,nir_linear,S2C_T29UPA_20260424T114417_L2A,2026-04-24,L1278,2.33187127113342,4.9439000804634246,2.6120288093300044,False
leave_one_date_out,2026-04-24,nir_linear,S2C_T29UPA_20260424T114417_L2A,2026-04-24,L1279,0.203743755817413,5.009127484148375,4.805383728330962,False
leave_one_date_out,2026-04-24,red_nir_linear,S2C_T29UPA_20260424T114417_L2A,2026-04-24,L1278,2.33187127113342,1.1412208537429072,-1.190650417390513,True
leave_one_date_out,2026-04-24,red_nir_linear,S2C_T29UPA_20260424T114417_L2A,2026-04-24,L1279,0.203743755817413,3.3424922473618124,3.1387484915443995,False
leave_one_date_out,2026-04-24,red_green_ratio,S2C_T29UPA_20260424T114417_L2A,2026-04-24,L1278,2.33187127113342,4.415053538586911,2.083182267453491,False
leave_one_date_out,2026-04-24,red_green_ratio,S2C_T29UPA_20260424T114417_L2A,2026-04-24,L1279,0.203743755817413,6.033955704730466,5.830211948913052,False
leave_one_date_out,2026-04-24,nir_red_ratio,S2C_T29UPA_20260424T114417_L2A,2026-04-24,L1278,2.33187127113342,3.30942603523936,0.9775547641059399,False
leave_one_date_out,2026-04-24,nir_red_ratio,S2C_T29UPA_20260424T114417_L2A,2026-04-24,L1279,0.203743755817413,5.009260662765827,4.805516906948414,False
leave_one_date_out,2026-04-29,training_median,S2B_T29UPA_20260429T114343_L2A,2026-04-29,L1278,2.35662269592285,3.150239944458005,0.7936172485351554,False
leave_one_date_out,2026-04-29,training_median,S2B_T29UPA_20260429T114343_L2A,2026-04-29,L1279,0.249919667840004,3.150239944458005,2.900320276618001,False
leave_one_date_out,2026-04-29,station_median,S2B_T29UPA_20260429T114343_L2A,2026-04-29,L1278,2.35662269592285,1.23373454809189,-1.1228881478309598,False
leave_one_date_out,2026-04-29,station_median,S2B_T29UPA_20260429T114343_L2A,2026-04-29,L1279,0.249919667840004,7.224744319915775,6.974824652075771,False
leave_one_date_out,2026-04-29,seasonal_harmonic,S2B_T29UPA_20260429T114343_L2A,2026-04-29,L1278,2.35662269592285,3.3009610621721492,0.9443383662492995,False
leave_one_date_out,2026-04-29,seasonal_harmonic,S2B_T29UPA_20260429T114343_L2A,2026-04-29,L1279,0.249919667840004,3.3009610621721492,3.0510413943321453,False
leave_one_date_out,2026-04-29,red_linear,S2B_T29UPA_20260429T114343_L2A,2026-04-29,L1278,2.35662269592285,3.602151192820478,1.2455284968976281,False
leave_one_date_out,2026-04-29,red_linear,S2B_T29UPA_20260429T114343_L2A,2026-04-29,L1279,0.249919667840004,4.267852027179187,4.017932359339183,False
leave_one_date_out,2026-04-29,nir_linear,S2B_T29UPA_20260429T114343_L2A,2026-04-29,L1278,2.35662269592285,4.92618155683946,2.56955886091661,False
leave_one_date_out,2026-04-29,nir_linear,S2B_T29UPA_20260429T114343_L2A,2026-04-29,L1279,0.249919667840004,5.013626451078507,4.763706783238503,False
leave_one_date_out,2026-04-29,red_nir_linear,S2B_T29UPA_20260429T114343_L2A,2026-04-29,L1278,2.35662269592285,1.987112755505077,-0.36950994041777285,False
leave_one_date_out,2026-04-29,red_nir_linear,S2B_T29UPA_20260429T114343_L2A,2026-04-29,L1279,0.249919667840004,3.593296274397653,3.343376606557649,False
leave_one_date_out,2026-04-29,red_green_ratio,S2B_T29UPA_20260429T114343_L2A,2026-04-29,L1278,2.35662269592285,4.749104667686986,2.392481971764136,False
leave_one_date_out,2026-04-29,red_green_ratio,S2B_T29UPA_20260429T114343_L2A,2026-04-29,L1279,0.249919667840004,6.231412759810024,5.98149309197002,False
leave_one_date_out,2026-04-29,nir_red_ratio,S2B_T29UPA_20260429T114343_L2A,2026-04-29,L1278,2.35662269592285,4.472011180922595,2.1153884849997455,False
leave_one_date_out,2026-04-29,nir_red_ratio,S2B_T29UPA_20260429T114343_L2A,2026-04-29,L1279,0.249919667840004,5.108768963889448,4.858849296049444,False
leave_one_date_out,2026-05-09,training_median,S2B_T29UPA_20260509T114438_L2A,2026-05-09,L1278,2.51252102851868,3.06201863288879,0.5494976043701101,False
leave_one_date_out,2026-05-09,station_median,S2B_T29UPA_20260509T114438_L2A,2026-05-09,L1278,2.51252102851868,1.23373454809189,-1.2787864804267899,False
leave_one_date_out,2026-05-09,seasonal_harmonic,S2B_T29UPA_20260509T114438_L2A,2026-05-09,L1278,2.51252102851868,3.308004513275007,0.795483484756327,False
leave_one_date_out,2026-05-09,red_linear,S2B_T29UPA_20260509T114438_L2A,2026-05-09,L1278,2.51252102851868,5.67613956075394,3.1636185322352603,False
leave_one_date_out,2026-05-09,nir_linear,S2B_T29UPA_20260509T114438_L2A,2026-05-09,L1278,2.51252102851868,5.310863962610936,2.7983429340922563,False
leave_one_date_out,2026-05-09,red_nir_linear,S2B_T29UPA_20260509T114438_L2A,2026-05-09,L1278,2.51252102851868,5.572354894301283,3.0598338657826027,False
leave_one_date_out,2026-05-09,red_green_ratio,S2B_T29UPA_20260509T114438_L2A,2026-05-09,L1278,2.51252102851868,6.999839601316974,4.487318572798294,False
leave_one_date_out,2026-05-09,nir_red_ratio,S2B_T29UPA_20260509T114438_L2A,2026-05-09,L1278,2.51252102851868,4.726938858614474,2.2144178300957944,False
leave_one_date_out,2026-05-11,training_median,S2C_T29UPA_20260511T113318_L2A,2026-05-11,L1279,10.3553037643433,3.00755977630615,-7.34774398803715,False
leave_one_date_out,2026-05-11,station_median,S2C_T29UPA_20260511T113318_L2A,2026-05-11,L1279,10.3553037643433,6.63287878036499,-3.7224249839783106,False
leave_one_date_out,2026-05-11,seasonal_harmonic,S2C_T29UPA_20260511T113318_L2A,2026-05-11,L1279,10.3553037643433,3.080368994445131,-7.27493476989817,False
leave_one_date_out,2026-05-11,red_linear,S2C_T29UPA_20260511T113318_L2A,2026-05-11,L1279,10.3553037643433,4.0170571005242515,-6.338246663819049,False
leave_one_date_out,2026-05-11,nir_linear,S2C_T29UPA_20260511T113318_L2A,2026-05-11,L1279,10.3553037643433,4.795391705307678,-5.559912059035622,False
leave_one_date_out,2026-05-11,red_nir_linear,S2C_T29UPA_20260511T113318_L2A,2026-05-11,L1279,10.3553037643433,3.500471522472492,-6.854832241870809,False
leave_one_date_out,2026-05-11,red_green_ratio,S2C_T29UPA_20260511T113318_L2A,2026-05-11,L1279,10.3553037643433,5.360429262877676,-4.994874501465625,False
leave_one_date_out,2026-05-11,nir_red_ratio,S2C_T29UPA_20260511T113318_L2A,2026-05-11,L1279,10.3553037643433,5.12870264569154,-5.226601118651761,False
leave_one_date_out,2026-05-13,training_median,S2A_T29UPA_20260513T113331_L2A,2026-05-13,L1278,3.06201863288879,3.00755977630615,-0.054458856582639825,False
leave_one_date_out,2026-05-13,station_median,S2A_T29UPA_20260513T113331_L2A,2026-05-13,L1278,3.06201863288879,1.23373454809189,-1.8282840847969,False
leave_one_date_out,2026-05-13,seasonal_harmonic,S2A_T29UPA_20260513T113331_L2A,2026-05-13,L1278,3.06201863288879,3.357445954104238,0.2954273212154481,False
leave_one_date_out,2026-05-13,red_linear,S2A_T29UPA_20260513T113331_L2A,2026-05-13,L1278,3.06201863288879,7.242360164141807,4.180341531253017,False
leave_one_date_out,2026-05-13,nir_linear,S2A_T29UPA_20260513T113331_L2A,2026-05-13,L1278,3.06201863288879,5.48459114009152,2.4225725072027298,False
leave_one_date_out,2026-05-13,red_nir_linear,S2A_T29UPA_20260513T113331_L2A,2026-05-13,L1278,3.06201863288879,9.643891087903565,6.581872455014775,False
leave_one_date_out,2026-05-13,red_green_ratio,S2A_T29UPA_20260513T113331_L2A,2026-05-13,L1278,3.06201863288879,6.160386169726473,3.098367536837683,False
leave_one_date_out,2026-05-13,nir_red_ratio,S2A_T29UPA_20260513T113331_L2A,2026-05-13,L1278,3.06201863288879,5.2216119042910005,2.1595932714022106,False
leave_one_date_out,2026-05-26,training_median,S2B_T29UPA_20260526T113435_L2A,2026-05-26,L1279,3.2755765914917,2.969406604766845,-0.3061699867248553,False
leave_one_date_out,2026-05-26,training_median,S2A_T29UPA_20260526T114403_L2A,2026-05-26,L1279,3.75472259521484,2.969406604766845,-0.7853159904479954,False
leave_one_date_out,2026-05-26,station_median,S2B_T29UPA_20260526T113435_L2A,2026-05-26,L1279,3.2755765914917,7.77274084091187,4.49716424942017,False
leave_one_date_out,2026-05-26,station_median,S2A_T29UPA_20260526T114403_L2A,2026-05-26,L1279,3.75472259521484,7.77274084091187,4.0180182456970295,False
leave_one_date_out,2026-05-26,seasonal_harmonic,S2B_T29UPA_20260526T113435_L2A,2026-05-26,L1279,3.2755765914917,3.624601816067898,0.3490252245761978,False
leave_one_date_out,2026-05-26,seasonal_harmonic,S2A_T29UPA_20260526T114403_L2A,2026-05-26,L1279,3.75472259521484,3.624601816067898,-0.1301207791469423,False
leave_one_date_out,2026-05-26,red_linear,S2B_T29UPA_20260526T113435_L2A,2026-05-26,L1279,3.2755765914917,6.421876574435728,3.1462999829440275,False
leave_one_date_out,2026-05-26,red_linear,S2A_T29UPA_20260526T114403_L2A,2026-05-26,L1279,3.75472259521484,6.2040344464166095,2.4493118512017693,False
leave_one_date_out,2026-05-26,nir_linear,S2B_T29UPA_20260526T113435_L2A,2026-05-26,L1279,3.2755765914917,5.499316345830524,2.2237397543388235,False
leave_one_date_out,2026-05-26,nir_linear,S2A_T29UPA_20260526T114403_L2A,2026-05-26,L1279,3.75472259521484,5.521990580669832,1.7672679854549918,False
leave_one_date_out,2026-05-26,red_nir_linear,S2B_T29UPA_20260526T113435_L2A,2026-05-26,L1279,3.2755765914917,6.693067898019086,3.4174913065273858,False
leave_one_date_out,2026-05-26,red_nir_linear,S2A_T29UPA_20260526T114403_L2A,2026-05-26,L1279,3.75472259521484,5.738113544936931,1.9833909497220912,False
leave_one_date_out,2026-05-26,red_green_ratio,S2B_T29UPA_20260526T113435_L2A,2026-05-26,L1279,3.2755765914917,5.29193655406645,2.01635996257475,False
leave_one_date_out,2026-05-26,red_green_ratio,S2A_T29UPA_20260526T114403_L2A,2026-05-26,L1279,3.75472259521484,5.753993214744739,1.9992706195298986,False
leave_one_date_out,2026-05-26,nir_red_ratio,S2B_T29UPA_20260526T113435_L2A,2026-05-26,L1279,3.2755765914917,4.71568509054871,1.4401084990570103,False
leave_one_date_out,2026-05-26,nir_red_ratio,S2A_T29UPA_20260526T114403_L2A,2026-05-26,L1279,3.75472259521484,4.447481445992865,0.6927588507780245,False
leave_one_date_out,2026-06-08,training_median,S2B_T29UPA_20260608T114344_L2A,2026-06-08,L1278,2.58542895317078,3.06201863288879,0.47658967971801003,False
leave_one_date_out,2026-06-08,station_median,S2B_T29UPA_20260608T114344_L2A,2026-06-08,L1278,2.58542895317078,1.23373454809189,-1.35169440507889,False
leave_one_date_out,2026-06-08,seasonal_harmonic,S2B_T29UPA_20260608T114344_L2A,2026-06-08,L1278,2.58542895317078,3.9986736730985193,1.4132447199277394,False
leave_one_date_out,2026-06-08,red_linear,S2B_T29UPA_20260608T114344_L2A,2026-06-08,L1278,2.58542895317078,6.629812675136317,4.044383721965537,False
leave_one_date_out,2026-06-08,nir_linear,S2B_T29UPA_20260608T114344_L2A,2026-06-08,L1278,2.58542895317078,5.329225783403664,2.743796830232884,False
leave_one_date_out,2026-06-08,red_nir_linear,S2B_T29UPA_20260608T114344_L2A,2026-06-08,L1278,2.58542895317078,8.852394728590662,6.266965775419882,False
leave_one_date_out,2026-06-08,red_green_ratio,S2B_T29UPA_20260608T114344_L2A,2026-06-08,L1278,2.58542895317078,6.013204194509043,3.4277752413382627,False
leave_one_date_out,2026-06-08,nir_red_ratio,S2B_T29UPA_20260608T114344_L2A,2026-06-08,L1278,2.58542895317078,5.382687965115673,2.7972590119448935,False
leave_one_date_out,2026-06-10,training_median,S2C_T29UPA_20260610T113317_L2A,2026-06-10,L1279,3.00755977630615,3.06201863288879,0.054458856582639825,False
leave_one_date_out,2026-06-10,station_median,S2C_T29UPA_20260610T113317_L2A,2026-06-10,L1279,3.00755977630615,7.224744319915775,4.2171845436096245,False
leave_one_date_out,2026-06-10,seasonal_harmonic,S2C_T29UPA_20260610T113317_L2A,2026-06-10,L1279,3.00755977630615,4.047114808979949,1.0395550326737992,False
leave_one_date_out,2026-06-10,red_linear,S2C_T29UPA_20260610T113317_L2A,2026-06-10,L1279,3.00755977630615,4.594408859542997,1.5868490832368471,False
leave_one_date_out,2026-06-10,nir_linear,S2C_T29UPA_20260610T113317_L2A,2026-06-10,L1279,3.00755977630615,4.917959450782658,1.910399674476508,False
leave_one_date_out,2026-06-10,red_nir_linear,S2C_T29UPA_20260610T113317_L2A,2026-06-10,L1279,3.00755977630615,5.152501497706783,2.144941721400633,False
leave_one_date_out,2026-06-10,red_green_ratio,S2C_T29UPA_20260610T113317_L2A,2026-06-10,L1279,3.00755977630615,3.8810621128901057,0.8735023365839556,False
leave_one_date_out,2026-06-10,nir_red_ratio,S2C_T29UPA_20260610T113317_L2A,2026-06-10,L1279,3.00755977630615,5.7425595785419485,2.7349998022357984,False
leave_one_date_out,2026-06-20,training_median,S2C_T29UPA_20260620T113317_L2A,2026-06-20,L1278,3.45781397819519,2.969406604766845,-0.48840737342834517,False
leave_one_date_out,2026-06-20,training_median,S2C_T29UPA_20260620T113317_L2A,2026-06-20,L1279,13.6083631515503,2.969406604766845,-10.638956546783454,False
leave_one_date_out,2026-06-20,station_median,S2C_T29UPA_20260620T113317_L2A,2026-06-20,L1278,3.45781397819519,1.23373454809189,-2.2240794301033002,False
leave_one_date_out,2026-06-20,station_median,S2C_T29UPA_20260620T113317_L2A,2026-06-20,L1279,13.6083631515503,6.63287878036499,-6.97548437118531,False
leave_one_date_out,2026-06-20,seasonal_harmonic,S2C_T29UPA_20260620T113317_L2A,2026-06-20,L1278,3.45781397819519,4.105173572937907,0.6473595947427166,False
leave_one_date_out,2026-06-20,seasonal_harmonic,S2C_T29UPA_20260620T113317_L2A,2026-06-20,L1279,13.6083631515503,4.105173572937907,-9.503189578612393,False
leave_one_date_out,2026-06-20,red_linear,S2C_T29UPA_20260620T113317_L2A,2026-06-20,L1278,3.45781397819519,4.289462822639971,0.8316488444447807,False
leave_one_date_out,2026-06-20,red_linear,S2C_T29UPA_20260620T113317_L2A,2026-06-20,L1279,13.6083631515503,3.9932150603155447,-9.615148091234754,False
leave_one_date_out,2026-06-20,nir_linear,S2C_T29UPA_20260620T113317_L2A,2026-06-20,L1278,3.45781397819519,4.79903545700978,1.3412214788145902,False
leave_one_date_out,2026-06-20,nir_linear,S2C_T29UPA_20260620T113317_L2A,2026-06-20,L1279,13.6083631515503,4.686901062484365,-8.921462089065935,False
leave_one_date_out,2026-06-20,red_nir_linear,S2C_T29UPA_20260620T113317_L2A,2026-06-20,L1278,3.45781397819519,4.247104900688964,0.7892909224937736,False
leave_one_date_out,2026-06-20,red_nir_linear,S2C_T29UPA_20260620T113317_L2A,2026-06-20,L1279,13.6083631515503,4.106713157719868,-9.501649993830432,False
leave_one_date_out,2026-06-20,red_green_ratio,S2C_T29UPA_20260620T113317_L2A,2026-06-20,L1278,3.45781397819519,4.774287109751138,1.3164731315559481,False
leave_one_date_out,2026-06-20,red_green_ratio,S2C_T29UPA_20260620T113317_L2A,2026-06-20,L1279,13.6083631515503,4.199473780011451,-9.408889371538848,False
leave_one_date_out,2026-06-20,nir_red_ratio,S2C_T29UPA_20260620T113317_L2A,2026-06-20,L1278,3.45781397819519,5.257682846211781,1.7998688680165906,False
leave_one_date_out,2026-06-20,nir_red_ratio,S2C_T29UPA_20260620T113317_L2A,2026-06-20,L1279,13.6083631515503,5.669824433150647,-7.938538718399653,False
leave_one_date_out,2026-06-25,training_median,S2B_T29UPA_20260625T113315_L2A,2026-06-25,L1278,3.61900734901428,2.8415873050689697,-0.7774200439453103,False
leave_one_date_out,2026-06-25,training_median,S2B_T29UPA_20260625T113315_L2A,2026-06-25,L1279,6.5890097618103,2.8415873050689697,-3.7474224567413303,False
leave_one_date_out,2026-06-25,training_median,S2A_T29UPA_20260625T114616_L2A,2026-06-25,L1278,3.59910750389099,2.8415873050689697,-0.7575201988220202,False
leave_one_date_out,2026-06-25,training_median,S2A_T29UPA_20260625T114616_L2A,2026-06-25,L1279,7.77274084091187,2.8415873050689697,-4.9311535358429,False
leave_one_date_out,2026-06-25,station_median,S2B_T29UPA_20260625T113315_L2A,2026-06-25,L1278,3.61900734901428,1.21478772163391,-2.40421962738037,False
leave_one_date_out,2026-06-25,station_median,S2B_T29UPA_20260625T113315_L2A,2026-06-25,L1279,6.5890097618103,6.67674779891968,0.08773803710938033,False
leave_one_date_out,2026-06-25,station_median,S2A_T29UPA_20260625T114616_L2A,2026-06-25,L1278,3.59910750389099,1.21478772163391,-2.38431978225708,False
leave_one_date_out,2026-06-25,station_median,S2A_T29UPA_20260625T114616_L2A,2026-06-25,L1279,7.77274084091187,6.67674779891968,-1.0959930419921893,False
leave_one_date_out,2026-06-25,seasonal_harmonic,S2B_T29UPA_20260625T113315_L2A,2026-06-25,L1278,3.61900734901428,4.390991718401458,0.771984369387178,False
leave_one_date_out,2026-06-25,seasonal_harmonic,S2B_T29UPA_20260625T113315_L2A,2026-06-25,L1279,6.5890097618103,4.390991718401458,-2.198018043408842,False
leave_one_date_out,2026-06-25,seasonal_harmonic,S2A_T29UPA_20260625T114616_L2A,2026-06-25,L1278,3.59910750389099,4.390991718401458,0.7918842145104681,False
leave_one_date_out,2026-06-25,seasonal_harmonic,S2A_T29UPA_20260625T114616_L2A,2026-06-25,L1279,7.77274084091187,4.390991718401458,-3.3817491225104117,False
leave_one_date_out,2026-06-25,red_linear,S2B_T29UPA_20260625T113315_L2A,2026-06-25,L1278,3.61900734901428,4.1490904287903545,0.5300830797760745,False
leave_one_date_out,2026-06-25,red_linear,S2B_T29UPA_20260625T113315_L2A,2026-06-25,L1279,6.5890097618103,3.8775374898331334,-2.7114722719771667,False
leave_one_date_out,2026-06-25,red_linear,S2A_T29UPA_20260625T114616_L2A,2026-06-25,L1278,3.59910750389099,5.222958869212087,1.6238513653210975,False
leave_one_date_out,2026-06-25,red_linear,S2A_T29UPA_20260625T114616_L2A,2026-06-25,L1279,7.77274084091187,4.531733206411891,-3.2410076344999785,False
leave_one_date_out,2026-06-25,nir_linear,S2B_T29UPA_20260625T113315_L2A,2026-06-25,L1278,3.61900734901428,5.033840777588294,1.4148334285740138,False
leave_one_date_out,2026-06-25,nir_linear,S2B_T29UPA_20260625T113315_L2A,2026-06-25,L1279,6.5890097618103,4.946609001713373,-1.642400760096927,False
leave_one_date_out,2026-06-25,nir_linear,S2A_T29UPA_20260625T114616_L2A,2026-06-25,L1278,3.59910750389099,5.393671853072344,1.7945643491813539,False
leave_one_date_out,2026-06-25,nir_linear,S2A_T29UPA_20260625T114616_L2A,2026-06-25,L1279,7.77274084091187,5.161573020833714,-2.6111678200781556,False
leave_one_date_out,2026-06-25,red_nir_linear,S2B_T29UPA_20260625T113315_L2A,2026-06-25,L1278,3.61900734901428,2.108406815933841,-1.510600533080439,False
leave_one_date_out,2026-06-25,red_nir_linear,S2B_T29UPA_20260625T113315_L2A,2026-06-25,L1279,6.5890097618103,1.9031237925549975,-4.6858859692553025,False
leave_one_date_out,2026-06-25,red_nir_linear,S2A_T29UPA_20260625T114616_L2A,2026-06-25,L1278,3.59910750389099,2.7816720547425464,-0.8174354491484435,False
leave_one_date_out,2026-06-25,red_nir_linear,S2A_T29UPA_20260625T114616_L2A,2026-06-25,L1279,7.77274084091187,2.3528100438872697,-5.4199307970246,False
leave_one_date_out,2026-06-25,red_green_ratio,S2B_T29UPA_20260625T113315_L2A,2026-06-25,L1278,3.61900734901428,5.6367704228080155,2.0177630737937355,False
leave_one_date_out,2026-06-25,red_green_ratio,S2B_T29UPA_20260625T113315_L2A,2026-06-25,L1279,6.5890097618103,5.651900295420553,-0.9371094663897468,False
leave_one_date_out,2026-06-25,red_green_ratio,S2A_T29UPA_20260625T114616_L2A,2026-06-25,L1278,3.59910750389099,7.060944215958028,3.4618367120670377,False
leave_one_date_out,2026-06-25,red_green_ratio,S2A_T29UPA_20260625T114616_L2A,2026-06-25,L1279,7.77274084091187,6.162671346044526,-1.6100694948673437,False
leave_one_date_out,2026-06-25,nir_red_ratio,S2B_T29UPA_20260625T113315_L2A,2026-06-25,L1278,3.61900734901428,3.66524105115836,0.04623370214408018,False
leave_one_date_out,2026-06-25,nir_red_ratio,S2B_T29UPA_20260625T113315_L2A,2026-06-25,L1279,6.5890097618103,3.779836571290119,-2.809173190520181,False
leave_one_date_out,2026-06-25,nir_red_ratio,S2A_T29UPA_20260625T114616_L2A,2026-06-25,L1278,3.59910750389099,3.349203982165516,-0.2499035217254737,False
leave_one_date_out,2026-06-25,nir_red_ratio,S2A_T29UPA_20260625T114616_L2A,2026-06-25,L1279,7.77274084091187,3.518619773971704,-4.254121066940166,False
leave_one_date_out,2026-06-28,training_median,S2B_T29UPA_20260628T114344_L2A,2026-06-28,L1279,5.937744140625,3.00755977630615,-2.93018436431885,False
leave_one_date_out,2026-06-28,station_median,S2B_T29UPA_20260628T114344_L2A,2026-06-28,L1279,5.937744140625,7.224744319915775,1.287000179290775,False
leave_one_date_out,2026-06-28,seasonal_harmonic,S2B_T29UPA_20260628T114344_L2A,2026-06-28,L1279,5.937744140625,4.5581112582353125,-1.3796328823896875,True
leave_one_date_out,2026-06-28,red_linear,S2B_T29UPA_20260628T114344_L2A,2026-06-28,L1279,5.937744140625,6.118042335084377,0.18029819445937711,False
leave_one_date_out,2026-06-28,nir_linear,S2B_T29UPA_20260628T114344_L2A,2026-06-28,L1279,5.937744140625,5.32465509529911,-0.6130890453258901,False
leave_one_date_out,2026-06-28,red_nir_linear,S2B_T29UPA_20260628T114344_L2A,2026-06-28,L1279,5.937744140625,6.739279201513783,0.8015350608887832,False
leave_one_date_out,2026-06-28,red_green_ratio,S2B_T29UPA_20260628T114344_L2A,2026-06-28,L1279,5.937744140625,5.650670018932262,-0.28707412169273816,False
leave_one_date_out,2026-06-28,nir_red_ratio,S2B_T29UPA_20260628T114344_L2A,2026-06-28,L1279,5.937744140625,4.869438571522162,-1.0683055691028382,False
leave_one_date_out,2026-07-08,training_median,S2B_T29UPA_20260708T114435_L2A,2026-07-08,L1278,4.83399629592896,2.969406604766845,-1.8645896911621156,False
leave_one_date_out,2026-07-08,training_median,S2B_T29UPA_20260708T114435_L2A,2026-07-08,L1279,6.67674779891968,2.969406604766845,-3.7073411941528356,False
leave_one_date_out,2026-07-08,station_median,S2B_T29UPA_20260708T114435_L2A,2026-07-08,L1278,4.83399629592896,1.23373454809189,-3.60026174783707,False
leave_one_date_out,2026-07-08,station_median,S2B_T29UPA_20260708T114435_L2A,2026-07-08,L1279,6.67674779891968,7.180875301361085,0.5041275024414045,False
leave_one_date_out,2026-07-08,seasonal_harmonic,S2B_T29UPA_20260708T114435_L2A,2026-07-08,L1278,4.83399629592896,4.8902480540218844,0.05625175809292404,False
leave_one_date_out,2026-07-08,seasonal_harmonic,S2B_T29UPA_20260708T114435_L2A,2026-07-08,L1279,6.67674779891968,4.8902480540218844,-1.786499744897796,False
leave_one_date_out,2026-07-08,red_linear,S2B_T29UPA_20260708T114435_L2A,2026-07-08,L1278,4.83399629592896,5.4029833694325715,0.5689870735036111,False
leave_one_date_out,2026-07-08,red_linear,S2B_T29UPA_20260708T114435_L2A,2026-07-08,L1279,6.67674779891968,4.238746188956734,-2.4380016099629467,False
leave_one_date_out,2026-07-08,nir_linear,S2B_T29UPA_20260708T114435_L2A,2026-07-08,L1278,4.83399629592896,5.232988483148456,0.3989921872194957,False
leave_one_date_out,2026-07-08,nir_linear,S2B_T29UPA_20260708T114435_L2A,2026-07-08,L1279,6.67674779891968,4.931862971939272,-1.7448848269804085,False
leave_one_date_out,2026-07-08,red_nir_linear,S2B_T29UPA_20260708T114435_L2A,2026-07-08,L1278,4.83399629592896,4.964813251287172,0.13081695535821147,False
leave_one_date_out,2026-07-08,red_nir_linear,S2B_T29UPA_20260708T114435_L2A,2026-07-08,L1279,6.67674779891968,3.4400232121547125,-3.236724586764968,False
leave_one_date_out,2026-07-08,red_green_ratio,S2B_T29UPA_20260708T114435_L2A,2026-07-08,L1278,4.83399629592896,2.6565152546965427,-2.1774810412324177,False
leave_one_date_out,2026-07-08,red_green_ratio,S2B_T29UPA_20260708T114435_L2A,2026-07-08,L1279,6.67674779891968,4.309341478982909,-2.367406319936771,False
leave_one_date_out,2026-07-08,nir_red_ratio,S2B_T29UPA_20260708T114435_L2A,2026-07-08,L1278,4.83399629592896,4.558034171851697,-0.27596212407726384,False
leave_one_date_out,2026-07-08,nir_red_ratio,S2B_T29UPA_20260708T114435_L2A,2026-07-08,L1279,6.67674779891968,4.790952323383823,-1.8857954755358577,False
leave_one_date_out,2026-07-12,training_median,S2A_T29UPA_20260712T113332_L2A,2026-07-12,L1278,4.42262840270996,2.969406604766845,-1.4532217979431152,False
leave_one_date_out,2026-07-12,training_median,S2A_T29UPA_20260712T113332_L2A,2026-07-12,L1279,20.7052822113037,2.969406604766845,-17.735875606536855,False
leave_one_date_out,2026-07-12,station_median,S2A_T29UPA_20260712T113332_L2A,2026-07-12,L1278,4.42262840270996,1.23373454809189,-3.18889385461807,False
leave_one_date_out,2026-07-12,station_median,S2A_T29UPA_20260712T113332_L2A,2026-07-12,L1279,20.7052822113037,6.63287878036499,-14.07240343093871,False
leave_one_date_out,2026-07-12,seasonal_harmonic,S2A_T29UPA_20260712T113332_L2A,2026-07-12,L1278,4.42262840270996,4.651559468436821,0.22893106572686062,False
leave_one_date_out,2026-07-12,seasonal_harmonic,S2A_T29UPA_20260712T113332_L2A,2026-07-12,L1279,20.7052822113037,4.651559468436821,-16.05372274286688,False
leave_one_date_out,2026-07-12,red_linear,S2A_T29UPA_20260712T113332_L2A,2026-07-12,L1278,4.42262840270996,3.597673746854537,-0.8249546558554233,False
leave_one_date_out,2026-07-12,red_linear,S2A_T29UPA_20260712T113332_L2A,2026-07-12,L1279,20.7052822113037,4.428316609475451,-16.27696560182825,False
leave_one_date_out,2026-07-12,nir_linear,S2A_T29UPA_20260712T113332_L2A,2026-07-12,L1278,4.42262840270996,4.543803890393538,0.121175487683578,False
leave_one_date_out,2026-07-12,nir_linear,S2A_T29UPA_20260712T113332_L2A,2026-07-12,L1279,20.7052822113037,4.674593739539875,-16.030688471763824,False
leave_one_date_out,2026-07-12,red_nir_linear,S2A_T29UPA_20260712T113332_L2A,2026-07-12,L1278,4.42262840270996,3.2052756983004222,-1.2173527044095378,False
leave_one_date_out,2026-07-12,red_nir_linear,S2A_T29UPA_20260712T113332_L2A,2026-07-12,L1279,20.7052822113037,5.069457662168176,-15.635824549135524,False
leave_one_date_out,2026-07-12,red_green_ratio,S2A_T29UPA_20260712T113332_L2A,2026-07-12,L1278,4.42262840270996,3.97920380272119,-0.44342459998877004,False
leave_one_date_out,2026-07-12,red_green_ratio,S2A_T29UPA_20260712T113332_L2A,2026-07-12,L1279,20.7052822113037,4.494621821897063,-16.210660389406637,False
leave_one_date_out,2026-07-12,nir_red_ratio,S2A_T29UPA_20260712T113332_L2A,2026-07-12,L1278,4.42262840270996,5.372633914520151,0.9500055118101907,False
leave_one_date_out,2026-07-12,nir_red_ratio,S2A_T29UPA_20260712T113332_L2A,2026-07-12,L1279,20.7052822113037,5.461844653666971,-15.243437557636728,False
leave_one_date_out,2026-07-13,training_median,S2C_T29UPA_20260713T114348_L2A,2026-07-13,L1278,4.07143783569336,3.00755977630615,-1.0638780593872101,False
leave_one_date_out,2026-07-13,station_median,S2C_T29UPA_20260713T114348_L2A,2026-07-13,L1278,4.07143783569336,1.23373454809189,-2.83770328760147,False
leave_one_date_out,2026-07-13,seasonal_harmonic,S2C_T29UPA_20260713T114348_L2A,2026-07-13,L1278,4.07143783569336,5.137928933027368,1.0664910973340076,False
leave_one_date_out,2026-07-13,red_linear,S2C_T29UPA_20260713T114348_L2A,2026-07-13,L1278,4.07143783569336,4.0051083732863795,-0.06632946240698079,False
leave_one_date_out,2026-07-13,nir_linear,S2C_T29UPA_20260713T114348_L2A,2026-07-13,L1278,4.07143783569336,4.865919294334255,0.7944814586408944,False
leave_one_date_out,2026-07-13,red_nir_linear,S2C_T29UPA_20260713T114348_L2A,2026-07-13,L1278,4.07143783569336,3.393995487214701,-0.6774423484786594,False
leave_one_date_out,2026-07-13,red_green_ratio,S2C_T29UPA_20260713T114348_L2A,2026-07-13,L1278,4.07143783569336,4.586631869528402,0.5151940338350416,False
leave_one_date_out,2026-07-13,nir_red_ratio,S2C_T29UPA_20260713T114348_L2A,2026-07-13,L1278,4.07143783569336,5.221281198485303,1.1498433627919429,False
leave_one_date_out,2026-07-15,training_median,S2B_T29UPA_20260715T113512_L2A,2026-07-15,L1278,4.05966567993164,2.8415873050689697,-1.21807837486267,False
leave_one_date_out,2026-07-15,training_median,S2B_T29UPA_20260715T113512_L2A,2026-07-15,L1279,12.2001991271973,2.8415873050689697,-9.35861182212833,False
leave_one_date_out,2026-07-15,training_median,S2A_T29UPA_20260715T114613_L2A,2026-07-15,L1278,4.13783502578735,2.8415873050689697,-1.2962477207183802,False
leave_one_date_out,2026-07-15,training_median,S2A_T29UPA_20260715T114613_L2A,2026-07-15,L1279,14.8572664260864,2.8415873050689697,-12.01567912101743,False
leave_one_date_out,2026-07-15,station_median,S2B_T29UPA_20260715T113512_L2A,2026-07-15,L1278,4.05966567993164,1.21478772163391,-2.8448779582977295,False
leave_one_date_out,2026-07-15,station_median,S2B_T29UPA_20260715T113512_L2A,2026-07-15,L1279,12.2001991271973,6.5890097618103,-5.611189365386999,False
leave_one_date_out,2026-07-15,station_median,S2A_T29UPA_20260715T114613_L2A,2026-07-15,L1278,4.13783502578735,1.21478772163391,-2.9230473041534397,False
leave_one_date_out,2026-07-15,station_median,S2A_T29UPA_20260715T114613_L2A,2026-07-15,L1279,14.8572664260864,6.5890097618103,-8.268256664276098,False
leave_one_date_out,2026-07-15,seasonal_harmonic,S2B_T29UPA_20260715T113512_L2A,2026-07-15,L1278,4.05966567993164,4.736997706359861,0.6773320264282212,False
leave_one_date_out,2026-07-15,seasonal_harmonic,S2B_T29UPA_20260715T113512_L2A,2026-07-15,L1279,12.2001991271973,4.736997706359861,-7.463201420837438,False
leave_one_date_out,2026-07-15,seasonal_harmonic,S2A_T29UPA_20260715T114613_L2A,2026-07-15,L1278,4.13783502578735,4.736997706359861,0.599162680572511,False
leave_one_date_out,2026-07-15,seasonal_harmonic,S2A_T29UPA_20260715T114613_L2A,2026-07-15,L1279,14.8572664260864,4.736997706359861,-10.120268719726539,False
leave_one_date_out,2026-07-15,red_linear,S2B_T29UPA_20260715T113512_L2A,2026-07-15,L1278,4.05966567993164,4.0289062048389646,-0.03075947509267518,False
leave_one_date_out,2026-07-15,red_linear,S2B_T29UPA_20260715T113512_L2A,2026-07-15,L1279,12.2001991271973,4.2599538436440625,-7.940245283553237,False
leave_one_date_out,2026-07-15,red_linear,S2A_T29UPA_20260715T114613_L2A,2026-07-15,L1278,4.13783502578735,4.4035780515499345,0.2657430257625846,False
leave_one_date_out,2026-07-15,red_linear,S2A_T29UPA_20260715T114613_L2A,2026-07-15,L1279,14.8572664260864,4.672092875026129,-10.18517355106027,False
leave_one_date_out,2026-07-15,nir_linear,S2B_T29UPA_20260715T113512_L2A,2026-07-15,L1278,4.05966567993164,4.6481059453698315,0.5884402654381917,False
leave_one_date_out,2026-07-15,nir_linear,S2B_T29UPA_20260715T113512_L2A,2026-07-15,L1279,12.2001991271973,4.624080038399655,-7.576119088797644,False
leave_one_date_out,2026-07-15,nir_linear,S2A_T29UPA_20260715T114613_L2A,2026-07-15,L1278,4.13783502578735,4.7751000250693325,0.6372649992819825,False
leave_one_date_out,2026-07-15,nir_linear,S2A_T29UPA_20260715T114613_L2A,2026-07-15,L1279,14.8572664260864,4.807706613100286,-10.049559812986114,False
leave_one_date_out,2026-07-15,red_nir_linear,S2B_T29UPA_20260715T113512_L2A,2026-07-15,L1278,4.05966567993164,3.9299118044804935,-0.12975387545114625,False
leave_one_date_out,2026-07-15,red_nir_linear,S2B_T29UPA_20260715T113512_L2A,2026-07-15,L1279,12.2001991271973,4.911261835863327,-7.288937291333973,False
leave_one_date_out,2026-07-15,red_nir_linear,S2A_T29UPA_20260715T114613_L2A,2026-07-15,L1278,4.13783502578735,4.244546065235934,0.10671103944858373,False
leave_one_date_out,2026-07-15,red_nir_linear,S2A_T29UPA_20260715T114613_L2A,2026-07-15,L1279,14.8572664260864,4.9193684448808686,-9.93789798120553,False
leave_one_date_out,2026-07-15,red_green_ratio,S2B_T29UPA_20260715T113512_L2A,2026-07-15,L1278,4.05966567993164,3.4446549980651424,-0.6150106818664973,False
leave_one_date_out,2026-07-15,red_green_ratio,S2B_T29UPA_20260715T113512_L2A,2026-07-15,L1279,12.2001991271973,3.695701977390214,-8.504497149807085,False
leave_one_date_out,2026-07-15,red_green_ratio,S2A_T29UPA_20260715T114613_L2A,2026-07-15,L1278,4.13783502578735,4.4864395905001455,0.34860456471279555,False
leave_one_date_out,2026-07-15,red_green_ratio,S2A_T29UPA_20260715T114613_L2A,2026-07-15,L1279,14.8572664260864,4.384203634697777,-10.473062791388621,False
leave_one_date_out,2026-07-15,nir_red_ratio,S2B_T29UPA_20260715T113512_L2A,2026-07-15,L1278,4.05966567993164,5.226555466775697,1.1668897868440569,False
leave_one_date_out,2026-07-15,nir_red_ratio,S2B_T29UPA_20260715T113512_L2A,2026-07-15,L1279,12.2001991271973,5.626725150683214,-6.5734739765140855,False
leave_one_date_out,2026-07-15,nir_red_ratio,S2A_T29UPA_20260715T114613_L2A,2026-07-15,L1278,4.13783502578735,4.91481643167343,0.7769814058860804,False
leave_one_date_out,2026-07-15,nir_red_ratio,S2A_T29UPA_20260715T114613_L2A,2026-07-15,L1279,14.8572664260864,5.037840921837739,-9.81942550424866,False
leave_one_date_out,2026-07-18,training_median,S2B_T29UPA_20260718T114347_L2A,2026-07-18,L1278,4.60120725631714,3.00755977630615,-1.5936474800109894,False
leave_one_date_out,2026-07-18,station_median,S2B_T29UPA_20260718T114347_L2A,2026-07-18,L1278,4.60120725631714,1.23373454809189,-3.3674727082252494,False
leave_one_date_out,2026-07-18,seasonal_harmonic,S2B_T29UPA_20260718T114347_L2A,2026-07-18,L1278,4.60120725631714,5.301945458089489,0.7007382017723494,False
leave_one_date_out,2026-07-18,red_linear,S2B_T29UPA_20260718T114347_L2A,2026-07-18,L1278,4.60120725631714,5.659500211127414,1.0582929548102742,False
leave_one_date_out,2026-07-18,nir_linear,S2B_T29UPA_20260718T114347_L2A,2026-07-18,L1278,4.60120725631714,5.036830443896193,0.4356231875790533,False
leave_one_date_out,2026-07-18,red_nir_linear,S2B_T29UPA_20260718T114347_L2A,2026-07-18,L1278,4.60120725631714,7.811753927990519,3.210546671673379,False
leave_one_date_out,2026-07-18,red_green_ratio,S2B_T29UPA_20260718T114347_L2A,2026-07-18,L1278,4.60120725631714,4.912741670569894,0.31153441425275474,False
leave_one_date_out,2026-07-18,nir_red_ratio,S2B_T29UPA_20260718T114347_L2A,2026-07-18,L1278,4.60120725631714,5.824858604900567,1.2236513485834273,False
leave_one_date_out,2026-07-30,training_median,S2C_T29UPA_20260730T113319_L2A,2026-07-30,L1279,1.30076158046722,3.06201863288879,1.76125705242157,False
leave_one_date_out,2026-07-30,station_median,S2C_T29UPA_20260730T113319_L2A,2026-07-30,L1279,1.30076158046722,7.224744319915775,5.923982739448555,False
leave_one_date_out,2026-07-30,seasonal_harmonic,S2C_T29UPA_20260730T113319_L2A,2026-07-30,L1279,1.30076158046722,5.822407037710602,4.521645457243382,False
leave_one_date_out,2026-07-30,red_linear,S2C_T29UPA_20260730T113319_L2A,2026-07-30,L1279,1.30076158046722,5.388728870451558,4.087967289984339,False
leave_one_date_out,2026-07-30,nir_linear,S2C_T29UPA_20260730T113319_L2A,2026-07-30,L1279,1.30076158046722,5.1116428064564,3.8108812259891804,False
leave_one_date_out,2026-07-30,red_nir_linear,S2C_T29UPA_20260730T113319_L2A,2026-07-30,L1279,1.30076158046722,6.399401508804103,5.098639928336883,False
leave_one_date_out,2026-07-30,red_green_ratio,S2C_T29UPA_20260730T113319_L2A,2026-07-30,L1279,1.30076158046722,3.8895881722126626,2.588826591745443,False
leave_one_date_out,2026-07-30,nir_red_ratio,S2C_T29UPA_20260730T113319_L2A,2026-07-30,L1279,1.30076158046722,5.463865689796125,4.163104109328906,False
leave_one_date_out,2026-08-04,training_median,S2A_T29UPA_20260804T114404_L2A,2026-08-04,L1279,3.23846125602722,3.00755977630615,-0.23090147972106978,False
leave_one_date_out,2026-08-04,station_median,S2A_T29UPA_20260804T114404_L2A,2026-08-04,L1279,3.23846125602722,7.224744319915775,3.986283063888555,False
leave_one_date_out,2026-08-04,seasonal_harmonic,S2A_T29UPA_20260804T114404_L2A,2026-08-04,L1279,3.23846125602722,5.934511157747775,2.6960499017205555,False
leave_one_date_out,2026-08-04,red_linear,S2A_T29UPA_20260804T114404_L2A,2026-08-04,L1279,3.23846125602722,5.902388125955336,2.6639268699281162,False
leave_one_date_out,2026-08-04,nir_linear,S2A_T29UPA_20260804T114404_L2A,2026-08-04,L1279,3.23846125602722,4.82005173315561,1.5815904771283904,False
leave_one_date_out,2026-08-04,red_nir_linear,S2A_T29UPA_20260804T114404_L2A,2026-08-04,L1279,3.23846125602722,11.340739428091396,8.102278172064176,False
leave_one_date_out,2026-08-04,red_green_ratio,S2A_T29UPA_20260804T114404_L2A,2026-08-04,L1279,3.23846125602722,4.046344887831196,0.8078836318039757,False
leave_one_date_out,2026-08-04,nir_red_ratio,S2A_T29UPA_20260804T114404_L2A,2026-08-04,L1279,3.23846125602722,7.165800275814212,3.9273390197869924,False
leave_one_date_out,2026-08-24,training_median,S2B_T29UPA_20260824T113314_L2A,2026-08-24,L1279,9.52653217315674,2.969406604766845,-6.557125568389895,False
leave_one_date_out,2026-08-24,training_median,S2A_T29UPA_20260824T114402_L2A,2026-08-24,L1279,8.97104549407959,2.969406604766845,-6.001638889312745,False
leave_one_date_out,2026-08-24,station_median,S2B_T29UPA_20260824T113314_L2A,2026-08-24,L1279,9.52653217315674,6.5890097618103,-2.93752241134644,False
leave_one_date_out,2026-08-24,station_median,S2A_T29UPA_20260824T114402_L2A,2026-08-24,L1279,8.97104549407959,6.5890097618103,-2.3820357322692898,False
leave_one_date_out,2026-08-24,seasonal_harmonic,S2B_T29UPA_20260824T113314_L2A,2026-08-24,L1279,9.52653217315674,6.244045368667948,-3.2824868044887925,False
leave_one_date_out,2026-08-24,seasonal_harmonic,S2A_T29UPA_20260824T114402_L2A,2026-08-24,L1279,8.97104549407959,6.244045368667948,-2.7270001254116423,False
leave_one_date_out,2026-08-24,red_linear,S2B_T29UPA_20260824T113314_L2A,2026-08-24,L1279,9.52653217315674,4.230213496544866,-5.296318676611874,False
leave_one_date_out,2026-08-24,red_linear,S2A_T29UPA_20260824T114402_L2A,2026-08-24,L1279,8.97104549407959,4.06679887736383,-4.90424661671576,False
leave_one_date_out,2026-08-24,nir_linear,S2B_T29UPA_20260824T113314_L2A,2026-08-24,L1279,9.52653217315674,4.87578509137268,-4.65074708178406,False
leave_one_date_out,2026-08-24,nir_linear,S2A_T29UPA_20260824T114402_L2A,2026-08-24,L1279,8.97104549407959,4.870985059418455,-4.100060434661135,False
leave_one_date_out,2026-08-24,red_nir_linear,S2B_T29UPA_20260824T113314_L2A,2026-08-24,L1279,9.52653217315674,3.349381788410038,-6.177150384746702,False
leave_one_date_out,2026-08-24,red_nir_linear,S2A_T29UPA_20260824T114402_L2A,2026-08-24,L1279,8.97104549407959,2.8034565104274765,-6.167588983652113,False
leave_one_date_out,2026-08-24,red_green_ratio,S2B_T29UPA_20260824T113314_L2A,2026-08-24,L1279,9.52653217315674,2.846611896589541,-6.679920276567199,False
leave_one_date_out,2026-08-24,red_green_ratio,S2A_T29UPA_20260824T114402_L2A,2026-08-24,L1279,8.97104549407959,2.9492170713400725,-6.021828422739517,False
leave_one_date_out,2026-08-24,nir_red_ratio,S2B_T29UPA_20260824T113314_L2A,2026-08-24,L1279,9.52653217315674,4.576187436563062,-4.950344736593678,False
leave_one_date_out,2026-08-24,nir_red_ratio,S2A_T29UPA_20260824T114402_L2A,2026-08-24,L1279,8.97104549407959,4.303553827047122,-4.6674916670324675,False
leave_one_date_out,2026-08-27,training_median,S2B_T29UPA_20260827T114344_L2A,2026-08-27,L1279,27.5559673309326,3.00755977630615,-24.54840755462645,False
leave_one_date_out,2026-08-27,station_median,S2B_T29UPA_20260827T114344_L2A,2026-08-27,L1279,27.5559673309326,6.63287878036499,-20.92308855056761,False
leave_one_date_out,2026-08-27,seasonal_harmonic,S2B_T29UPA_20260827T114344_L2A,2026-08-27,L1279,27.5559673309326,5.800020884786056,-21.755946446146545,False
leave_one_date_out,2026-08-27,red_linear,S2B_T29UPA_20260827T114344_L2A,2026-08-27,L1279,27.5559673309326,6.988565072841265,-20.567402258091334,False
leave_one_date_out,2026-08-27,nir_linear,S2B_T29UPA_20260827T114344_L2A,2026-08-27,L1279,27.5559673309326,4.596014384000342,-22.95995294693226,False
leave_one_date_out,2026-08-27,red_nir_linear,S2B_T29UPA_20260827T114344_L2A,2026-08-27,L1279,27.5559673309326,6.282574060022441,-21.27339327091016,False
leave_one_date_out,2026-08-27,red_green_ratio,S2B_T29UPA_20260827T114344_L2A,2026-08-27,L1279,27.5559673309326,4.518472083666408,-23.037495247266193,False
leave_one_date_out,2026-08-27,nir_red_ratio,S2B_T29UPA_20260827T114344_L2A,2026-08-27,L1279,27.5559673309326,3.5020854047862136,-24.053881926146385,False
leave_one_date_out,2026-09-08,training_median,S2C_T29UPA_20260908T113337_L2A,2026-09-08,L1279,8.80398178100586,3.00755977630615,-5.796422004699709,False
leave_one_date_out,2026-09-08,station_median,S2C_T29UPA_20260908T113337_L2A,2026-09-08,L1279,8.80398178100586,6.63287878036499,-2.171103000640869,False
leave_one_date_out,2026-09-08,seasonal_harmonic,S2C_T29UPA_20260908T113337_L2A,2026-09-08,L1279,8.80398178100586,6.706384494718431,-2.097597286287429,False
leave_one_date_out,2026-09-08,red_linear,S2C_T29UPA_20260908T113337_L2A,2026-09-08,L1279,8.80398178100586,4.438523885979132,-4.3654578950267275,False
leave_one_date_out,2026-09-08,nir_linear,S2C_T29UPA_20260908T113337_L2A,2026-09-08,L1279,8.80398178100586,4.94700198977115,-3.8569797912347097,False
leave_one_date_out,2026-09-08,red_nir_linear,S2C_T29UPA_20260908T113337_L2A,2026-09-08,L1279,8.80398178100586,3.838820657597428,-4.965161123408431,False
leave_one_date_out,2026-09-08,red_green_ratio,S2C_T29UPA_20260908T113337_L2A,2026-09-08,L1279,8.80398178100586,2.931090196550125,-5.872891584455735,False
leave_one_date_out,2026-09-08,nir_red_ratio,S2C_T29UPA_20260908T113337_L2A,2026-09-08,L1279,8.80398178100586,4.796150198169696,-4.007831582836164,False
forward_blocks,forward_0.4_0.6,training_median,S2A_T29UPA_20251114T113418_L2A,2025-11-14,L1278,0.453972905874252,0.988410890102386,0.534437984228134,False
forward_blocks,forward_0.4_0.6,training_median,S2A_T29UPA_20251124T113430_L2A,2025-11-24,L1278,0.116386495530605,0.988410890102386,0.872024394571781,False
forward_blocks,forward_0.4_0.6,training_median,S2A_T29UPA_20251124T113430_L2A,2025-11-24,L1279,17.0178451538086,0.988410890102386,-16.029434263706214,False
forward_blocks,forward_0.4_0.6,training_median,S2C_T29UPA_20251125T114429_L2A,2025-11-25,L1278,0.321463912725449,0.988410890102386,0.666946977376937,False
forward_blocks,forward_0.4_0.6,training_median,S2C_T29UPA_20251125T114429_L2A,2025-11-25,L1279,7.97729110717773,0.988410890102386,-6.988880217075344,False
forward_blocks,forward_0.4_0.6,training_median,S2C_T29UPA_20251202T113447_L2A,2025-12-02,L1278,1.25268137454987,0.988410890102386,-0.2642704844474839,False
forward_blocks,forward_0.4_0.6,training_median,S2C_T29UPA_20251202T113447_L2A,2025-12-02,L1279,30.3215179443359,0.988410890102386,-29.333107054233512,False
forward_blocks,forward_0.4_0.6,training_median,S2A_T29UPA_20251204T113500_L2A,2025-12-04,L1279,1.9813324213028,0.988410890102386,-0.992921531200414,False
forward_blocks,forward_0.4_0.6,training_median,S2B_T29UPA_20251210T114402_L2A,2025-12-10,L1279,24.1753387451172,0.988410890102386,-23.186927855014815,False
forward_blocks,forward_0.4_0.6,training_median,S2C_T29UPA_20251212T113507_L2A,2025-12-12,L1279,25.0200138092041,0.988410890102386,-24.031602919101715,False
forward_blocks,forward_0.4_0.6,training_median,S2B_T29UPA_20251220T114413_L2A,2025-12-20,L1278,0.00898528099060059,0.988410890102386,0.9794256091117854,False
forward_blocks,forward_0.4_0.6,training_median,S2C_T29UPA_20251225T114517_L2A,2025-12-25,L1278,0.666853487491608,0.988410890102386,0.32155740261077803,False
forward_blocks,forward_0.4_0.6,training_median,S2B_T29UPA_20251227T113407_L2A,2025-12-27,L1278,0.196776151657104,0.988410890102386,0.791634738445282,False
forward_blocks,forward_0.4_0.6,training_median,S2B_T29UPA_20260215T113312_L2A,2026-02-15,L1278,2.16349649429321,0.988410890102386,-1.1750856041908238,False
forward_blocks,forward_0.4_0.6,training_median,S2B_T29UPA_20260215T113312_L2A,2026-02-15,L1279,1.22384691238403,0.988410890102386,-0.23543602228164406,False
forward_blocks,forward_0.4_0.6,training_median,S2B_T29UPA_20260228T114345_L2A,2026-02-28,L1279,19.1767559051514,0.988410890102386,-18.188345015049013,False
forward_blocks,forward_0.4_0.6,station_median,S2A_T29UPA_20251114T113418_L2A,2025-11-14,L1278,0.453972905874252,0.6187863945961,0.16481348872184798,False
forward_blocks,forward_0.4_0.6,station_median,S2A_T29UPA_20251124T113430_L2A,2025-11-24,L1278,0.116386495530605,0.6187863945961,0.502399899065495,False
forward_blocks,forward_0.4_0.6,station_median,S2A_T29UPA_20251124T113430_L2A,2025-11-24,L1279,17.0178451538086,4.808781385421755,-12.209063768386846,False
forward_blocks,forward_0.4_0.6,station_median,S2C_T29UPA_20251125T114429_L2A,2025-11-25,L1278,0.321463912725449,0.6187863945961,0.29732248187065097,False
forward_blocks,forward_0.4_0.6,station_median,S2C_T29UPA_20251125T114429_L2A,2025-11-25,L1279,7.97729110717773,4.808781385421755,-3.1685097217559752,False
forward_blocks,forward_0.4_0.6,station_median,S2C_T29UPA_20251202T113447_L2A,2025-12-02,L1278,1.25268137454987,0.6187863945961,-0.63389497995377,False
forward_blocks,forward_0.4_0.6,station_median,S2C_T29UPA_20251202T113447_L2A,2025-12-02,L1279,30.3215179443359,4.808781385421755,-25.512736558914142,False
forward_blocks,forward_0.4_0.6,station_median,S2A_T29UPA_20251204T113500_L2A,2025-12-04,L1279,1.9813324213028,4.808781385421755,2.827448964118955,False
forward_blocks,forward_0.4_0.6,station_median,S2B_T29UPA_20251210T114402_L2A,2025-12-10,L1279,24.1753387451172,4.808781385421755,-19.36655735969545,False
forward_blocks,forward_0.4_0.6,station_median,S2C_T29UPA_20251212T113507_L2A,2025-12-12,L1279,25.0200138092041,4.808781385421755,-20.21123242378235,False
forward_blocks,forward_0.4_0.6,station_median,S2B_T29UPA_20251220T114413_L2A,2025-12-20,L1278,0.00898528099060059,0.6187863945961,0.6098011136054994,False
forward_blocks,forward_0.4_0.6,station_median,S2C_T29UPA_20251225T114517_L2A,2025-12-25,L1278,0.666853487491608,0.6187863945961,-0.048067092895508035,False
forward_blocks,forward_0.4_0.6,station_median,S2B_T29UPA_20251227T113407_L2A,2025-12-27,L1278,0.196776151657104,0.6187863945961,0.42201024293899597,False
forward_blocks,forward_0.4_0.6,station_median,S2B_T29UPA_20260215T113312_L2A,2026-02-15,L1278,2.16349649429321,0.6187863945961,-1.54471009969711,False
forward_blocks,forward_0.4_0.6,station_median,S2B_T29UPA_20260215T113312_L2A,2026-02-15,L1279,1.22384691238403,4.808781385421755,3.5849344730377246,False
forward_blocks,forward_0.4_0.6,station_median,S2B_T29UPA_20260228T114345_L2A,2026-02-28,L1279,19.1767559051514,4.808781385421755,-14.367974519729644,False
forward_blocks,forward_0.4_0.6,seasonal_harmonic,S2A_T29UPA_20251114T113418_L2A,2025-11-14,L1278,0.453972905874252,0.9815066453826562,0.5275337395084042,True
forward_blocks,forward_0.4_0.6,seasonal_harmonic,S2A_T29UPA_20251124T113430_L2A,2025-11-24,L1278,0.116386495530605,0.45790358846793167,0.3415170929373267,True
forward_blocks,forward_0.4_0.6,seasonal_harmonic,S2A_T29UPA_20251124T113430_L2A,2025-11-24,L1279,17.0178451538086,0.45790358846793167,-16.55994156534067,True
forward_blocks,forward_0.4_0.6,seasonal_harmonic,S2C_T29UPA_20251125T114429_L2A,2025-11-25,L1278,0.321463912725449,0.4059340088588922,0.0844700961334432,True
forward_blocks,forward_0.4_0.6,seasonal_harmonic,S2C_T29UPA_20251125T114429_L2A,2025-11-25,L1279,7.97729110717773,0.4059340088588922,-7.571357098318837,True
forward_blocks,forward_0.4_0.6,seasonal_harmonic,S2C_T29UPA_20251202T113447_L2A,2025-12-02,L1278,1.25268137454987,0.04672121063023604,-1.205960163919634,True
forward_blocks,forward_0.4_0.6,seasonal_harmonic,S2C_T29UPA_20251202T113447_L2A,2025-12-02,L1279,30.3215179443359,0.04672121063023604,-30.274796733705664,True
forward_blocks,forward_0.4_0.6,seasonal_harmonic,S2A_T29UPA_20251204T113500_L2A,2025-12-04,L1279,1.9813324213028,-0.05398552615068558,-2.0353179474534855,True
forward_blocks,forward_0.4_0.6,seasonal_harmonic,S2B_T29UPA_20251210T114402_L2A,2025-12-10,L1279,24.1753387451172,-0.34918212384666136,-24.52452086896386,True
forward_blocks,forward_0.4_0.6,seasonal_harmonic,S2C_T29UPA_20251212T113507_L2A,2025-12-12,L1279,25.0200138092041,-0.4448848788861746,-25.464898688090276,True
forward_blocks,forward_0.4_0.6,seasonal_harmonic,S2B_T29UPA_20251220T114413_L2A,2025-12-20,L1278,0.00898528099060059,-0.8112089170397796,-0.8201941980303802,True
forward_blocks,forward_0.4_0.6,seasonal_harmonic,S2C_T29UPA_20251225T114517_L2A,2025-12-25,L1278,0.666853487491608,-1.0245804034424455,-1.6914338909340536,True
forward_blocks,forward_0.4_0.6,seasonal_harmonic,S2B_T29UPA_20251227T113407_L2A,2025-12-27,L1278,0.196776151657104,-1.10612337494844,-1.302899526605544,True
forward_blocks,forward_0.4_0.6,seasonal_harmonic,S2B_T29UPA_20260215T113312_L2A,2026-02-15,L1278,2.16349649429321,-2.195664909997578,-4.359161404290788,True
forward_blocks,forward_0.4_0.6,seasonal_harmonic,S2B_T29UPA_20260215T113312_L2A,2026-02-15,L1279,1.22384691238403,-2.195664909997578,-3.419511822381608,True
forward_blocks,forward_0.4_0.6,seasonal_harmonic,S2B_T29UPA_20260228T114345_L2A,2026-02-28,L1279,19.1767559051514,-2.125348450973478,-21.30210435612488,False
forward_blocks,forward_0.4_0.6,red_linear,S2A_T29UPA_20251114T113418_L2A,2025-11-14,L1278,0.453972905874252,2.4904977426879067,2.036524836813655,False
forward_blocks,forward_0.4_0.6,red_linear,S2A_T29UPA_20251124T113430_L2A,2025-11-24,L1278,0.116386495530605,1.373758598098755,1.25737210256815,False
forward_blocks,forward_0.4_0.6,red_linear,S2A_T29UPA_20251124T113430_L2A,2025-11-24,L1279,17.0178451538086,2.5478644795674854,-14.469980674241116,False
forward_blocks,forward_0.4_0.6,red_linear,S2C_T29UPA_20251125T114429_L2A,2025-11-25,L1278,0.321463912725449,1.1901850400840988,0.8687211273586497,False
forward_blocks,forward_0.4_0.6,red_linear,S2C_T29UPA_20251125T114429_L2A,2025-11-25,L1279,7.97729110717773,4.020277392810032,-3.957013714367698,False
forward_blocks,forward_0.4_0.6,red_linear,S2C_T29UPA_20251202T113447_L2A,2025-12-02,L1278,1.25268137454987,1.7523790615039803,0.4996976869541103,False
forward_blocks,forward_0.4_0.6,red_linear,S2C_T29UPA_20251202T113447_L2A,2025-12-02,L1279,30.3215179443359,3.0450428658571767,-27.27647507847872,False
forward_blocks,forward_0.4_0.6,red_linear,S2A_T29UPA_20251204T113500_L2A,2025-12-04,L1279,1.9813324213028,2.0353882967765737,0.05405587547377366,False
forward_blocks,forward_0.4_0.6,red_linear,S2B_T29UPA_20251210T114402_L2A,2025-12-10,L1279,24.1753387451172,4.291813280706711,-19.88352546441049,False
forward_blocks,forward_0.4_0.6,red_linear,S2C_T29UPA_20251212T113507_L2A,2025-12-12,L1279,25.0200138092041,1.9053570265161934,-23.11465678268791,False
forward_blocks,forward_0.4_0.6,red_linear,S2B_T29UPA_20251220T114413_L2A,2025-12-20,L1278,0.00898528099060059,3.3548232450069073,3.3458379640163067,False
forward_blocks,forward_0.4_0.6,red_linear,S2C_T29UPA_20251225T114517_L2A,2025-12-25,L1278,0.666853487491608,1.7179590193762324,1.0511055318846245,False
forward_blocks,forward_0.4_0.6,red_linear,S2B_T29UPA_20251227T113407_L2A,2025-12-27,L1278,0.196776151657104,2.6128801146976772,2.416103963040573,False
forward_blocks,forward_0.4_0.6,red_linear,S2B_T29UPA_20260215T113312_L2A,2026-02-15,L1278,2.16349649429321,5.9745708958410475,3.8110744015478377,True
forward_blocks,forward_0.4_0.6,red_linear,S2B_T29UPA_20260215T113312_L2A,2026-02-15,L1279,1.22384691238403,1.7485546123786748,0.5247076999946447,False
forward_blocks,forward_0.4_0.6,red_linear,S2B_T29UPA_20260228T114345_L2A,2026-02-28,L1279,19.1767559051514,1.5458588087374938,-17.630897096413904,False
forward_blocks,forward_0.4_0.6,nir_linear,S2A_T29UPA_20251114T113418_L2A,2025-11-14,L1278,0.453972905874252,2.394166130214473,1.9401932243402213,False
forward_blocks,forward_0.4_0.6,nir_linear,S2A_T29UPA_20251124T113430_L2A,2025-11-24,L1278,0.116386495530605,1.8228547828728436,1.7064682873422385,False
forward_blocks,forward_0.4_0.6,nir_linear,S2A_T29UPA_20251124T113430_L2A,2025-11-24,L1279,17.0178451538086,2.0012438362264544,-15.016601317582147,False
forward_blocks,forward_0.4_0.6,nir_linear,S2C_T29UPA_20251125T114429_L2A,2025-11-25,L1278,0.321463912725449,1.7925403032179816,1.4710763904925326,False
forward_blocks,forward_0.4_0.6,nir_linear,S2C_T29UPA_20251125T114429_L2A,2025-11-25,L1279,7.97729110717773,2.750944236921695,-5.226346870256035,False
forward_blocks,forward_0.4_0.6,nir_linear,S2C_T29UPA_20251202T113447_L2A,2025-12-02,L1278,1.25268137454987,1.9231257540389255,0.6704443794890556,False
forward_blocks,forward_0.4_0.6,nir_linear,S2C_T29UPA_20251202T113447_L2A,2025-12-02,L1279,30.3215179443359,1.9825887718234625,-28.338929172512437,False
forward_blocks,forward_0.4_0.6,nir_linear,S2A_T29UPA_20251204T113500_L2A,2025-12-04,L1279,1.9813324213028,1.9324532862404213,-0.04887913506237873,False
forward_blocks,forward_0.4_0.6,nir_linear,S2B_T29UPA_20251210T114402_L2A,2025-12-10,L1279,24.1753387451172,2.633184142877808,-21.542154602239393,False
forward_blocks,forward_0.4_0.6,nir_linear,S2C_T29UPA_20251212T113507_L2A,2025-12-12,L1279,25.0200138092041,1.8520033210025186,-23.16801048820158,False
forward_blocks,forward_0.4_0.6,nir_linear,S2B_T29UPA_20251220T114413_L2A,2025-12-20,L1278,0.00898528099060059,2.4617907386753193,2.4528054576847187,False
forward_blocks,forward_0.4_0.6,nir_linear,S2C_T29UPA_20251225T114517_L2A,2025-12-25,L1278,0.666853487491608,1.8041997184698517,1.1373462309782436,False
forward_blocks,forward_0.4_0.6,nir_linear,S2B_T29UPA_20251227T113407_L2A,2025-12-27,L1278,0.196776151657104,2.0653706201117394,1.8685944684546354,False
forward_blocks,forward_0.4_0.6,nir_linear,S2B_T29UPA_20260215T113312_L2A,2026-02-15,L1278,2.16349649429321,3.7629814807840103,1.5994849864908005,False
forward_blocks,forward_0.4_0.6,nir_linear,S2B_T29UPA_20260215T113312_L2A,2026-02-15,L1279,1.22384691238403,1.8788199760818194,0.6549730636977893,False
forward_blocks,forward_0.4_0.6,nir_linear,S2B_T29UPA_20260228T114345_L2A,2026-02-28,L1279,19.1767559051514,1.8753221515062586,-17.301433753645142,False
forward_blocks,forward_0.4_0.6,red_nir_linear,S2A_T29UPA_20251114T113418_L2A,2025-11-14,L1278,0.453972905874252,1.8329865634172429,1.3790136575429908,False
forward_blocks,forward_0.4_0.6,red_nir_linear,S2A_T29UPA_20251124T113430_L2A,2025-11-24,L1278,0.116386495530605,1.4380627544598208,1.3216762589292157,False
forward_blocks,forward_0.4_0.6,red_nir_linear,S2A_T29UPA_20251124T113430_L2A,2025-11-24,L1279,17.0178451538086,4.091279022025442,-12.926566131783158,False
forward_blocks,forward_0.4_0.6,red_nir_linear,S2C_T29UPA_20251125T114429_L2A,2025-11-25,L1278,0.321463912725449,1.0360695428564721,0.7146056301310231,False
forward_blocks,forward_0.4_0.6,red_nir_linear,S2C_T29UPA_20251125T114429_L2A,2025-11-25,L1279,7.97729110717773,4.630902517955343,-3.3463885892223866,False
forward_blocks,forward_0.4_0.6,red_nir_linear,S2C_T29UPA_20251202T113447_L2A,2025-12-02,L1278,1.25268137454987,2.067115288627001,0.8144339140771308,False
forward_blocks,forward_0.4_0.6,red_nir_linear,S2C_T29UPA_20251202T113447_L2A,2025-12-02,L1279,30.3215179443359,5.71401482716033,-24.60750311717557,False
forward_blocks,forward_0.4_0.6,red_nir_linear,S2A_T29UPA_20251204T113500_L2A,2025-12-04,L1279,1.9813324213028,2.8851109594354796,0.9037785381326795,False
forward_blocks,forward_0.4_0.6,red_nir_linear,S2B_T29UPA_20251210T114402_L2A,2025-12-10,L1279,24.1753387451172,6.087287980733173,-18.08805076438403,False
forward_blocks,forward_0.4_0.6,red_nir_linear,S2C_T29UPA_20251212T113507_L2A,2025-12-12,L1279,25.0200138092041,2.912941026859127,-22.107072782344975,False
forward_blocks,forward_0.4_0.6,red_nir_linear,S2B_T29UPA_20251220T114413_L2A,2025-12-20,L1278,0.00898528099060059,4.123761726899395,4.114776445908794,False
forward_blocks,forward_0.4_0.6,red_nir_linear,S2C_T29UPA_20251225T114517_L2A,2025-12-25,L1278,0.666853487491608,2.591916955745519,1.925063468253911,False
forward_blocks,forward_0.4_0.6,red_nir_linear,S2B_T29UPA_20251227T113407_L2A,2025-12-27,L1278,0.196776151657104,3.9506860415127987,3.7539098898556946,False
forward_blocks,forward_0.4_0.6,red_nir_linear,S2B_T29UPA_20260215T113312_L2A,2026-02-15,L1278,2.16349649429321,5.257135357220651,3.0936388629274414,True
forward_blocks,forward_0.4_0.6,red_nir_linear,S2B_T29UPA_20260215T113312_L2A,2026-02-15,L1279,1.22384691238403,2.2902109060152247,1.0663639936311946,False
forward_blocks,forward_0.4_0.6,red_nir_linear,S2B_T29UPA_20260228T114345_L2A,2026-02-28,L1279,19.1767559051514,1.687481017032248,-17.48927488811915,False
forward_blocks,forward_0.4_0.6,red_green_ratio,S2A_T29UPA_20251114T113418_L2A,2025-11-14,L1278,0.453972905874252,1.4367754444653251,0.9828025385910731,False
forward_blocks,forward_0.4_0.6,red_green_ratio,S2A_T29UPA_20251124T113430_L2A,2025-11-24,L1278,0.116386495530605,2.420453084796577,2.304066589265972,False
forward_blocks,forward_0.4_0.6,red_green_ratio,S2A_T29UPA_20251124T113430_L2A,2025-11-24,L1279,17.0178451538086,1.2800834309612328,-15.737761722847369,False
forward_blocks,forward_0.4_0.6,red_green_ratio,S2C_T29UPA_20251125T114429_L2A,2025-11-25,L1278,0.321463912725449,2.4669987849531254,2.1455348722276764,False
forward_blocks,forward_0.4_0.6,red_green_ratio,S2C_T29UPA_20251125T114429_L2A,2025-11-25,L1279,7.97729110717773,1.0873448979186395,-6.88994620925909,False
forward_blocks,forward_0.4_0.6,red_green_ratio,S2C_T29UPA_20251202T113447_L2A,2025-12-02,L1278,1.25268137454987,2.1332695289407346,0.8805881543908647,False
forward_blocks,forward_0.4_0.6,red_green_ratio,S2C_T29UPA_20251202T113447_L2A,2025-12-02,L1279,30.3215179443359,0.33165718420708323,-29.989860760128813,True
forward_blocks,forward_0.4_0.6,red_green_ratio,S2A_T29UPA_20251204T113500_L2A,2025-12-04,L1279,1.9813324213028,1.683964350027918,-0.2973680712748821,False
forward_blocks,forward_0.4_0.6,red_green_ratio,S2B_T29UPA_20251210T114402_L2A,2025-12-10,L1279,24.1753387451172,1.3491270023337048,-22.826211742783496,False
forward_blocks,forward_0.4_0.6,red_green_ratio,S2C_T29UPA_20251212T113507_L2A,2025-12-12,L1279,25.0200138092041,1.9784290675989322,-23.04158474160517,False
forward_blocks,forward_0.4_0.6,red_green_ratio,S2B_T29UPA_20251220T114413_L2A,2025-12-20,L1278,0.00898528099060059,2.1822014126971045,2.173216131706504,False
forward_blocks,forward_0.4_0.6,red_green_ratio,S2C_T29UPA_20251225T114517_L2A,2025-12-25,L1278,0.666853487491608,2.7956027279274585,2.1287492404358503,False
forward_blocks,forward_0.4_0.6,red_green_ratio,S2B_T29UPA_20251227T113407_L2A,2025-12-27,L1278,0.196776151657104,2.5319075682465155,2.3351314165894115,False
forward_blocks,forward_0.4_0.6,red_green_ratio,S2B_T29UPA_20260215T113312_L2A,2026-02-15,L1278,2.16349649429321,1.4592953174605414,-0.7042011768326684,False
forward_blocks,forward_0.4_0.6,red_green_ratio,S2B_T29UPA_20260215T113312_L2A,2026-02-15,L1279,1.22384691238403,0.8524448107729798,-0.37140210161105025,False
forward_blocks,forward_0.4_0.6,red_green_ratio,S2B_T29UPA_20260228T114345_L2A,2026-02-28,L1279,19.1767559051514,0.4583464745210575,-18.71840943063034,True
forward_blocks,forward_0.4_0.6,nir_red_ratio,S2A_T29UPA_20251114T113418_L2A,2025-11-14,L1278,0.453972905874252,1.8243572861649593,1.3703843802907074,False
forward_blocks,forward_0.4_0.6,nir_red_ratio,S2A_T29UPA_20251124T113430_L2A,2025-11-24,L1278,0.116386495530605,2.432378084269228,2.315991588738623,False
forward_blocks,forward_0.4_0.6,nir_red_ratio,S2A_T29UPA_20251124T113430_L2A,2025-11-24,L1279,17.0178451538086,2.4135873125483283,-14.604257841260273,False
forward_blocks,forward_0.4_0.6,nir_red_ratio,S2C_T29UPA_20251125T114429_L2A,2025-11-25,L1278,0.321463912725449,2.452950464023188,2.131486551297739,False
forward_blocks,forward_0.4_0.6,nir_red_ratio,S2C_T29UPA_20251125T114429_L2A,2025-11-25,L1279,7.97729110717773,1.979163986649521,-5.998127120528209,False
forward_blocks,forward_0.4_0.6,nir_red_ratio,S2C_T29UPA_20251202T113447_L2A,2025-12-02,L1278,1.25268137454987,2.3200140244273975,1.0673326498775275,False
forward_blocks,forward_0.4_0.6,nir_red_ratio,S2C_T29UPA_20251202T113447_L2A,2025-12-02,L1279,30.3215179443359,2.5182143453449792,-27.80330359899092,False
forward_blocks,forward_0.4_0.6,nir_red_ratio,S2A_T29UPA_20251204T113500_L2A,2025-12-04,L1279,1.9813324213028,2.4005853882085133,0.41925296690571323,False
forward_blocks,forward_0.4_0.6,nir_red_ratio,S2B_T29UPA_20251210T114402_L2A,2025-12-10,L1279,24.1753387451172,2.1302035126905525,-22.04513523242665,False
forward_blocks,forward_0.4_0.6,nir_red_ratio,S2C_T29UPA_20251212T113507_L2A,2025-12-12,L1279,25.0200138092041,2.528943767679175,-22.491070041524928,False
forward_blocks,forward_0.4_0.6,nir_red_ratio,S2B_T29UPA_20251220T114413_L2A,2025-12-20,L1278,0.00898528099060059,2.068218626012886,2.0592333450222853,False
forward_blocks,forward_0.4_0.6,nir_red_ratio,S2C_T29UPA_20251225T114517_L2A,2025-12-25,L1278,0.666853487491608,2.5976198566822513,1.9307663691906432,False
forward_blocks,forward_0.4_0.6,nir_red_ratio,S2B_T29UPA_20251227T113407_L2A,2025-12-27,L1278,0.196776151657104,2.338332919679692,2.1415567680225878,False
forward_blocks,forward_0.4_0.6,nir_red_ratio,S2B_T29UPA_20260215T113312_L2A,2026-02-15,L1278,2.16349649429321,1.7598785083121038,-0.403617985981106,False
forward_blocks,forward_0.4_0.6,nir_red_ratio,S2B_T29UPA_20260215T113312_L2A,2026-02-15,L1279,1.22384691238403,2.424633188361854,1.200786275977824,False
forward_blocks,forward_0.4_0.6,nir_red_ratio,S2B_T29UPA_20260228T114345_L2A,2026-02-28,L1279,19.1767559051514,2.3504138202692566,-16.826342084882143,False
forward_blocks,forward_0.6_0.8,training_median,S2A_T29UPA_20260314T113337_L2A,2026-03-14,L1278,2.93125343322754,1.21478772163391,-1.71646571159363,False
forward_blocks,forward_0.6_0.8,training_median,S2C_T29UPA_20260315T114349_L2A,2026-03-15,L1279,1.92824637889862,1.21478772163391,-0.7134586572647099,False
forward_blocks,forward_0.6_0.8,training_median,S2A_T29UPA_20260403T113337_L2A,2026-04-03,L1278,1.93841171264648,1.21478772163391,-0.7236239910125699,False
forward_blocks,forward_0.6_0.8,training_median,S2C_T29UPA_20260424T114417_L2A,2026-04-24,L1278,2.33187127113342,1.21478772163391,-1.1170835494995102,False
forward_blocks,forward_0.6_0.8,training_median,S2C_T29UPA_20260424T114417_L2A,2026-04-24,L1279,0.203743755817413,1.21478772163391,1.011043965816497,False
forward_blocks,forward_0.6_0.8,training_median,S2B_T29UPA_20260429T114343_L2A,2026-04-29,L1278,2.35662269592285,1.21478772163391,-1.1418349742889398,False
forward_blocks,forward_0.6_0.8,training_median,S2B_T29UPA_20260429T114343_L2A,2026-04-29,L1279,0.249919667840004,1.21478772163391,0.964868053793906,False
forward_blocks,forward_0.6_0.8,training_median,S2B_T29UPA_20260509T114438_L2A,2026-05-09,L1278,2.51252102851868,1.21478772163391,-1.2977333068847698,False
forward_blocks,forward_0.6_0.8,training_median,S2C_T29UPA_20260511T113318_L2A,2026-05-11,L1279,10.3553037643433,1.21478772163391,-9.140516042709391,False
forward_blocks,forward_0.6_0.8,training_median,S2A_T29UPA_20260513T113331_L2A,2026-05-13,L1278,3.06201863288879,1.21478772163391,-1.84723091125488,False
forward_blocks,forward_0.6_0.8,training_median,S2B_T29UPA_20260526T113435_L2A,2026-05-26,L1279,3.2755765914917,1.21478772163391,-2.06078886985779,False
forward_blocks,forward_0.6_0.8,training_median,S2A_T29UPA_20260526T114403_L2A,2026-05-26,L1279,3.75472259521484,1.21478772163391,-2.53993487358093,False
forward_blocks,forward_0.6_0.8,training_median,S2B_T29UPA_20260608T114344_L2A,2026-06-08,L1278,2.58542895317078,1.21478772163391,-1.37064123153687,False
forward_blocks,forward_0.6_0.8,training_median,S2C_T29UPA_20260610T113317_L2A,2026-06-10,L1279,3.00755977630615,1.21478772163391,-1.79277205467224,False
forward_blocks,forward_0.6_0.8,training_median,S2C_T29UPA_20260620T113317_L2A,2026-06-20,L1278,3.45781397819519,1.21478772163391,-2.24302625656128,False
forward_blocks,forward_0.6_0.8,training_median,S2C_T29UPA_20260620T113317_L2A,2026-06-20,L1279,13.6083631515503,1.21478772163391,-12.39357542991639,False
forward_blocks,forward_0.6_0.8,station_median,S2A_T29UPA_20260314T113337_L2A,2026-03-14,L1278,2.93125343322754,0.453972905874252,-2.477280527353288,False
forward_blocks,forward_0.6_0.8,station_median,S2C_T29UPA_20260315T114349_L2A,2026-03-15,L1279,1.92824637889862,7.211328029632565,5.283081650733945,False
forward_blocks,forward_0.6_0.8,station_median,S2A_T29UPA_20260403T113337_L2A,2026-04-03,L1278,1.93841171264648,0.453972905874252,-1.484438806772228,False
forward_blocks,forward_0.6_0.8,station_median,S2C_T29UPA_20260424T114417_L2A,2026-04-24,L1278,2.33187127113342,0.453972905874252,-1.8778983652591683,False
forward_blocks,forward_0.6_0.8,station_median,S2C_T29UPA_20260424T114417_L2A,2026-04-24,L1279,0.203743755817413,7.211328029632565,7.0075842738151515,False
forward_blocks,forward_0.6_0.8,station_median,S2B_T29UPA_20260429T114343_L2A,2026-04-29,L1278,2.35662269592285,0.453972905874252,-1.902649790048598,False
forward_blocks,forward_0.6_0.8,station_median,S2B_T29UPA_20260429T114343_L2A,2026-04-29,L1279,0.249919667840004,7.211328029632565,6.961408361792561,False
forward_blocks,forward_0.6_0.8,station_median,S2B_T29UPA_20260509T114438_L2A,2026-05-09,L1278,2.51252102851868,0.453972905874252,-2.058548122644428,False
forward_blocks,forward_0.6_0.8,station_median,S2C_T29UPA_20260511T113318_L2A,2026-05-11,L1279,10.3553037643433,7.211328029632565,-3.143975734710736,False
forward_blocks,forward_0.6_0.8,station_median,S2A_T29UPA_20260513T113331_L2A,2026-05-13,L1278,3.06201863288879,0.453972905874252,-2.608045727014538,False
forward_blocks,forward_0.6_0.8,station_median,S2B_T29UPA_20260526T113435_L2A,2026-05-26,L1279,3.2755765914917,7.211328029632565,3.9357514381408647,False
forward_blocks,forward_0.6_0.8,station_median,S2A_T29UPA_20260526T114403_L2A,2026-05-26,L1279,3.75472259521484,7.211328029632565,3.4566054344177246,False
forward_blocks,forward_0.6_0.8,station_median,S2B_T29UPA_20260608T114344_L2A,2026-06-08,L1278,2.58542895317078,0.453972905874252,-2.131456047296528,False
forward_blocks,forward_0.6_0.8,station_median,S2C_T29UPA_20260610T113317_L2A,2026-06-10,L1279,3.00755977630615,7.211328029632565,4.203768253326414,False
forward_blocks,forward_0.6_0.8,station_median,S2C_T29UPA_20260620T113317_L2A,2026-06-20,L1278,3.45781397819519,0.453972905874252,-3.003841072320938,False
forward_blocks,forward_0.6_0.8,station_median,S2C_T29UPA_20260620T113317_L2A,2026-06-20,L1279,13.6083631515503,7.211328029632565,-6.397035121917735,False
forward_blocks,forward_0.6_0.8,seasonal_harmonic,S2A_T29UPA_20260314T113337_L2A,2026-03-14,L1278,2.93125343322754,4.357868666537509,1.4266152333099686,False
forward_blocks,forward_0.6_0.8,seasonal_harmonic,S2C_T29UPA_20260315T114349_L2A,2026-03-15,L1279,1.92824637889862,4.298444616447844,2.370198237549224,False
forward_blocks,forward_0.6_0.8,seasonal_harmonic,S2A_T29UPA_20260403T113337_L2A,2026-04-03,L1278,1.93841171264648,3.1667264459031683,1.2283147332566884,True
forward_blocks,forward_0.6_0.8,seasonal_harmonic,S2C_T29UPA_20260424T114417_L2A,2026-04-24,L1278,2.33187127113342,2.0100143730372357,-0.32185689809618445,False
forward_blocks,forward_0.6_0.8,seasonal_harmonic,S2C_T29UPA_20260424T114417_L2A,2026-04-24,L1279,0.203743755817413,2.0100143730372357,1.8062706172198228,False
forward_blocks,forward_0.6_0.8,seasonal_harmonic,S2B_T29UPA_20260429T114343_L2A,2026-04-29,L1278,2.35662269592285,1.7653669365219686,-0.5912557594008812,False
forward_blocks,forward_0.6_0.8,seasonal_harmonic,S2B_T29UPA_20260429T114343_L2A,2026-04-29,L1279,0.249919667840004,1.7653669365219686,1.5154472686819647,False
forward_blocks,forward_0.6_0.8,seasonal_harmonic,S2B_T29UPA_20260509T114438_L2A,2026-05-09,L1278,2.51252102851868,1.3249516113918824,-1.1875694171267974,False
forward_blocks,forward_0.6_0.8,seasonal_harmonic,S2C_T29UPA_20260511T113318_L2A,2026-05-11,L1279,10.3553037643433,1.2455857840473676,-9.109717980295933,False
forward_blocks,forward_0.6_0.8,seasonal_harmonic,S2A_T29UPA_20260513T113331_L2A,2026-05-13,L1278,3.06201863288879,1.1693531247292146,-1.8926655081595753,False
forward_blocks,forward_0.6_0.8,seasonal_harmonic,S2B_T29UPA_20260526T113435_L2A,2026-05-26,L1279,3.2755765914917,0.7560725694945312,-2.519504021997169,False
forward_blocks,forward_0.6_0.8,seasonal_harmonic,S2A_T29UPA_20260526T114403_L2A,2026-05-26,L1279,3.75472259521484,0.7560725694945312,-2.998650025720309,False
forward_blocks,forward_0.6_0.8,seasonal_harmonic,S2B_T29UPA_20260608T114344_L2A,2026-06-08,L1278,2.58542895317078,0.49901078525248205,-2.086418167918298,False
forward_blocks,forward_0.6_0.8,seasonal_harmonic,S2C_T29UPA_20260610T113317_L2A,2026-06-10,L1279,3.00755977630615,0.47425561286763185,-2.533304163438518,False
forward_blocks,forward_0.6_0.8,seasonal_harmonic,S2C_T29UPA_20260620T113317_L2A,2026-06-20,L1278,3.45781397819519,0.41158958992029576,-3.046224388274894,False
forward_blocks,forward_0.6_0.8,seasonal_harmonic,S2C_T29UPA_20260620T113317_L2A,2026-06-20,L1279,13.6083631515503,0.41158958992029576,-13.196773561630005,False
forward_blocks,forward_0.6_0.8,red_linear,S2A_T29UPA_20260314T113337_L2A,2026-03-14,L1278,2.93125343322754,3.8025649355080957,0.8713115022805558,False
forward_blocks,forward_0.6_0.8,red_linear,S2C_T29UPA_20260315T114349_L2A,2026-03-15,L1279,1.92824637889862,3.718822190258607,1.790575811359987,False
forward_blocks,forward_0.6_0.8,red_linear,S2A_T29UPA_20260403T113337_L2A,2026-04-03,L1278,1.93841171264648,3.694895691615896,1.756483978969416,False
forward_blocks,forward_0.6_0.8,red_linear,S2C_T29UPA_20260424T114417_L2A,2026-04-24,L1278,2.33187127113342,2.3490301429633953,0.01715887182997511,True
forward_blocks,forward_0.6_0.8,red_linear,S2C_T29UPA_20260424T114417_L2A,2026-04-24,L1279,0.203743755817413,3.132622973512185,2.928879217694772,False
forward_blocks,forward_0.6_0.8,red_linear,S2B_T29UPA_20260429T114343_L2A,2026-04-29,L1278,2.35662269592285,2.5284788827837286,0.17185618686087878,False
forward_blocks,forward_0.6_0.8,red_linear,S2B_T29UPA_20260429T114343_L2A,2026-04-29,L1279,0.249919667840004,3.2103840941009967,2.9604644262609927,False
forward_blocks,forward_0.6_0.8,red_linear,S2B_T29UPA_20260509T114438_L2A,2026-05-09,L1278,2.51252102851868,4.657937261985017,2.1454162334663374,False
forward_blocks,forward_0.6_0.8,red_linear,S2C_T29UPA_20260511T113318_L2A,2026-05-11,L1279,10.3553037643433,3.1625310968155733,-7.192772667527727,False
forward_blocks,forward_0.6_0.8,red_linear,S2A_T29UPA_20260513T113331_L2A,2026-05-13,L1278,3.06201863288879,6.117453679190396,3.055435046301606,False
forward_blocks,forward_0.6_0.8,red_linear,S2B_T29UPA_20260526T113435_L2A,2026-05-26,L1279,3.2755765914917,5.333860848641606,2.0582842571499063,False
forward_blocks,forward_0.6_0.8,red_linear,S2A_T29UPA_20260526T114403_L2A,2026-05-26,L1279,3.75472259521484,5.124503985517884,1.3697813903030438,False
forward_blocks,forward_0.6_0.8,red_linear,S2B_T29UPA_20260608T114344_L2A,2026-06-08,L1278,2.58542895317078,5.555180961086687,2.9697520079159068,False
forward_blocks,forward_0.6_0.8,red_linear,S2C_T29UPA_20260610T113317_L2A,2026-06-10,L1279,3.00755977630615,3.60517132170573,0.5976115453995798,False
forward_blocks,forward_0.6_0.8,red_linear,S2C_T29UPA_20260620T113317_L2A,2026-06-20,L1278,3.45781397819519,3.4616123298494625,0.003798351654272558,False
forward_blocks,forward_0.6_0.8,red_linear,S2C_T29UPA_20260620T113317_L2A,2026-06-20,L1279,13.6083631515503,3.180475970797607,-10.427887180752693,False
forward_blocks,forward_0.6_0.8,nir_linear,S2A_T29UPA_20260314T113337_L2A,2026-03-14,L1278,2.93125343322754,4.228895861619543,1.2976424283920034,False
forward_blocks,forward_0.6_0.8,nir_linear,S2C_T29UPA_20260315T114349_L2A,2026-03-15,L1279,1.92824637889862,4.2562250499866865,2.3279786710880668,False
forward_blocks,forward_0.6_0.8,nir_linear,S2A_T29UPA_20260403T113337_L2A,2026-04-03,L1278,1.93841171264648,4.2491119735623615,2.3107002609158815,False
forward_blocks,forward_0.6_0.8,nir_linear,S2C_T29UPA_20260424T114417_L2A,2026-04-24,L1278,2.33187127113342,4.227398371846001,1.895527100712581,False
forward_blocks,forward_0.6_0.8,nir_linear,S2C_T29UPA_20260424T114417_L2A,2026-04-24,L1279,0.203743755817413,4.244993876685121,4.041250120867708,False
forward_blocks,forward_0.6_0.8,nir_linear,S2B_T29UPA_20260429T114343_L2A,2026-04-29,L1278,2.35662269592285,4.222905902525374,1.8662832066025246,False
forward_blocks,forward_0.6_0.8,nir_linear,S2B_T29UPA_20260429T114343_L2A,2026-04-29,L1279,0.249919667840004,4.246491366458663,3.9965716986186592,False
forward_blocks,forward_0.6_0.8,nir_linear,S2B_T29UPA_20260509T114438_L2A,2026-05-09,L1278,2.51252102851868,4.336715125314575,1.8241940967958947,False
forward_blocks,forward_0.6_0.8,nir_linear,S2C_T29UPA_20260511T113318_L2A,2026-05-11,L1279,10.3553037643433,4.239378290034338,-6.115925474308963,False
forward_blocks,forward_0.6_0.8,nir_linear,S2A_T29UPA_20260513T113331_L2A,2026-05-13,L1278,3.06201863288879,4.378270466530369,1.3162518336415787,False
forward_blocks,forward_0.6_0.8,nir_linear,S2B_T29UPA_20260526T113435_L2A,2026-05-26,L1279,3.2755765914917,4.375275486983284,1.099698895491584,False
forward_blocks,forward_0.6_0.8,nir_linear,S2A_T29UPA_20260526T114403_L2A,2026-05-26,L1279,3.75472259521484,4.380516701190682,0.6257941059758414,False
forward_blocks,forward_0.6_0.8,nir_linear,S2B_T29UPA_20260608T114344_L2A,2026-06-08,L1278,2.58542895317078,4.341207594635201,1.7557786414644214,False
forward_blocks,forward_0.6_0.8,nir_linear,S2C_T29UPA_20260610T113317_L2A,2026-06-10,L1279,3.00755977630615,4.242373269581422,1.2348134932752717,False
forward_blocks,forward_0.6_0.8,nir_linear,S2C_T29UPA_20260620T113317_L2A,2026-06-20,L1278,3.45781397819519,4.248363228675591,0.7905492504804008,False
forward_blocks,forward_0.6_0.8,nir_linear,S2C_T29UPA_20260620T113317_L2A,2026-06-20,L1279,13.6083631515503,4.223654647412146,-9.384708504138153,False
forward_blocks,forward_0.6_0.8,red_nir_linear,S2A_T29UPA_20260314T113337_L2A,2026-03-14,L1278,2.93125343322754,5.961438880747858,3.030185447520318,False
forward_blocks,forward_0.6_0.8,red_nir_linear,S2C_T29UPA_20260315T114349_L2A,2026-03-15,L1279,1.92824637889862,4.021548702257602,2.0933023233589827,False
forward_blocks,forward_0.6_0.8,red_nir_linear,S2A_T29UPA_20260403T113337_L2A,2026-04-03,L1278,1.93841171264648,4.286466158297813,2.348054445651333,False
forward_blocks,forward_0.6_0.8,red_nir_linear,S2C_T29UPA_20260424T114417_L2A,2026-04-24,L1278,2.33187127113342,-1.5855657446968596,-3.91743701583028,True
forward_blocks,forward_0.6_0.8,red_nir_linear,S2C_T29UPA_20260424T114417_L2A,2026-04-24,L1279,0.203743755817413,1.5613266970936523,1.3575829412762395,False
forward_blocks,forward_0.6_0.8,red_nir_linear,S2B_T29UPA_20260429T114343_L2A,2026-04-29,L1278,2.35662269592285,-0.39705493072969666,-2.7536776266525465,False
forward_blocks,forward_0.6_0.8,red_nir_linear,S2B_T29UPA_20260429T114343_L2A,2026-04-29,L1279,0.249919667840004,1.8872632345682794,1.6373435667282754,False
forward_blocks,forward_0.6_0.8,red_nir_linear,S2B_T29UPA_20260509T114438_L2A,2026-05-09,L1278,2.51252102851868,4.531882649528114,2.0193616210094345,False
forward_blocks,forward_0.6_0.8,red_nir_linear,S2C_T29UPA_20260511T113318_L2A,2026-05-11,L1279,10.3553037643433,2.02659689777422,-8.328706866569082,False
forward_blocks,forward_0.6_0.8,red_nir_linear,S2A_T29UPA_20260513T113331_L2A,2026-05-13,L1278,3.06201863288879,9.911144611098848,6.849125978210058,False
forward_blocks,forward_0.6_0.8,red_nir_linear,S2B_T29UPA_20260526T113435_L2A,2026-05-26,L1279,3.2755765914917,5.9626969742502105,2.6871203827585104,False
forward_blocks,forward_0.6_0.8,red_nir_linear,S2A_T29UPA_20260526T114403_L2A,2026-05-26,L1279,3.75472259521484,4.576101024621851,0.8213784294070106,False
forward_blocks,forward_0.6_0.8,red_nir_linear,S2B_T29UPA_20260608T114344_L2A,2026-06-08,L1278,2.58542895317078,8.994642513102779,6.409213559931999,False
forward_blocks,forward_0.6_0.8,red_nir_linear,S2C_T29UPA_20260610T113317_L2A,2026-06-10,L1279,3.00755977630615,4.185475486734621,1.1779157104284708,False
forward_blocks,forward_0.6_0.8,red_nir_linear,S2C_T29UPA_20260620T113317_L2A,2026-06-20,L1278,3.45781397819519,3.1031295727821187,-0.35468440541307134,False
forward_blocks,forward_0.6_0.8,red_nir_linear,S2C_T29UPA_20260620T113317_L2A,2026-06-20,L1279,13.6083631515503,2.983998029385595,-10.624365122164704,False
forward_blocks,forward_0.6_0.8,red_green_ratio,S2A_T29UPA_20260314T113337_L2A,2026-03-14,L1278,2.93125343322754,7.023069734282583,4.091816301055043,False
forward_blocks,forward_0.6_0.8,red_green_ratio,S2C_T29UPA_20260315T114349_L2A,2026-03-15,L1279,1.92824637889862,12.273240040988814,10.344993662090193,False
forward_blocks,forward_0.6_0.8,red_green_ratio,S2A_T29UPA_20260403T113337_L2A,2026-04-03,L1278,1.93841171264648,1.9021154110616707,-0.03629630158480923,False
forward_blocks,forward_0.6_0.8,red_green_ratio,S2C_T29UPA_20260424T114417_L2A,2026-04-24,L1278,2.33187127113342,2.6793052244397657,0.3474339533063455,False
forward_blocks,forward_0.6_0.8,red_green_ratio,S2C_T29UPA_20260424T114417_L2A,2026-04-24,L1279,0.203743755817413,5.634584454189209,5.430840698371796,False
forward_blocks,forward_0.6_0.8,red_green_ratio,S2B_T29UPA_20260429T114343_L2A,2026-04-29,L1278,2.35662269592285,3.285309223320775,0.9286865273979252,False
forward_blocks,forward_0.6_0.8,red_green_ratio,S2B_T29UPA_20260429T114343_L2A,2026-04-29,L1279,0.249919667840004,5.9704975195419285,5.720577851701925,False
forward_blocks,forward_0.6_0.8,red_green_ratio,S2B_T29UPA_20260509T114438_L2A,2026-05-09,L1278,2.51252102851868,7.404352149890248,4.891831121371569,False
forward_blocks,forward_0.6_0.8,red_green_ratio,S2C_T29UPA_20260511T113318_L2A,2026-05-11,L1279,10.3553037643433,4.704594466877782,-5.650709297465519,False
forward_blocks,forward_0.6_0.8,red_green_ratio,S2A_T29UPA_20260513T113331_L2A,2026-05-13,L1278,3.06201863288879,5.972946859340402,2.910928226451612,False
forward_blocks,forward_0.6_0.8,red_green_ratio,S2B_T29UPA_20260526T113435_L2A,2026-05-26,L1279,3.2755765914917,4.368661018533809,1.0930844270421085,False
forward_blocks,forward_0.6_0.8,red_green_ratio,S2A_T29UPA_20260526T114403_L2A,2026-05-26,L1279,3.75472259521484,5.218472219532866,1.4637496243180257,False
forward_blocks,forward_0.6_0.8,red_green_ratio,S2B_T29UPA_20260608T114344_L2A,2026-06-08,L1278,2.58542895317078,5.698127035797143,3.1126980826263635,False
forward_blocks,forward_0.6_0.8,red_green_ratio,S2C_T29UPA_20260610T113317_L2A,2026-06-10,L1279,3.00755977630615,1.8182604364580257,-1.1892993398481244,False
forward_blocks,forward_0.6_0.8,red_green_ratio,S2C_T29UPA_20260620T113317_L2A,2026-06-20,L1278,3.45781397819519,3.6987348564493696,0.24092087825417963,False
forward_blocks,forward_0.6_0.8,red_green_ratio,S2C_T29UPA_20260620T113317_L2A,2026-06-20,L1279,13.6083631515503,2.667347474712546,-10.941015676837754,False
forward_blocks,forward_0.6_0.8,nir_red_ratio,S2A_T29UPA_20260314T113337_L2A,2026-03-14,L1278,2.93125343322754,5.99684527286851,3.0655918396409705,False
forward_blocks,forward_0.6_0.8,nir_red_ratio,S2C_T29UPA_20260315T114349_L2A,2026-03-15,L1279,1.92824637889862,4.708966834862411,2.7807204559637917,False
forward_blocks,forward_0.6_0.8,nir_red_ratio,S2A_T29UPA_20260403T113337_L2A,2026-04-03,L1278,1.93841171264648,4.976125326102628,3.037713613456148,False
forward_blocks,forward_0.6_0.8,nir_red_ratio,S2C_T29UPA_20260424T114417_L2A,2026-04-24,L1278,2.33187127113342,1.0241417193827806,-1.3077295517506395,False
forward_blocks,forward_0.6_0.8,nir_red_ratio,S2C_T29UPA_20260424T114417_L2A,2026-04-24,L1279,0.203743755817413,3.882102978580883,3.6783592227634703,False
forward_blocks,forward_0.6_0.8,nir_red_ratio,S2B_T29UPA_20260429T114343_L2A,2026-04-29,L1278,2.35662269592285,2.966502015215256,0.6098793192924061,False
forward_blocks,forward_0.6_0.8,nir_red_ratio,S2B_T29UPA_20260429T114343_L2A,2026-04-29,L1279,0.249919667840004,4.026402062792042,3.776482394952038,False
forward_blocks,forward_0.6_0.8,nir_red_ratio,S2B_T29UPA_20260509T114438_L2A,2026-05-09,L1278,2.51252102851868,3.4969999870120168,0.9844789584933369,False
forward_blocks,forward_0.6_0.8,nir_red_ratio,S2C_T29UPA_20260511T113318_L2A,2026-05-11,L1279,10.3553037643433,4.30442768015812,-6.050876084185181,False
forward_blocks,forward_0.6_0.8,nir_red_ratio,S2A_T29UPA_20260513T113331_L2A,2026-05-13,L1278,3.06201863288879,4.307891743383704,1.2458731104949137,False
forward_blocks,forward_0.6_0.8,nir_red_ratio,S2B_T29UPA_20260526T113435_L2A,2026-05-26,L1279,3.2755765914917,3.47854826374041,0.20297167224870982,False
forward_blocks,forward_0.6_0.8,nir_red_ratio,S2A_T29UPA_20260526T114403_L2A,2026-05-26,L1279,3.75472259521484,3.037352023566732,-0.7173705716481082,False
forward_blocks,forward_0.6_0.8,nir_red_ratio,S2B_T29UPA_20260608T114344_L2A,2026-06-08,L1278,2.58542895317078,4.5535047299084574,1.9680757767376775,False
forward_blocks,forward_0.6_0.8,nir_red_ratio,S2C_T29UPA_20260610T113317_L2A,2026-06-10,L1279,3.00755977630615,5.12177399951129,2.1142142232051397,False
forward_blocks,forward_0.6_0.8,nir_red_ratio,S2C_T29UPA_20260620T113317_L2A,2026-06-20,L1278,3.45781397819519,4.555865447440133,1.0980514692449428,False
forward_blocks,forward_0.6_0.8,nir_red_ratio,S2C_T29UPA_20260620T113317_L2A,2026-06-20,L1279,13.6083631515503,5.270192040833889,-8.338171110716411,False
forward_blocks,forward_0.8_1.0,training_median,S2B_T29UPA_20260625T113315_L2A,2026-06-25,L1278,3.61900734901428,1.9813324213028,-1.63767492771148,False
forward_blocks,forward_0.8_1.0,training_median,S2B_T29UPA_20260625T113315_L2A,2026-06-25,L1279,6.5890097618103,1.9813324213028,-4.6076773405075,False
forward_blocks,forward_0.8_1.0,training_median,S2A_T29UPA_20260625T114616_L2A,2026-06-25,L1278,3.59910750389099,1.9813324213028,-1.6177750825881898,False
forward_blocks,forward_0.8_1.0,training_median,S2A_T29UPA_20260625T114616_L2A,2026-06-25,L1279,7.77274084091187,1.9813324213028,-5.79140841960907,False
forward_blocks,forward_0.8_1.0,training_median,S2B_T29UPA_20260628T114344_L2A,2026-06-28,L1279,5.937744140625,1.9813324213028,-3.9564117193222,False
forward_blocks,forward_0.8_1.0,training_median,S2B_T29UPA_20260708T114435_L2A,2026-07-08,L1278,4.83399629592896,1.9813324213028,-2.8526638746261606,False
forward_blocks,forward_0.8_1.0,training_median,S2B_T29UPA_20260708T114435_L2A,2026-07-08,L1279,6.67674779891968,1.9813324213028,-4.6954153776168805,False
forward_blocks,forward_0.8_1.0,training_median,S2A_T29UPA_20260712T113332_L2A,2026-07-12,L1278,4.42262840270996,1.9813324213028,-2.44129598140716,False
forward_blocks,forward_0.8_1.0,training_median,S2A_T29UPA_20260712T113332_L2A,2026-07-12,L1279,20.7052822113037,1.9813324213028,-18.7239497900009,False
forward_blocks,forward_0.8_1.0,training_median,S2C_T29UPA_20260713T114348_L2A,2026-07-13,L1278,4.07143783569336,1.9813324213028,-2.0901054143905604,False
forward_blocks,forward_0.8_1.0,training_median,S2B_T29UPA_20260715T113512_L2A,2026-07-15,L1278,4.05966567993164,1.9813324213028,-2.07833325862884,False
forward_blocks,forward_0.8_1.0,training_median,S2B_T29UPA_20260715T113512_L2A,2026-07-15,L1279,12.2001991271973,1.9813324213028,-10.218866705894499,False
forward_blocks,forward_0.8_1.0,training_median,S2A_T29UPA_20260715T114613_L2A,2026-07-15,L1278,4.13783502578735,1.9813324213028,-2.15650260448455,False
forward_blocks,forward_0.8_1.0,training_median,S2A_T29UPA_20260715T114613_L2A,2026-07-15,L1279,14.8572664260864,1.9813324213028,-12.875934004783598,False
forward_blocks,forward_0.8_1.0,training_median,S2B_T29UPA_20260718T114347_L2A,2026-07-18,L1278,4.60120725631714,1.9813324213028,-2.6198748350143397,False
forward_blocks,forward_0.8_1.0,training_median,S2C_T29UPA_20260730T113319_L2A,2026-07-30,L1279,1.30076158046722,1.9813324213028,0.6805708408355802,False
forward_blocks,forward_0.8_1.0,training_median,S2A_T29UPA_20260804T114404_L2A,2026-08-04,L1279,3.23846125602722,1.9813324213028,-1.2571288347244198,False
forward_blocks,forward_0.8_1.0,training_median,S2B_T29UPA_20260824T113314_L2A,2026-08-24,L1279,9.52653217315674,1.9813324213028,-7.54519975185394,False
forward_blocks,forward_0.8_1.0,training_median,S2A_T29UPA_20260824T114402_L2A,2026-08-24,L1279,8.97104549407959,1.9813324213028,-6.98971307277679,False
forward_blocks,forward_0.8_1.0,training_median,S2B_T29UPA_20260827T114344_L2A,2026-08-27,L1279,27.5559673309326,1.9813324213028,-25.5746349096298,False
forward_blocks,forward_0.8_1.0,training_median,S2C_T29UPA_20260908T113337_L2A,2026-09-08,L1279,8.80398178100586,1.9813324213028,-6.8226493597030595,False
forward_blocks,forward_0.8_1.0,station_median,S2B_T29UPA_20260625T113315_L2A,2026-06-25,L1278,3.61900734901428,0.764531672000885,-2.854475677013395,False
forward_blocks,forward_0.8_1.0,station_median,S2B_T29UPA_20260625T113315_L2A,2026-06-25,L1279,6.5890097618103,4.8429572582244855,-1.7460525035858145,False
forward_blocks,forward_0.8_1.0,station_median,S2A_T29UPA_20260625T114616_L2A,2026-06-25,L1278,3.59910750389099,0.764531672000885,-2.834575831890105,False
forward_blocks,forward_0.8_1.0,station_median,S2A_T29UPA_20260625T114616_L2A,2026-06-25,L1279,7.77274084091187,4.8429572582244855,-2.929783582687384,False
forward_blocks,forward_0.8_1.0,station_median,S2B_T29UPA_20260628T114344_L2A,2026-06-28,L1279,5.937744140625,4.8429572582244855,-1.0947868824005145,False
forward_blocks,forward_0.8_1.0,station_median,S2B_T29UPA_20260708T114435_L2A,2026-07-08,L1278,4.83399629592896,0.764531672000885,-4.069464623928075,False
forward_blocks,forward_0.8_1.0,station_median,S2B_T29UPA_20260708T114435_L2A,2026-07-08,L1279,6.67674779891968,4.8429572582244855,-1.8337905406951949,False
forward_blocks,forward_0.8_1.0,station_median,S2A_T29UPA_20260712T113332_L2A,2026-07-12,L1278,4.42262840270996,0.764531672000885,-3.658096730709075,False
forward_blocks,forward_0.8_1.0,station_median,S2A_T29UPA_20260712T113332_L2A,2026-07-12,L1279,20.7052822113037,4.8429572582244855,-15.862324953079215,False
forward_blocks,forward_0.8_1.0,station_median,S2C_T29UPA_20260713T114348_L2A,2026-07-13,L1278,4.07143783569336,0.764531672000885,-3.3069061636924753,False
forward_blocks,forward_0.8_1.0,station_median,S2B_T29UPA_20260715T113512_L2A,2026-07-15,L1278,4.05966567993164,0.764531672000885,-3.2951340079307547,False
forward_blocks,forward_0.8_1.0,station_median,S2B_T29UPA_20260715T113512_L2A,2026-07-15,L1279,12.2001991271973,4.8429572582244855,-7.357241868972814,False
forward_blocks,forward_0.8_1.0,station_median,S2A_T29UPA_20260715T114613_L2A,2026-07-15,L1278,4.13783502578735,0.764531672000885,-3.373303353786465,False
forward_blocks,forward_0.8_1.0,station_median,S2A_T29UPA_20260715T114613_L2A,2026-07-15,L1279,14.8572664260864,4.8429572582244855,-10.014309167861914,False
forward_blocks,forward_0.8_1.0,station_median,S2B_T29UPA_20260718T114347_L2A,2026-07-18,L1278,4.60120725631714,0.764531672000885,-3.8366755843162546,False
forward_blocks,forward_0.8_1.0,station_median,S2C_T29UPA_20260730T113319_L2A,2026-07-30,L1279,1.30076158046722,4.8429572582244855,3.542195677757266,False
forward_blocks,forward_0.8_1.0,station_median,S2A_T29UPA_20260804T114404_L2A,2026-08-04,L1279,3.23846125602722,4.8429572582244855,1.6044960021972656,False
forward_blocks,forward_0.8_1.0,station_median,S2B_T29UPA_20260824T113314_L2A,2026-08-24,L1279,9.52653217315674,4.8429572582244855,-4.6835749149322545,False
forward_blocks,forward_0.8_1.0,station_median,S2A_T29UPA_20260824T114402_L2A,2026-08-24,L1279,8.97104549407959,4.8429572582244855,-4.128088235855104,False
forward_blocks,forward_0.8_1.0,station_median,S2B_T29UPA_20260827T114344_L2A,2026-08-27,L1279,27.5559673309326,4.8429572582244855,-22.713010072708116,False
forward_blocks,forward_0.8_1.0,station_median,S2C_T29UPA_20260908T113337_L2A,2026-09-08,L1279,8.80398178100586,4.8429572582244855,-3.961024522781374,False
forward_blocks,forward_0.8_1.0,seasonal_harmonic,S2B_T29UPA_20260625T113315_L2A,2026-06-25,L1278,3.61900734901428,1.9447587297304254,-1.6742486192838546,True
forward_blocks,forward_0.8_1.0,seasonal_harmonic,S2B_T29UPA_20260625T113315_L2A,2026-06-25,L1279,6.5890097618103,1.9447587297304254,-4.644251032079874,True
forward_blocks,forward_0.8_1.0,seasonal_harmonic,S2A_T29UPA_20260625T114616_L2A,2026-06-25,L1278,3.59910750389099,1.9447587297304254,-1.6543487741605645,True
forward_blocks,forward_0.8_1.0,seasonal_harmonic,S2A_T29UPA_20260625T114616_L2A,2026-06-25,L1279,7.77274084091187,1.9447587297304254,-5.827982111181444,True
forward_blocks,forward_0.8_1.0,seasonal_harmonic,S2B_T29UPA_20260628T114344_L2A,2026-06-28,L1279,5.937744140625,1.9673804729764997,-3.9703636676485003,True
forward_blocks,forward_0.8_1.0,seasonal_harmonic,S2B_T29UPA_20260708T114435_L2A,2026-07-08,L1278,4.83399629592896,2.0874419104581765,-2.746554385470784,True
forward_blocks,forward_0.8_1.0,seasonal_harmonic,S2B_T29UPA_20260708T114435_L2A,2026-07-08,L1279,6.67674779891968,2.0874419104581765,-4.589305888461504,True
forward_blocks,forward_0.8_1.0,seasonal_harmonic,S2A_T29UPA_20260712T113332_L2A,2026-07-12,L1278,4.42262840270996,2.1541311703778416,-2.2684972323321184,True
forward_blocks,forward_0.8_1.0,seasonal_harmonic,S2A_T29UPA_20260712T113332_L2A,2026-07-12,L1279,20.7052822113037,2.1541311703778416,-18.55115104092586,True
forward_blocks,forward_0.8_1.0,seasonal_harmonic,S2C_T29UPA_20260713T114348_L2A,2026-07-13,L1278,4.07143783569336,2.172413794714441,-1.8990240409789192,False
forward_blocks,forward_0.8_1.0,seasonal_harmonic,S2B_T29UPA_20260715T113512_L2A,2026-07-15,L1278,4.05966567993164,2.210874208408372,-1.8487914715232678,False
forward_blocks,forward_0.8_1.0,seasonal_harmonic,S2B_T29UPA_20260715T113512_L2A,2026-07-15,L1279,12.2001991271973,2.210874208408372,-9.989324918788927,False
forward_blocks,forward_0.8_1.0,seasonal_harmonic,S2A_T29UPA_20260715T114613_L2A,2026-07-15,L1278,4.13783502578735,2.210874208408372,-1.926960817378978,False
forward_blocks,forward_0.8_1.0,seasonal_harmonic,S2A_T29UPA_20260715T114613_L2A,2026-07-15,L1279,14.8572664260864,2.210874208408372,-12.646392217678027,False
forward_blocks,forward_0.8_1.0,seasonal_harmonic,S2B_T29UPA_20260718T114347_L2A,2026-07-18,L1278,4.60120725631714,2.273215996606257,-2.3279912597108825,False
forward_blocks,forward_0.8_1.0,seasonal_harmonic,S2C_T29UPA_20260730T113319_L2A,2026-07-30,L1279,1.30076158046722,2.5750364645535893,1.2742748840863694,False
forward_blocks,forward_0.8_1.0,seasonal_harmonic,S2A_T29UPA_20260804T114404_L2A,2026-08-04,L1279,3.23846125602722,2.7234327655026407,-0.5150284905245792,False
forward_blocks,forward_0.8_1.0,seasonal_harmonic,S2B_T29UPA_20260824T113314_L2A,2026-08-24,L1279,9.52653217315674,3.4223568441496104,-6.10417532900713,False
forward_blocks,forward_0.8_1.0,seasonal_harmonic,S2A_T29UPA_20260824T114402_L2A,2026-08-24,L1279,8.97104549407959,3.4223568441496104,-5.5486886499299795,False
forward_blocks,forward_0.8_1.0,seasonal_harmonic,S2B_T29UPA_20260827T114344_L2A,2026-08-27,L1279,27.5559673309326,3.5384181205251015,-24.0175492104075,False
forward_blocks,forward_0.8_1.0,seasonal_harmonic,S2C_T29UPA_20260908T113337_L2A,2026-09-08,L1279,8.80398178100586,4.020132601222103,-4.783849179783757,False
forward_blocks,forward_0.8_1.0,red_linear,S2B_T29UPA_20260625T113315_L2A,2026-06-25,L1278,3.61900734901428,3.3077515232025556,-0.3112558258117244,False
forward_blocks,forward_0.8_1.0,red_linear,S2B_T29UPA_20260625T113315_L2A,2026-06-25,L1279,6.5890097618103,3.082906105767619,-3.506103656042681,False
forward_blocks,forward_0.8_1.0,red_linear,S2A_T29UPA_20260625T114616_L2A,2026-06-25,L1278,3.59910750389099,4.196912946695257,0.5978054428042667,False
forward_blocks,forward_0.8_1.0,red_linear,S2A_T29UPA_20260625T114616_L2A,2026-06-25,L1279,7.77274084091187,3.6245791568608743,-4.148161684050995,False
forward_blocks,forward_0.8_1.0,red_linear,S2B_T29UPA_20260628T114344_L2A,2026-06-28,L1279,5.937744140625,4.917440307111757,-1.0203038335132426,False
forward_blocks,forward_0.8_1.0,red_linear,S2B_T29UPA_20260708T114435_L2A,2026-07-08,L1278,4.83399629592896,4.329776147906809,-0.5042201480221511,False
forward_blocks,forward_0.8_1.0,red_linear,S2B_T29UPA_20260708T114435_L2A,2026-07-08,L1279,6.67674779891968,3.353742631314247,-3.3230051676054333,False
forward_blocks,forward_0.8_1.0,red_linear,S2A_T29UPA_20260712T113332_L2A,2026-07-12,L1278,4.42262840270996,3.0062542589148005,-1.4163741437951596,False
forward_blocks,forward_0.8_1.0,red_linear,S2A_T29UPA_20260712T113332_L2A,2026-07-12,L1279,20.7052822113037,3.680790511219608,-17.02449170008409,False
forward_blocks,forward_0.8_1.0,red_linear,S2C_T29UPA_20260713T114348_L2A,2026-07-13,L1278,4.07143783569336,3.12889721387931,-0.9425406218140502,False
forward_blocks,forward_0.8_1.0,red_linear,S2B_T29UPA_20260715T113512_L2A,2026-07-15,L1278,4.05966567993164,3.3588527544377684,-0.7008129254938713,False
forward_blocks,forward_0.8_1.0,red_linear,S2B_T29UPA_20260715T113512_L2A,2026-07-15,L1279,12.2001991271973,3.5479273100080553,-8.652271817189245,False
forward_blocks,forward_0.8_1.0,red_linear,S2A_T29UPA_20260715T114613_L2A,2026-07-15,L1278,4.13783502578735,3.665460141849045,-0.47237488393830507,False
forward_blocks,forward_0.8_1.0,red_linear,S2A_T29UPA_20260715T114613_L2A,2026-07-15,L1279,14.8572664260864,3.885195436160459,-10.97207098992594,False
forward_blocks,forward_0.8_1.0,red_linear,S2B_T29UPA_20260718T114347_L2A,2026-07-18,L1278,4.60120725631714,4.518850703477097,-0.08235655284004295,False
forward_blocks,forward_0.8_1.0,red_linear,S2C_T29UPA_20260730T113319_L2A,2026-07-30,L1279,1.30076158046722,4.2582344241775125,2.957472843710293,False
forward_blocks,forward_0.8_1.0,red_linear,S2A_T29UPA_20260804T114404_L2A,2026-08-04,L1279,3.23846125602722,4.702815135923862,1.4643538798966418,False
forward_blocks,forward_0.8_1.0,red_linear,S2B_T29UPA_20260824T113314_L2A,2026-08-24,L1279,9.52653217315674,3.450834970661151,-6.075697202495589,False
forward_blocks,forward_0.8_1.0,red_linear,S2A_T29UPA_20260824T114402_L2A,2026-08-24,L1279,8.97104549407959,3.3179717694495983,-5.653073724629992,False
forward_blocks,forward_0.8_1.0,red_linear,S2B_T29UPA_20260827T114344_L2A,2026-08-27,L1279,27.5559673309326,6.935938940902658,-20.62002839002994,False
forward_blocks,forward_0.8_1.0,red_linear,S2C_T29UPA_20260908T113337_L2A,2026-09-08,L1279,8.80398178100586,3.5479273100080553,-5.256054470997804,False
forward_blocks,forward_0.8_1.0,nir_linear,S2B_T29UPA_20260625T113315_L2A,2026-06-25,L1278,3.61900734901428,4.108311252849176,0.48930390383489586,False
forward_blocks,forward_0.8_1.0,nir_linear,S2B_T29UPA_20260625T113315_L2A,2026-06-25,L1279,6.5890097618103,4.093573619152094,-2.495436142658206,False
forward_blocks,forward_0.8_1.0,nir_linear,S2A_T29UPA_20260625T114616_L2A,2026-06-25,L1278,3.59910750389099,4.16910399184964,0.5699964879586505,False
forward_blocks,forward_0.8_1.0,nir_linear,S2A_T29UPA_20260625T114616_L2A,2026-06-25,L1279,7.77274084091187,4.12989135933419,-3.64284948157768,False
forward_blocks,forward_0.8_1.0,nir_linear,S2B_T29UPA_20260628T114344_L2A,2026-06-28,L1279,5.937744140625,4.157787594546524,-1.779956546078476,False
forward_blocks,forward_0.8_1.0,nir_linear,S2B_T29UPA_20260708T114435_L2A,2026-07-08,L1278,4.83399629592896,4.142786788819136,-0.6912095071098241,False
forward_blocks,forward_0.8_1.0,nir_linear,S2B_T29UPA_20260708T114435_L2A,2026-07-08,L1279,6.67674779891968,4.091468242909654,-2.5852795560100263,False
forward_blocks,forward_0.8_1.0,nir_linear,S2A_T29UPA_20260712T113332_L2A,2026-07-12,L1278,4.42262840270996,4.06357200769732,-0.3590563950126402,False
forward_blocks,forward_0.8_1.0,nir_linear,S2A_T29UPA_20260712T113332_L2A,2026-07-12,L1279,20.7052822113037,4.083046737939893,-16.62223547336381,False
forward_blocks,forward_0.8_1.0,nir_linear,S2C_T29UPA_20260713T114348_L2A,2026-07-13,L1278,4.07143783569336,4.074625232970131,0.0031873972767710868,False
forward_blocks,forward_0.8_1.0,nir_linear,S2B_T29UPA_20260715T113512_L2A,2026-07-15,L1278,4.05966567993164,4.078835985455012,0.019170305523371844,False
forward_blocks,forward_0.8_1.0,nir_linear,S2B_T29UPA_20260715T113512_L2A,2026-07-15,L1279,12.2001991271973,4.075151577030741,-8.125047550166558,False
forward_blocks,forward_0.8_1.0,nir_linear,S2A_T29UPA_20260715T114613_L2A,2026-07-15,L1278,4.13783502578735,4.098310715697584,-0.039524310089765535,False
forward_blocks,forward_0.8_1.0,nir_linear,S2A_T29UPA_20260715T114613_L2A,2026-07-15,L1279,14.8572664260864,4.103310984273381,-10.75395544181302,False
forward_blocks,forward_0.8_1.0,nir_linear,S2B_T29UPA_20260718T114347_L2A,2026-07-18,L1278,4.60120725631714,4.105416360515821,-0.49579089580131885,False
forward_blocks,forward_0.8_1.0,nir_linear,S2C_T29UPA_20260730T113319_L2A,2026-07-30,L1279,1.30076158046722,4.111206145182532,2.8104445647153122,False
forward_blocks,forward_0.8_1.0,nir_linear,S2A_T29UPA_20260804T114404_L2A,2026-08-04,L1279,3.23846125602722,4.06409835175793,0.82563709573071,False
forward_blocks,forward_0.8_1.0,nir_linear,S2B_T29UPA_20260824T113314_L2A,2026-08-24,L1279,9.52653217315674,4.098047543667279,-5.428484629489461,False
forward_blocks,forward_0.8_1.0,nir_linear,S2A_T29UPA_20260824T114402_L2A,2026-08-24,L1279,8.97104549407959,4.097258027576364,-4.8737874665032255,False
forward_blocks,forward_0.8_1.0,nir_linear,S2B_T29UPA_20260827T114344_L2A,2026-08-27,L1279,27.5559673309326,4.30226903918399,-23.25369829174861,False
forward_blocks,forward_0.8_1.0,nir_linear,S2C_T29UPA_20260908T113337_L2A,2026-09-08,L1279,8.80398178100586,4.0993634038188045,-4.704618377187055,False
forward_blocks,forward_0.8_1.0,red_nir_linear,S2B_T29UPA_20260625T113315_L2A,2026-06-25,L1278,3.61900734901428,0.8051141708906462,-2.813893178123634,False
forward_blocks,forward_0.8_1.0,red_nir_linear,S2B_T29UPA_20260625T113315_L2A,2026-06-25,L1279,6.5890097618103,0.6468261329901992,-5.942183628820101,False
forward_blocks,forward_0.8_1.0,red_nir_linear,S2A_T29UPA_20260625T114616_L2A,2026-06-25,L1278,3.59910750389099,1.261006238898493,-2.338101264992497,False
forward_blocks,forward_0.8_1.0,red_nir_linear,S2A_T29UPA_20260625T114616_L2A,2026-06-25,L1279,7.77274084091187,0.9730876834994318,-6.799653157412438,False
forward_blocks,forward_0.8_1.0,red_nir_linear,S2B_T29UPA_20260628T114344_L2A,2026-06-28,L1279,5.937744140625,5.731575811197413,-0.20616832942758734,False
forward_blocks,forward_0.8_1.0,red_nir_linear,S2B_T29UPA_20260708T114435_L2A,2026-07-08,L1278,4.83399629592896,3.725734488526496,-1.1082618074024646,False
forward_blocks,forward_0.8_1.0,red_nir_linear,S2B_T29UPA_20260708T114435_L2A,2026-07-08,L1279,6.67674779891968,2.181815968672242,-4.494931830247438,False
forward_blocks,forward_0.8_1.0,red_nir_linear,S2A_T29UPA_20260712T113332_L2A,2026-07-12,L1278,4.42262840270996,2.2837980198172136,-2.1388303828927464,False
forward_blocks,forward_0.8_1.0,red_nir_linear,S2A_T29UPA_20260712T113332_L2A,2026-07-12,L1279,20.7052822113037,4.4333991683260425,-16.271883042977656,False
forward_blocks,forward_0.8_1.0,red_nir_linear,S2C_T29UPA_20260713T114348_L2A,2026-07-13,L1278,4.07143783569336,2.1660587422447746,-1.9053790934485857,False
forward_blocks,forward_0.8_1.0,red_nir_linear,S2B_T29UPA_20260715T113512_L2A,2026-07-15,L1278,4.05966567993164,3.0632736492876482,-0.9963920306439915,False
forward_blocks,forward_0.8_1.0,red_nir_linear,S2B_T29UPA_20260715T113512_L2A,2026-07-15,L1279,12.2001991271973,4.284796605133952,-7.9154025220633475,False
forward_blocks,forward_0.8_1.0,red_nir_linear,S2A_T29UPA_20260715T114613_L2A,2026-07-15,L1278,4.13783502578735,3.3212323498143603,-0.8166026759729896,False
forward_blocks,forward_0.8_1.0,red_nir_linear,S2A_T29UPA_20260715T114613_L2A,2026-07-15,L1279,14.8572664260864,4.112452578999797,-10.744813847086602,False
forward_blocks,forward_0.8_1.0,red_nir_linear,S2B_T29UPA_20260718T114347_L2A,2026-07-18,L1278,4.60120725631714,7.227750427940467,2.626543171623328,False
forward_blocks,forward_0.8_1.0,red_nir_linear,S2C_T29UPA_20260730T113319_L2A,2026-07-30,L1279,1.30076158046722,5.495877295735778,4.1951157152685585,False
forward_blocks,forward_0.8_1.0,red_nir_linear,S2A_T29UPA_20260804T114404_L2A,2026-08-04,L1279,3.23846125602722,10.970738827088741,7.7322775710615215,False
forward_blocks,forward_0.8_1.0,red_nir_linear,S2B_T29UPA_20260824T113314_L2A,2026-08-24,L1279,9.52653217315674,2.2355906065922406,-7.290941566564499,False
forward_blocks,forward_0.8_1.0,red_nir_linear,S2A_T29UPA_20260824T114402_L2A,2026-08-24,L1279,8.97104549407959,1.6059465546788436,-7.365098939400746,False
forward_blocks,forward_0.8_1.0,red_nir_linear,S2B_T29UPA_20260827T114344_L2A,2026-08-27,L1279,27.5559673309326,6.32815952598834,-21.22780780494426,False
forward_blocks,forward_0.8_1.0,red_nir_linear,S2C_T29UPA_20260908T113337_L2A,2026-09-08,L1279,8.80398178100586,2.645692273194688,-6.158289507811171,False
forward_blocks,forward_0.8_1.0,red_green_ratio,S2B_T29UPA_20260625T113315_L2A,2026-06-25,L1278,3.61900734901428,4.521188251759648,0.9021809027453682,False
forward_blocks,forward_0.8_1.0,red_green_ratio,S2B_T29UPA_20260625T113315_L2A,2026-06-25,L1279,6.5890097618103,4.542336564288297,-2.0466731975220034,False
forward_blocks,forward_0.8_1.0,red_green_ratio,S2A_T29UPA_20260625T114616_L2A,2026-06-25,L1278,3.59910750389099,6.511877350337201,2.9127698464462113,False
forward_blocks,forward_0.8_1.0,red_green_ratio,S2A_T29UPA_20260625T114616_L2A,2026-06-25,L1279,7.77274084091187,5.256284796755908,-2.5164560441559614,False
forward_blocks,forward_0.8_1.0,red_green_ratio,S2B_T29UPA_20260628T114344_L2A,2026-06-28,L1279,5.937744140625,4.614425548444831,-1.3233185921801693,False
forward_blocks,forward_0.8_1.0,red_green_ratio,S2B_T29UPA_20260708T114435_L2A,2026-07-08,L1278,4.83399629592896,0.5030625456800428,-4.330933750248917,False
forward_blocks,forward_0.8_1.0,red_green_ratio,S2B_T29UPA_20260708T114435_L2A,2026-07-08,L1279,6.67674779891968,2.79944491352619,-3.8773028853934903,False
forward_blocks,forward_0.8_1.0,red_green_ratio,S2A_T29UPA_20260712T113332_L2A,2026-07-12,L1278,4.42262840270996,2.5463881423257995,-1.8762402603841606,False
forward_blocks,forward_0.8_1.0,red_green_ratio,S2A_T29UPA_20260712T113332_L2A,2026-07-12,L1279,20.7052822113037,3.2622405413181115,-17.44304166998559,False
forward_blocks,forward_0.8_1.0,red_green_ratio,S2C_T29UPA_20260713T114348_L2A,2026-07-13,L1278,4.07143783569336,3.0758374673942317,-0.9956003682991286,False
forward_blocks,forward_0.8_1.0,red_green_ratio,S2B_T29UPA_20260715T113512_L2A,2026-07-15,L1278,4.05966567993164,1.9147153266778374,-2.1449503532538023,False
forward_blocks,forward_0.8_1.0,red_green_ratio,S2B_T29UPA_20260715T113512_L2A,2026-07-15,L1279,12.2001991271973,2.2516370336172318,-9.948562093580067,False
forward_blocks,forward_0.8_1.0,red_green_ratio,S2A_T29UPA_20260715T114613_L2A,2026-07-15,L1278,4.13783502578735,3.3128593875624155,-0.8249756382249345,False
forward_blocks,forward_0.8_1.0,red_green_ratio,S2A_T29UPA_20260715T114613_L2A,2026-07-15,L1279,14.8572664260864,3.175651950005829,-11.68161447608057,False
forward_blocks,forward_0.8_1.0,red_green_ratio,S2B_T29UPA_20260718T114347_L2A,2026-07-18,L1278,4.60120725631714,3.547043144621213,-1.0541641116959264,False
forward_blocks,forward_0.8_1.0,red_green_ratio,S2C_T29UPA_20260730T113319_L2A,2026-07-30,L1279,1.30076158046722,2.016101622456643,0.7153400419894231,False
forward_blocks,forward_0.8_1.0,red_green_ratio,S2A_T29UPA_20260804T114404_L2A,2026-08-04,L1279,3.23846125602722,2.292271465670642,-0.9461897903565779,False
forward_blocks,forward_0.8_1.0,red_green_ratio,S2B_T29UPA_20260824T113314_L2A,2026-08-24,L1279,9.52653217315674,1.1050626357434132,-8.421469537413326,False
forward_blocks,forward_0.8_1.0,red_green_ratio,S2A_T29UPA_20260824T114402_L2A,2026-08-24,L1279,8.97104549407959,1.2378932981003898,-7.7331521959792,False
forward_blocks,forward_0.8_1.0,red_green_ratio,S2B_T29UPA_20260827T114344_L2A,2026-08-27,L1279,27.5559673309326,3.4035698160003864,-24.15239751493221,False
forward_blocks,forward_0.8_1.0,red_green_ratio,S2C_T29UPA_20260908T113337_L2A,2026-09-08,L1279,8.80398178100586,0.968886161076838,-7.835095619929021,False
forward_blocks,forward_0.8_1.0,nir_red_ratio,S2B_T29UPA_20260625T113315_L2A,2026-06-25,L1278,3.61900734901428,2.119249292132787,-1.4997580568814932,False
forward_blocks,forward_0.8_1.0,nir_red_ratio,S2B_T29UPA_20260625T113315_L2A,2026-06-25,L1279,6.5890097618103,2.2813955444370873,-4.307614217373213,False
forward_blocks,forward_0.8_1.0,nir_red_ratio,S2A_T29UPA_20260625T114616_L2A,2026-06-25,L1278,3.59910750389099,1.672074513681535,-1.927032990209455,False
forward_blocks,forward_0.8_1.0,nir_red_ratio,S2A_T29UPA_20260625T114616_L2A,2026-06-25,L1279,7.77274084091187,1.9117883846160577,-5.860952456295812,False
forward_blocks,forward_0.8_1.0,nir_red_ratio,S2B_T29UPA_20260628T114344_L2A,2026-06-28,L1279,5.937744140625,3.6794815398402236,-2.2582626007847764,False
forward_blocks,forward_0.8_1.0,nir_red_ratio,S2B_T29UPA_20260708T114435_L2A,2026-07-08,L1278,4.83399629592896,3.2140178424798123,-1.6199784534491481,False
forward_blocks,forward_0.8_1.0,nir_red_ratio,S2B_T29UPA_20260708T114435_L2A,2026-07-08,L1279,6.67674779891968,3.5793353641580237,-3.0974124347616567,False
forward_blocks,forward_0.8_1.0,nir_red_ratio,S2A_T29UPA_20260712T113332_L2A,2026-07-12,L1278,4.42262840270996,4.816670439165254,0.3940420364552937,False
forward_blocks,forward_0.8_1.0,nir_red_ratio,S2A_T29UPA_20260712T113332_L2A,2026-07-12,L1279,20.7052822113037,4.975490735444105,-15.729791475859596,False
forward_blocks,forward_0.8_1.0,nir_red_ratio,S2C_T29UPA_20260713T114348_L2A,2026-07-13,L1278,4.07143783569336,4.192088955031856,0.12065111933849604,False
forward_blocks,forward_0.8_1.0,nir_red_ratio,S2B_T29UPA_20260715T113512_L2A,2026-07-15,L1278,4.05966567993164,4.5388041427198695,0.4791384627882298,False
forward_blocks,forward_0.8_1.0,nir_red_ratio,S2B_T29UPA_20260715T113512_L2A,2026-07-15,L1279,12.2001991271973,5.222446538767117,-6.9777525884301825,False
forward_blocks,forward_0.8_1.0,nir_red_ratio,S2A_T29UPA_20260715T114613_L2A,2026-07-15,L1278,4.13783502578735,4.006235011500963,-0.1316000142863869,False
forward_blocks,forward_0.8_1.0,nir_red_ratio,S2A_T29UPA_20260715T114613_L2A,2026-07-15,L1279,14.8572664260864,4.216407747244374,-10.640858678842026,False
forward_blocks,forward_0.8_1.0,nir_red_ratio,S2B_T29UPA_20260718T114347_L2A,2026-07-18,L1278,4.60120725631714,5.133907785112811,0.5327005287956714,False
forward_blocks,forward_0.8_1.0,nir_red_ratio,S2C_T29UPA_20260730T113319_L2A,2026-07-30,L1279,1.30076158046722,4.5103528021115595,3.20959122164434,False
forward_blocks,forward_0.8_1.0,nir_red_ratio,S2A_T29UPA_20260804T114404_L2A,2026-08-04,L1279,3.23846125602722,6.943900361930808,3.7054391059035883,False
forward_blocks,forward_0.8_1.0,nir_red_ratio,S2B_T29UPA_20260824T113314_L2A,2026-08-24,L1279,9.52653217315674,3.4187946936238616,-6.1077374795328785,False
forward_blocks,forward_0.8_1.0,nir_red_ratio,S2A_T29UPA_20260824T114402_L2A,2026-08-24,L1279,8.97104549407959,3.0133365283586464,-5.957708965720943,False
forward_blocks,forward_0.8_1.0,nir_red_ratio,S2B_T29UPA_20260827T114344_L2A,2026-08-27,L1279,27.5559673309326,2.4518188889061427,-25.104148442026457,False
forward_blocks,forward_0.8_1.0,nir_red_ratio,S2C_T29UPA_20260908T113337_L2A,2026-09-08,L1279,8.80398178100586,3.6246625689748253,-5.179319212031034,False
station_and_date_holdout,L1278,training_median,S2C_T29UPA_20250330T114409_L2A,2025-03-30,L1278,0.988410890102386,5.93119192123413,4.942781031131744,False
station_and_date_holdout,L1278,training_median,S2C_T29UPA_20250409T114410_L2A,2025-04-09,L1278,0.0930194854736328,5.93119192123413,5.838172435760497,False
station_and_date_holdout,L1278,training_median,S2C_T29UPA_20250509T114406_L2A,2025-05-09,L1278,0.388094156980515,5.93119192123413,5.543097764253615,False
station_and_date_holdout,L1278,training_median,S2B_T29UPA_20250511T113318_L2A,2025-05-11,L1278,0.311252743005753,5.93119192123413,5.6199391782283765,False
station_and_date_holdout,L1278,training_median,S2A_T29UPA_20250511T114617_L2A,2025-05-11,L1278,0.432670503854752,5.93119192123413,5.498521417379378,False
station_and_date_holdout,L1278,training_median,S2B_T29UPA_20250514T114347_L2A,2025-05-14,L1278,0.312419921159744,5.93119192123413,5.618772000074386,False
station_and_date_holdout,L1278,training_median,S2C_T29UPA_20250516T113334_L2A,2025-05-16,L1278,0.447112947702408,5.93119192123413,5.484078973531722,False
station_and_date_holdout,L1278,training_median,S2A_T29UPA_20250518T113332_L2A,2025-05-18,L1278,0.133855044841766,5.93119192123413,5.797336876392364,False
station_and_date_holdout,L1278,training_median,S2B_T29UPA_20250521T113318_L2A,2025-05-21,L1278,0.146147057414055,5.93119192123413,5.785044863820075,False
station_and_date_holdout,L1278,training_median,S2A_T29UPA_20250521T114403_L2A,2025-05-21,L1278,0.117193304002285,5.93119192123413,5.813998617231845,False
station_and_date_holdout,L1278,training_median,S2A_T29UPA_20250620T114501_L2A,2025-06-20,L1278,3.53445243835449,5.93119192123413,2.39673948287964,False
station_and_date_holdout,L1278,training_median,S2B_T29UPA_20250713T114350_L2A,2025-07-13,L1278,0.370666891336441,5.93119192123413,5.560525029897689,False
station_and_date_holdout,L1278,training_median,S2B_T29UPA_20250812T114349_L2A,2025-08-12,L1278,3.97023105621338,5.93119192123413,1.9609608650207502,False
station_and_date_holdout,L1278,training_median,S2A_T29UPA_20250826T113331_L2A,2025-08-26,L1278,3.41329121589661,5.93119192123413,2.51790070533752,False
station_and_date_holdout,L1278,training_median,S2B_T29UPA_20250911T114345_L2A,2025-09-11,L1278,7.02062845230103,5.93119192123413,-1.0894365310668999,False
station_and_date_holdout,L1278,training_median,S2B_T29UPA_20250921T114345_L2A,2025-09-21,L1278,1.82938587665558,5.93119192123413,4.1018060445785505,False
station_and_date_holdout,L1278,training_median,S2C_T29UPA_20250923T113332_L2A,2025-09-23,L1278,1.21478772163391,5.93119192123413,4.71640419960022,False
station_and_date_holdout,L1278,training_median,S2A_T29UPA_20250928T114402_L2A,2025-09-28,L1278,0.764531672000885,5.93119192123413,5.166660249233245,False
station_and_date_holdout,L1278,training_median,S2C_T29UPA_20251006T114605_L2A,2025-10-06,L1278,2.7519211769104,5.93119192123413,3.17927074432373,False
station_and_date_holdout,L1278,training_median,S2B_T29UPA_20251028T113316_L2A,2025-10-28,L1278,1.12371873855591,5.93119192123413,4.80747318267822,False
station_and_date_holdout,L1278,training_median,S2A_T29UPA_20251028T114403_L2A,2025-10-28,L1278,0.65248030424118,5.93119192123413,5.27871161699295,False
station_and_date_holdout,L1278,training_median,S2C_T29UPA_20251102T113332_L2A,2025-11-02,L1278,0.6187863945961,5.93119192123413,5.31240552663803,False
station_and_date_holdout,L1278,training_median,S2B_T29UPA_20251110T114343_L2A,2025-11-10,L1278,0.384035348892212,5.93119192123413,5.547156572341918,False
station_and_date_holdout,L1278,training_median,S2A_T29UPA_20251114T113418_L2A,2025-11-14,L1278,0.453972905874252,5.93119192123413,5.477219015359878,False
station_and_date_holdout,L1278,training_median,S2A_T29UPA_20251124T113430_L2A,2025-11-24,L1278,0.116386495530605,5.93119192123413,5.814805425703525,False
station_and_date_holdout,L1278,training_median,S2C_T29UPA_20251125T114429_L2A,2025-11-25,L1278,0.321463912725449,5.93119192123413,5.609728008508681,False
station_and_date_holdout,L1278,training_median,S2C_T29UPA_20251202T113447_L2A,2025-12-02,L1278,1.25268137454987,5.93119192123413,4.67851054668426,False
station_and_date_holdout,L1278,training_median,S2B_T29UPA_20251220T114413_L2A,2025-12-20,L1278,0.00898528099060059,5.93119192123413,5.922206640243529,False
station_and_date_holdout,L1278,training_median,S2C_T29UPA_20251225T114517_L2A,2025-12-25,L1278,0.666853487491608,5.93119192123413,5.264338433742522,False
station_and_date_holdout,L1278,training_median,S2B_T29UPA_20251227T113407_L2A,2025-12-27,L1278,0.196776151657104,5.93119192123413,5.734415769577026,False
station_and_date_holdout,L1278,training_median,S2B_T29UPA_20260215T113312_L2A,2026-02-15,L1278,2.16349649429321,5.93119192123413,3.76769542694092,False
station_and_date_holdout,L1278,training_median,S2A_T29UPA_20260314T113337_L2A,2026-03-14,L1278,2.93125343322754,5.93119192123413,2.99993848800659,False
station_and_date_holdout,L1278,training_median,S2A_T29UPA_20260403T113337_L2A,2026-04-03,L1278,1.93841171264648,5.93119192123413,3.99278020858765,False
station_and_date_holdout,L1278,training_median,S2C_T29UPA_20260424T114417_L2A,2026-04-24,L1278,2.33187127113342,5.93119192123413,3.59932065010071,False
station_and_date_holdout,L1278,training_median,S2B_T29UPA_20260429T114343_L2A,2026-04-29,L1278,2.35662269592285,5.93119192123413,3.57456922531128,False
station_and_date_holdout,L1278,training_median,S2B_T29UPA_20260509T114438_L2A,2026-05-09,L1278,2.51252102851868,5.93119192123413,3.41867089271545,False
station_and_date_holdout,L1278,training_median,S2A_T29UPA_20260513T113331_L2A,2026-05-13,L1278,3.06201863288879,5.93119192123413,2.86917328834534,False
station_and_date_holdout,L1278,training_median,S2B_T29UPA_20260608T114344_L2A,2026-06-08,L1278,2.58542895317078,5.93119192123413,3.34576296806335,False
station_and_date_holdout,L1278,training_median,S2C_T29UPA_20260620T113317_L2A,2026-06-20,L1278,3.45781397819519,5.93119192123413,2.47337794303894,False
station_and_date_holdout,L1278,training_median,S2B_T29UPA_20260625T113315_L2A,2026-06-25,L1278,3.61900734901428,5.93119192123413,2.31218457221985,False
station_and_date_holdout,L1278,training_median,S2A_T29UPA_20260625T114616_L2A,2026-06-25,L1278,3.59910750389099,5.93119192123413,2.33208441734314,False
station_and_date_holdout,L1278,training_median,S2B_T29UPA_20260708T114435_L2A,2026-07-08,L1278,4.83399629592896,5.93119192123413,1.0971956253051696,False
station_and_date_holdout,L1278,training_median,S2A_T29UPA_20260712T113332_L2A,2026-07-12,L1278,4.42262840270996,5.93119192123413,1.50856351852417,False
station_and_date_holdout,L1278,training_median,S2C_T29UPA_20260713T114348_L2A,2026-07-13,L1278,4.07143783569336,5.93119192123413,1.8597540855407697,False
station_and_date_holdout,L1278,training_median,S2B_T29UPA_20260715T113512_L2A,2026-07-15,L1278,4.05966567993164,5.93119192123413,1.8715262413024902,False
station_and_date_holdout,L1278,training_median,S2A_T29UPA_20260715T114613_L2A,2026-07-15,L1278,4.13783502578735,5.93119192123413,1.79335689544678,False
station_and_date_holdout,L1278,training_median,S2B_T29UPA_20260718T114347_L2A,2026-07-18,L1278,4.60120725631714,5.93119192123413,1.3299846649169904,False
station_and_date_holdout,L1278,station_median,S2C_T29UPA_20250330T114409_L2A,2025-03-30,L1278,0.988410890102386,5.93119192123413,4.942781031131744,False
station_and_date_holdout,L1278,station_median,S2C_T29UPA_20250409T114410_L2A,2025-04-09,L1278,0.0930194854736328,5.93119192123413,5.838172435760497,False
station_and_date_holdout,L1278,station_median,S2C_T29UPA_20250509T114406_L2A,2025-05-09,L1278,0.388094156980515,5.93119192123413,5.543097764253615,False
station_and_date_holdout,L1278,station_median,S2B_T29UPA_20250511T113318_L2A,2025-05-11,L1278,0.311252743005753,5.93119192123413,5.6199391782283765,False
station_and_date_holdout,L1278,station_median,S2A_T29UPA_20250511T114617_L2A,2025-05-11,L1278,0.432670503854752,5.93119192123413,5.498521417379378,False
station_and_date_holdout,L1278,station_median,S2B_T29UPA_20250514T114347_L2A,2025-05-14,L1278,0.312419921159744,5.93119192123413,5.618772000074386,False
station_and_date_holdout,L1278,station_median,S2C_T29UPA_20250516T113334_L2A,2025-05-16,L1278,0.447112947702408,5.93119192123413,5.484078973531722,False
station_and_date_holdout,L1278,station_median,S2A_T29UPA_20250518T113332_L2A,2025-05-18,L1278,0.133855044841766,5.93119192123413,5.797336876392364,False
station_and_date_holdout,L1278,station_median,S2B_T29UPA_20250521T113318_L2A,2025-05-21,L1278,0.146147057414055,5.93119192123413,5.785044863820075,False
station_and_date_holdout,L1278,station_median,S2A_T29UPA_20250521T114403_L2A,2025-05-21,L1278,0.117193304002285,5.93119192123413,5.813998617231845,False
station_and_date_holdout,L1278,station_median,S2A_T29UPA_20250620T114501_L2A,2025-06-20,L1278,3.53445243835449,5.93119192123413,2.39673948287964,False
station_and_date_holdout,L1278,station_median,S2B_T29UPA_20250713T114350_L2A,2025-07-13,L1278,0.370666891336441,5.93119192123413,5.560525029897689,False
station_and_date_holdout,L1278,station_median,S2B_T29UPA_20250812T114349_L2A,2025-08-12,L1278,3.97023105621338,5.93119192123413,1.9609608650207502,False
station_and_date_holdout,L1278,station_median,S2A_T29UPA_20250826T113331_L2A,2025-08-26,L1278,3.41329121589661,5.93119192123413,2.51790070533752,False
station_and_date_holdout,L1278,station_median,S2B_T29UPA_20250911T114345_L2A,2025-09-11,L1278,7.02062845230103,5.93119192123413,-1.0894365310668999,False
station_and_date_holdout,L1278,station_median,S2B_T29UPA_20250921T114345_L2A,2025-09-21,L1278,1.82938587665558,5.93119192123413,4.1018060445785505,False
station_and_date_holdout,L1278,station_median,S2C_T29UPA_20250923T113332_L2A,2025-09-23,L1278,1.21478772163391,5.93119192123413,4.71640419960022,False
station_and_date_holdout,L1278,station_median,S2A_T29UPA_20250928T114402_L2A,2025-09-28,L1278,0.764531672000885,5.93119192123413,5.166660249233245,False
station_and_date_holdout,L1278,station_median,S2C_T29UPA_20251006T114605_L2A,2025-10-06,L1278,2.7519211769104,5.93119192123413,3.17927074432373,False
station_and_date_holdout,L1278,station_median,S2B_T29UPA_20251028T113316_L2A,2025-10-28,L1278,1.12371873855591,5.93119192123413,4.80747318267822,False
station_and_date_holdout,L1278,station_median,S2A_T29UPA_20251028T114403_L2A,2025-10-28,L1278,0.65248030424118,5.93119192123413,5.27871161699295,False
station_and_date_holdout,L1278,station_median,S2C_T29UPA_20251102T113332_L2A,2025-11-02,L1278,0.6187863945961,5.93119192123413,5.31240552663803,False
station_and_date_holdout,L1278,station_median,S2B_T29UPA_20251110T114343_L2A,2025-11-10,L1278,0.384035348892212,5.93119192123413,5.547156572341918,False
station_and_date_holdout,L1278,station_median,S2A_T29UPA_20251114T113418_L2A,2025-11-14,L1278,0.453972905874252,5.93119192123413,5.477219015359878,False
station_and_date_holdout,L1278,station_median,S2A_T29UPA_20251124T113430_L2A,2025-11-24,L1278,0.116386495530605,5.93119192123413,5.814805425703525,False
station_and_date_holdout,L1278,station_median,S2C_T29UPA_20251125T114429_L2A,2025-11-25,L1278,0.321463912725449,5.93119192123413,5.609728008508681,False
station_and_date_holdout,L1278,station_median,S2C_T29UPA_20251202T113447_L2A,2025-12-02,L1278,1.25268137454987,5.93119192123413,4.67851054668426,False
station_and_date_holdout,L1278,station_median,S2B_T29UPA_20251220T114413_L2A,2025-12-20,L1278,0.00898528099060059,5.93119192123413,5.922206640243529,False
station_and_date_holdout,L1278,station_median,S2C_T29UPA_20251225T114517_L2A,2025-12-25,L1278,0.666853487491608,5.93119192123413,5.264338433742522,False
station_and_date_holdout,L1278,station_median,S2B_T29UPA_20251227T113407_L2A,2025-12-27,L1278,0.196776151657104,5.93119192123413,5.734415769577026,False
station_and_date_holdout,L1278,station_median,S2B_T29UPA_20260215T113312_L2A,2026-02-15,L1278,2.16349649429321,5.93119192123413,3.76769542694092,False
station_and_date_holdout,L1278,station_median,S2A_T29UPA_20260314T113337_L2A,2026-03-14,L1278,2.93125343322754,5.93119192123413,2.99993848800659,False
station_and_date_holdout,L1278,station_median,S2A_T29UPA_20260403T113337_L2A,2026-04-03,L1278,1.93841171264648,5.93119192123413,3.99278020858765,False
station_and_date_holdout,L1278,station_median,S2C_T29UPA_20260424T114417_L2A,2026-04-24,L1278,2.33187127113342,5.93119192123413,3.59932065010071,False
station_and_date_holdout,L1278,station_median,S2B_T29UPA_20260429T114343_L2A,2026-04-29,L1278,2.35662269592285,5.93119192123413,3.57456922531128,False
station_and_date_holdout,L1278,station_median,S2B_T29UPA_20260509T114438_L2A,2026-05-09,L1278,2.51252102851868,5.93119192123413,3.41867089271545,False
station_and_date_holdout,L1278,station_median,S2A_T29UPA_20260513T113331_L2A,2026-05-13,L1278,3.06201863288879,5.93119192123413,2.86917328834534,False
station_and_date_holdout,L1278,station_median,S2B_T29UPA_20260608T114344_L2A,2026-06-08,L1278,2.58542895317078,5.93119192123413,3.34576296806335,False
station_and_date_holdout,L1278,station_median,S2C_T29UPA_20260620T113317_L2A,2026-06-20,L1278,3.45781397819519,5.93119192123413,2.47337794303894,False
station_and_date_holdout,L1278,station_median,S2B_T29UPA_20260625T113315_L2A,2026-06-25,L1278,3.61900734901428,5.93119192123413,2.31218457221985,False
station_and_date_holdout,L1278,station_median,S2A_T29UPA_20260625T114616_L2A,2026-06-25,L1278,3.59910750389099,5.93119192123413,2.33208441734314,False
station_and_date_holdout,L1278,station_median,S2B_T29UPA_20260708T114435_L2A,2026-07-08,L1278,4.83399629592896,5.93119192123413,1.0971956253051696,False
station_and_date_holdout,L1278,station_median,S2A_T29UPA_20260712T113332_L2A,2026-07-12,L1278,4.42262840270996,5.93119192123413,1.50856351852417,False
station_and_date_holdout,L1278,station_median,S2C_T29UPA_20260713T114348_L2A,2026-07-13,L1278,4.07143783569336,5.93119192123413,1.8597540855407697,False
station_and_date_holdout,L1278,station_median,S2B_T29UPA_20260715T113512_L2A,2026-07-15,L1278,4.05966567993164,5.93119192123413,1.8715262413024902,False
station_and_date_holdout,L1278,station_median,S2A_T29UPA_20260715T114613_L2A,2026-07-15,L1278,4.13783502578735,5.93119192123413,1.79335689544678,False
station_and_date_holdout,L1278,station_median,S2B_T29UPA_20260718T114347_L2A,2026-07-18,L1278,4.60120725631714,5.93119192123413,1.3299846649169904,False
station_and_date_holdout,L1278,seasonal_harmonic,S2C_T29UPA_20250330T114409_L2A,2025-03-30,L1278,0.988410890102386,9.69897915236294,8.710568262260553,True
station_and_date_holdout,L1278,seasonal_harmonic,S2C_T29UPA_20250409T114410_L2A,2025-04-09,L1278,0.0930194854736328,8.607503292203672,8.51448380673004,True
station_and_date_holdout,L1278,seasonal_harmonic,S2C_T29UPA_20250509T114406_L2A,2025-05-09,L1278,0.388094156980515,5.768951555080555,5.38085739810004,False
station_and_date_holdout,L1278,seasonal_harmonic,S2B_T29UPA_20250511T113318_L2A,2025-05-11,L1278,0.311252743005753,5.615769670570483,5.30451692756473,False
station_and_date_holdout,L1278,seasonal_harmonic,S2A_T29UPA_20250511T114617_L2A,2025-05-11,L1278,0.432670503854752,5.615769670570483,5.183099166715731,False
station_and_date_holdout,L1278,seasonal_harmonic,S2B_T29UPA_20250514T114347_L2A,2025-05-14,L1278,0.312419921159744,5.396646361953308,5.084226440793564,False
station_and_date_holdout,L1278,seasonal_harmonic,S2C_T29UPA_20250516T113334_L2A,2025-05-16,L1278,0.447112947702408,5.2579159891998355,4.810803041497428,False
station_and_date_holdout,L1278,seasonal_harmonic,S2A_T29UPA_20250518T113332_L2A,2025-05-18,L1278,0.133855044841766,5.125259678134311,4.991404633292545,False
station_and_date_holdout,L1278,seasonal_harmonic,S2B_T29UPA_20250521T113318_L2A,2025-05-21,L1278,0.146147057414055,4.938005536571168,4.7918584791571135,False
station_and_date_holdout,L1278,seasonal_harmonic,S2A_T29UPA_20250521T114403_L2A,2025-05-21,L1278,0.117193304002285,4.938005536571168,4.820812232568883,False
station_and_date_holdout,L1278,seasonal_harmonic,S2A_T29UPA_20250620T114501_L2A,2025-06-20,L1278,3.53445243835449,3.926158141819644,0.3917057034651541,False
station_and_date_holdout,L1278,seasonal_harmonic,S2B_T29UPA_20250713T114350_L2A,2025-07-13,L1278,0.370666891336441,4.292722088426437,3.922055197089996,False
station_and_date_holdout,L1278,seasonal_harmonic,S2B_T29UPA_20250812T114349_L2A,2025-08-12,L1278,3.97023105621338,6.15923485469243,2.1890037984790505,False
station_and_date_holdout,L1278,seasonal_harmonic,S2A_T29UPA_20250826T113331_L2A,2025-08-26,L1278,3.41329121589661,7.449801675976158,4.036510460079548,False
station_and_date_holdout,L1278,seasonal_harmonic,S2B_T29UPA_20250911T114345_L2A,2025-09-11,L1278,7.02062845230103,9.127700066004858,2.1070716137038277,False
station_and_date_holdout,L1278,seasonal_harmonic,S2B_T29UPA_20250921T114345_L2A,2025-09-21,L1278,1.82938587665558,10.2330609190095,8.40367504235392,True
station_and_date_holdout,L1278,seasonal_harmonic,S2C_T29UPA_20250923T113332_L2A,2025-09-23,L1278,1.21478772163391,10.455740584364362,9.240952862730452,True
station_and_date_holdout,L1278,seasonal_harmonic,S2A_T29UPA_20250928T114402_L2A,2025-09-28,L1278,0.764531672000885,11.01152130174792,10.246989629747034,True
station_and_date_holdout,L1278,seasonal_harmonic,S2C_T29UPA_20251006T114605_L2A,2025-10-06,L1278,2.7519211769104,11.889509067186932,9.137587890276532,True
station_and_date_holdout,L1278,seasonal_harmonic,S2B_T29UPA_20251028T113316_L2A,2025-10-28,L1278,1.12371873855591,14.10987383612786,12.98615509757195,False
station_and_date_holdout,L1278,seasonal_harmonic,S2A_T29UPA_20251028T114403_L2A,2025-10-28,L1278,0.65248030424118,14.10987383612786,13.45739353188668,False
station_and_date_holdout,L1278,seasonal_harmonic,S2C_T29UPA_20251102T113332_L2A,2025-11-02,L1278,0.6187863945961,14.551153095499735,13.932366700903636,False
station_and_date_holdout,L1278,seasonal_harmonic,S2B_T29UPA_20251110T114343_L2A,2025-11-10,L1278,0.384035348892212,15.191926811529859,14.807891462637647,False
station_and_date_holdout,L1278,seasonal_harmonic,S2A_T29UPA_20251114T113418_L2A,2025-11-14,L1278,0.453972905874252,15.478952297777854,15.024979391903601,False
station_and_date_holdout,L1278,seasonal_harmonic,S2A_T29UPA_20251124T113430_L2A,2025-11-24,L1278,0.116386495530605,16.088440692591607,15.972054197061002,False
station_and_date_holdout,L1278,seasonal_harmonic,S2C_T29UPA_20251125T114429_L2A,2025-11-25,L1278,0.321463912725449,16.140392152713837,15.818928239988388,False
station_and_date_holdout,L1278,seasonal_harmonic,S2C_T29UPA_20251202T113447_L2A,2025-12-02,L1278,1.25268137454987,16.455604912633607,15.202923538083738,False
station_and_date_holdout,L1278,seasonal_harmonic,S2B_T29UPA_20251220T114413_L2A,2025-12-20,L1278,0.00898528099060059,16.855268249850386,16.846282968859786,True
station_and_date_holdout,L1278,seasonal_harmonic,S2C_T29UPA_20251225T114517_L2A,2025-12-25,L1278,0.666853487491608,16.857347340810588,16.19049385331898,True
station_and_date_holdout,L1278,seasonal_harmonic,S2B_T29UPA_20251227T113407_L2A,2025-12-27,L1278,0.196776151657104,16.844778070150866,16.64800191849376,True
station_and_date_holdout,L1278,seasonal_harmonic,S2B_T29UPA_20260215T113312_L2A,2026-02-15,L1278,2.16349649429321,14.217679557302274,12.054183063009065,False
station_and_date_holdout,L1278,seasonal_harmonic,S2A_T29UPA_20260314T113337_L2A,2026-03-14,L1278,2.93125343322754,11.474091972369534,8.542838539141993,False
station_and_date_holdout,L1278,seasonal_harmonic,S2A_T29UPA_20260403T113337_L2A,2026-04-03,L1278,1.93841171264648,9.258113852427632,7.319702139781152,True
station_and_date_holdout,L1278,seasonal_harmonic,S2C_T29UPA_20260424T114417_L2A,2026-04-24,L1278,2.33187127113342,7.078603589867663,4.746732318734243,False
station_and_date_holdout,L1278,seasonal_harmonic,S2B_T29UPA_20260429T114343_L2A,2026-04-29,L1278,2.35662269592285,6.613050731208765,4.256428035285915,False
station_and_date_holdout,L1278,seasonal_harmonic,S2B_T29UPA_20260509T114438_L2A,2026-05-09,L1278,2.51252102851868,5.768951555080555,3.2564305265618754,False
station_and_date_holdout,L1278,seasonal_harmonic,S2A_T29UPA_20260513T113331_L2A,2026-05-13,L1278,3.06201863288879,5.468238283044815,2.4062196501560247,False
station_and_date_holdout,L1278,seasonal_harmonic,S2B_T29UPA_20260608T114344_L2A,2026-06-08,L1278,2.58542895317078,4.134014316397464,1.5485853632266844,False
station_and_date_holdout,L1278,seasonal_harmonic,S2C_T29UPA_20260620T113317_L2A,2026-06-20,L1278,3.45781397819519,3.926158141819644,0.4683441636244541,False
station_and_date_holdout,L1278,seasonal_harmonic,S2B_T29UPA_20260625T113315_L2A,2026-06-25,L1278,3.61900734901428,3.920452794213721,0.30144544519944105,False
station_and_date_holdout,L1278,seasonal_harmonic,S2A_T29UPA_20260625T114616_L2A,2026-06-25,L1278,3.59910750389099,3.920452794213721,0.3213452903227312,False
station_and_date_holdout,L1278,seasonal_harmonic,S2B_T29UPA_20260708T114435_L2A,2026-07-08,L1278,4.83399629592896,4.128564466486809,-0.7054318294421513,False
station_and_date_holdout,L1278,seasonal_harmonic,S2A_T29UPA_20260712T113332_L2A,2026-07-12,L1278,4.42262840270996,4.256240483462899,-0.16638791924706098,False
station_and_date_holdout,L1278,seasonal_harmonic,S2C_T29UPA_20260713T114348_L2A,2026-07-13,L1278,4.07143783569336,4.292722088426437,0.22128425273307695,False
station_and_date_holdout,L1278,seasonal_harmonic,S2B_T29UPA_20260715T113512_L2A,2026-07-15,L1278,4.05966567993164,4.371086736205882,0.3114210562742423,False
station_and_date_holdout,L1278,seasonal_harmonic,S2A_T29UPA_20260715T114613_L2A,2026-07-15,L1278,4.13783502578735,4.371086736205882,0.2332517104185321,False
station_and_date_holdout,L1278,seasonal_harmonic,S2B_T29UPA_20260718T114347_L2A,2026-07-18,L1278,4.60120725631714,4.501959417047237,-0.09924783926990255,False
station_and_date_holdout,L1278,red_linear,S2C_T29UPA_20250330T114409_L2A,2025-03-30,L1278,0.988410890102386,7.041786527785711,6.053375637683326,False
station_and_date_holdout,L1278,red_linear,S2C_T29UPA_20250409T114410_L2A,2025-04-09,L1278,0.0930194854736328,6.528509759914728,6.435490274441095,True
station_and_date_holdout,L1278,red_linear,S2C_T29UPA_20250509T114406_L2A,2025-05-09,L1278,0.388094156980515,6.896041272711235,6.50794711573072,False
station_and_date_holdout,L1278,red_linear,S2B_T29UPA_20250511T113318_L2A,2025-05-11,L1278,0.311252743005753,7.1748582824189295,6.863605539413177,False
station_and_date_holdout,L1278,red_linear,S2A_T29UPA_20250511T114617_L2A,2025-05-11,L1278,0.432670503854752,7.339613788155295,6.906943284300543,False
station_and_date_holdout,L1278,red_linear,S2B_T29UPA_20250514T114347_L2A,2025-05-14,L1278,0.312419921159744,6.832673770504941,6.520253849345197,True
station_and_date_holdout,L1278,red_linear,S2C_T29UPA_20250516T113334_L2A,2025-05-16,L1278,0.447112947702408,6.072263744029408,5.625150796327,True
station_and_date_holdout,L1278,red_linear,S2A_T29UPA_20250518T113332_L2A,2025-05-18,L1278,0.133855044841766,6.072263744029408,5.938408699187642,True
station_and_date_holdout,L1278,red_linear,S2B_T29UPA_20250521T113318_L2A,2025-05-21,L1278,0.146147057414055,7.098817279771376,6.952670222357321,False
station_and_date_holdout,L1278,red_linear,S2A_T29UPA_20250521T114403_L2A,2025-05-21,L1278,0.117193304002285,6.915051523373123,6.797858219370838,False
station_and_date_holdout,L1278,red_linear,S2A_T29UPA_20250620T114501_L2A,2025-06-20,L1278,3.53445243835449,6.9784190255794165,3.4439665872249265,False
station_and_date_holdout,L1278,red_linear,S2B_T29UPA_20250713T114350_L2A,2025-07-13,L1278,0.370666891336441,6.572867011459134,6.202200120122693,True
station_and_date_holdout,L1278,red_linear,S2B_T29UPA_20250812T114349_L2A,2025-08-12,L1278,3.97023105621338,8.644984333604961,4.674753277391582,False
station_and_date_holdout,L1278,red_linear,S2A_T29UPA_20250826T113331_L2A,2025-08-26,L1278,3.41329121589661,7.529716294774178,4.116425078877568,False
station_and_date_holdout,L1278,red_linear,S2B_T29UPA_20250911T114345_L2A,2025-09-11,L1278,7.02062845230103,10.520662398911272,3.500033946610242,False
station_and_date_holdout,L1278,red_linear,S2B_T29UPA_20250921T114345_L2A,2025-09-21,L1278,1.82938587665558,6.71861226653361,4.889226389878029,True
station_and_date_holdout,L1278,red_linear,S2C_T29UPA_20250923T113332_L2A,2025-09-23,L1278,1.21478772163391,6.984755775800046,5.769968054166136,False
station_and_date_holdout,L1278,red_linear,S2A_T29UPA_20250928T114402_L2A,2025-09-28,L1278,0.764531672000885,6.756632767857387,5.992101095856502,True
station_and_date_holdout,L1278,red_linear,S2C_T29UPA_20251006T114605_L2A,2025-10-06,L1278,2.7519211769104,7.580410296539213,4.828489119628813,False
station_and_date_holdout,L1278,red_linear,S2B_T29UPA_20251028T113316_L2A,2025-10-28,L1278,1.12371873855591,8.340820323014746,7.217101584458836,False
station_and_date_holdout,L1278,red_linear,S2A_T29UPA_20251028T114403_L2A,2025-10-28,L1278,0.65248030424118,8.144381066175235,7.491900761934055,False
station_and_date_holdout,L1278,red_linear,S2C_T29UPA_20251102T113332_L2A,2025-11-02,L1278,0.6187863945961,6.420785006164026,5.801998611567926,True
station_and_date_holdout,L1278,red_linear,S2B_T29UPA_20251110T114343_L2A,2025-11-10,L1278,0.384035348892212,12.757535226793465,12.373499877901253,True
station_and_date_holdout,L1278,red_linear,S2A_T29UPA_20251114T113418_L2A,2025-11-14,L1278,0.453972905874252,8.442208326544819,7.988235420670566,False
station_and_date_holdout,L1278,red_linear,S2A_T29UPA_20251124T113430_L2A,2025-11-24,L1278,0.116386495530605,6.591877262121023,6.475490766590418,True
station_and_date_holdout,L1278,red_linear,S2C_T29UPA_20251125T114429_L2A,2025-11-25,L1278,0.321463912725449,6.287713251530808,5.966249338805359,True
station_and_date_holdout,L1278,red_linear,S2C_T29UPA_20251202T113447_L2A,2025-12-02,L1278,1.25268137454987,7.219215533963336,5.966534159413466,False
station_and_date_holdout,L1278,red_linear,S2B_T29UPA_20251220T114413_L2A,2025-12-20,L1278,0.00898528099060059,9.87431387640707,9.86532859541647,False
station_and_date_holdout,L1278,red_linear,S2C_T29UPA_20251225T114517_L2A,2025-12-25,L1278,0.666853487491608,7.162184781977671,6.495331294486063,False
station_and_date_holdout,L1278,red_linear,S2B_T29UPA_20251227T113407_L2A,2025-12-27,L1278,0.196776151657104,8.644984333604961,8.448208181947857,False
station_and_date_holdout,L1278,red_linear,S2B_T29UPA_20260215T113312_L2A,2026-02-15,L1278,2.16349649429321,14.214987777538237,12.051491283245028,True
station_and_date_holdout,L1278,red_linear,S2A_T29UPA_20260314T113337_L2A,2026-03-14,L1278,2.93125343322754,7.586747046759843,4.655493613532303,False
station_and_date_holdout,L1278,red_linear,S2A_T29UPA_20260403T113337_L2A,2026-04-03,L1278,1.93841171264648,7.472685542788513,5.534273830142033,False
station_and_date_holdout,L1278,red_linear,S2C_T29UPA_20260424T114417_L2A,2026-04-24,L1278,2.33187127113342,6.046916743146889,3.715045472013469,True
station_and_date_holdout,L1278,red_linear,S2B_T29UPA_20260429T114343_L2A,2026-04-29,L1278,2.35662269592285,6.237019249765773,3.880396553842923,True
station_and_date_holdout,L1278,red_linear,S2B_T29UPA_20260509T114438_L2A,2026-05-09,L1278,2.51252102851868,8.492902328309851,5.980381299791171,False
station_and_date_holdout,L1278,red_linear,S2A_T29UPA_20260513T113331_L2A,2026-05-13,L1278,3.06201863288879,10.039069382143435,6.977050749254644,False
station_and_date_holdout,L1278,red_linear,S2B_T29UPA_20260608T114344_L2A,2026-06-08,L1278,2.58542895317078,9.443414861404271,6.857985908233491,False
station_and_date_holdout,L1278,red_linear,S2C_T29UPA_20260620T113317_L2A,2026-06-20,L1278,3.45781397819519,7.225552284183965,3.767738305988775,False
station_and_date_holdout,L1278,red_linear,S2B_T29UPA_20260625T113315_L2A,2026-06-25,L1278,3.61900734901428,7.0037660264619355,3.3847586774476555,False
station_and_date_holdout,L1278,red_linear,S2A_T29UPA_20260625T114616_L2A,2026-06-25,L1278,3.59910750389099,8.106360564851457,4.507253060960467,False
station_and_date_holdout,L1278,red_linear,S2B_T29UPA_20260708T114435_L2A,2026-07-08,L1278,4.83399629592896,8.271116070587823,3.4371197746588624,False
station_and_date_holdout,L1278,red_linear,S2A_T29UPA_20260712T113332_L2A,2026-07-12,L1278,4.42262840270996,6.629897763444799,2.2072693607348386,True
station_and_date_holdout,L1278,red_linear,S2C_T29UPA_20260713T114348_L2A,2026-07-13,L1278,4.07143783569336,6.781979768739904,2.710541933046544,True
station_and_date_holdout,L1278,red_linear,S2B_T29UPA_20260715T113512_L2A,2026-07-15,L1278,4.05966567993164,7.06713352866823,3.0074678487365905,False
station_and_date_holdout,L1278,red_linear,S2A_T29UPA_20260715T114613_L2A,2026-07-15,L1278,4.13783502578735,7.447338541905997,3.309503516118647,False
station_and_date_holdout,L1278,red_linear,S2B_T29UPA_20260718T114347_L2A,2026-07-18,L1278,4.60120725631714,8.50557582875111,3.904368572433971,False
station_and_date_holdout,L1278,nir_linear,S2C_T29UPA_20250330T114409_L2A,2025-03-30,L1278,0.988410890102386,8.007498107812928,7.019087217710542,False
station_and_date_holdout,L1278,nir_linear,S2C_T29UPA_20250409T114410_L2A,2025-04-09,L1278,0.0930194854736328,8.114296905272631,8.021277419798999,False
station_and_date_holdout,L1278,nir_linear,S2C_T29UPA_20250509T114406_L2A,2025-05-09,L1278,0.388094156980515,8.127321148865278,7.739226991884762,False
station_and_date_holdout,L1278,nir_linear,S2B_T29UPA_20250511T113318_L2A,2025-05-11,L1278,0.311252743005753,7.960610830879402,7.649358087873649,False
station_and_date_holdout,L1278,nir_linear,S2A_T29UPA_20250511T114617_L2A,2025-05-11,L1278,0.432670503854752,8.163789030924688,7.7311185270699365,False
station_and_date_holdout,L1278,nir_linear,S2B_T29UPA_20250514T114347_L2A,2025-05-14,L1278,0.312419921159744,7.92414294881999,7.611723027660246,False
station_and_date_holdout,L1278,nir_linear,S2C_T29UPA_20250516T113334_L2A,2025-05-16,L1278,0.447112947702408,7.786085966737936,7.338973019035528,False
station_and_date_holdout,L1278,nir_linear,S2A_T29UPA_20250518T113332_L2A,2025-05-18,L1278,0.133855044841766,7.6688677744041165,7.53501272956235,True
station_and_date_holdout,L1278,nir_linear,S2B_T29UPA_20250521T113318_L2A,2025-05-21,L1278,0.146147057414055,8.023127200124105,7.87698014271005,False
station_and_date_holdout,L1278,nir_linear,S2A_T29UPA_20250521T114403_L2A,2025-05-21,L1278,0.117193304002285,8.043965989872339,7.926772685870054,False
station_and_date_holdout,L1278,nir_linear,S2A_T29UPA_20250620T114501_L2A,2025-06-20,L1278,3.53445243835449,8.413854507903505,4.879402069549014,False
station_and_date_holdout,L1278,nir_linear,S2B_T29UPA_20250713T114350_L2A,2025-07-13,L1278,0.370666891336441,7.814739302641758,7.444072411305317,False
station_and_date_holdout,L1278,nir_linear,S2B_T29UPA_20250812T114349_L2A,2025-08-12,L1278,3.97023105621338,9.348995197855533,5.378764141642153,False
station_and_date_holdout,L1278,nir_linear,S2A_T29UPA_20250826T113331_L2A,2025-08-26,L1278,3.41329121589661,8.007498107812928,4.594206891916318,False
station_and_date_holdout,L1278,nir_linear,S2B_T29UPA_20250911T114345_L2A,2025-09-11,L1278,7.02062845230103,8.575355128452323,1.5547266761512928,False
station_and_date_holdout,L1278,nir_linear,S2B_T29UPA_20250921T114345_L2A,2025-09-21,L1278,1.82938587665558,7.700125959026468,5.870740082370888,True
station_and_date_holdout,L1278,nir_linear,S2C_T29UPA_20250923T113332_L2A,2025-09-23,L1278,1.21478772163391,7.903304159071756,6.688516437437846,False
station_and_date_holdout,L1278,nir_linear,S2A_T29UPA_20250928T114402_L2A,2025-09-28,L1278,0.764531672000885,7.5698835231000015,6.8053518510991164,True
station_and_date_holdout,L1278,nir_linear,S2C_T29UPA_20251006T114605_L2A,2025-10-06,L1278,2.7519211769104,8.106482359117043,5.354561182206643,False
station_and_date_holdout,L1278,nir_linear,S2B_T29UPA_20251028T113316_L2A,2025-10-28,L1278,1.12371873855591,8.189837518109982,7.066118779554072,False
station_and_date_holdout,L1278,nir_linear,S2A_T29UPA_20251028T114403_L2A,2025-10-28,L1278,0.65248030424118,8.150764787332042,7.4982844830908615,False
station_and_date_holdout,L1278,nir_linear,S2C_T29UPA_20251102T113332_L2A,2025-11-02,L1278,0.6187863945961,7.872045974449404,7.253259579853304,False
station_and_date_holdout,L1278,nir_linear,S2B_T29UPA_20251110T114343_L2A,2025-11-10,L1278,0.384035348892212,11.560511759886934,11.176476410994722,False
station_and_date_holdout,L1278,nir_linear,S2A_T29UPA_20251114T113418_L2A,2025-11-14,L1278,0.453972905874252,8.97129213366878,8.517319227794527,False
station_and_date_holdout,L1278,nir_linear,S2A_T29UPA_20251124T113430_L2A,2025-11-24,L1278,0.116386495530605,7.69491626158941,7.5785297660588045,True
station_and_date_holdout,L1278,nir_linear,S2C_T29UPA_20251125T114429_L2A,2025-11-25,L1278,0.321463912725449,7.627190194907647,7.305726282182198,True
station_and_date_holdout,L1278,nir_linear,S2C_T29UPA_20251202T113447_L2A,2025-12-02,L1278,1.25268137454987,7.918933251382931,6.666251876833061,False
station_and_date_holdout,L1278,nir_linear,S2B_T29UPA_20251220T114413_L2A,2025-12-20,L1278,0.00898528099060059,9.122373359343483,9.113388078352882,False
station_and_date_holdout,L1278,nir_linear,S2C_T29UPA_20251225T114517_L2A,2025-12-25,L1278,0.666853487491608,7.65323868209294,6.986385194601333,True
station_and_date_holdout,L1278,nir_linear,S2B_T29UPA_20251227T113407_L2A,2025-12-27,L1278,0.196776151657104,8.236724795043509,8.039948643386404,False
station_and_date_holdout,L1278,nir_linear,S2B_T29UPA_20260215T113312_L2A,2026-02-15,L1278,2.16349649429321,12.029384529222213,9.865888034929004,False
station_and_date_holdout,L1278,nir_linear,S2A_T29UPA_20260314T113337_L2A,2026-03-14,L1278,2.93125343322754,7.877255671886463,4.946002238658923,False
station_and_date_holdout,L1278,nir_linear,S2A_T29UPA_20260403T113337_L2A,2026-04-03,L1278,1.93841171264648,8.017917502687046,6.0795057900405665,False
station_and_date_holdout,L1278,nir_linear,S2C_T29UPA_20260424T114417_L2A,2026-04-24,L1278,2.33187127113342,7.866836277012345,5.534965005878925,False
station_and_date_holdout,L1278,nir_linear,S2B_T29UPA_20260429T114343_L2A,2026-04-29,L1278,2.35662269592285,7.8355780923899925,5.478955396467143,False
station_and_date_holdout,L1278,nir_linear,S2B_T29UPA_20260509T114438_L2A,2026-05-09,L1278,2.51252102851868,8.62745210282291,6.114931074304229,False
station_and_date_holdout,L1278,nir_linear,S2A_T29UPA_20260513T113331_L2A,2026-05-13,L1278,3.06201863288879,8.916590310579664,5.854571677690874,False
station_and_date_holdout,L1278,nir_linear,S2B_T29UPA_20260608T114344_L2A,2026-06-08,L1278,2.58542895317078,8.658710287445261,6.073281334274482,False
station_and_date_holdout,L1278,nir_linear,S2C_T29UPA_20260620T113317_L2A,2026-06-20,L1278,3.45781397819519,8.012707805249986,4.554893827054796,False
station_and_date_holdout,L1278,nir_linear,S2B_T29UPA_20260625T113315_L2A,2026-06-25,L1278,3.61900734901428,8.241934492480569,4.622927143466288,False
station_and_date_holdout,L1278,nir_linear,S2A_T29UPA_20260625T114616_L2A,2026-06-25,L1278,3.59910750389099,8.843654546460844,5.244547042569854,False
station_and_date_holdout,L1278,nir_linear,S2B_T29UPA_20260708T114435_L2A,2026-07-08,L1278,4.83399629592896,8.58316967460791,3.7491733786789503,False
station_and_date_holdout,L1278,nir_linear,S2A_T29UPA_20260712T113332_L2A,2026-07-12,L1278,4.42262840270996,7.799110210330582,3.376481807620622,False
station_and_date_holdout,L1278,nir_linear,S2C_T29UPA_20260713T114348_L2A,2026-07-13,L1278,4.07143783569336,7.908513856508815,3.837076020815455,False
station_and_date_holdout,L1278,nir_linear,S2B_T29UPA_20260715T113512_L2A,2026-07-15,L1278,4.05966567993164,7.950191436005284,3.890525756073644,False
station_and_date_holdout,L1278,nir_linear,S2A_T29UPA_20260715T114613_L2A,2026-07-15,L1278,4.13783502578735,8.142950241176454,4.005115215389104,False
station_and_date_holdout,L1278,nir_linear,S2B_T29UPA_20260718T114347_L2A,2026-07-18,L1278,4.60120725631714,8.213281156576747,3.612073900259607,False
station_and_date_holdout,L1278,red_nir_linear,S2C_T29UPA_20250330T114409_L2A,2025-03-30,L1278,0.988410890102386,6.407623756267962,5.4192128661655765,False
station_and_date_holdout,L1278,red_nir_linear,S2C_T29UPA_20250409T114410_L2A,2025-04-09,L1278,0.0930194854736328,4.9182627555493745,4.825243270075742,True
station_and_date_holdout,L1278,red_nir_linear,S2C_T29UPA_20250509T114406_L2A,2025-05-09,L1278,0.388094156980515,5.755979647446266,5.367885490465751,False
station_and_date_holdout,L1278,red_nir_linear,S2B_T29UPA_20250511T113318_L2A,2025-05-11,L1278,0.311252743005753,6.84282275208658,6.531570009080827,False
station_and_date_holdout,L1278,red_nir_linear,S2A_T29UPA_20250511T114617_L2A,2025-05-11,L1278,0.432670503854752,6.71398670918653,6.281316205331779,False
station_and_date_holdout,L1278,red_nir_linear,S2B_T29UPA_20250514T114347_L2A,2025-05-14,L1278,0.312419921159744,6.125092787414891,5.812672866255147,True
station_and_date_holdout,L1278,red_nir_linear,S2C_T29UPA_20250516T113334_L2A,2025-05-16,L1278,0.447112947702408,4.6758629601535615,4.228750012451154,True
station_and_date_holdout,L1278,red_nir_linear,S2A_T29UPA_20250518T113332_L2A,2025-05-18,L1278,0.133855044841766,4.975451224943842,4.8415961801020755,True
station_and_date_holdout,L1278,red_nir_linear,S2B_T29UPA_20250521T113318_L2A,2025-05-21,L1278,0.146147057414055,6.5028345213969985,6.356687463982944,False
station_and_date_holdout,L1278,red_nir_linear,S2A_T29UPA_20250521T114403_L2A,2025-05-21,L1278,0.117193304002285,6.014072146997488,5.896878842995203,False
station_and_date_holdout,L1278,red_nir_linear,S2A_T29UPA_20250620T114501_L2A,2025-06-20,L1278,3.53445243835449,5.218877919327129,1.684425480972639,False
station_and_date_holdout,L1278,red_nir_linear,S2B_T29UPA_20250713T114350_L2A,2025-07-13,L1278,0.370666891336441,5.788998439980925,5.418331548644484,True
station_and_date_holdout,L1278,red_nir_linear,S2B_T29UPA_20250812T114349_L2A,2025-08-12,L1278,3.97023105621338,6.77838410106496,2.80815304485158,False
station_and_date_holdout,L1278,red_nir_linear,S2A_T29UPA_20250826T113331_L2A,2025-08-26,L1278,3.41329121589661,7.563957285910485,4.150666070013875,False
station_and_date_holdout,L1278,red_nir_linear,S2B_T29UPA_20250911T114345_L2A,2025-09-11,L1278,7.02062845230103,13.200792944449464,6.180164492148434,False
station_and_date_holdout,L1278,red_nir_linear,S2B_T29UPA_20250921T114345_L2A,2025-09-21,L1278,1.82938587665558,6.42732751481194,4.59794163815636,True
station_and_date_holdout,L1278,red_nir_linear,S2C_T29UPA_20250923T113332_L2A,2025-09-23,L1278,1.21478772163391,6.538768568980469,5.323980847346559,False
station_and_date_holdout,L1278,red_nir_linear,S2A_T29UPA_20250928T114402_L2A,2025-09-28,L1278,0.764531672000885,6.850307275979637,6.085775603978752,True
station_and_date_holdout,L1278,red_nir_linear,S2C_T29UPA_20251006T114605_L2A,2025-10-06,L1278,2.7519211769104,7.43111018862187,4.67918901171147,False
station_and_date_holdout,L1278,red_nir_linear,S2B_T29UPA_20251028T113316_L2A,2025-10-28,L1278,1.12371873855591,9.02014787278533,7.89642913422942,False
station_and_date_holdout,L1278,red_nir_linear,S2A_T29UPA_20251028T114403_L2A,2025-10-28,L1278,0.65248030424118,8.654473752145057,8.001993447903876,False
station_and_date_holdout,L1278,red_nir_linear,S2C_T29UPA_20251102T113332_L2A,2025-11-02,L1278,0.6187863945961,5.2821174204805885,4.663331025884489,True
station_and_date_holdout,L1278,red_nir_linear,S2B_T29UPA_20251110T114343_L2A,2025-11-10,L1278,0.384035348892212,10.872391921865805,10.488356572973593,True
station_and_date_holdout,L1278,red_nir_linear,S2A_T29UPA_20251114T113418_L2A,2025-11-14,L1278,0.453972905874252,7.2631698712520425,6.80919696537779,False
station_and_date_holdout,L1278,red_nir_linear,S2A_T29UPA_20251124T113430_L2A,2025-11-24,L1278,0.116386495530605,6.140296177466903,6.023909681936297,True
station_and_date_holdout,L1278,red_nir_linear,S2C_T29UPA_20251125T114429_L2A,2025-11-25,L1278,0.321463912725449,5.5925603281399985,5.27109641541455,True
station_and_date_holdout,L1278,red_nir_linear,S2C_T29UPA_20251202T113447_L2A,2025-12-02,L1278,1.25268137454987,7.054464253979515,5.801782879429645,False
station_and_date_holdout,L1278,red_nir_linear,S2B_T29UPA_20251220T114413_L2A,2025-12-20,L1278,0.00898528099060059,10.270947881615985,10.261962600625385,False
station_and_date_holdout,L1278,red_nir_linear,S2C_T29UPA_20251225T114517_L2A,2025-12-25,L1278,0.666853487491608,7.598375120403075,6.931521632911467,True
station_and_date_holdout,L1278,red_nir_linear,S2B_T29UPA_20251227T113407_L2A,2025-12-27,L1278,0.196776151657104,9.62114385807495,9.424367706417845,False
station_and_date_holdout,L1278,red_nir_linear,S2B_T29UPA_20260215T113312_L2A,2026-02-15,L1278,2.16349649429321,13.128022133065471,10.964525638772262,True
station_and_date_holdout,L1278,red_nir_linear,S2A_T29UPA_20260314T113337_L2A,2026-03-14,L1278,2.93125343322754,8.031989002778536,5.100735569550996,False
station_and_date_holdout,L1278,red_nir_linear,S2A_T29UPA_20260403T113337_L2A,2026-04-03,L1278,1.93841171264648,7.402171350828054,5.463759638181574,False
station_and_date_holdout,L1278,red_nir_linear,S2C_T29UPA_20260424T114417_L2A,2026-04-24,L1278,2.33187127113342,4.4094106590308915,2.0775393878974713,True
station_and_date_holdout,L1278,red_nir_linear,S2B_T29UPA_20260429T114343_L2A,2026-04-29,L1278,2.35662269592285,4.939820419978548,2.5831977240556983,True
station_and_date_holdout,L1278,red_nir_linear,S2B_T29UPA_20260509T114438_L2A,2026-05-09,L1278,2.51252102851868,8.262100663171147,5.749579634652466,False
station_and_date_holdout,L1278,red_nir_linear,S2A_T29UPA_20260513T113331_L2A,2026-05-13,L1278,3.06201863288879,11.187342006984245,8.125323374095455,False
station_and_date_holdout,L1278,red_nir_linear,S2B_T29UPA_20260608T114344_L2A,2026-06-08,L1278,2.58542895317078,10.43480824424498,7.8493792910742,False
station_and_date_holdout,L1278,red_nir_linear,S2C_T29UPA_20260620T113317_L2A,2026-06-20,L1278,3.45781397819519,6.829810960714077,3.3719969825188874,False
station_and_date_holdout,L1278,red_nir_linear,S2B_T29UPA_20260625T113315_L2A,2026-06-25,L1278,3.61900734901428,5.718343315286688,2.0993359662724083,False
station_and_date_holdout,L1278,red_nir_linear,S2A_T29UPA_20260625T114616_L2A,2026-06-25,L1278,3.59910750389099,6.793470319984019,3.194362816093029,False
station_and_date_holdout,L1278,red_nir_linear,S2B_T29UPA_20260708T114435_L2A,2026-07-08,L1278,4.83399629592896,7.849672302254409,3.0156760063254486,False
station_and_date_holdout,L1278,red_nir_linear,S2A_T29UPA_20260712T113332_L2A,2026-07-12,L1278,4.42262840270996,5.964099409054034,1.5414710063440742,True
station_and_date_holdout,L1278,red_nir_linear,S2C_T29UPA_20260713T114348_L2A,2026-07-13,L1278,4.07143783569336,6.044899340852635,1.9734615051592748,True
station_and_date_holdout,L1278,red_nir_linear,S2B_T29UPA_20260715T113512_L2A,2026-07-15,L1278,4.05966567993164,6.614158404432578,2.554492724500938,False
station_and_date_holdout,L1278,red_nir_linear,S2A_T29UPA_20260715T114613_L2A,2026-07-15,L1278,4.13783502578735,7.022541260784613,2.884706234997263,False
station_and_date_holdout,L1278,red_nir_linear,S2B_T29UPA_20260718T114347_L2A,2026-07-18,L1278,4.60120725631714,9.350680502563707,4.749473246246567,False
station_and_date_holdout,L1278,red_green_ratio,S2C_T29UPA_20250330T114409_L2A,2025-03-30,L1278,0.988410890102386,8.477973851089978,7.489562960987591,False
station_and_date_holdout,L1278,red_green_ratio,S2C_T29UPA_20250409T114410_L2A,2025-04-09,L1278,0.0930194854736328,7.976811644502338,7.8837921590287054,False
station_and_date_holdout,L1278,red_green_ratio,S2C_T29UPA_20250509T114406_L2A,2025-05-09,L1278,0.388094156980515,7.879048003132963,7.490953846152448,False
station_and_date_holdout,L1278,red_green_ratio,S2B_T29UPA_20250511T113318_L2A,2025-05-11,L1278,0.311252743005753,9.009935177974128,8.698682434968376,False
station_and_date_holdout,L1278,red_green_ratio,S2A_T29UPA_20250511T114617_L2A,2025-05-11,L1278,0.432670503854752,8.296376834627472,7.86370633077272,False
station_and_date_holdout,L1278,red_green_ratio,S2B_T29UPA_20250514T114347_L2A,2025-05-14,L1278,0.312419921159744,8.89648512902972,8.584065207869976,False
station_and_date_holdout,L1278,red_green_ratio,S2C_T29UPA_20250516T113334_L2A,2025-05-16,L1278,0.447112947702408,7.701888376888541,7.254775429186133,False
station_and_date_holdout,L1278,red_green_ratio,S2A_T29UPA_20250518T113332_L2A,2025-05-18,L1278,0.133855044841766,6.941324612171136,6.8074695673293695,False
station_and_date_holdout,L1278,red_green_ratio,S2B_T29UPA_20250521T113318_L2A,2025-05-21,L1278,0.146147057414055,8.690678758834073,8.544531701420018,False
station_and_date_holdout,L1278,red_green_ratio,S2A_T29UPA_20250521T114403_L2A,2025-05-21,L1278,0.117193304002285,9.111646334234248,8.994453030231963,False
station_and_date_holdout,L1278,red_green_ratio,S2A_T29UPA_20250620T114501_L2A,2025-06-20,L1278,3.53445243835449,8.367268748526639,4.832816310172149,False
station_and_date_holdout,L1278,red_green_ratio,S2B_T29UPA_20250713T114350_L2A,2025-07-13,L1278,0.370666891336441,8.359230297470312,7.988563406133871,False
station_and_date_holdout,L1278,red_green_ratio,S2B_T29UPA_20250812T114349_L2A,2025-08-12,L1278,3.97023105621338,5.938353327589079,1.968122271375699,False
station_and_date_holdout,L1278,red_green_ratio,S2A_T29UPA_20250826T113331_L2A,2025-08-26,L1278,3.41329121589661,7.070975195561525,3.657683979664915,False
station_and_date_holdout,L1278,red_green_ratio,S2B_T29UPA_20250911T114345_L2A,2025-09-11,L1278,7.02062845230103,8.406543098489346,1.3859146461883158,False
station_and_date_holdout,L1278,red_green_ratio,S2B_T29UPA_20250921T114345_L2A,2025-09-21,L1278,1.82938587665558,6.536643174403018,4.707257297747438,False
station_and_date_holdout,L1278,red_green_ratio,S2C_T29UPA_20250923T113332_L2A,2025-09-23,L1278,1.21478772163391,6.551375700221496,5.336587978587586,False
station_and_date_holdout,L1278,red_green_ratio,S2A_T29UPA_20250928T114402_L2A,2025-09-28,L1278,0.764531672000885,6.632615056877672,5.868083384876787,False
station_and_date_holdout,L1278,red_green_ratio,S2C_T29UPA_20251006T114605_L2A,2025-10-06,L1278,2.7519211769104,8.261915487593155,5.509994310682755,False
station_and_date_holdout,L1278,red_green_ratio,S2B_T29UPA_20251028T113316_L2A,2025-10-28,L1278,1.12371873855591,8.885689871032987,7.761971132477077,False
station_and_date_holdout,L1278,red_green_ratio,S2A_T29UPA_20251028T114403_L2A,2025-10-28,L1278,0.65248030424118,10.771508652183805,10.119028347942624,False
station_and_date_holdout,L1278,red_green_ratio,S2C_T29UPA_20251102T113332_L2A,2025-11-02,L1278,0.6187863945961,12.71202691331468,12.09324051871858,False
station_and_date_holdout,L1278,red_green_ratio,S2B_T29UPA_20251110T114343_L2A,2025-11-10,L1278,0.384035348892212,9.053095917099384,8.669060568207172,False
station_and_date_holdout,L1278,red_green_ratio,S2A_T29UPA_20251114T113418_L2A,2025-11-14,L1278,0.453972905874252,10.277430162632527,9.823457256758275,False
station_and_date_holdout,L1278,red_green_ratio,S2A_T29UPA_20251124T113430_L2A,2025-11-24,L1278,0.116386495530605,7.318636290863143,7.202249795332538,False
station_and_date_holdout,L1278,red_green_ratio,S2C_T29UPA_20251125T114429_L2A,2025-11-25,L1278,0.321463912725449,7.178631957396711,6.857168044671262,False
station_and_date_holdout,L1278,red_green_ratio,S2C_T29UPA_20251202T113447_L2A,2025-12-02,L1278,1.25268137454987,8.182452759084446,6.929771384534576,False
station_and_date_holdout,L1278,red_green_ratio,S2B_T29UPA_20251220T114413_L2A,2025-12-20,L1278,0.00898528099060059,8.035271048474733,8.026285767484133,False
station_and_date_holdout,L1278,red_green_ratio,S2C_T29UPA_20251225T114517_L2A,2025-12-25,L1278,0.666853487491608,6.190227532158071,5.523374044666463,False
station_and_date_holdout,L1278,red_green_ratio,S2B_T29UPA_20251227T113407_L2A,2025-12-27,L1278,0.196776151657104,6.983393494755822,6.786617343098718,False
station_and_date_holdout,L1278,red_green_ratio,S2B_T29UPA_20260215T113312_L2A,2026-02-15,L1278,2.16349649429321,10.209692867934201,8.046196373640992,False
station_and_date_holdout,L1278,red_green_ratio,S2A_T29UPA_20260314T113337_L2A,2026-03-14,L1278,2.93125343322754,10.138749353251852,7.207495920024312,False
station_and_date_holdout,L1278,red_green_ratio,S2A_T29UPA_20260403T113337_L2A,2026-04-03,L1278,1.93841171264648,7.432526534786504,5.494114822140024,False
station_and_date_holdout,L1278,red_green_ratio,S2C_T29UPA_20260424T114417_L2A,2026-04-24,L1278,2.33187127113342,7.843240763910842,5.511369492777422,False
station_and_date_holdout,L1278,red_green_ratio,S2B_T29UPA_20260429T114343_L2A,2026-04-29,L1278,2.35662269592285,8.163490027298442,5.806867331375592,False
station_and_date_holdout,L1278,red_green_ratio,S2B_T29UPA_20260509T114438_L2A,2026-05-09,L1278,2.51252102851868,10.34024210406945,7.82772107555077,False
station_and_date_holdout,L1278,red_green_ratio,S2A_T29UPA_20260513T113331_L2A,2026-05-13,L1278,3.06201863288879,9.58380074270195,6.521782109813159,False
station_and_date_holdout,L1278,red_green_ratio,S2B_T29UPA_20260608T114344_L2A,2026-06-08,L1278,2.58542895317078,9.438569281826194,6.853140328655414,False
station_and_date_holdout,L1278,red_green_ratio,S2C_T29UPA_20260620T113317_L2A,2026-06-20,L1278,3.45781397819519,8.381969203540612,4.924155225345421,False
station_and_date_holdout,L1278,red_green_ratio,S2B_T29UPA_20260625T113315_L2A,2026-06-25,L1278,3.61900734901428,9.075776568095861,5.456769219081581,False
station_and_date_holdout,L1278,red_green_ratio,S2A_T29UPA_20260625T114616_L2A,2026-06-25,L1278,3.59910750389099,10.436238211035711,6.837130707144722,False
station_and_date_holdout,L1278,red_green_ratio,S2B_T29UPA_20260708T114435_L2A,2026-07-08,L1278,4.83399629592896,6.3297395784232915,1.495743282494331,False
station_and_date_holdout,L1278,red_green_ratio,S2A_T29UPA_20260712T113332_L2A,2026-07-12,L1278,4.42262840270996,7.726173657587179,3.3035452548772186,False
station_and_date_holdout,L1278,red_green_ratio,S2C_T29UPA_20260713T114348_L2A,2026-07-13,L1278,4.07143783569336,8.088005899071137,4.016568063377776,False
station_and_date_holdout,L1278,red_green_ratio,S2B_T29UPA_20260715T113512_L2A,2026-07-15,L1278,4.05966567993164,7.294480613610132,3.234814933678492,False
station_and_date_holdout,L1278,red_green_ratio,S2A_T29UPA_20260715T114613_L2A,2026-07-15,L1278,4.13783502578735,8.249989621770567,4.112154595983217,False
station_and_date_holdout,L1278,red_green_ratio,S2B_T29UPA_20260718T114347_L2A,2026-07-18,L1278,4.60120725631714,8.41003370856729,3.808826452250151,False
station_and_date_holdout,L1278,nir_red_ratio,S2C_T29UPA_20250330T114409_L2A,2025-03-30,L1278,0.988410890102386,8.583653649596528,7.595242759494141,False
station_and_date_holdout,L1278,nir_red_ratio,S2C_T29UPA_20250409T114410_L2A,2025-04-09,L1278,0.0930194854736328,8.082220040985124,7.989200555511491,False
station_and_date_holdout,L1278,nir_red_ratio,S2C_T29UPA_20250509T114406_L2A,2025-05-09,L1278,0.388094156980515,8.345046213492566,7.95695205651205,False
station_and_date_holdout,L1278,nir_red_ratio,S2B_T29UPA_20250511T113318_L2A,2025-05-11,L1278,0.311252743005753,8.692973974619203,8.38172123161345,False
station_and_date_holdout,L1278,nir_red_ratio,S2A_T29UPA_20250511T114617_L2A,2025-05-11,L1278,0.432670503854752,8.51431248471784,8.081641980863088,False
station_and_date_holdout,L1278,nir_red_ratio,S2B_T29UPA_20250514T114347_L2A,2025-05-14,L1278,0.312419921159744,8.608760517683129,8.296340596523384,False
station_and_date_holdout,L1278,nir_red_ratio,S2C_T29UPA_20250516T113334_L2A,2025-05-16,L1278,0.447112947702408,8.329494432825575,7.882381485123167,False
station_and_date_holdout,L1278,nir_red_ratio,S2A_T29UPA_20250518T113332_L2A,2025-05-18,L1278,0.133855044841766,8.671396175733461,8.537541130891695,False
station_and_date_holdout,L1278,nir_red_ratio,S2B_T29UPA_20250521T113318_L2A,2025-05-21,L1278,0.146147057414055,8.586870467070122,8.440723409656067,False
station_and_date_holdout,L1278,nir_red_ratio,S2A_T29UPA_20250521T114403_L2A,2025-05-21,L1278,0.117193304002285,8.474674332066341,8.357481028064056,False
station_and_date_holdout,L1278,nir_red_ratio,S2A_T29UPA_20250620T114501_L2A,2025-06-20,L1278,3.53445243835449,8.000924174647347,4.466471736292856,False
station_and_date_holdout,L1278,nir_red_ratio,S2B_T29UPA_20250713T114350_L2A,2025-07-13,L1278,0.370666891336441,8.661685795609683,8.291018904273242,False
station_and_date_holdout,L1278,nir_red_ratio,S2B_T29UPA_20250812T114349_L2A,2025-08-12,L1278,3.97023105621338,8.00938642674632,4.0391553705329395,False
station_and_date_holdout,L1278,nir_red_ratio,S2A_T29UPA_20250826T113331_L2A,2025-08-26,L1278,3.41329121589661,8.743959591831265,5.330668375934655,False
station_and_date_holdout,L1278,nir_red_ratio,S2B_T29UPA_20250911T114345_L2A,2025-09-11,L1278,7.02062845230103,8.823022166066524,1.8023937137654942,False
station_and_date_holdout,L1278,nir_red_ratio,S2B_T29UPA_20250921T114345_L2A,2025-09-21,L1278,1.82938587665558,8.91332664878524,7.08394077212966,False
station_and_date_holdout,L1278,nir_red_ratio,S2C_T29UPA_20250923T113332_L2A,2025-09-23,L1278,1.21478772163391,8.700774399568509,7.485986677934599,False
station_and_date_holdout,L1278,nir_red_ratio,S2A_T29UPA_20250928T114402_L2A,2025-09-28,L1278,0.764531672000885,9.12843406112486,8.363902389123975,True
station_and_date_holdout,L1278,nir_red_ratio,S2C_T29UPA_20251006T114605_L2A,2025-10-06,L1278,2.7519211769104,8.656784990139107,5.904863813228706,False
station_and_date_holdout,L1278,nir_red_ratio,S2B_T29UPA_20251028T113316_L2A,2025-10-28,L1278,1.12371873855591,8.759116420883567,7.635397682327657,False
station_and_date_holdout,L1278,nir_red_ratio,S2A_T29UPA_20251028T114403_L2A,2025-10-28,L1278,0.65248030424118,8.75210410739266,8.099623803151479,False
station_and_date_holdout,L1278,nir_red_ratio,S2C_T29UPA_20251102T113332_L2A,2025-11-02,L1278,0.6187863945961,8.457398006875954,7.838611612279854,False
station_and_date_holdout,L1278,nir_red_ratio,S2B_T29UPA_20251110T114343_L2A,2025-11-10,L1278,0.384035348892212,8.044051993629413,7.660016644737201,False
station_and_date_holdout,L1278,nir_red_ratio,S2A_T29UPA_20251114T113418_L2A,2025-11-14,L1278,0.453972905874252,8.202823635986459,7.748850730112206,False
station_and_date_holdout,L1278,nir_red_ratio,S2A_T29UPA_20251124T113430_L2A,2025-11-24,L1278,0.116386495530605,8.88296614313971,8.766579647609104,False
station_and_date_holdout,L1278,nir_red_ratio,S2C_T29UPA_20251125T114429_L2A,2025-11-25,L1278,0.321463912725449,8.905978760450816,8.584514847725368,False
station_and_date_holdout,L1278,nir_red_ratio,S2C_T29UPA_20251202T113447_L2A,2025-12-02,L1278,1.25268137454987,8.757273776015067,7.504592401465197,False
station_and_date_holdout,L1278,nir_red_ratio,S2B_T29UPA_20251220T114413_L2A,2025-12-20,L1278,0.00898528099060059,8.475611118913115,8.466625837922514,False
station_and_date_holdout,L1278,nir_red_ratio,S2C_T29UPA_20251225T114517_L2A,2025-12-25,L1278,0.666853487491608,9.0678084276896,8.400954940197993,False
station_and_date_holdout,L1278,nir_red_ratio,S2B_T29UPA_20251227T113407_L2A,2025-12-27,L1278,0.196776151657104,8.77776560686036,8.580989455203255,False
station_and_date_holdout,L1278,nir_red_ratio,S2B_T29UPA_20260215T113312_L2A,2026-02-15,L1278,2.16349649429321,8.13069656769578,5.967200073402571,False
station_and_date_holdout,L1278,nir_red_ratio,S2A_T29UPA_20260314T113337_L2A,2026-03-14,L1278,2.93125343322754,8.88942228564014,5.958168852412601,False
station_and_date_holdout,L1278,nir_red_ratio,S2A_T29UPA_20260403T113337_L2A,2026-04-03,L1278,1.93841171264648,8.717858903780247,6.779447191133767,False
station_and_date_holdout,L1278,nir_red_ratio,S2C_T29UPA_20260424T114417_L2A,2026-04-24,L1278,2.33187127113342,8.053606505488245,5.721735234354825,False
station_and_date_holdout,L1278,nir_red_ratio,S2B_T29UPA_20260429T114343_L2A,2026-04-29,L1278,2.35662269592285,8.380079895372765,6.023457199449915,False
station_and_date_holdout,L1278,nir_red_ratio,S2B_T29UPA_20260509T114438_L2A,2026-05-09,L1278,2.51252102851868,8.469246396330881,5.956725367812201,False
station_and_date_holdout,L1278,nir_red_ratio,S2A_T29UPA_20260513T113331_L2A,2026-05-13,L1278,3.06201863288879,8.605541697001971,5.543523064113181,False
station_and_date_holdout,L1278,nir_red_ratio,S2B_T29UPA_20260608T114344_L2A,2026-06-08,L1278,2.58542895317078,8.646824513831808,6.061395560661028,False
station_and_date_holdout,L1278,nir_red_ratio,S2C_T29UPA_20260620T113317_L2A,2026-06-20,L1278,3.45781397819519,8.647221305022804,5.189407326827613,False
station_and_date_holdout,L1278,nir_red_ratio,S2B_T29UPA_20260625T113315_L2A,2026-06-25,L1278,3.61900734901428,8.251762925463611,4.6327555764493304,False
station_and_date_holdout,L1278,nir_red_ratio,S2A_T29UPA_20260625T114616_L2A,2026-06-25,L1278,3.59910750389099,8.174733539503363,4.575626035612373,False
station_and_date_holdout,L1278,nir_red_ratio,S2B_T29UPA_20260708T114435_L2A,2026-07-08,L1278,4.83399629592896,8.44034545128023,3.6063491553512694,False
station_and_date_holdout,L1278,nir_red_ratio,S2A_T29UPA_20260712T113332_L2A,2026-07-12,L1278,4.42262840270996,8.71641501374044,4.293786611030479,False
station_and_date_holdout,L1278,nir_red_ratio,S2C_T29UPA_20260713T114348_L2A,2026-07-13,L1278,4.07143783569336,8.608825922129403,4.537388086436043,False
station_and_date_holdout,L1278,nir_red_ratio,S2B_T29UPA_20260715T113512_L2A,2026-07-15,L1278,4.05966567993164,8.668550350468582,4.608884670536942,False
station_and_date_holdout,L1278,nir_red_ratio,S2A_T29UPA_20260715T114613_L2A,2026-07-15,L1278,4.13783502578735,8.576811113069603,4.438976087282253,False
station_and_date_holdout,L1278,nir_red_ratio,S2B_T29UPA_20260718T114347_L2A,2026-07-18,L1278,4.60120725631714,8.771061651117067,4.169854394799928,False
station_and_date_holdout,L1279,training_median,S2C_T29UPA_20250817T114406_L2A,2025-08-17,L1279,3.68637084960938,0.666853487491608,-3.0195173621177718,False
station_and_date_holdout,L1279,training_median,S2A_T29UPA_20250829T114401_L2A,2025-08-29,L1279,5.93119192123413,0.666853487491608,-5.264338433742522,False
station_and_date_holdout,L1279,training_median,S2B_T29UPA_20250908T113316_L2A,2025-09-08,L1279,2.74547648429871,0.666853487491608,-2.078622996807102,False
station_and_date_holdout,L1279,training_median,S2A_T29UPA_20250908T114359_L2A,2025-09-08,L1279,3.53561401367188,0.666853487491608,-2.8687605261802718,False
station_and_date_holdout,L1279,training_median,S2A_T29UPA_20250915T113536_L2A,2025-09-15,L1279,6.4453649520874,0.666853487491608,-5.778511464595792,False
station_and_date_holdout,L1279,training_median,S2B_T29UPA_20250921T114345_L2A,2025-09-21,L1279,8.38998126983643,0.666853487491608,-7.723127782344822,False
station_and_date_holdout,L1279,training_median,S2A_T29UPA_20251124T113430_L2A,2025-11-24,L1279,17.0178451538086,0.666853487491608,-16.350991666316993,False
station_and_date_holdout,L1279,training_median,S2C_T29UPA_20251125T114429_L2A,2025-11-25,L1279,7.97729110717773,0.666853487491608,-7.310437619686122,False
station_and_date_holdout,L1279,training_median,S2C_T29UPA_20251202T113447_L2A,2025-12-02,L1279,30.3215179443359,0.666853487491608,-29.65466445684429,False
station_and_date_holdout,L1279,training_median,S2A_T29UPA_20251204T113500_L2A,2025-12-04,L1279,1.9813324213028,0.666853487491608,-1.3144789338111922,False
station_and_date_holdout,L1279,training_median,S2B_T29UPA_20251210T114402_L2A,2025-12-10,L1279,24.1753387451172,0.666853487491608,-23.508485257625594,False
station_and_date_holdout,L1279,training_median,S2C_T29UPA_20251212T113507_L2A,2025-12-12,L1279,25.0200138092041,0.666853487491608,-24.353160321712494,False
station_and_date_holdout,L1279,training_median,S2B_T29UPA_20260215T113312_L2A,2026-02-15,L1279,1.22384691238403,0.666853487491608,-0.5569934248924221,False
station_and_date_holdout,L1279,training_median,S2B_T29UPA_20260228T114345_L2A,2026-02-28,L1279,19.1767559051514,0.666853487491608,-18.50990241765979,False
station_and_date_holdout,L1279,training_median,S2C_T29UPA_20260315T114349_L2A,2026-03-15,L1279,1.92824637889862,0.666853487491608,-1.261392891407012,False
station_and_date_holdout,L1279,training_median,S2C_T29UPA_20260424T114417_L2A,2026-04-24,L1279,0.203743755817413,0.666853487491608,0.463109731674195,False
station_and_date_holdout,L1279,training_median,S2B_T29UPA_20260429T114343_L2A,2026-04-29,L1279,0.249919667840004,0.666853487491608,0.41693381965160403,False
station_and_date_holdout,L1279,training_median,S2C_T29UPA_20260511T113318_L2A,2026-05-11,L1279,10.3553037643433,0.666853487491608,-9.688450276851693,False
station_and_date_holdout,L1279,training_median,S2B_T29UPA_20260526T113435_L2A,2026-05-26,L1279,3.2755765914917,0.666853487491608,-2.608723104000092,False
station_and_date_holdout,L1279,training_median,S2A_T29UPA_20260526T114403_L2A,2026-05-26,L1279,3.75472259521484,0.666853487491608,-3.087869107723232,False
station_and_date_holdout,L1279,training_median,S2C_T29UPA_20260610T113317_L2A,2026-06-10,L1279,3.00755977630615,0.666853487491608,-2.340706288814542,False
station_and_date_holdout,L1279,training_median,S2C_T29UPA_20260620T113317_L2A,2026-06-20,L1279,13.6083631515503,0.666853487491608,-12.941509664058692,False
station_and_date_holdout,L1279,training_median,S2B_T29UPA_20260625T113315_L2A,2026-06-25,L1279,6.5890097618103,0.666853487491608,-5.922156274318692,False
station_and_date_holdout,L1279,training_median,S2A_T29UPA_20260625T114616_L2A,2026-06-25,L1279,7.77274084091187,0.666853487491608,-7.105887353420262,False
station_and_date_holdout,L1279,training_median,S2B_T29UPA_20260628T114344_L2A,2026-06-28,L1279,5.937744140625,0.666853487491608,-5.270890653133392,False
station_and_date_holdout,L1279,training_median,S2B_T29UPA_20260708T114435_L2A,2026-07-08,L1279,6.67674779891968,0.666853487491608,-6.009894311428073,False
station_and_date_holdout,L1279,training_median,S2A_T29UPA_20260712T113332_L2A,2026-07-12,L1279,20.7052822113037,0.666853487491608,-20.038428723812093,False
station_and_date_holdout,L1279,training_median,S2B_T29UPA_20260715T113512_L2A,2026-07-15,L1279,12.2001991271973,0.666853487491608,-11.533345639705692,False
station_and_date_holdout,L1279,training_median,S2A_T29UPA_20260715T114613_L2A,2026-07-15,L1279,14.8572664260864,0.666853487491608,-14.190412938594791,False
station_and_date_holdout,L1279,training_median,S2C_T29UPA_20260730T113319_L2A,2026-07-30,L1279,1.30076158046722,0.666853487491608,-0.6339080929756119,False
station_and_date_holdout,L1279,training_median,S2A_T29UPA_20260804T114404_L2A,2026-08-04,L1279,3.23846125602722,0.666853487491608,-2.571607768535612,False
station_and_date_holdout,L1279,training_median,S2B_T29UPA_20260824T113314_L2A,2026-08-24,L1279,9.52653217315674,0.666853487491608,-8.859678685665132,False
station_and_date_holdout,L1279,training_median,S2A_T29UPA_20260824T114402_L2A,2026-08-24,L1279,8.97104549407959,0.666853487491608,-8.304192006587982,False
station_and_date_holdout,L1279,training_median,S2B_T29UPA_20260827T114344_L2A,2026-08-27,L1279,27.5559673309326,0.666853487491608,-26.88911384344099,False
station_and_date_holdout,L1279,training_median,S2C_T29UPA_20260908T113337_L2A,2026-09-08,L1279,8.80398178100586,0.666853487491608,-8.137128293514252,False
station_and_date_holdout,L1279,station_median,S2C_T29UPA_20250817T114406_L2A,2025-08-17,L1279,3.68637084960938,0.666853487491608,-3.0195173621177718,False
station_and_date_holdout,L1279,station_median,S2A_T29UPA_20250829T114401_L2A,2025-08-29,L1279,5.93119192123413,0.666853487491608,-5.264338433742522,False
station_and_date_holdout,L1279,station_median,S2B_T29UPA_20250908T113316_L2A,2025-09-08,L1279,2.74547648429871,0.666853487491608,-2.078622996807102,False
station_and_date_holdout,L1279,station_median,S2A_T29UPA_20250908T114359_L2A,2025-09-08,L1279,3.53561401367188,0.666853487491608,-2.8687605261802718,False
station_and_date_holdout,L1279,station_median,S2A_T29UPA_20250915T113536_L2A,2025-09-15,L1279,6.4453649520874,0.666853487491608,-5.778511464595792,False
station_and_date_holdout,L1279,station_median,S2B_T29UPA_20250921T114345_L2A,2025-09-21,L1279,8.38998126983643,0.666853487491608,-7.723127782344822,False
station_and_date_holdout,L1279,station_median,S2A_T29UPA_20251124T113430_L2A,2025-11-24,L1279,17.0178451538086,0.666853487491608,-16.350991666316993,False
station_and_date_holdout,L1279,station_median,S2C_T29UPA_20251125T114429_L2A,2025-11-25,L1279,7.97729110717773,0.666853487491608,-7.310437619686122,False
station_and_date_holdout,L1279,station_median,S2C_T29UPA_20251202T113447_L2A,2025-12-02,L1279,30.3215179443359,0.666853487491608,-29.65466445684429,False
station_and_date_holdout,L1279,station_median,S2A_T29UPA_20251204T113500_L2A,2025-12-04,L1279,1.9813324213028,0.666853487491608,-1.3144789338111922,False
station_and_date_holdout,L1279,station_median,S2B_T29UPA_20251210T114402_L2A,2025-12-10,L1279,24.1753387451172,0.666853487491608,-23.508485257625594,False
station_and_date_holdout,L1279,station_median,S2C_T29UPA_20251212T113507_L2A,2025-12-12,L1279,25.0200138092041,0.666853487491608,-24.353160321712494,False
station_and_date_holdout,L1279,station_median,S2B_T29UPA_20260215T113312_L2A,2026-02-15,L1279,1.22384691238403,0.666853487491608,-0.5569934248924221,False
station_and_date_holdout,L1279,station_median,S2B_T29UPA_20260228T114345_L2A,2026-02-28,L1279,19.1767559051514,0.666853487491608,-18.50990241765979,False
station_and_date_holdout,L1279,station_median,S2C_T29UPA_20260315T114349_L2A,2026-03-15,L1279,1.92824637889862,0.666853487491608,-1.261392891407012,False
station_and_date_holdout,L1279,station_median,S2C_T29UPA_20260424T114417_L2A,2026-04-24,L1279,0.203743755817413,0.666853487491608,0.463109731674195,False
station_and_date_holdout,L1279,station_median,S2B_T29UPA_20260429T114343_L2A,2026-04-29,L1279,0.249919667840004,0.666853487491608,0.41693381965160403,False
station_and_date_holdout,L1279,station_median,S2C_T29UPA_20260511T113318_L2A,2026-05-11,L1279,10.3553037643433,0.666853487491608,-9.688450276851693,False
station_and_date_holdout,L1279,station_median,S2B_T29UPA_20260526T113435_L2A,2026-05-26,L1279,3.2755765914917,0.666853487491608,-2.608723104000092,False
station_and_date_holdout,L1279,station_median,S2A_T29UPA_20260526T114403_L2A,2026-05-26,L1279,3.75472259521484,0.666853487491608,-3.087869107723232,False
station_and_date_holdout,L1279,station_median,S2C_T29UPA_20260610T113317_L2A,2026-06-10,L1279,3.00755977630615,0.666853487491608,-2.340706288814542,False
station_and_date_holdout,L1279,station_median,S2C_T29UPA_20260620T113317_L2A,2026-06-20,L1279,13.6083631515503,0.666853487491608,-12.941509664058692,False
station_and_date_holdout,L1279,station_median,S2B_T29UPA_20260625T113315_L2A,2026-06-25,L1279,6.5890097618103,0.666853487491608,-5.922156274318692,False
station_and_date_holdout,L1279,station_median,S2A_T29UPA_20260625T114616_L2A,2026-06-25,L1279,7.77274084091187,0.666853487491608,-7.105887353420262,False
station_and_date_holdout,L1279,station_median,S2B_T29UPA_20260628T114344_L2A,2026-06-28,L1279,5.937744140625,0.666853487491608,-5.270890653133392,False
station_and_date_holdout,L1279,station_median,S2B_T29UPA_20260708T114435_L2A,2026-07-08,L1279,6.67674779891968,0.666853487491608,-6.009894311428073,False
station_and_date_holdout,L1279,station_median,S2A_T29UPA_20260712T113332_L2A,2026-07-12,L1279,20.7052822113037,0.666853487491608,-20.038428723812093,False
station_and_date_holdout,L1279,station_median,S2B_T29UPA_20260715T113512_L2A,2026-07-15,L1279,12.2001991271973,0.666853487491608,-11.533345639705692,False
station_and_date_holdout,L1279,station_median,S2A_T29UPA_20260715T114613_L2A,2026-07-15,L1279,14.8572664260864,0.666853487491608,-14.190412938594791,False
station_and_date_holdout,L1279,station_median,S2C_T29UPA_20260730T113319_L2A,2026-07-30,L1279,1.30076158046722,0.666853487491608,-0.6339080929756119,False
station_and_date_holdout,L1279,station_median,S2A_T29UPA_20260804T114404_L2A,2026-08-04,L1279,3.23846125602722,0.666853487491608,-2.571607768535612,False
station_and_date_holdout,L1279,station_median,S2B_T29UPA_20260824T113314_L2A,2026-08-24,L1279,9.52653217315674,0.666853487491608,-8.859678685665132,False
station_and_date_holdout,L1279,station_median,S2A_T29UPA_20260824T114402_L2A,2026-08-24,L1279,8.97104549407959,0.666853487491608,-8.304192006587982,False
station_and_date_holdout,L1279,station_median,S2B_T29UPA_20260827T114344_L2A,2026-08-27,L1279,27.5559673309326,0.666853487491608,-26.88911384344099,False
station_and_date_holdout,L1279,station_median,S2C_T29UPA_20260908T113337_L2A,2026-09-08,L1279,8.80398178100586,0.666853487491608,-8.137128293514252,False
station_and_date_holdout,L1279,seasonal_harmonic,S2C_T29UPA_20250817T114406_L2A,2025-08-17,L1279,3.68637084960938,2.933801261743893,-0.7525695878654868,False
station_and_date_holdout,L1279,seasonal_harmonic,S2A_T29UPA_20250829T114401_L2A,2025-08-29,L1279,5.93119192123413,2.846810791809688,-3.084381129424442,False
station_and_date_holdout,L1279,seasonal_harmonic,S2B_T29UPA_20250908T113316_L2A,2025-09-08,L1279,2.74547648429871,2.7248240728418427,-0.02065241145686736,False
station_and_date_holdout,L1279,seasonal_harmonic,S2A_T29UPA_20250908T114359_L2A,2025-09-08,L1279,3.53561401367188,2.7248240728418427,-0.8107899408300372,False
station_and_date_holdout,L1279,seasonal_harmonic,S2A_T29UPA_20250915T113536_L2A,2025-09-15,L1279,6.4453649520874,2.6146406918389506,-3.830724260248449,False
station_and_date_holdout,L1279,seasonal_harmonic,S2B_T29UPA_20250921T114345_L2A,2025-09-21,L1279,8.38998126983643,2.5053024523946794,-5.88467881744175,False
station_and_date_holdout,L1279,seasonal_harmonic,S2A_T29UPA_20251124T113430_L2A,2025-11-24,L1279,17.0178451538086,0.8607856812544392,-16.157059472554163,False
station_and_date_holdout,L1279,seasonal_harmonic,S2C_T29UPA_20251125T114429_L2A,2025-11-25,L1279,7.97729110717773,0.8340654366989526,-7.1432256704787775,False
station_and_date_holdout,L1279,seasonal_harmonic,S2C_T29UPA_20251202T113447_L2A,2025-12-02,L1279,30.3215179443359,0.6515566962920438,-29.669961248043855,False
station_and_date_holdout,L1279,seasonal_harmonic,S2A_T29UPA_20251204T113500_L2A,2025-12-04,L1279,1.9813324213028,0.6010994680208301,-1.38023295328197,False
station_and_date_holdout,L1279,seasonal_harmonic,S2B_T29UPA_20251210T114402_L2A,2025-12-10,L1279,24.1753387451172,0.4551264964178027,-23.7202122486994,False
station_and_date_holdout,L1279,seasonal_harmonic,S2C_T29UPA_20251212T113507_L2A,2025-12-12,L1279,25.0200138092041,0.4084603926592984,-24.611553416544805,False
station_and_date_holdout,L1279,seasonal_harmonic,S2B_T29UPA_20260215T113312_L2A,2026-02-15,L1279,1.22384691238403,-0.2786829351028626,-1.5025298474868927,False
station_and_date_holdout,L1279,seasonal_harmonic,S2B_T29UPA_20260228T114345_L2A,2026-02-28,L1279,19.1767559051514,-0.18374157303302774,-19.360497478184428,False
station_and_date_holdout,L1279,seasonal_harmonic,S2C_T29UPA_20260315T114349_L2A,2026-03-15,L1279,1.92824637889862,0.01889543420471884,-1.9093509446939012,False
station_and_date_holdout,L1279,seasonal_harmonic,S2C_T29UPA_20260424T114417_L2A,2026-04-24,L1279,0.203743755817413,0.9290679472280818,0.7253241914106688,False
station_and_date_holdout,L1279,seasonal_harmonic,S2B_T29UPA_20260429T114343_L2A,2026-04-29,L1279,0.249919667840004,1.0659556681319518,0.8160360002919478,False
station_and_date_holdout,L1279,seasonal_harmonic,S2C_T29UPA_20260511T113318_L2A,2026-05-11,L1279,10.3553037643433,1.400446934040192,-8.95485683030311,False
station_and_date_holdout,L1279,seasonal_harmonic,S2B_T29UPA_20260526T113435_L2A,2026-05-26,L1279,3.2755765914917,1.812597010818397,-1.462979580673303,False
station_and_date_holdout,L1279,seasonal_harmonic,S2A_T29UPA_20260526T114403_L2A,2026-05-26,L1279,3.75472259521484,1.812597010818397,-1.9421255843964431,False
station_and_date_holdout,L1279,seasonal_harmonic,S2C_T29UPA_20260610T113317_L2A,2026-06-10,L1279,3.00755977630615,2.1926839614015288,-0.8148758149046214,False
station_and_date_holdout,L1279,seasonal_harmonic,S2C_T29UPA_20260620T113317_L2A,2026-06-20,L1279,13.6083631515503,2.4156945736916358,-11.192668577858665,False
station_and_date_holdout,L1279,seasonal_harmonic,S2B_T29UPA_20260625T113315_L2A,2026-06-25,L1279,6.5890097618103,2.5155396265770276,-4.073470135233272,True
station_and_date_holdout,L1279,seasonal_harmonic,S2A_T29UPA_20260625T114616_L2A,2026-06-25,L1279,7.77274084091187,2.5155396265770276,-5.257201214334842,True
station_and_date_holdout,L1279,seasonal_harmonic,S2B_T29UPA_20260628T114344_L2A,2026-06-28,L1279,5.937744140625,2.571278002413005,-3.366466138211995,True
station_and_date_holdout,L1279,seasonal_harmonic,S2B_T29UPA_20260708T114435_L2A,2026-07-08,L1279,6.67674779891968,2.7324028209788342,-3.944344977940846,True
station_and_date_holdout,L1279,seasonal_harmonic,S2A_T29UPA_20260712T113332_L2A,2026-07-12,L1279,20.7052822113037,2.7854739793563326,-17.919808231947368,True
station_and_date_holdout,L1279,seasonal_harmonic,S2B_T29UPA_20260715T113512_L2A,2026-07-15,L1279,12.2001991271973,2.8207640017913524,-9.379435125405948,False
station_and_date_holdout,L1279,seasonal_harmonic,S2A_T29UPA_20260715T114613_L2A,2026-07-15,L1279,14.8572664260864,2.8207640017913524,-12.036502424295048,False
station_and_date_holdout,L1279,seasonal_harmonic,S2C_T29UPA_20260730T113319_L2A,2026-07-30,L1279,1.30076158046722,2.93610019154616,1.63533861107894,False
station_and_date_holdout,L1279,seasonal_harmonic,S2A_T29UPA_20260804T114404_L2A,2026-08-04,L1279,3.23846125602722,2.951064742318666,-0.2873965137085541,False
station_and_date_holdout,L1279,seasonal_harmonic,S2B_T29UPA_20260824T113314_L2A,2026-08-24,L1279,9.52653217315674,2.8911691538686233,-6.635363019288117,False
station_and_date_holdout,L1279,seasonal_harmonic,S2A_T29UPA_20260824T114402_L2A,2026-08-24,L1279,8.97104549407959,2.8911691538686233,-6.079876340210967,False
station_and_date_holdout,L1279,seasonal_harmonic,S2B_T29UPA_20260827T114344_L2A,2026-08-27,L1279,27.5559673309326,2.865921631157853,-24.690045699774746,False
station_and_date_holdout,L1279,seasonal_harmonic,S2C_T29UPA_20260908T113337_L2A,2026-09-08,L1279,8.80398178100586,2.7248240728418427,-6.079157708164017,False
station_and_date_holdout,L1279,red_linear,S2C_T29UPA_20250817T114406_L2A,2025-08-17,L1279,3.68637084960938,1.4714098345428648,-2.214961015066515,False
station_and_date_holdout,L1279,red_linear,S2A_T29UPA_20250829T114401_L2A,2025-08-29,L1279,5.93119192123413,2.4165313041474024,-3.5146606170867276,False
station_and_date_holdout,L1279,red_linear,S2B_T29UPA_20250908T113316_L2A,2025-09-08,L1279,2.74547648429871,1.5448403246625153,-1.2006361596361947,False
station_and_date_holdout,L1279,red_linear,S2A_T29UPA_20250908T114359_L2A,2025-09-08,L1279,3.53561401367188,3.382971303141515,-0.15264271053036493,False
station_and_date_holdout,L1279,red_linear,S2A_T29UPA_20250915T113536_L2A,2025-09-15,L1279,6.4453649520874,2.4425872845124394,-4.002777667574961,False
station_and_date_holdout,L1279,red_linear,S2B_T29UPA_20250921T114345_L2A,2025-09-21,L1279,8.38998126983643,1.49035963844471,-6.899621631391719,False
station_and_date_holdout,L1279,red_linear,S2A_T29UPA_20251124T113430_L2A,2025-11-24,L1279,17.0178451538086,1.855143363555233,-15.162701790253369,False
station_and_date_holdout,L1279,red_linear,S2C_T29UPA_20251125T114429_L2A,2025-11-25,L1279,7.97729110717773,2.767102676331541,-5.210188430846189,False
station_and_date_holdout,L1279,red_linear,S2C_T29UPA_20251202T113447_L2A,2025-12-02,L1279,30.3215179443359,2.1630776769602202,-28.158440267375678,False
station_and_date_holdout,L1279,red_linear,S2A_T29UPA_20251204T113500_L2A,2025-12-04,L1279,1.9813324213028,1.5377341481993234,-0.44359827310347666,False
station_and_date_holdout,L1279,red_linear,S2B_T29UPA_20251210T114402_L2A,2025-12-10,L1279,24.1753387451172,2.935282185960419,-21.240056559156784,False
station_and_date_holdout,L1279,red_linear,S2C_T29UPA_20251212T113507_L2A,2025-12-12,L1279,25.0200138092041,1.457197481616481,-23.56281632758762,False
station_and_date_holdout,L1279,red_linear,S2B_T29UPA_20260215T113312_L2A,2026-02-15,L1279,1.22384691238403,1.360079736619523,0.13623282423549288,False
station_and_date_holdout,L1279,red_linear,S2B_T29UPA_20260228T114345_L2A,2026-02-28,L1279,19.1767559051514,1.234537285769798,-17.942218619381602,False
station_and_date_holdout,L1279,red_linear,S2C_T29UPA_20260315T114349_L2A,2026-03-15,L1279,1.92824637889862,1.4666723835674034,-0.46157399533121657,False
station_and_date_holdout,L1279,red_linear,S2C_T29UPA_20260424T114417_L2A,2026-04-24,L1279,0.203743755817413,1.234537285769798,1.0307935299523852,False
station_and_date_holdout,L1279,red_linear,S2B_T29UPA_20260429T114343_L2A,2026-04-29,L1279,0.249919667840004,1.265330717110297,1.015411049270293,False
station_and_date_holdout,L1279,red_linear,S2C_T29UPA_20260511T113318_L2A,2026-05-11,L1279,10.3553037643433,1.246380913208451,-9.10892285113485,False
station_and_date_holdout,L1279,red_linear,S2B_T29UPA_20260526T113435_L2A,2026-05-26,L1279,3.2755765914917,2.1062282652546838,-1.1693483262370163,False
station_and_date_holdout,L1279,red_linear,S2A_T29UPA_20260526T114403_L2A,2026-05-26,L1279,3.75472259521484,2.02332287318411,-1.73139972203073,False
station_and_date_holdout,L1279,red_linear,S2C_T29UPA_20260610T113317_L2A,2026-06-10,L1279,3.00755977630615,1.4216665993005209,-1.5858931770056293,False
station_and_date_holdout,L1279,red_linear,S2C_T29UPA_20260620T113317_L2A,2026-06-20,L1279,13.6083631515503,1.2534870896716432,-12.354876061878656,False
station_and_date_holdout,L1279,red_linear,S2B_T29UPA_20260625T113315_L2A,2026-06-25,L1279,6.5890097618103,1.1776878740642616,-5.4113218877460385,False
station_and_date_holdout,L1279,red_linear,S2A_T29UPA_20260625T114616_L2A,2026-06-25,L1279,7.77274084091187,1.4287727757637128,-6.343968065148157,False
station_and_date_holdout,L1279,red_linear,S2B_T29UPA_20260628T114344_L2A,2026-06-28,L1279,5.937744140625,2.0280603241595725,-3.9096838164654275,False
station_and_date_holdout,L1279,red_linear,S2B_T29UPA_20260708T114435_L2A,2026-07-08,L1279,6.67674779891968,1.3032303249139874,-5.373517474005693,False
station_and_date_holdout,L1279,red_linear,S2A_T29UPA_20260712T113332_L2A,2026-07-12,L1279,20.7052822113037,1.4548287561287498,-19.25045345517495,False
station_and_date_holdout,L1279,red_linear,S2B_T29UPA_20260715T113512_L2A,2026-07-15,L1279,12.2001991271973,1.3932418934477528,-10.806957233749547,False
station_and_date_holdout,L1279,red_linear,S2A_T29UPA_20260715T114613_L2A,2026-07-15,L1279,14.8572664260864,1.5495777756379767,-13.307688650448423,False
station_and_date_holdout,L1279,red_linear,S2C_T29UPA_20260730T113319_L2A,2026-07-30,L1279,1.30076158046722,1.722494736242316,0.42173315577509607,False
station_and_date_holdout,L1279,red_linear,S2A_T29UPA_20260804T114404_L2A,2026-08-04,L1279,3.23846125602722,1.9285738536748835,-1.3098874023523364,False
station_and_date_holdout,L1279,red_linear,S2B_T29UPA_20260824T113314_L2A,2026-08-24,L1279,9.52653217315674,1.3482361091808701,-8.17829606397587,False
station_and_date_holdout,L1279,red_linear,S2A_T29UPA_20260824T114402_L2A,2026-08-24,L1279,8.97104549407959,1.286649246499873,-7.684396247579717,False
station_and_date_holdout,L1279,red_linear,S2B_T29UPA_20260827T114344_L2A,2026-08-27,L1279,27.5559673309326,2.9637068918131866,-24.592260439119414,False
station_and_date_holdout,L1279,red_linear,S2C_T29UPA_20260908T113337_L2A,2026-09-08,L1279,8.80398178100586,1.3932418934477528,-7.4107398875581065,False
station_and_date_holdout,L1279,nir_linear,S2C_T29UPA_20250817T114406_L2A,2025-08-17,L1279,3.68637084960938,1.5753553669148546,-2.1110154826945253,False
station_and_date_holdout,L1279,nir_linear,S2A_T29UPA_20250829T114401_L2A,2025-08-29,L1279,5.93119192123413,1.7081722617700266,-4.223019659464104,False
station_and_date_holdout,L1279,nir_linear,S2B_T29UPA_20250908T113316_L2A,2025-09-08,L1279,2.74547648429871,1.5357433105545402,-1.2097331737441699,False
station_and_date_holdout,L1279,nir_linear,S2A_T29UPA_20250908T114359_L2A,2025-09-08,L1279,3.53561401367188,2.427014578661616,-1.1085994350102637,True
station_and_date_holdout,L1279,nir_linear,S2A_T29UPA_20250915T113536_L2A,2025-09-15,L1279,6.4453649520874,1.7122499734541765,-4.733114978633223,False
station_and_date_holdout,L1279,nir_linear,S2B_T29UPA_20250921T114345_L2A,2025-09-21,L1279,8.38998126983643,1.485645709863554,-6.904335559972875,False
station_and_date_holdout,L1279,nir_linear,S2A_T29UPA_20251124T113430_L2A,2025-11-24,L1279,17.0178451538086,1.5386559617575042,-15.479189192051097,False
station_and_date_holdout,L1279,nir_linear,S2C_T29UPA_20251125T114429_L2A,2025-11-25,L1279,7.97729110717773,1.9132229064587132,-6.064068200719017,False
station_and_date_holdout,L1279,nir_linear,S2C_T29UPA_20251202T113447_L2A,2025-12-02,L1279,30.3215179443359,1.5293354779080186,-28.79218246642788,False
station_and_date_holdout,L1279,nir_linear,S2A_T29UPA_20251204T113500_L2A,2025-12-04,L1279,1.9813324213028,1.5042866775625254,-0.47704574374027464,False
station_and_date_holdout,L1279,nir_linear,S2B_T29UPA_20251210T114402_L2A,2025-12-10,L1279,24.1753387451172,1.8543873521588345,-22.320951392958367,False
station_and_date_holdout,L1279,nir_linear,S2C_T29UPA_20251212T113507_L2A,2025-12-12,L1279,25.0200138092041,1.4640920909616182,-23.555921718242484,False
station_and_date_holdout,L1279,nir_linear,S2B_T29UPA_20260215T113312_L2A,2026-02-15,L1279,1.22384691238403,1.477490286495254,0.25364337411122384,False
station_and_date_holdout,L1279,nir_linear,S2B_T29UPA_20260228T114345_L2A,2026-02-28,L1279,19.1767559051514,1.4757426957734754,-17.701013209377923,False
station_and_date_holdout,L1279,nir_linear,S2C_T29UPA_20260315T114349_L2A,2026-03-15,L1279,1.92824637889862,1.5328306593515757,-0.39541571954704424,False
station_and_date_holdout,L1279,nir_linear,S2C_T29UPA_20260424T114417_L2A,2026-04-24,L1279,0.203743755817413,1.51535475213379,1.311610996316377,False
station_and_date_holdout,L1279,nir_linear,S2B_T29UPA_20260429T114343_L2A,2026-04-29,L1279,0.249919667840004,1.5176848730961614,1.2677652052561574,False
station_and_date_holdout,L1279,nir_linear,S2C_T29UPA_20260511T113318_L2A,2026-05-11,L1279,10.3553037643433,1.506616798524897,-8.848686965818404,False
station_and_date_holdout,L1279,nir_linear,S2B_T29UPA_20260526T113435_L2A,2026-05-26,L1279,3.2755765914917,1.7180752758601052,-1.5575013156315949,False
station_and_date_holdout,L1279,nir_linear,S2A_T29UPA_20260526T114403_L2A,2026-05-26,L1279,3.75472259521484,1.7262306992284053,-2.028491895986435,False
station_and_date_holdout,L1279,nir_linear,S2C_T29UPA_20260610T113317_L2A,2026-06-10,L1279,3.00755977630615,1.5112770404496398,-1.4962827358565103,False
station_and_date_holdout,L1279,nir_linear,S2C_T29UPA_20260620T113317_L2A,2026-06-20,L1279,13.6083631515503,1.482150528419997,-12.126212623130304,False
station_and_date_holdout,L1279,nir_linear,S2B_T29UPA_20260625T113315_L2A,2026-06-25,L1279,6.5890097618103,1.5392384919980973,-5.049771269812203,False
station_and_date_holdout,L1279,nir_linear,S2A_T29UPA_20260625T114616_L2A,2026-06-25,L1279,7.77274084091187,1.619627665199912,-6.153113175711958,False
station_and_date_holdout,L1279,nir_linear,S2B_T29UPA_20260628T114344_L2A,2026-06-28,L1279,5.937744140625,1.681375870702755,-4.256368269922245,False
station_and_date_holdout,L1279,nir_linear,S2B_T29UPA_20260708T114435_L2A,2026-07-08,L1279,6.67674779891968,1.5345782500733542,-5.142169548846326,False
station_and_date_holdout,L1279,nir_linear,S2A_T29UPA_20260712T113332_L2A,2026-07-12,L1279,20.7052822113037,1.5159372823743826,-19.189344928929316,False
station_and_date_holdout,L1279,nir_linear,S2B_T29UPA_20260715T113512_L2A,2026-07-15,L1279,12.2001991271973,1.498461375156597,-10.701737752040703,False
station_and_date_holdout,L1279,nir_linear,S2A_T29UPA_20260715T114613_L2A,2026-07-15,L1279,14.8572664260864,1.560792110900033,-13.296474315186366,False
station_and_date_holdout,L1279,nir_linear,S2C_T29UPA_20260730T113319_L2A,2026-07-30,L1279,1.30076158046722,1.5782680181178188,0.2775064376505989,False
station_and_date_holdout,L1279,nir_linear,S2A_T29UPA_20260804T114404_L2A,2026-08-04,L1279,3.23846125602722,1.4739951050516968,-1.764466150975523,False
station_and_date_holdout,L1279,nir_linear,S2B_T29UPA_20260824T113314_L2A,2026-08-24,L1279,9.52653217315674,1.549141506088176,-7.977390667068564,False
station_and_date_holdout,L1279,nir_linear,S2A_T29UPA_20260824T114402_L2A,2026-08-24,L1279,8.97104549407959,1.5473939153663974,-7.4236515787131925,False
station_and_date_holdout,L1279,nir_linear,S2B_T29UPA_20260827T114344_L2A,2026-08-27,L1279,27.5559673309326,2.001184972788235,-25.554782358144365,False
station_and_date_holdout,L1279,nir_linear,S2C_T29UPA_20260908T113337_L2A,2026-09-08,L1279,8.80398178100586,1.5520541572911402,-7.251927623714719,False
station_and_date_holdout,L1279,red_nir_linear,S2C_T29UPA_20250817T114406_L2A,2025-08-17,L1279,3.68637084960938,1.3161322577889933,-2.3702385918203865,False
station_and_date_holdout,L1279,red_nir_linear,S2A_T29UPA_20250829T114401_L2A,2025-08-29,L1279,5.93119192123413,3.062725767949806,-2.868466153284324,False
station_and_date_holdout,L1279,red_nir_linear,S2B_T29UPA_20250908T113316_L2A,2025-09-08,L1279,2.74547648429871,1.8082845884569314,-0.9371918958417786,False
station_and_date_holdout,L1279,red_nir_linear,S2A_T29UPA_20250908T114359_L2A,2025-09-08,L1279,3.53561401367188,0.6865439682421206,-2.8490700454297593,True
station_and_date_holdout,L1279,red_nir_linear,S2A_T29UPA_20250915T113536_L2A,2025-09-15,L1279,6.4453649520874,3.1079070347060864,-3.3374579173813133,False
station_and_date_holdout,L1279,red_nir_linear,S2B_T29UPA_20250921T114345_L2A,2025-09-21,L1279,8.38998126983643,2.0105880301100525,-6.379393239726377,False
station_and_date_holdout,L1279,red_nir_linear,S2A_T29UPA_20251124T113430_L2A,2025-11-24,L1279,17.0178451538086,2.672236018143917,-14.345609135664684,False
station_and_date_holdout,L1279,red_nir_linear,S2C_T29UPA_20251125T114429_L2A,2025-11-25,L1279,7.97729110717773,2.598454515831133,-5.378836591346596,False
station_and_date_holdout,L1279,red_nir_linear,S2C_T29UPA_20251202T113447_L2A,2025-12-02,L1279,30.3215179443359,3.6167644336048426,-26.704753510731056,False
station_and_date_holdout,L1279,red_nir_linear,S2A_T29UPA_20251204T113500_L2A,2025-12-04,L1279,1.9813324213028,2.012588077062562,0.03125565575976208,False
station_and_date_holdout,L1279,red_nir_linear,S2B_T29UPA_20251210T114402_L2A,2025-12-10,L1279,24.1753387451172,3.4979918810119166,-20.677346864105285,False
station_and_date_holdout,L1279,red_nir_linear,S2C_T29UPA_20251212T113507_L2A,2025-12-12,L1279,25.0200138092041,2.0699036687162287,-22.950110140487872,False
station_and_date_holdout,L1279,red_nir_linear,S2B_T29UPA_20260215T113312_L2A,2026-02-15,L1279,1.22384691238403,1.6973509359908696,0.4735040236068395,False
station_and_date_holdout,L1279,red_nir_linear,S2B_T29UPA_20260228T114345_L2A,2026-02-28,L1279,19.1767559051514,1.3518767070129065,-17.824879198138493,False
station_and_date_holdout,L1279,red_nir_linear,S2C_T29UPA_20260315T114349_L2A,2026-03-15,L1279,1.92824637889862,1.6062030660259725,-0.3220433128726474,False
station_and_date_holdout,L1279,red_nir_linear,S2C_T29UPA_20260424T114417_L2A,2026-04-24,L1279,0.203743755817413,1.0690913878239143,0.8653476320065013,False
station_and_date_holdout,L1279,red_nir_linear,S2B_T29UPA_20260429T114343_L2A,2026-04-29,L1279,0.249919667840004,1.140256026613267,0.8903363587732631,False
station_and_date_holdout,L1279,red_nir_linear,S2C_T29UPA_20260511T113318_L2A,2026-05-11,L1279,10.3553037643433,1.1652393751700822,-9.19006438917322,False
station_and_date_holdout,L1279,red_nir_linear,S2B_T29UPA_20260526T113435_L2A,2026-05-26,L1279,3.2755765914917,2.1072849702899097,-1.1682916212017904,False
station_and_date_holdout,L1279,red_nir_linear,S2A_T29UPA_20260526T114403_L2A,2026-05-26,L1279,3.75472259521484,1.812682353663763,-1.9420402415510771,False
station_and_date_holdout,L1279,red_nir_linear,S2C_T29UPA_20260610T113317_L2A,2026-06-10,L1279,3.00755977630615,1.6317498318129633,-1.3758099444931868,False
station_and_date_holdout,L1279,red_nir_linear,S2C_T29UPA_20260620T113317_L2A,2026-06-20,L1279,13.6083631515503,1.3601622195371479,-12.248200932013152,False
station_and_date_holdout,L1279,red_nir_linear,S2B_T29UPA_20260625T113315_L2A,2026-06-25,L1279,6.5890097618103,0.7364978852514046,-5.8525118765588955,False
station_and_date_holdout,L1279,red_nir_linear,S2A_T29UPA_20260625T114616_L2A,2026-06-25,L1279,7.77274084091187,0.8785101353698781,-6.894230705541991,False
station_and_date_holdout,L1279,red_nir_linear,S2B_T29UPA_20260628T114344_L2A,2026-06-28,L1279,5.937744140625,2.146402690696622,-3.791341449928378,False
station_and_date_holdout,L1279,red_nir_linear,S2B_T29UPA_20260708T114435_L2A,2026-07-08,L1279,6.67674779891968,1.1277167982158238,-5.549031000703857,False
station_and_date_holdout,L1279,red_nir_linear,S2A_T29UPA_20260712T113332_L2A,2026-07-12,L1279,20.7052822113037,1.6930338146256225,-19.01224839667808,False
station_and_date_holdout,L1279,red_nir_linear,S2B_T29UPA_20260715T113512_L2A,2026-07-15,L1279,12.2001991271973,1.6421939050198282,-10.55800522217747,False
station_and_date_holdout,L1279,red_nir_linear,S2A_T29UPA_20260715T114613_L2A,2026-07-15,L1279,14.8572664260864,1.6429720092739204,-13.214294416812479,False
station_and_date_holdout,L1279,red_nir_linear,S2C_T29UPA_20260730T113319_L2A,2026-07-30,L1279,1.30076158046722,2.011239323380055,0.710477742912835,False
station_and_date_holdout,L1279,red_nir_linear,S2A_T29UPA_20260804T114404_L2A,2026-08-04,L1279,3.23846125602722,3.3432084771225403,0.10474722109532042,False
station_and_date_holdout,L1279,red_nir_linear,S2B_T29UPA_20260824T113314_L2A,2026-08-24,L1279,9.52653217315674,1.1520733240504206,-8.37445884910632,False
station_and_date_holdout,L1279,red_nir_linear,S2A_T29UPA_20260824T114402_L2A,2026-08-24,L1279,8.97104549407959,0.9889510082960558,-7.982094485783534,False
station_and_date_holdout,L1279,red_nir_linear,S2B_T29UPA_20260827T114344_L2A,2026-08-27,L1279,27.5559673309326,2.531068051724636,-25.024899279207965,False
station_and_date_holdout,L1279,red_nir_linear,S2C_T29UPA_20260908T113337_L2A,2026-09-08,L1279,8.80398178100586,1.2596020025876622,-7.544379778418197,False
station_and_date_holdout,L1279,red_green_ratio,S2C_T29UPA_20250817T114406_L2A,2025-08-17,L1279,3.68637084960938,1.7491598306234022,-1.9372110189859777,True
station_and_date_holdout,L1279,red_green_ratio,S2A_T29UPA_20250829T114401_L2A,2025-08-29,L1279,5.93119192123413,1.6631417343376649,-4.268050186896465,False
station_and_date_holdout,L1279,red_green_ratio,S2B_T29UPA_20250908T113316_L2A,2025-09-08,L1279,2.74547648429871,1.6306394840428289,-1.1148370002558812,False
station_and_date_holdout,L1279,red_green_ratio,S2A_T29UPA_20250908T114359_L2A,2025-09-08,L1279,3.53561401367188,1.5078333595117077,-2.027780654160172,False
station_and_date_holdout,L1279,red_green_ratio,S2A_T29UPA_20250915T113536_L2A,2025-09-15,L1279,6.4453649520874,1.585300310015551,-4.8600646420718485,False
station_and_date_holdout,L1279,red_green_ratio,S2B_T29UPA_20250921T114345_L2A,2025-09-21,L1279,8.38998126983643,1.5848149719381088,-6.805166297898321,False
station_and_date_holdout,L1279,red_green_ratio,S2A_T29UPA_20251124T113430_L2A,2025-11-24,L1279,17.0178451538086,1.438335184692071,-15.579509969116529,False
station_and_date_holdout,L1279,red_green_ratio,S2C_T29UPA_20251125T114429_L2A,2025-11-25,L1279,7.97729110717773,1.4019779906214358,-6.575313116556294,False
station_and_date_holdout,L1279,red_green_ratio,S2C_T29UPA_20251202T113447_L2A,2025-12-02,L1279,30.3215179443359,1.259428992087065,-29.062088952248832,True
station_and_date_holdout,L1279,red_green_ratio,S2A_T29UPA_20251204T113500_L2A,2025-12-04,L1279,1.9813324213028,1.5145211799060576,-0.46681124139674246,False
station_and_date_holdout,L1279,red_green_ratio,S2B_T29UPA_20251210T114402_L2A,2025-12-10,L1279,24.1753387451172,1.4513592047678279,-22.723979540349372,False
station_and_date_holdout,L1279,red_green_ratio,S2C_T29UPA_20251212T113507_L2A,2025-12-12,L1279,25.0200138092041,1.5700674721532761,-23.449946337050825,False
station_and_date_holdout,L1279,red_green_ratio,S2B_T29UPA_20260215T113312_L2A,2026-02-15,L1279,1.22384691238403,1.3576676603478497,0.1338207479638196,False
station_and_date_holdout,L1279,red_green_ratio,S2B_T29UPA_20260228T114345_L2A,2026-02-28,L1279,19.1767559051514,1.2833270006580768,-17.893428904493323,True
station_and_date_holdout,L1279,red_green_ratio,S2C_T29UPA_20260315T114349_L2A,2026-03-15,L1279,1.92824637889862,1.30259121269214,-0.62565516620648,True
station_and_date_holdout,L1279,red_green_ratio,S2C_T29UPA_20260424T114417_L2A,2026-04-24,L1279,0.203743755817413,1.5226064128729755,1.3188626570555626,False
station_and_date_holdout,L1279,red_green_ratio,S2B_T29UPA_20260429T114343_L2A,2026-04-29,L1279,0.249919667840004,1.5114737400974978,1.2615540722574938,False
station_and_date_holdout,L1279,red_green_ratio,S2C_T29UPA_20260511T113318_L2A,2026-05-11,L1279,10.3553037643433,1.5534277035016608,-8.80187606084164,False
station_and_date_holdout,L1279,red_green_ratio,S2B_T29UPA_20260526T113435_L2A,2026-05-26,L1279,3.2755765914917,1.564561051800645,-1.7110155396910551,False
station_and_date_holdout,L1279,red_green_ratio,S2A_T29UPA_20260526T114403_L2A,2026-05-26,L1279,3.75472259521484,1.5363970087863486,-2.2183255864284916,False
station_and_date_holdout,L1279,red_green_ratio,S2C_T29UPA_20260610T113317_L2A,2026-06-10,L1279,3.00755977630615,1.649085228009225,-1.3584745482969252,False
station_and_date_holdout,L1279,red_green_ratio,S2C_T29UPA_20260620T113317_L2A,2026-06-20,L1279,13.6083631515503,1.6209451848559122,-11.987417966694387,False
station_and_date_holdout,L1279,red_green_ratio,S2B_T29UPA_20260625T113315_L2A,2026-06-25,L1279,6.5890097618103,1.5423460585717996,-5.046663703238501,False
station_and_date_holdout,L1279,red_green_ratio,S2A_T29UPA_20260625T114616_L2A,2026-06-25,L1279,7.77274084091187,1.5117468999682933,-6.260993940943576,False
station_and_date_holdout,L1279,red_green_ratio,S2B_T29UPA_20260628T114344_L2A,2026-06-28,L1279,5.937744140625,1.5392563916191309,-4.398487749005869,False
station_and_date_holdout,L1279,red_green_ratio,S2B_T29UPA_20260708T114435_L2A,2026-07-08,L1279,6.67674779891968,1.6170447770854226,-5.059703021834258,False
station_and_date_holdout,L1279,red_green_ratio,S2A_T29UPA_20260712T113332_L2A,2026-07-12,L1279,20.7052822113037,1.5972097860148946,-19.108072425288807,False
station_and_date_holdout,L1279,red_green_ratio,S2B_T29UPA_20260715T113512_L2A,2026-07-15,L1279,12.2001991271973,1.6405233143788744,-10.559675812818424,False
station_and_date_holdout,L1279,red_green_ratio,S2A_T29UPA_20260715T114613_L2A,2026-07-15,L1279,14.8572664260864,1.6009208926726717,-13.256345533413727,False
station_and_date_holdout,L1279,red_green_ratio,S2C_T29UPA_20260730T113319_L2A,2026-07-30,L1279,1.30076158046722,1.6506181434926532,0.34985656302543333,False
station_and_date_holdout,L1279,red_green_ratio,S2A_T29UPA_20260804T114404_L2A,2026-08-04,L1279,3.23846125602722,1.6387817603352874,-1.5996794956919325,False
station_and_date_holdout,L1279,red_green_ratio,S2B_T29UPA_20260824T113314_L2A,2026-08-24,L1279,9.52653217315674,1.689664428896379,-7.836867744260362,False
station_and_date_holdout,L1279,red_green_ratio,S2A_T29UPA_20260824T114402_L2A,2026-08-24,L1279,8.97104549407959,1.6839714299924922,-7.287074064087098,False
station_and_date_holdout,L1279,red_green_ratio,S2B_T29UPA_20260827T114344_L2A,2026-08-27,L1279,27.5559673309326,1.5911525444746017,-25.964814786457996,False
station_and_date_holdout,L1279,red_green_ratio,S2C_T29UPA_20260908T113337_L2A,2026-09-08,L1279,8.80398178100586,1.6955008262104907,-7.108480954795368,False
station_and_date_holdout,L1279,nir_red_ratio,S2C_T29UPA_20250817T114406_L2A,2025-08-17,L1279,3.68637084960938,1.5312815996108238,-2.1550892499985563,False
station_and_date_holdout,L1279,nir_red_ratio,S2A_T29UPA_20250829T114401_L2A,2025-08-29,L1279,5.93119192123413,1.618630819838662,-4.312561101395468,False
station_and_date_holdout,L1279,nir_red_ratio,S2B_T29UPA_20250908T113316_L2A,2025-09-08,L1279,2.74547648429871,1.6621919524560722,-1.0832845318426378,False
station_and_date_holdout,L1279,nir_red_ratio,S2A_T29UPA_20250908T114359_L2A,2025-09-08,L1279,3.53561401367188,1.1911655100330965,-2.3444485036387834,True
station_and_date_holdout,L1279,nir_red_ratio,S2A_T29UPA_20250915T113536_L2A,2025-09-15,L1279,6.4453649520874,1.6192516370372334,-4.826113315050167,False
station_and_date_holdout,L1279,nir_red_ratio,S2B_T29UPA_20250921T114345_L2A,2025-09-21,L1279,8.38998126983643,1.7663905129476647,-6.623590756888765,False
station_and_date_holdout,L1279,nir_red_ratio,S2A_T29UPA_20251124T113430_L2A,2025-11-24,L1279,17.0178451538086,1.7422451571370918,-15.27559999667151,False
station_and_date_holdout,L1279,nir_red_ratio,S2C_T29UPA_20251125T114429_L2A,2025-11-25,L1279,7.97729110717773,1.4747630748953984,-6.502528032282331,False
station_and_date_holdout,L1279,nir_red_ratio,S2C_T29UPA_20251202T113447_L2A,2025-12-02,L1279,30.3215179443359,1.8066658613737174,-28.514852082962182,False
station_and_date_holdout,L1279,nir_red_ratio,S2A_T29UPA_20251204T113500_L2A,2025-12-04,L1279,1.9813324213028,1.7342396436477616,-0.24709277765503845,False
station_and_date_holdout,L1279,nir_red_ratio,S2B_T29UPA_20251210T114402_L2A,2025-12-10,L1279,24.1753387451172,1.5677607675093173,-22.607577977607885,False
station_and_date_holdout,L1279,nir_red_ratio,S2C_T29UPA_20251212T113507_L2A,2025-12-12,L1279,25.0200138092041,1.813272155410216,-23.206741653793884,False
station_and_date_holdout,L1279,nir_red_ratio,S2B_T29UPA_20260215T113312_L2A,2026-02-15,L1279,1.22384691238403,1.7490462971464875,0.5251993847624574,False
station_and_date_holdout,L1279,nir_red_ratio,S2B_T29UPA_20260228T114345_L2A,2026-02-28,L1279,19.1767559051514,1.7033481268675392,-17.47340777828386,False
station_and_date_holdout,L1279,nir_red_ratio,S2C_T29UPA_20260315T114349_L2A,2026-03-15,L1279,1.92824637889862,1.638218905961438,-0.2900274729371819,False
station_and_date_holdout,L1279,nir_red_ratio,S2C_T29UPA_20260424T114417_L2A,2026-04-24,L1279,0.203743755817413,1.5617205535633458,1.3579767977459327,False
station_and_date_holdout,L1279,nir_red_ratio,S2B_T29UPA_20260429T114343_L2A,2026-04-29,L1279,0.249919667840004,1.5750705653105623,1.3251508974705584,False
station_and_date_holdout,L1279,nir_red_ratio,S2C_T29UPA_20260511T113318_L2A,2026-05-11,L1279,10.3553037643433,1.6007924559112876,-8.754511308432013,False
station_and_date_holdout,L1279,nir_red_ratio,S2B_T29UPA_20260526T113435_L2A,2026-05-26,L1279,3.2755765914917,1.5243851802086454,-1.7511914112830547,False
station_and_date_holdout,L1279,nir_red_ratio,S2A_T29UPA_20260526T114403_L2A,2026-05-26,L1279,3.75472259521484,1.4835673536690996,-2.2711552415457406,False
station_and_date_holdout,L1279,nir_red_ratio,S2C_T29UPA_20260610T113317_L2A,2026-06-10,L1279,3.00755977630615,1.676410281378161,-1.3311494949279892,False
station_and_date_holdout,L1279,nir_red_ratio,S2C_T29UPA_20260620T113317_L2A,2026-06-20,L1279,13.6083631515503,1.6901413636368408,-11.91822178791346,False
station_and_date_holdout,L1279,nir_red_ratio,S2B_T29UPA_20260625T113315_L2A,2026-06-25,L1279,6.5890097618103,1.421757368000911,-5.167252393809389,False
station_and_date_holdout,L1279,nir_red_ratio,S2A_T29UPA_20260625T114616_L2A,2026-06-25,L1279,7.77274084091187,1.386712890659933,-6.386027950251936,False
station_and_date_holdout,L1279,nir_red_ratio,S2B_T29UPA_20260628T114344_L2A,2026-06-28,L1279,5.937744140625,1.5543175516574395,-4.383426588967561,False
station_and_date_holdout,L1279,nir_red_ratio,S2B_T29UPA_20260708T114435_L2A,2026-07-08,L1279,6.67674779891968,1.5448221447335588,-5.131925654186121,False
station_and_date_holdout,L1279,nir_red_ratio,S2A_T29UPA_20260712T113332_L2A,2026-07-12,L1279,20.7052822113037,1.6771992753530283,-19.02808293595067,False
station_and_date_holdout,L1279,nir_red_ratio,S2B_T29UPA_20260715T113512_L2A,2026-07-15,L1279,12.2001991271973,1.7006145064269254,-10.499584620770374,False
station_and_date_holdout,L1279,nir_red_ratio,S2A_T29UPA_20260715T114613_L2A,2026-07-15,L1279,14.8572664260864,1.605226463482262,-13.252039962604137,False
station_and_date_holdout,L1279,nir_red_ratio,S2C_T29UPA_20260730T113319_L2A,2026-07-30,L1279,1.30076158046722,1.6330970026238023,0.3323354221565824,False
station_and_date_holdout,L1279,nir_red_ratio,S2A_T29UPA_20260804T114404_L2A,2026-08-04,L1279,3.23846125602722,1.8638349633266542,-1.3746262927005657,False
station_and_date_holdout,L1279,nir_red_ratio,S2B_T29UPA_20260824T113314_L2A,2026-08-24,L1279,9.52653217315674,1.529600405269518,-7.996931767887222,False
station_and_date_holdout,L1279,nir_red_ratio,S2A_T29UPA_20260824T114402_L2A,2026-08-24,L1279,8.97104549407959,1.4911566979229625,-7.479888796156628,False
station_and_date_holdout,L1279,nir_red_ratio,S2B_T29UPA_20260827T114344_L2A,2026-08-27,L1279,27.5559673309326,1.4379161378594585,-26.118051193073143,False
station_and_date_holdout,L1279,nir_red_ratio,S2C_T29UPA_20260908T113337_L2A,2026-09-08,L1279,8.80398178100586,1.5491198650561344,-7.254861915949725,False
